#_______________________________________________________________________________
#    ######   ####     ##             #####   #####     ##    #    #    ##
#    #       #        #  #            #    #  #    #   #  #   ##  ##   #  #
#    #####    ####   ######           #    #  #####   ######  # ## #  ######
#    #            #  #    #           #    #  #    #  #    #  #    #  #    #
#____######__#####___#____#___________#####___#____#__#____#__#____#__#____#____
#
#              ESA Debris Risk Assessment and Mitigation Analysis
#
#                      ---- DRAMA ( SESAM 2.1.5 ) ----
#                                      ESA 2018 
#
#                              trajectory history file
#-------------------------------------------------------------------------------
# Filename      : PySara.Tank1.9e7d164a-03c6-443b-a8dd-67661cfc0a2d_Trajectory.txt
# RunID         : PySara
# ObjectID      : 9e7d164a-03c6-443b-a8dd-67661cfc0a2d
# ObjectName    : Tank1
# Content       : This file contains the trajectory state data of the object,
#                 computed by the DRAMA 3 Re-entry Analysis.
# Documentation : DRAMA Software User Manual, section OPERATIONS MANUAL / Normal operation / SARA / SARA Simulation Output / Re-entry simulation output
#
#--------------------------------------------------------------------------------------------------------------------------------------------------------------------------------------------
#  Time [s]  Altitude [km]  Lat [deg]  Lon [deg]  Velocity [km/s]   Downrange [km]       Drag       Lift       Side    Knudsen       Mach  Flight Path [deg]  Heading [deg]  Density [kg/m^2]
#--------------------------------------------------------------------------------------------------------------------------------------------------------------------------------------------
  1264.100         101.199      2.847     24.799            7.296         9123.066      4.313      0.000      0.000    0.45624   24.18672           -0.52001       79.79198         6.801e-07 
  1264.200         101.192      2.849     24.806            7.296         9123.785      4.313      0.000      0.000    0.45592   24.18498           -0.52017       79.79234         6.806e-07 
  1264.650         101.162      2.854     24.834            7.296         9127.017      4.311      0.000      0.000    0.45442   24.17691           -0.52092       79.79396         6.829e-07 
  1265.650         101.096      2.865     24.898            7.295         9134.200      4.306      0.000      0.000    0.45098   24.15848           -0.52260       79.79757         6.882e-07 
  1266.650         101.029      2.877     24.961            7.294         9141.382      4.301      0.000      0.000    0.44731   24.13882           -0.52429       79.80120         6.939e-07 
  1267.650         100.962      2.888     25.025            7.294         9148.563      4.296      0.000      0.000    0.44365   24.11930           -0.52600       79.80484         6.998e-07 
  1268.650         100.895      2.900     25.088            7.293         9155.744      4.290      0.000      0.000    0.44001   24.09992           -0.52772       79.80850         7.057e-07 
  1269.650         100.828      2.911     25.152            7.292         9162.924      4.285      0.000      0.000    0.43639   24.08069           -0.52945       79.81217         7.116e-07 
  1270.650         100.760      2.923     25.215            7.292         9170.104      4.280      0.000      0.000    0.43279   24.06164           -0.53119       79.81586         7.177e-07 
  1271.650         100.693      2.934     25.279            7.291         9177.283      4.274      0.000      0.000    0.42920   24.04275           -0.53295       79.81955         7.238e-07 
  1272.650         100.625      2.946     25.343            7.290         9184.461      4.268      0.000      0.000    0.42563   24.02405           -0.53473       79.82327         7.300e-07 
  1273.650         100.557      2.957     25.406            7.290         9191.639      4.263      0.000      0.000    0.42207   24.00554           -0.53652       79.82700         7.363e-07 
  1274.650         100.488      2.969     25.470            7.289         9198.817      4.257      0.000      0.000    0.41852   23.98724           -0.53832       79.83074         7.426e-07 
  1275.650         100.420      2.980     25.533            7.288         9205.993      4.251      0.000      0.000    0.41499   23.96915           -0.54014       79.83449         7.490e-07 
  1276.650         100.351      2.991     25.597            7.287         9213.169      4.245      0.000      0.000    0.41148   23.95129           -0.54197       79.83826         7.556e-07 
  1277.650         100.282      3.003     25.660            7.287         9220.344      4.240      0.000      0.000    0.40798   23.93366           -0.54381       79.84205         7.622e-07 
  1278.650         100.213      3.014     25.724            7.286         9227.519      4.233      0.000      0.000    0.40449   23.91629           -0.54567       79.84585         7.689e-07 
  1279.650         100.143      3.026     25.787            7.285         9234.693      4.227      0.000      0.000    0.40101   23.89917           -0.54755       79.84966         7.757e-07 
  1280.650         100.073      3.037     25.851            7.285         9241.867      4.221      0.000      0.000    0.39755   23.88232           -0.54944       79.85349         7.825e-07 
  1281.650         100.003      3.049     25.914            7.284         9249.039      4.215      0.000      0.000    0.39410   23.86575           -0.55134       79.85733         7.895e-07 
  1282.650          99.933      3.060     25.978            7.283         9256.212      4.209      0.000      0.000    0.39066   23.84947           -0.55326       79.86119         7.966e-07 
  1283.650          99.863      3.071     26.041            7.282         9263.383      4.202      0.000      0.000    0.38723   23.83349           -0.55520       79.86506         8.038e-07 
  1284.650          99.792      3.083     26.105            7.282         9270.554      4.196      0.000      0.000    0.38382   23.81781           -0.55715       79.86894         8.111e-07 
  1285.650          99.721      3.094     26.168            7.281         9277.724      4.189      0.000      0.000    0.38041   23.80243           -0.55912       79.87284         8.184e-07 
  1286.650          99.650      3.106     26.232            7.280         9284.893      4.182      0.000      0.000    0.37702   23.78735           -0.56110       79.87675         8.259e-07 
  1287.650          99.579      3.117     26.295            7.279         9292.062      4.176      0.000      0.000    0.37364   23.77257           -0.56310       79.88068         8.335e-07 
  1288.650          99.507      3.128     26.359            7.278         9299.230      4.169      0.000      0.000    0.37027   23.75809           -0.56511       79.88462         8.413e-07 
  1289.650          99.435      3.140     26.422            7.278         9306.397      4.162      0.000      0.000    0.36691   23.74391           -0.56714       79.88857         8.491e-07 
  1290.650          99.363      3.151     26.486            7.277         9313.564      4.155      0.000      0.000    0.36357   23.73004           -0.56918       79.89254         8.570e-07 
  1291.650          99.290      3.163     26.549            7.276         9320.730      4.148      0.000      0.000    0.36023   23.71648           -0.57125       79.89653         8.651e-07 
  1292.650          99.218      3.174     26.613            7.275         9327.895      4.141      0.000      0.000    0.35691   23.70322           -0.57332       79.90052         8.733e-07 
  1293.650          99.145      3.185     26.676            7.274         9335.060      4.133      0.000      0.000    0.35360   23.69027           -0.57542       79.90453         8.816e-07 
  1294.650          99.072      3.197     26.739            7.274         9342.223      4.126      0.000      0.000    0.35030   23.67763           -0.57753       79.90856         8.901e-07 
  1295.650          98.998      3.208     26.803            7.273         9349.386      4.118      0.000      0.000    0.34701   23.66530           -0.57966       79.91260         8.986e-07 
  1296.650          98.924      3.219     26.866            7.272         9356.549      4.111      0.000      0.000    0.34374   23.65329           -0.58180       79.91665         9.074e-07 
  1297.650          98.850      3.231     26.930            7.271         9363.710      4.103      0.000      0.000    0.34047   23.64158           -0.58396       79.92072         9.162e-07 
  1298.650          98.776      3.242     26.993            7.270         9370.871      4.095      0.000      0.000    0.33722   23.63018           -0.58614       79.92480         9.252e-07 
  1299.650          98.702      3.253     27.057            7.269         9378.031      4.088      0.000      0.000    0.33398   23.61910           -0.58834       79.92890         9.343e-07 
  1300.650          98.627      3.265     27.120            7.269         9385.190      4.080      0.000      0.000    0.33075   23.60833           -0.59055       79.93301         9.436e-07 
  1301.650          98.552      3.276     27.183            7.268         9392.349      4.072      0.000      0.000    0.32754   23.59788           -0.59278       79.93713         9.530e-07 
  1302.650          98.477      3.287     27.247            7.267         9399.506      4.064      0.000      0.000    0.32433   23.58774           -0.59503       79.94127         9.625e-07 
  1303.650          98.401      3.298     27.310            7.266         9406.663      4.055      0.000      0.000    0.32114   23.57792           -0.59729       79.94542         9.723e-07 
  1304.650          98.325      3.310     27.374            7.265         9413.819      4.047      0.000      0.000    0.31796   23.56842           -0.59958       79.94959         9.821e-07 
  1305.650          98.249      3.321     27.437            7.264         9420.975      4.038      0.000      0.000    0.31479   23.55923           -0.60188       79.95377         9.922e-07 
  1306.650          98.172      3.332     27.500            7.263         9428.129      4.030      0.000      0.000    0.31163   23.55036           -0.60420       79.95796         1.002e-06 
  1307.650          98.096      3.344     27.564            7.262         9435.283      4.021      0.000      0.000    0.30849   23.54181           -0.60653       79.96217         1.013e-06 
  1308.650          98.019      3.355     27.627            7.261         9442.436      4.013      0.000      0.000    0.30536   23.53358           -0.60889       79.96639         1.023e-06 
  1309.650          97.941      3.366     27.690            7.260         9449.588      4.004      0.000      0.000    0.30224   23.52567           -0.61127       79.97063         1.034e-06 
  1310.650          97.864      3.377     27.754            7.260         9456.739      3.995      0.000      0.000    0.29913   23.51808           -0.61366       79.97488         1.045e-06 
  1311.650          97.786      3.389     27.817            7.259         9463.889      3.986      0.000      0.000    0.29604   23.51081           -0.61607       79.97914         1.056e-06 
  1312.650          97.708      3.400     27.880            7.258         9471.039      3.977      0.000      0.000    0.29296   23.50386           -0.61851       79.98342         1.067e-06 
  1313.650          97.629      3.411     27.944            7.257         9478.188      3.967      0.000      0.000    0.28989   23.49723           -0.62096       79.98771         1.079e-06 
  1314.650          97.550      3.422     28.007            7.256         9485.335      3.958      0.000      0.000    0.28683   23.49092           -0.62343       79.99202         1.090e-06 
  1315.650          97.471      3.434     28.070            7.255         9492.482      3.948      0.000      0.000    0.28379   23.48493           -0.62592       79.99633         1.102e-06 
  1316.650          97.392      3.445     28.134            7.254         9499.628      3.939      0.000      0.000    0.28076   23.47927           -0.62843       80.00067         1.114e-06 
  1317.650          97.312      3.456     28.197            7.253         9506.774      3.929      0.000      0.000    0.27774   23.47392           -0.63096       80.00501         1.127e-06 
  1318.650          97.232      3.467     28.260            7.252         9513.918      3.919      0.000      0.000    0.27474   23.46890           -0.63351       80.00937         1.139e-06 
  1319.650          97.152      3.478     28.324            7.251         9521.061      3.909      0.000      0.000    0.27175   23.46420           -0.63608       80.01375         1.152e-06 
  1320.650          97.071      3.490     28.387            7.250         9528.204      3.899      0.000      0.000    0.26877   23.45981           -0.63867       80.01814         1.165e-06 
  1321.650          96.990      3.501     28.450            7.249         9535.345      3.889      0.000      0.000    0.26581   23.45575           -0.64128       80.02254         1.178e-06 
  1322.650          96.909      3.512     28.514            7.248         9542.486      3.879      0.000      0.000    0.26286   23.45201           -0.64391       80.02696         1.191e-06 
  1323.650          96.827      3.523     28.577            7.247         9549.625      3.869      0.000      0.000    0.25992   23.44859           -0.64657       80.03138         1.205e-06 
  1324.650          96.745      3.534     28.640            7.246         9556.764      3.858      0.000      0.000    0.25700   23.44549           -0.64924       80.03583         1.219e-06 
  1325.650          96.663      3.546     28.703            7.245         9563.902      3.848      0.000      0.000    0.25409   23.44271           -0.65194       80.04028         1.233e-06 
  1326.650          96.580      3.557     28.767            7.243         9571.039      3.837      0.000      0.000    0.25119   23.44025           -0.65466       80.04475         1.247e-06 
  1327.650          96.498      3.568     28.830            7.242         9578.175      3.826      0.000      0.000    0.24831   23.43810           -0.65740       80.04924         1.262e-06 
  1328.650          96.414      3.579     28.893            7.241         9585.309      3.815      0.000      0.000    0.24545   23.43627           -0.66016       80.05374         1.277e-06 
  1329.650          96.331      3.590     28.956            7.240         9592.443      3.804      0.000      0.000    0.24259   23.43476           -0.66294       80.05825         1.292e-06 
  1330.650          96.247      3.601     29.020            7.239         9599.576      3.793      0.000      0.000    0.23976   23.43357           -0.66575       80.06277         1.308e-06 
  1331.650          96.162      3.612     29.083            7.238         9606.708      3.782      0.000      0.000    0.23693   23.43269           -0.66857       80.06731         1.323e-06 
  1332.650          96.078      3.623     29.146            7.237         9613.839      3.770      0.000      0.000    0.23412   23.43212           -0.67142       80.07186         1.340e-06 
  1333.650          95.993      3.635     29.209            7.236         9620.968      3.759      0.000      0.000    0.23133   23.43187           -0.67430       80.07643         1.356e-06 
  1334.650          95.908      3.646     29.272            7.235         9628.097      3.747      0.000      0.000    0.22855   23.43193           -0.67720       80.08101         1.373e-06 
  1335.650          95.822      3.657     29.336            7.233         9635.225      3.736      0.000      0.000    0.22578   23.43230           -0.68012       80.08560         1.390e-06 
  1336.650          95.736      3.668     29.399            7.232         9642.351      3.724      0.000      0.000    0.22303   23.43298           -0.68306       80.09021         1.407e-06 
  1337.650          95.649      3.679     29.462            7.231         9649.477      3.712      0.000      0.000    0.22030   23.43397           -0.68603       80.09483         1.425e-06 
  1338.650          95.563      3.690     29.525            7.230         9656.601      3.700      0.000      0.000    0.21758   23.43526           -0.68902       80.09946         1.443e-06 
  1339.650          95.476      3.701     29.588            7.229         9663.725      3.688      0.000      0.000    0.21487   23.43686           -0.69204       80.10411         1.461e-06 
  1340.650          95.388      3.712     29.651            7.227         9670.847      3.675      0.000      0.000    0.21219   23.43877           -0.69508       80.10877         1.480e-06 
  1341.650          95.300      3.723     29.715            7.226         9677.968      3.663      0.000      0.000    0.20951   23.44097           -0.69814       80.11344         1.499e-06 
  1342.650          95.212      3.734     29.778            7.225         9685.088      3.650      0.000      0.000    0.20685   23.44347           -0.70123       80.11813         1.518e-06 
  1343.650          95.123      3.745     29.841            7.224         9692.207      3.638      0.000      0.000    0.20421   23.44628           -0.70435       80.12283         1.538e-06 
  1344.650          95.034      3.756     29.904            7.222         9699.325      3.625      0.000      0.000    0.20159   23.44937           -0.70749       80.12754         1.558e-06 
  1345.650          94.945      3.767     29.967            7.221         9706.441      3.612      0.000      0.000    0.19898   23.45276           -0.71066       80.13227         1.579e-06 
  1346.650          94.855      3.778     30.030            7.220         9713.557      3.599      0.000      0.000    0.19639   23.45645           -0.71385       80.13700         1.600e-06 
  1347.650          94.765      3.789     30.093            7.219         9720.671      3.586      0.000      0.000    0.19381   23.46041           -0.71707       80.14176         1.622e-06 
  1348.650          94.675      3.800     30.156            7.217         9727.784      3.573      0.000      0.000    0.19125   23.46467           -0.72032       80.14652         1.643e-06 
  1349.650          94.584      3.811     30.219            7.216         9734.895      3.560      0.000      0.000    0.18871   23.46920           -0.72359       80.15130         1.666e-06 
  1350.650          94.492      3.822     30.282            7.215         9742.006      3.546      0.000      0.000    0.18618   23.47401           -0.72689       80.15609         1.689e-06 
  1351.650          94.401      3.833     30.345            7.213         9749.115      3.533      0.000      0.000    0.18367   23.47909           -0.73021       80.16090         1.712e-06 
  1352.650          94.308      3.844     30.409            7.212         9756.223      3.519      0.000      0.000    0.18118   23.48444           -0.73357       80.16572         1.736e-06 
  1353.650          94.216      3.855     30.472            7.210         9763.330      3.505      0.000      0.000    0.17870   23.49005           -0.73695       80.17055         1.760e-06 
  1354.650          94.123      3.866     30.535            7.209         9770.436      3.491      0.000      0.000    0.17624   23.49592           -0.74036       80.17539         1.785e-06 
  1355.650          94.030      3.877     30.598            7.208         9777.540      3.478      0.000      0.000    0.17380   23.50205           -0.74380       80.18025         1.810e-06 
  1356.650          93.936      3.888     30.661            7.206         9784.643      3.463      0.000      0.000    0.17138   23.50842           -0.74727       80.18512         1.836e-06 
  1357.650          93.842      3.899     30.724            7.205         9791.744      3.449      0.000      0.000    0.16897   23.51504           -0.75076       80.19000         1.862e-06 
  1358.650          93.747      3.910     30.787            7.203         9798.845      3.435      0.000      0.000    0.16658   23.52190           -0.75429       80.19490         1.889e-06 
  1359.650          93.652      3.921     30.850            7.202         9805.944      3.421      0.000      0.000    0.16421   23.52899           -0.75784       80.19981         1.917e-06 
  1360.650          93.556      3.932     30.913            7.200         9813.041      3.406      0.000      0.000    0.16186   23.53631           -0.76143       80.20473         1.945e-06 
  1361.650          93.461      3.943     30.975            7.199         9820.137      3.392      0.000      0.000    0.15952   23.54385           -0.76504       80.20966         1.974e-06 
  1362.650          93.364      3.954     31.038            7.197         9827.232      3.377      0.000      0.000    0.15721   23.55161           -0.76869       80.21461         2.003e-06 
  1363.650          93.267      3.965     31.101            7.196         9834.326      3.362      0.000      0.000    0.15491   23.55958           -0.77237       80.21957         2.033e-06 
  1364.650          93.170      3.976     31.164            7.194         9841.418      3.348      0.000      0.000    0.15263   23.56775           -0.77607       80.22454         2.063e-06 
  1365.650          93.073      3.986     31.227            7.193         9848.508      3.333      0.000      0.000    0.15037   23.57612           -0.77981       80.22952         2.095e-06 
  1366.650          92.974      3.997     31.290            7.191         9855.597      3.318      0.000      0.000    0.14812   23.58468           -0.78358       80.23452         2.127e-06 
  1367.650          92.876      4.008     31.353            7.189         9862.685      3.303      0.000      0.000    0.14590   23.59343           -0.78739       80.23953         2.159e-06 
  1368.650          92.777      4.019     31.416            7.188         9869.771      3.287      0.000      0.000    0.14369   23.60235           -0.79122       80.24455         2.193e-06 
  1369.650          92.677      4.030     31.479            7.186         9876.856      3.272      0.000      0.000    0.14150   23.61144           -0.79509       80.24959         2.227e-06 
  1370.650          92.577      4.041     31.542            7.185         9883.939      3.257      0.000      0.000    0.13933   23.62069           -0.79899       80.25463         2.262e-06 
  1371.650          92.477      4.052     31.604            7.183         9891.020      3.241      0.000      0.000    0.13719   23.63010           -0.80293       80.25969         2.298e-06 
  1372.650          92.376      4.062     31.667            7.181         9898.100      3.226      0.000      0.000    0.13505   23.63965           -0.80690       80.26476         2.334e-06 
  1373.650          92.275      4.073     31.730            7.180         9905.179      3.210      0.000      0.000    0.13294   23.64934           -0.81091       80.26985         2.371e-06 
  1374.650          92.173      4.084     31.793            7.178         9912.255      3.195      0.000      0.000    0.13085   23.65916           -0.81494       80.27494         2.409e-06 
  1375.650          92.071      4.095     31.856            7.176         9919.331      3.179      0.000      0.000    0.12878   23.66910           -0.81902       80.28005         2.449e-06 
  1376.650          91.968      4.106     31.918            7.174         9926.404      3.163      0.000      0.000    0.12672   23.67915           -0.82313       80.28517         2.488e-06 
  1377.650          91.864      4.116     31.981            7.172         9933.476      3.148      0.000      0.000    0.12469   23.68930           -0.82727       80.29031         2.529e-06 
  1378.650          91.761      4.127     32.044            7.171         9940.546      3.132      0.000      0.000    0.12268   23.69955           -0.83146       80.29545         2.571e-06 
  1379.650          91.656      4.138     32.107            7.169         9947.615      3.116      0.000      0.000    0.12068   23.70988           -0.83568       80.30061         2.614e-06 
  1380.650          91.552      4.149     32.169            7.167         9954.682      3.100      0.000      0.000    0.11871   23.72028           -0.83993       80.30578         2.658e-06 
  1381.650          91.446      4.159     32.232            7.165         9961.747      3.084      0.000      0.000    0.11675   23.73074           -0.84423       80.31096         2.702e-06 
  1382.650          91.340      4.170     32.295            7.163         9968.811      3.068      0.000      0.000    0.11481   23.74126           -0.84856       80.31616         2.748e-06 
  1383.650          91.234      4.181     32.358            7.161         9975.872      3.052      0.000      0.000    0.11290   23.75182           -0.85293       80.32136         2.795e-06 
  1384.650          91.127      4.192     32.420            7.159         9982.932      3.036      0.000      0.000    0.11100   23.76240           -0.85734       80.32658         2.843e-06 
  1385.650          91.020      4.202     32.483            7.157         9989.990      3.020      0.000      0.000    0.10913   23.77300           -0.86179       80.33181         2.892e-06 
  1386.650          90.912      4.213     32.545            7.155         9997.046      3.003      0.000      0.000    0.10727   23.78361           -0.86628       80.33705         2.943e-06 
  1387.650          90.803      4.224     32.608            7.153        10004.100      2.987      0.000      0.000    0.10543   23.79421           -0.87081       80.34231         2.994e-06 
  1388.650          90.694      4.234     32.671            7.151        10011.153      2.971      0.000      0.000    0.10362   23.80480           -0.87538       80.34758         3.047e-06 
  1389.650          90.585      4.245     32.733            7.149        10018.203      2.955      0.000      0.000    0.10182   23.81535           -0.87999       80.35285         3.101e-06 
  1390.650          90.475      4.256     32.796            7.147        10025.252      2.939      0.000      0.000    0.10004   23.82585           -0.88465       80.35814         3.156e-06 
  1391.650          90.364      4.267     32.858            7.145        10032.299      2.922      0.000      0.000    0.09829   23.83630           -0.88934       80.36345         3.213e-06 
  1392.650          90.253      4.277     32.921            7.143        10039.343      2.906      0.000      0.000    0.09655   23.84667           -0.89408       80.36876         3.271e-06 
  1393.650          90.141      4.288     32.984            7.141        10046.386      2.890      0.000      0.000    0.09484   23.85696           -0.89886       80.37409         3.330e-06 
  1394.650          90.029      4.298     33.046            7.139        10053.427      2.874      0.000      0.000    0.09314   23.86715           -0.90369       80.37943         3.391e-06 
  1395.650          89.916      4.309     33.109            7.136        10060.465      2.858      0.000      0.000    0.09147   23.87721           -0.90856       80.38478         3.453e-06 
  1396.650          89.803      4.320     33.171            7.134        10067.502      2.841      0.000      0.000    0.08981   23.88716           -0.91348       80.39014         3.517e-06 
  1397.650          89.689      4.330     33.234            7.132        10074.536      2.825      0.000      0.000    0.08818   23.89697           -0.91844       80.39551         3.583e-06 
  1398.650          89.574      4.341     33.296            7.130        10081.568      2.809      0.000      0.000    0.08656   23.90664           -0.92345       80.40090         3.650e-06 
  1399.650          89.459      4.352     33.358            7.127        10088.598      2.793      0.000      0.000    0.08497   23.91618           -0.92851       80.40630         3.719e-06 
  1400.650          89.343      4.362     33.421            7.125        10095.626      2.777      0.000      0.000    0.08339   23.92556           -0.93361       80.41171         3.789e-06 
  1401.650          89.227      4.373     33.483            7.123        10102.652      2.761      0.000      0.000    0.08184   23.93480           -0.93877       80.41713         3.861e-06 
  1402.650          89.110      4.383     33.546            7.120        10109.675      2.745      0.000      0.000    0.08030   23.94388           -0.94397       80.42256         3.935e-06 
  1403.650          88.992      4.394     33.608            7.118        10116.696      2.729      0.000      0.000    0.07878   23.95280           -0.94922       80.42801         4.011e-06 
  1404.650          88.874      4.404     33.670            7.115        10123.715      2.714      0.000      0.000    0.07729   23.96155           -0.95452       80.43347         4.089e-06 
  1405.650          88.755      4.415     33.733            7.113        10130.731      2.698      0.000      0.000    0.07581   23.97013           -0.95987       80.43894         4.169e-06 
  1406.650          88.635      4.425     33.795            7.110        10137.745      2.682      0.000      0.000    0.07435   23.97853           -0.96527       80.44442         4.251e-06 
  1407.650          88.515      4.436     33.857            7.108        10144.757      2.666      0.000      0.000    0.07291   23.98674           -0.97073       80.44992         4.335e-06 
  1408.650          88.395      4.446     33.920            7.105        10151.766      2.651      0.000      0.000    0.07149   23.99476           -0.97623       80.45542         4.422e-06 
  1409.650          88.273      4.457     33.982            7.102        10158.773      2.635      0.000      0.000    0.07009   24.00258           -0.98180       80.46094         4.510e-06 
  1410.650          88.151      4.467     34.044            7.100        10165.777      2.620      0.000      0.000    0.06871   24.01020           -0.98741       80.46647         4.601e-06 
  1411.650          88.029      4.478     34.106            7.097        10172.779      2.605      0.000      0.000    0.06735   24.01760           -0.99308       80.47201         4.694e-06 
  1412.650          87.905      4.488     34.168            7.094        10179.777      2.590      0.000      0.000    0.06601   24.02479           -0.99881       80.47757         4.790e-06 
  1413.650          87.781      4.499     34.231            7.091        10186.774      2.575      0.000      0.000    0.06468   24.03175           -1.00460       80.48313         4.889e-06 
  1414.650          87.657      4.509     34.293            7.088        10193.767      2.560      0.000      0.000    0.06337   24.03848           -1.01044       80.48871         4.990e-06 
  1415.650          87.531      4.520     34.355            7.085        10200.758      2.545      0.000      0.000    0.06209   24.04496           -1.01634       80.49430         5.093e-06 
  1416.650          87.405      4.530     34.417            7.083        10207.747      2.530      0.000      0.000    0.06082   24.05119           -1.02230       80.49990         5.200e-06 
  1417.650          87.279      4.541     34.479            7.080        10214.732      2.516      0.000      0.000    0.05957   24.05717           -1.02832       80.50551         5.309e-06 
  1418.650          87.151      4.551     34.541            7.077        10221.715      2.501      0.000      0.000    0.05833   24.06288           -1.03440       80.51114         5.422e-06 
  1419.650          87.023      4.561     34.603            7.073        10228.694      2.487      0.000      0.000    0.05712   24.06832           -1.04054       80.51677         5.537e-06 
  1420.650          86.894      4.572     34.665            7.070        10235.671      2.473      0.000      0.000    0.05592   24.07347           -1.04675       80.52242         5.656e-06 
  1421.650          86.765      4.582     34.727            7.067        10242.645      2.459      0.000      0.000    0.05474   24.07833           -1.05302       80.52808         5.778e-06 
  1422.650          86.634      4.593     34.789            7.064        10249.615      2.445      0.000      0.000    0.05358   24.08288           -1.05935       80.53375         5.904e-06 
  1423.650          86.504      4.603     34.851            7.061        10256.583      2.431      0.000      0.000    0.05243   24.08713           -1.06575       80.53944         6.033e-06 
  1424.650          86.372      4.613     34.913            7.057        10263.548      2.418      0.000      0.000    0.05131   24.09105           -1.07222       80.54513         6.165e-06 
  1425.650          86.239      4.624     34.975            7.054        10270.509      2.404      0.000      0.000    0.05020   24.09464           -1.07876       80.55084         6.302e-06 
  1426.650          86.106      4.634     35.037            7.051        10277.467      2.391      0.000      0.000    0.04911   24.09788           -1.08536       80.55655         6.442e-06 
  1427.650          85.972      4.644     35.098            7.047        10284.422      2.378      0.000      0.000    0.04803   24.10078           -1.09204       80.56228         6.587e-06 
  1428.650          85.838      4.655     35.160            7.044        10291.374      2.365      0.000      0.000    0.04697   24.10330           -1.09879       80.56802         6.735e-06 
  1429.650          85.702      4.665     35.222            7.040        10298.322      2.353      0.000      0.000    0.04593   24.10545           -1.10561       80.57377         6.888e-06 
  1430.650          85.566      4.675     35.284            7.036        10305.266      2.340      0.000      0.000    0.04491   24.10721           -1.11250       80.57953         7.045e-06 
  1431.650          85.429      4.685     35.345            7.033        10312.207      2.328      0.000      0.000    0.04390   24.10856           -1.11947       80.58530         7.207e-06 
  1432.650          85.291      4.696     35.407            7.029        10319.145      2.316      0.000      0.000    0.04291   24.10950           -1.12652       80.59108         7.374e-06 
  1433.650          85.153      4.706     35.469            7.025        10326.079      2.305      0.000      0.000    0.04194   24.11001           -1.13364       80.59687         7.545e-06 
  1434.650          85.013      4.716     35.530            7.021        10333.009      2.293      0.000      0.000    0.04098   24.11008           -1.14084       80.60267         7.722e-06 
  1435.650          84.873      4.726     35.592            7.017        10339.936      2.282      0.000      0.000    0.04004   24.10969           -1.14813       80.60848         7.904e-06 
  1436.650          84.732      4.737     35.653            7.013        10346.858      2.271      0.000      0.000    0.03911   24.10884           -1.15549       80.61430         8.091e-06 
  1437.650          84.590      4.747     35.715            7.009        10353.777      2.260      0.000      0.000    0.03820   24.10751           -1.16294       80.62013         8.284e-06 
  1438.650          84.447      4.757     35.776            7.005        10360.692      2.249      0.000      0.000    0.03730   24.10570           -1.17048       80.62597         8.483e-06 
  1439.650          84.304      4.767     35.838            7.000        10367.603      2.239      0.000      0.000    0.03642   24.10340           -1.17810       80.63182         8.688e-06 
  1440.650          84.160      4.777     35.899            6.996        10374.509      2.229      0.000      0.000    0.03556   24.10060           -1.18581       80.63767         8.899e-06 
  1441.650          84.014      4.787     35.961            6.992        10381.411      2.219      0.000      0.000    0.03471   24.09729           -1.19361       80.64354         9.117e-06 
  1442.650          83.868      4.798     36.022            6.987        10388.309      2.209      0.000      0.000    0.03388   24.09346           -1.20150       80.64941         9.342e-06 
  1443.650          83.721      4.808     36.083            6.982        10395.203      2.200      0.000      0.000    0.03306   24.08910           -1.20948       80.65529         9.573e-06 
  1444.650          83.574      4.818     36.145            6.978        10402.092      2.191      0.000      0.000    0.03226   24.08421           -1.21757       80.66118         9.812e-06 
  1445.650          83.425      4.828     36.206            6.973        10408.977      2.182      0.000      0.000    0.03147   24.07877           -1.22574       80.66708         1.006e-05 
  1446.650          83.275      4.838     36.267            6.968        10415.857      2.174      0.000      0.000    0.03069   24.07277           -1.23402       80.67298         1.031e-05 
  1447.650          83.125      4.848     36.328            6.963        10422.732      2.166      0.000      0.000    0.02993   24.06621           -1.24240       80.67889         1.057e-05 
  1448.650          82.973      4.858     36.389            6.958        10429.602      2.158      0.000      0.000    0.02919   24.05906           -1.25088       80.68480         1.084e-05 
  1449.650          82.821      4.868     36.450            6.953        10436.468      2.150      0.000      0.000    0.02845   24.05132           -1.25947       80.69073         1.112e-05 
  1450.650          82.668      4.878     36.511            6.947        10443.328      2.142      0.000      0.000    0.02774   24.04298           -1.26817       80.69665         1.141e-05 
  1451.650          82.513      4.888     36.572            6.942        10450.183      2.135      0.000      0.000    0.02703   24.03402           -1.27698       80.70259         1.171e-05 
  1452.650          82.358      4.898     36.633            6.936        10457.033      2.129      0.000      0.000    0.02634   24.02443           -1.28590       80.70853         1.202e-05 
  1453.650          82.202      4.908     36.694            6.931        10463.877      2.122      0.000      0.000    0.02567   24.01421           -1.29493       80.71447         1.233e-05 
  1454.650          82.045      4.918     36.755            6.925        10470.716      2.116      0.000      0.000    0.02500   24.00332           -1.30409       80.72042         1.266e-05 
  1455.650          81.887      4.928     36.816            6.919        10477.549      2.110      0.000      0.000    0.02435   23.99177           -1.31336       80.72637         1.300e-05 
  1456.650          81.728      4.938     36.877            6.913        10484.377      2.104      0.000      0.000    0.02372   23.97953           -1.32276       80.73233         1.335e-05 
  1457.650          81.568      4.948     36.937            6.907        10491.198      2.099      0.000      0.000    0.02309   23.96659           -1.33228       80.73829         1.371e-05 
  1458.650          81.407      4.958     36.998            6.900        10498.014      2.093      0.000      0.000    0.02248   23.95294           -1.34193       80.74426         1.408e-05 
  1459.650          81.245      4.968     37.059            6.894        10504.823      2.089      0.000      0.000    0.02188   23.93855           -1.35172       80.75023         1.447e-05 
  1460.650          81.081      4.978     37.119            6.887        10511.626      2.084      0.000      0.000    0.02129   23.92342           -1.36164       80.75620         1.487e-05 
  1461.650          80.917      4.988     37.180            6.880        10518.423      2.080      0.000      0.000    0.02072   23.90753           -1.37170       80.76218         1.528e-05 
  1462.650          80.752      4.997     37.240            6.873        10525.212      2.076      0.000      0.000    0.02016   23.89085           -1.38191       80.76816         1.571e-05 
  1463.650          80.586      5.007     37.300            6.866        10531.995      2.072      0.000      0.000    0.01961   23.87337           -1.39226       80.77414         1.615e-05 
  1464.650          80.418      5.017     37.361            6.859        10538.771      2.068      0.000      0.000    0.01907   23.85507           -1.40276       80.78013         1.660e-05 
  1465.650          80.250      5.027     37.421            6.851        10545.540      2.065      0.000      0.000    0.01854   23.83594           -1.41341       80.78612         1.707e-05 
  1466.650          80.080      5.037     37.481            6.844        10552.301      2.062      0.000      0.000    0.01803   23.81594           -1.42422       80.79211         1.756e-05 
  1467.650          79.910      5.046     37.541            6.836        10559.055      2.059      0.000      0.000    0.01752   23.79507           -1.43519       80.79810         1.807e-05 
  1468.650          79.738      5.056     37.601            6.828        10565.801      2.057      0.000      0.000    0.01703   23.77329           -1.44633       80.80410         1.859e-05 
  1469.650          79.565      5.066     37.661            6.819        10572.539      2.055      0.000      0.000    0.01655   23.75057           -1.45765       80.81010         1.913e-05 
  1470.650          79.391      5.076     37.721            6.811        10579.269      2.053      0.000      0.000    0.01608   23.72686           -1.46913       80.81611         1.969e-05 
  1471.650          79.216      5.085     37.781            6.802        10585.990      2.051      0.000      0.000    0.01562   23.70213           -1.48080       80.82212         2.027e-05 
  1472.650          79.039      5.095     37.841            6.793        10592.703      2.049      0.000      0.000    0.01517   23.67633           -1.49265       80.82813         2.087e-05 
  1473.650          78.862      5.105     37.900            6.784        10599.407      2.048      0.000      0.000    0.01473   23.64942           -1.50470       80.83415         2.150e-05 
  1474.650          78.683      5.114     37.960            6.774        10606.102      2.047      0.000      0.000    0.01430   23.62135           -1.51693       80.84017         2.214e-05 
  1475.650          78.503      5.124     38.020            6.765        10612.788      2.045      0.000      0.000    0.01388   23.59209           -1.52938       80.84619         2.281e-05 
  1476.650          78.322      5.133     38.079            6.755        10619.464      2.045      0.000      0.000    0.01347   23.56158           -1.54203       80.85222         2.350e-05 
  1477.650          78.140      5.143     38.138            6.744        10626.130      2.044      0.000      0.000    0.01307   23.52977           -1.55489       80.85825         2.422e-05 
  1478.650          77.956      5.153     38.198            6.734        10632.786      2.043      0.000      0.000    0.01268   23.49662           -1.56797       80.86429         2.497e-05 
  1479.650          77.771      5.162     38.257            6.723        10639.432      2.043      0.000      0.000    0.01230   23.46207           -1.58128       80.87034         2.574e-05 
  1480.650          77.585      5.172     38.316            6.712        10646.067      2.042      0.000      0.000    0.01193   23.42607           -1.59482       80.87638         2.654e-05 
  1481.650          77.398      5.181     38.375            6.700        10652.691      2.042      0.000      0.000    0.01157   23.38857           -1.60861       80.88244         2.737e-05 
  1482.650          77.209      5.191     38.434            6.688        10659.303      2.042      0.000      0.000    0.01122   23.34951           -1.62264       80.88850         2.823e-05 
  1483.650          77.019      5.200     38.492            6.676        10665.904      2.042      0.000      0.000    0.01087   23.30884           -1.63693       80.89457         2.912e-05 
  1484.650          76.827      5.210     38.551            6.664        10672.493      2.042      0.000      0.000    0.01054   23.26649           -1.65148       80.90064         3.005e-05 
  1485.650          76.635      5.219     38.610            6.651        10679.069      2.042      0.000      0.000    0.01021   23.22241           -1.66630       80.90672         3.101e-05 
  1486.650          76.441      5.228     38.668            6.638        10685.633      2.042      0.000      0.000    0.00989   23.17654           -1.68140       80.91280         3.200e-05 
  1487.650          76.245      5.238     38.727            6.624        10692.184      2.042      0.000      0.000    0.00958   23.12881           -1.69678       80.91890         3.304e-05 
  1488.650          76.048      5.247     38.785            6.610        10698.721      2.042      0.000      0.000    0.00928   23.07917           -1.71247       80.92500         3.411e-05 
  1489.650          75.850      5.256     38.843            6.596        10705.245      2.042      0.000      0.000    0.00899   23.02755           -1.72846       80.93110         3.523e-05 
  1490.650          75.650      5.266     38.901            6.581        10711.754      2.042      0.000      0.000    0.00870   22.97388           -1.74477       80.93722         3.639e-05 
  1491.650          75.449      5.275     38.959            6.566        10718.248      2.042      0.000      0.000    0.00842   22.91810           -1.76140       80.94334         3.759e-05 
  1492.650          75.247      5.284     39.016            6.550        10724.728      2.042      0.000      0.000    0.00815   22.86013           -1.77837       80.94947         3.884e-05 
  1493.650          75.043      5.293     39.074            6.534        10731.191      2.042      0.000      0.000    0.00789   22.79992           -1.79569       80.95561         4.013e-05 
  1494.650          74.837      5.302     39.131            6.518        10737.639      2.042      0.000      0.000    0.00763   22.73737           -1.81336       80.96175         4.148e-05 
  1495.650          74.630      5.311     39.189            6.501        10744.071      2.042      0.000      0.000    0.00739   22.67244           -1.83140       80.96790         4.288e-05 
  1496.650          74.422      5.321     39.246            6.483        10750.485      2.042      0.000      0.000    0.00714   22.60506           -1.84983       80.97406         4.433e-05 
  1497.650          74.212      5.330     39.303            6.465        10756.882      2.042      0.000      0.000    0.00691   22.53516           -1.86864       80.98022         4.584e-05 
  1498.650          74.000      5.339     39.360            6.447        10763.262      2.042      0.000      0.000    0.00668   22.46270           -1.88787       80.98639         4.741e-05 
  1499.650          73.787      5.348     39.416            6.427        10769.622      2.042      0.000      0.000    0.00646   22.38760           -1.90751       80.99257         4.904e-05 
  1500.650          73.572      5.357     39.473            6.408        10775.964      2.042      0.000      0.000    0.00624   22.30980           -1.92758       80.99875         5.073e-05 
  1501.650          73.356      5.366     39.529            6.388        10782.286      2.042      0.000      0.000    0.00603   22.22924           -1.94810       81.00493         5.249e-05 
  1502.650          73.138      5.375     39.585            6.367        10788.588      2.042      0.000      0.000    0.00583   22.14586           -1.96908       81.01112         5.432e-05 
  1503.650          72.918      5.383     39.641            6.346        10794.870      2.042      0.000      0.000    0.00563   22.05958           -1.99053       81.01732         5.622e-05 
  1504.650          72.697      5.392     39.697            6.324        10801.130      2.042      0.000      0.000    0.00544   21.97035           -2.01248       81.02351         5.819e-05 
  1505.409          72.528      5.399     39.739            6.307        10805.865      2.042      0.000      0.000    0.00530   21.89783           -2.02947       81.02822         5.980e-05 
  1506.409          72.304      5.408     39.795            6.284        10812.086      2.042      0.000      0.000    0.00515   21.80637           -2.05231       81.03441         6.155e-05 
  1507.409          72.078      5.416     39.850            6.260        10818.285      2.042      0.000      0.000    0.00497   21.70897           -2.07569       81.04061         6.373e-05 
  1508.409          71.850      5.425     39.905            6.236        10824.460      2.042      0.000      0.000    0.00480   21.60838           -2.09963       81.04681         6.600e-05 
  1509.409          71.621      5.434     39.960            6.211        10830.610      2.042      0.000      0.000    0.00463   21.50456           -2.12413       81.05301         6.836e-05 
  1510.409          71.390      5.442     40.014            6.185        10836.736      2.042      0.000      0.000    0.00447   21.39746           -2.14922       81.05921         7.081e-05 
  1511.409          71.157      5.451     40.069            6.159        10842.837      2.042      0.000      0.000    0.00432   21.28705           -2.17492       81.06541         7.336e-05 
  1512.409          70.923      5.459     40.123            6.132        10848.911      2.042      0.000      0.000    0.00417   21.17332           -2.20124       81.07160         7.601e-05 
  1513.409          70.686      5.468     40.177            6.104        10854.958      2.042      0.000      0.000    0.00402   21.05623           -2.22822       81.07778         7.876e-05 
  1514.409          70.448      5.476     40.230            6.076        10860.977      2.042      0.000      0.000    0.00388   20.93577           -2.25586       81.08396         8.162e-05 
  1515.409          70.208      5.485     40.284            6.046        10866.968      2.042      0.000      0.000    0.00374   20.81190           -2.28419       81.09013         8.460e-05 
  1516.409          69.966      5.493     40.337            6.016        10872.930      2.042      0.000      0.000    0.00361   20.68462           -2.31324       81.09629         8.769e-05 
  1517.409          69.722      5.501     40.390            5.985        10878.861      2.041      0.000      0.000    0.00348   20.55390           -2.34303       81.10244         9.091e-05 
  1518.409          69.477      5.510     40.442            5.954        10884.762      2.041      0.000      0.000    0.00336   20.41972           -2.37359       81.10857         9.425e-05 
  1519.409          69.229      5.518     40.495            5.921        10890.631      2.041      0.000      0.000    0.00324   20.28207           -2.40493       81.11468         9.772e-05 
  1520.409          68.980      5.526     40.547            5.888        10896.468      2.041      0.000      0.000    0.00313   20.14092           -2.43708       81.12078         1.013e-04 
  1521.409          68.728      5.534     40.599            5.854        10902.271      2.041      0.000      0.000    0.00301   19.99627           -2.47008       81.12686         1.051e-04 
  1522.409          68.475      5.542     40.650            5.818        10908.041      2.041      0.000      0.000    0.00291   19.84810           -2.50395       81.13292         1.090e-04 
  1523.409          68.220      5.550     40.701            5.783        10913.775      2.041      0.000      0.000    0.00280   19.69640           -2.53871       81.13895         1.131e-04 
  1524.409          67.963      5.558     40.752            5.746        10919.473      2.041      0.000      0.000    0.00270   19.54118           -2.57440       81.14495         1.173e-04 
  1525.409          67.704      5.566     40.802            5.708        10925.135      2.041      0.000      0.000    0.00260   19.38244           -2.61105       81.15093         1.217e-04 
  1526.409          67.443      5.574     40.853            5.669        10930.759      2.041      0.000      0.000    0.00251   19.22019           -2.64870       81.15688         1.262e-04 
  1527.409          67.180      5.582     40.902            5.630        10936.344      2.041      0.000      0.000    0.00242   19.05443           -2.68736       81.16280         1.310e-04 
  1528.409          66.915      5.589     40.952            5.590        10941.890      2.041      0.000      0.000    0.00233   18.88519           -2.72708       81.16868         1.359e-04 
  1529.409          66.648      5.597     41.001            5.548        10947.396      2.041      0.000      0.000    0.00225   18.71249           -2.76789       81.17453         1.410e-04 
  1530.409          66.379      5.604     41.050            5.506        10952.860      2.041      0.000      0.000    0.00216   18.53636           -2.80983       81.18034         1.463e-04 
  1531.409          66.108      5.612     41.098            5.463        10958.282      2.041      0.000      0.000    0.00209   18.35684           -2.85293       81.18612         1.519e-04 
  1532.409          65.835      5.619     41.146            5.419        10963.661      2.041      0.000      0.000    0.00201   18.17395           -2.89724       81.19187         1.576e-04 
  1533.409          65.560      5.627     41.194            5.374        10968.996      2.041      0.000      0.000    0.00194   17.98776           -2.94278       81.19758         1.636e-04 
  1534.409          65.283      5.634     41.241            5.328        10974.286      2.041      0.000      0.000    0.00187   17.79832           -2.98960       81.20325         1.698e-04 
  1535.409          65.005      5.641     41.288            5.281        10979.530      2.041      0.000      0.000    0.00180   17.60567           -3.03774       81.20890         1.763e-04 
  1536.409          64.724      5.649     41.334            5.233        10984.727      2.041      0.000      0.000    0.00173   17.40991           -3.08724       81.21451         1.830e-04 
  1537.409          64.441      5.656     41.380            5.184        10989.876      2.040      0.000      0.000    0.00167   17.21110           -3.13815       81.22010         1.900e-04 
  1538.409          64.156      5.663     41.425            5.134        10994.977      2.040      0.000      0.000    0.00161   17.00935           -3.19051       81.22567         1.972e-04 
  1539.409          63.869      5.670     41.470            5.084        11000.028      2.040      0.000      0.000    0.00155   16.80476           -3.24437       81.23121         2.047e-04 
  1540.409          63.581      5.677     41.515            5.032        11005.028      2.040      0.000      0.000    0.00149   16.59743           -3.29977       81.23674         2.126e-04 
  1541.409          63.290      5.683     41.559            4.980        11009.977      2.040      0.000      0.000    0.00144   16.38750           -3.35676       81.24226         2.207e-04 
  1542.409          62.998      5.690     41.603            4.927        11014.874      2.040      0.000      0.000    0.00138   16.17508           -3.41540       81.24776         2.292e-04 
  1543.409          62.703      5.697     41.646            4.873        11019.718      2.040      0.000      0.000    0.00133   15.96030           -3.47573       81.25326         2.380e-04 
  1544.409          62.407      5.703     41.689            4.818        11024.508      2.040      0.000      0.000    0.00128   15.74329           -3.53780       81.25876         2.471e-04 
  1545.409          62.108      5.710     41.731            4.762        11029.244      2.040      0.000      0.000    0.00123   15.52417           -3.60168       81.26425         2.566e-04 
  1546.409          61.808      5.716     41.773            4.706        11033.923      2.040      0.000      0.000    0.00119   15.30313           -3.66741       81.26974         2.664e-04 
  1547.409          61.506      5.723     41.814            4.649        11038.547      2.040      0.000      0.000    0.00114   15.08032           -3.73505       81.27524         2.767e-04 
  1548.409          61.203      5.729     41.855            4.591        11043.113      2.040      0.000      0.000    0.00110   14.85592           -3.80468       81.28074         2.873e-04 
  1549.409          60.897      5.735     41.895            4.532        11047.622      2.039      0.000      0.000    0.00106   14.63008           -3.87633       81.28625         2.983e-04 
  1550.409          60.590      5.741     41.935            4.473        11052.072      2.039      0.000      0.000    0.00102   14.40299           -3.95008       81.29176         3.098e-04 
  1551.409          60.281      5.747     41.974            4.413        11056.463      2.039      0.000      0.000    0.00098   14.17481           -4.02600       81.29728         3.218e-04 
  1552.409          59.970      5.753     42.013            4.352        11060.794      2.039      0.000      0.000    0.00095   13.94572           -4.10415       81.30279         3.342e-04 
  1553.409          59.658      5.759     42.051            4.291        11065.065      2.039      0.000      0.000    0.00091   13.71589           -4.18459       81.30831         3.471e-04 
  1554.409          59.344      5.765     42.088            4.229        11069.275      2.038      0.000      0.000    0.00088   13.48552           -4.26740       81.31381         3.605e-04 
  1555.409          59.029      5.770     42.125            4.167        11073.423      2.038      0.000      0.000    0.00085   13.25478           -4.35266       81.31931         3.745e-04 
  1556.409          58.712      5.776     42.162            4.104        11077.509      2.038      0.000      0.000    0.00081   13.02388           -4.44044       81.32478         3.890e-04 
  1557.409          58.393      5.781     42.198            4.041        11081.533      2.038      0.000      0.000    0.00078   12.79299           -4.53081       81.33024         4.041e-04 
  1558.409          58.073      5.787     42.233            3.978        11085.494      2.037      0.000      0.000    0.00075   12.56231           -4.62387       81.33566         4.199e-04 
  1559.409          57.752      5.792     42.268            3.914        11089.392      2.037      0.000      0.000    0.00073   12.33202           -4.71969       81.34105         4.362e-04 
  1560.409          57.429      5.797     42.302            3.850        11093.226      2.037      0.000      0.000    0.00070   12.10232           -4.81837       81.34639         4.533e-04 
  1561.409          57.105      5.802     42.336            3.785        11096.996      2.037      0.000      0.000    0.00067   11.87337           -4.91999       81.35168         4.710e-04 
  1562.409          56.780      5.807     42.369            3.720        11100.702      2.037      0.000      0.000    0.00065   11.64536           -5.02465       81.35690         4.895e-04 
  1563.409          56.453      5.812     42.401            3.655        11104.343      2.036      0.000      0.000    0.00062   11.41845           -5.13245       81.36206         5.087e-04 
  1564.409          56.126      5.817     42.433            3.590        11107.920      2.036      0.000      0.000    0.00060   11.19283           -5.24350       81.36714         5.288e-04 
  1565.409          55.797      5.822     42.464            3.525        11111.432      2.036      0.000      0.000    0.00058   10.96865           -5.35791       81.37213         5.497e-04 
  1566.409          55.468      5.827     42.495            3.459        11114.878      2.036      0.000      0.000    0.00055   10.74607           -5.47578       81.37702         5.716e-04 
  1567.409          55.137      5.831     42.525            3.394        11118.260      2.036      0.000      0.000    0.00053   10.52524           -5.59724       81.38180         5.943e-04 
  1568.409          54.806      5.836     42.555            3.328        11121.576      2.035      0.000      0.000    0.00051   10.30630           -5.72241       81.38645         6.181e-04 
  1569.409          54.473      5.840     42.584            3.263        11124.828      2.035      0.000      0.000    0.00049   10.08933           -5.85143       81.39097         6.430e-04 
  1570.409          54.140      5.844     42.613            3.197        11128.014      2.034      0.000      0.000    0.00047    9.87435           -5.98443       81.39535         6.689e-04 
  1571.409          53.807      5.849     42.640            3.132        11131.135      2.033      0.000      0.000    0.00046    9.66145           -6.12155       81.39956         6.960e-04 
  1572.409          53.472      5.853     42.668            3.067        11134.191      2.032      0.000      0.000    0.00044    9.45064           -6.26295       81.40361         7.243e-04 
  1573.409          53.138      5.857     42.694            3.002        11137.182      2.031      0.000      0.000    0.00042    9.24193           -6.40878       81.40747         7.539e-04 
  1574.409          52.802      5.861     42.720            2.937        11140.109      2.030      0.000      0.000    0.00040    9.03531           -6.55918       81.41115         7.848e-04 
  1575.409          52.467      5.865     42.746            2.873        11142.971      2.029      0.000      0.000    0.00039    8.83081           -6.71434       81.41463         8.171e-04 
  1576.409          52.131      5.868     42.771            2.809        11145.769      2.028      0.000      0.000    0.00037    8.62844           -6.87441       81.41791         8.508e-04 
  1577.409          51.794      5.872     42.795            2.745        11148.503      2.027      0.000      0.000    0.00036    8.42821           -7.03958       81.42098         8.860e-04 
  1578.409          51.458      5.876     42.819            2.681        11151.174      2.026      0.000      0.000    0.00034    8.23013           -7.21002       81.42384         9.229e-04 
  1579.409          51.121      5.879     42.843            2.618        11153.781      2.025      0.000      0.000    0.00033    8.03421           -7.38593       81.42649         9.614e-04 
  1580.409          50.785      5.883     42.865            2.556        11156.326      2.024      0.000      0.000    0.00032    7.84049           -7.56750       81.42894         1.002e-03 
  1581.409          50.448      5.886     42.887            2.494        11158.809      2.023      0.000      0.000    0.00030    7.64896           -7.75493       81.43118         1.044e-03 
  1582.409          50.112      5.889     42.909            2.432        11161.230      2.022      0.000      0.000    0.00029    7.45966           -7.94842       81.43323         1.088e-03 
  1583.409          49.776      5.892     42.930            2.371        11163.590      2.021      0.000      0.000    0.00028    7.27262           -8.14818       81.43510         1.133e-03 
  1584.409          49.440      5.896     42.951            2.311        11165.889      2.020      0.000      0.000    0.00027    7.08787           -8.35443       81.43681         1.181e-03 
  1585.409          49.104      5.899     42.971            2.251        11168.128      2.019      0.000      0.000    0.00026    6.90549           -8.56739       81.43839         1.231e-03 
  1586.409          48.769      5.902     42.990            2.193        11170.308      2.018      0.000      0.000    0.00025    6.72556           -8.78729       81.43984         1.284e-03 
  1587.409          48.434      5.904     43.009            2.134        11172.430      2.017      0.000      0.000    0.00024    6.54813           -9.01436       81.44118         1.338e-03 
  1588.409          48.100      5.907     43.027            2.077        11174.494      2.017      0.000      0.000    0.00023    6.37329           -9.24885       81.44245         1.395e-03 
  1589.409          47.766      5.910     43.045            2.021        11176.500      2.016      0.000      0.000    0.00022    6.20110           -9.49101       81.44364         1.455e-03 
  1590.409          47.434      5.912     43.063            1.965        11178.451      2.015      0.000      0.000    0.00021    6.03161           -9.74110       81.44479         1.517e-03 
  1591.409          47.102      5.915     43.080            1.910        11180.346      2.014      0.000      0.000    0.00020    5.86488           -9.99938       81.44590         1.582e-03 
  1592.409          46.770      5.917     43.096            1.856        11182.186      2.013      0.000      0.000    0.00019    5.70097          -10.26612       81.44699         1.650e-03 
  1593.409          46.440      5.920     43.112            1.803        11183.973      2.012      0.000      0.000    0.00018    5.53994          -10.54161       81.44808         1.721e-03 
  1594.409          46.111      5.922     43.128            1.751        11185.707      2.012      0.000      0.000    0.00018    5.38182          -10.82614       81.44917         1.795e-03 
  1595.409          45.782      5.924     43.143            1.700        11187.389      2.011      0.000      0.000    0.00017    5.22668          -11.11999       81.45028         1.872e-03 
  1596.409          45.455      5.927     43.157            1.650        11189.021      2.010      0.000      0.000    0.00016    5.07453          -11.42348       81.45141         1.952e-03 
  1597.409          45.128      5.929     43.171            1.601        11190.602      2.010      0.000      0.000    0.00016    4.92543          -11.73691       81.45256         2.036e-03 
  1598.409          44.803      5.931     43.185            1.553        11192.135      2.010      0.000      0.000    0.00015    4.77935          -12.06059       81.45372         2.123e-03 
  1599.409          44.479      5.933     43.198            1.506        11193.620      2.010      0.000      0.000    0.00014    4.63634          -12.39485       81.45490         2.214e-03 
  1600.409          44.157      5.935     43.211            1.460        11195.058      2.010      0.000      0.000    0.00014    4.49642          -12.74003       81.45609         2.309e-03 
  1601.409          43.835      5.937     43.224            1.416        11196.450      2.010      0.000      0.000    0.00013    4.35963          -13.09645       81.45728         2.408e-03 
  1602.409          43.515      5.938     43.236            1.372        11197.797      2.010      0.000      0.000    0.00013    4.22600          -13.46446       81.45847         2.511e-03 
  1603.409          43.196      5.940     43.247            1.329        11199.100      2.010      0.000      0.000    0.00012    4.09554          -13.84439       81.45967         2.618e-03 
  1604.409          42.879      5.942     43.258            1.287        11200.361      2.010      0.000      0.000    0.00012    3.96826          -14.23659       81.46089         2.730e-03 
  1605.409          42.563      5.944     43.269            1.247        11201.580      2.010      0.000      0.000    0.00011    3.84417          -14.64141       81.46214         2.847e-03 
  1606.409          42.249      5.945     43.280            1.207        11202.758      2.010      0.000      0.000    0.00011    3.72327          -15.05918       81.46343         2.968e-03 
  1607.409          41.936      5.947     43.290            1.169        11203.896      2.010      0.000      0.000    0.00010    3.60556          -15.49024       81.46479         3.095e-03 
  1608.409          41.625      5.948     43.300            1.131        11204.996      2.010      0.000      0.000    0.00010    3.49102          -15.93495       81.46624         3.227e-03 
  1609.409          41.315      5.950     43.309            1.095        11206.059      2.010      0.000      0.000    0.00009    3.37964          -16.39364       81.46782         3.364e-03 
  1610.409          41.007      5.951     43.319            1.060        11207.084      2.010      0.000      0.000    0.00009    3.27140          -16.86663       81.46958         3.507e-03 
  1611.409          40.700      5.952     43.327            1.026        11208.075      2.010      0.000      0.000    0.00009    3.16627          -17.35424       81.47156         3.656e-03 
  1612.409          40.395      5.954     43.336            0.992        11209.030      2.010      0.000      0.000    0.00008    3.06423          -17.85680       81.47383         3.811e-03 
  1613.409          40.091      5.955     43.344            0.960        11209.952      2.010      0.000      0.000    0.00008    2.96525          -18.37460       81.47645         3.972e-03 
  1614.409          39.789      5.956     43.352            0.929        11210.842      2.010      0.000      0.000    0.00008    2.86929          -18.90792       81.47952         4.140e-03 
  1615.409          39.489      5.957     43.360            0.899        11211.700      2.010      0.000      0.000    0.00007    2.77632          -19.45705       81.48313         4.315e-03 
  1616.409          39.191      5.958     43.367            0.870        11212.527      2.010      0.000      0.000    0.00007    2.68631          -20.02223       81.48736         4.497e-03 
  1617.409          38.894      5.959     43.374            0.841        11213.325      2.010      0.000      0.000    0.00007    2.59923          -20.60371       81.49230         4.687e-03 
  1618.409          38.598      5.960     43.381            0.814        11214.093      2.010      0.000      0.000    0.00006    2.51504          -21.20172       81.49805         4.884e-03 
  1619.409          38.305      5.961     43.388            0.788        11214.834      2.010      0.000      0.000    0.00006    2.43369          -21.81646       81.50468         5.090e-03 
  1620.409          38.013      5.962     43.394            0.762        11215.548      2.010      0.000      0.000    0.00006    2.35516          -22.44814       81.51228         5.303e-03 
  1621.409          37.723      5.963     43.400            0.738        11216.235      2.010      0.000      0.000    0.00006    2.27938          -23.09691       81.52090         5.526e-03 
  1622.409          37.434      5.964     43.406            0.714        11216.897      2.010      0.000      0.000    0.00006    2.20631          -23.76294       81.53061         5.757e-03 
  1623.409          37.147      5.965     43.412            0.691        11217.535      2.010      0.000      0.000    0.00005    2.13589          -24.44634       81.54146         5.998e-03 
  1624.409          36.862      5.966     43.417            0.669        11218.149      2.010      0.000      0.000    0.00005    2.06808          -25.14723       81.55349         6.249e-03 
  1625.409          36.578      5.967     43.423            0.648        11218.740      2.010      0.000      0.000    0.00005    2.00281          -25.86570       81.56673         6.509e-03 
  1626.409          36.297      5.967     43.428            0.627        11219.308      2.010      0.000      0.000    0.00005    1.94003          -26.60179       81.58120         6.781e-03 
  1627.409          36.017      5.968     43.433            0.607        11219.855      2.010      0.000      0.000    0.00004    1.87967          -27.35557       81.59688         7.063e-03 
  1628.409          35.739      5.969     43.437            0.588        11220.381      2.010      0.000      0.000    0.00004    1.82168          -28.12703       81.61375         7.356e-03 
  1629.409          35.462      5.969     43.442            0.570        11220.887      2.010      0.000      0.000    0.00004    1.76599          -28.91619       81.63178         7.661e-03 
  1630.409          35.187      5.970     43.446            0.552        11221.374      2.010      0.000      0.000    0.00004    1.71254          -29.72301       81.65088         7.978e-03 
  1631.409          34.914      5.971     43.450            0.535        11221.842      2.010      0.000      0.000    0.00004    1.66126          -30.54747       81.67096         8.308e-03 
  1632.409          34.643      5.971     43.454            0.519        11222.291      2.010      0.000      0.000    0.00004    1.61207          -31.38950       81.69190         8.651e-03 
  1633.409          34.374      5.972     43.458            0.503        11222.723      2.010      0.000      0.000    0.00004    1.56489          -32.24900       81.71355         9.007e-03 
  1634.409          34.107      5.972     43.462            0.488        11223.138      2.010      0.000      0.000    0.00003    1.51963          -33.12584       81.73577         9.377e-03 
  1635.409          33.841      5.973     43.465            0.473        11223.536      2.010      0.000      0.000    0.00003    1.47619          -34.01980       81.75844         9.761e-03 
  1636.409          33.577      5.973     43.469            0.459        11223.918      2.010      0.000      0.000    0.00003    1.43449          -34.93060       81.78140         1.016e-02 
  1637.409          33.315      5.974     43.472            0.445        11224.285      2.010      0.000      0.000    0.00003    1.39446          -35.85793       81.80451         1.057e-02 
  1638.409          33.055      5.974     43.475            0.432        11224.636      2.010      0.000      0.000    0.00003    1.35601          -36.80136       81.82765         1.101e-02 
  1639.409          32.798      5.975     43.478            0.420        11224.973      2.010      0.000      0.000    0.00003    1.31909          -37.76041       81.85068         1.145e-02 
  1640.409          32.542      5.975     43.481            0.407        11225.297      2.010      0.000      0.000    0.00003    1.28361          -38.73450       81.87348         1.192e-02 
  1641.409          32.288      5.975     43.484            0.396        11225.606      2.010      0.000      0.000    0.00003    1.24948          -39.72298       81.89591         1.240e-02 
  1642.409          32.036      5.976     43.487            0.385        11225.903      2.010      0.000      0.000    0.00002    1.21660          -40.72510       81.91787         1.289e-02 
  1643.409          31.786      5.976     43.489            0.374        11226.186      2.010      0.000      0.000    0.00002    1.18492          -41.74001       81.93925         1.340e-02 
  1644.409          31.538      5.977     43.492            0.363        11226.458      2.010      0.000      0.000    0.00002    1.15439          -42.76675       81.95997         1.393e-02 
  1645.409          31.292      5.977     43.494            0.353        11226.717      2.010      0.000      0.000    0.00002    1.12498          -43.80425       81.97996         1.448e-02 
  1646.409          31.049      5.977     43.496            0.344        11226.965      2.010      0.000      0.000    0.00002    1.09666          -44.85134       81.99916         1.504e-02 
  1647.409          30.808      5.978     43.498            0.335        11227.203      2.010      0.000      0.000    0.00002    1.06938          -45.90671       82.01756         1.562e-02 
  1648.409          30.568      5.978     43.500            0.326        11227.429      2.010      0.000      0.000    0.00002    1.04312          -46.96895       82.03515         1.621e-02 
  1649.409          30.331      5.978     43.502            0.317        11227.645      2.010      0.000      0.000    0.00002    1.01784          -48.03653       82.05198         1.683e-02 
  1649.609          30.284      5.978     43.503            0.316        11227.687      2.010      0.000      0.000    0.00002    1.01043          -48.25054       82.05526         1.702e-02 
  1649.817          30.235      5.978     43.503            0.314        11227.731      2.010      0.000      0.000    0.00002    1.00537          -48.47366       82.05865         1.715e-02 
  1650.005          30.191      5.978     43.503            0.312        11227.769      2.010      0.000      0.000    0.00002    1.00076          -48.67458       82.06168         1.727e-02 
  1650.024          30.187      5.978     43.503            0.312        11227.773      1.005      0.000      0.000    0.00002    0.99999          -48.69528       82.06192         1.729e-02 
  1650.042          30.182      5.978     43.503            0.312        11227.777      1.005      0.000      0.000    0.00002    0.99999          -48.71640       82.06209         1.731e-02 
  1650.049          30.181      5.978     43.503            0.312        11227.778      1.005      0.000      0.000    0.00002    0.99999          -48.72388       82.06215         1.731e-02 
  1650.054          30.180      5.978     43.503            0.312        11227.779      1.005      0.000      0.000    0.00002    0.99999          -48.72954       82.06220         1.731e-02 
  1650.059          30.178      5.978     43.503            0.312        11227.780      1.005      0.000      0.000    0.00002    1.00000          -48.73522       82.06225         1.732e-02 
  1650.063          30.177      5.978     43.503            0.312        11227.781      1.005      0.000      0.000    0.00002    0.99993          -48.73934       82.06229         1.732e-02 
  1650.067          30.177      5.978     43.503            0.312        11227.782      1.005      0.000      0.000    0.00002    0.99999          -48.74350       82.06233         1.732e-02 
  1650.078          30.174      5.978     43.503            0.312        11227.784      1.005      0.000      0.000    0.00002    1.00000          -48.75599       82.06243         1.733e-02 
  1650.085          30.172      5.978     43.503            0.312        11227.786      1.005      0.000      0.000    0.00002    0.99999          -48.76326       82.06251         1.733e-02 
  1650.096          30.170      5.978     43.503            0.312        11227.788      1.005      0.000      0.000    0.00002    0.99995          -48.77636       82.06262         1.734e-02 
  1650.120          30.164      5.978     43.504            0.312        11227.793      1.005      0.000      0.000    0.00002    0.99997          -48.80317       82.06284         1.735e-02 
  1650.213          30.142      5.978     43.504            0.312        11227.812      1.005      0.000      0.000    0.00002    0.99981          -48.90437       82.06394         1.741e-02 
  1650.305          30.121      5.978     43.504            0.312        11227.831      1.005      0.000      0.000    0.00002    0.99920          -49.00709       82.06479         1.747e-02 
  1650.721          30.022      5.978     43.505            0.312        11227.915      1.005      0.000      0.000    0.00002    0.99950          -49.46662       82.06858         1.771e-02 
  1651.721          29.784      5.979     43.506            0.311        11228.114      1.005      0.000      0.000    0.00002    0.99987          -50.55445       82.07756         1.834e-02 
  1652.721          29.542      5.979     43.508            0.310        11228.308      1.005      0.000      0.000    0.00002    0.99965          -51.61714       82.08641         1.905e-02 
  1653.721          29.298      5.979     43.510            0.309        11228.498      1.005      0.000      0.000    0.00002    0.99875          -52.65522       82.09525         1.980e-02 
  1654.721          29.050      5.979     43.511            0.308        11228.682      1.005      0.000      0.000    0.00002    0.99716          -53.66920       82.10419         2.058e-02 
  1655.721          28.801      5.980     43.513            0.307        11228.861      1.005      0.000      0.000    0.00001    0.99488          -54.65961       82.11336         2.141e-02 
  1656.721          28.550      5.980     43.515            0.305        11229.035      1.005      0.000      0.000    0.00001    0.99188          -55.62697       82.12292         2.228e-02 
  1657.721          28.297      5.980     43.516            0.304        11229.205      1.005      0.000      0.000    0.00001    0.98817          -56.57179       82.13304         2.319e-02 
  1658.721          28.043      5.980     43.518            0.302        11229.369      1.005      0.000      0.000    0.00001    0.98374          -57.49459       82.14391         2.414e-02 
  1659.721          27.788      5.980     43.519            0.300        11229.527      1.005      0.000      0.000    0.00001    0.97860          -58.39587       82.15571         2.514e-02 
  1660.721          27.533      5.981     43.520            0.297        11229.681      1.005      0.000      0.000    0.00001    0.97277          -59.27614       82.16868         2.619e-02 
  1661.721          27.277      5.981     43.522            0.295        11229.830      1.005      0.000      0.000    0.00001    0.96625          -60.13589       82.18304         2.728e-02 
  1662.721          27.021      5.981     43.523            0.292        11229.974      1.005      0.000      0.000    0.00001    0.95906          -60.97563       82.19904         2.842e-02 
  1663.721          26.766      5.981     43.524            0.289        11230.112      1.005      0.000      0.000    0.00001    0.95124          -61.79585       82.21690         2.961e-02 
  1664.721          26.512      5.981     43.525            0.286        11230.246      1.005      0.000      0.000    0.00001    0.94280          -62.59706       82.23690         3.085e-02 
  1665.721          26.258      5.981     43.527            0.283        11230.375      1.005      0.000      0.000    0.00001    0.93377          -63.37979       82.25928         3.215e-02 
  1666.721          26.006      5.982     43.528            0.280        11230.499      1.005      0.000      0.000    0.00001    0.92419          -64.14455       82.28429         3.349e-02 
  1667.721          25.755      5.982     43.529            0.276        11230.618      1.005      0.000      0.000    0.00001    0.91410          -64.89189       82.31217         3.488e-02 
  1668.721          25.506      5.982     43.530            0.272        11230.732      1.005      0.000      0.000    0.00001    0.90353          -65.62239       82.34315         3.633e-02 
  1669.721          25.259      5.982     43.531            0.269        11230.842      1.005      0.000      0.000    0.00001    0.89253          -66.33664       82.37742         3.782e-02 
  1670.721          25.014      5.982     43.532            0.265        11230.947      1.005      0.000      0.000    0.00001    0.88114          -67.03525       82.41516         3.937e-02 
  1671.721          24.772      5.982     43.533            0.261        11231.047      1.005      0.000      0.000    0.00001    0.86940          -67.71886       82.45652         4.098e-02 
  1672.721          24.532      5.982     43.534            0.257        11231.144      1.005      0.000      0.000    0.00001    0.85735          -68.38815       82.50161         4.263e-02 
  1673.721          24.295      5.982     43.534            0.252        11231.236      1.005      0.000      0.000    0.00001    0.84504          -69.04372       82.55053         4.434e-02 
  1674.721          24.060      5.983     43.535            0.248        11231.324      1.005      0.000      0.000    0.00001    0.83251          -69.68620       82.60340         4.610e-02 
  1675.721          23.829      5.983     43.536            0.244        11231.407      1.005      0.000      0.000    0.00001    0.81981          -70.31615       82.66030         4.791e-02 
  1676.721          23.601      5.983     43.537            0.240        11231.487      1.005      0.000      0.000    0.00001    0.80697          -70.93411       82.72131         4.978e-02 
  1677.721          23.376      5.983     43.537            0.235        11231.564      1.005      0.000      0.000    0.00001    0.79404          -71.54059       82.78649         5.169e-02 
  1678.721          23.154      5.983     43.538            0.231        11231.636      1.005      0.000      0.000    0.00001    0.78106          -72.13607       82.85592         5.366e-02 
  1679.721          22.936      5.983     43.539            0.227        11231.705      1.005      0.000      0.000    0.00001    0.76808          -72.72097       82.92964         5.568e-02 
  1680.721          22.721      5.983     43.539            0.223        11231.770      1.005      0.000      0.000    0.00001    0.75512          -73.29572       83.00770         5.775e-02 
  1681.721          22.510      5.983     43.540            0.218        11231.832      1.005      0.000      0.000    0.00001    0.74223          -73.86066       83.09011         5.987e-02 
  1682.721          22.302      5.983     43.540            0.214        11231.891      1.005      0.000      0.000    0.00001    0.72943          -74.41614       83.17691         6.203e-02 
  1683.721          22.097      5.983     43.541            0.210        11231.947      1.005      0.000      0.000    0.00000    0.71676          -74.96246       83.26810         6.425e-02 
  1684.721          21.896      5.983     43.541            0.206        11232.000      1.005      0.000      0.000    0.00000    0.70424          -75.49988       83.36368         6.652e-02 
  1685.721          21.698      5.983     43.542            0.202        11232.050      1.005      0.000      0.000    0.00000    0.69189          -76.02864       83.46364         6.883e-02 
  1686.721          21.503      5.983     43.542            0.198        11232.097      1.005      0.000      0.000    0.00000    0.67974          -76.54895       83.56796         7.120e-02 
  1687.721          21.312      5.983     43.542            0.194        11232.142      1.005      0.000      0.000    0.00000    0.66781          -77.06099       83.67662         7.361e-02 
  1688.721          21.124      5.984     43.543            0.191        11232.184      1.005      0.000      0.000    0.00000    0.65610          -77.56492       83.78957         7.607e-02 
  1689.721          20.939      5.984     43.543            0.187        11232.224      1.005      0.000      0.000    0.00000    0.64464          -78.06086       83.90678         7.857e-02 
  1690.721          20.758      5.984     43.544            0.184        11232.261      1.005      0.000      0.000    0.00000    0.63343          -78.54895       84.02819         8.113e-02 
  1691.721          20.580      5.984     43.544            0.180        11232.297      1.005      0.000      0.000    0.00000    0.62248          -79.02927       84.15373         8.372e-02 
  1692.721          20.404      5.984     43.544            0.177        11232.330      1.005      0.000      0.000    0.00000    0.61180          -79.50193       84.28335         8.637e-02 
  1693.721          20.232      5.984     43.544            0.173        11232.361      1.005      0.000      0.000    0.00000    0.60139          -79.96698       84.41696         8.906e-02 
  1694.721          20.063      5.984     43.545            0.170        11232.390      1.005      0.000      0.000    0.00000    0.59125          -80.42450       84.55450         9.180e-02 
  1695.721          19.896      5.984     43.545            0.167        11232.417      1.005      0.000      0.000    0.00000    0.58138          -80.87456       84.69586         9.458e-02 
  1696.721          19.732      5.984     43.545            0.164        11232.443      1.005      0.000      0.000    0.00000    0.57179          -81.31720       84.84099         9.741e-02 
  1697.721          19.571      5.984     43.545            0.161        11232.467      1.005      0.000      0.000    0.00000    0.56245          -81.75246       84.98983         1.003e-01 
  1698.721          19.413      5.984     43.546            0.159        11232.489      1.005      0.000      0.000    0.00000    0.55338          -82.18037       85.14239         1.032e-01 
  1699.721          19.257      5.984     43.546            0.156        11232.510      1.005      0.000      0.000    0.00000    0.54456          -82.60094       85.29874         1.062e-01 
  1700.721          19.104      5.984     43.546            0.153        11232.529      1.005      0.000      0.000    0.00000    0.53598          -83.01415       85.45903         1.092e-01 
  1701.721          18.953      5.984     43.546            0.151        11232.547      1.005      0.000      0.000    0.00000    0.52765          -83.42000       85.62350         1.122e-01 
  1702.721          18.805      5.984     43.546            0.148        11232.564      1.005      0.000      0.000    0.00000    0.51956          -83.81844       85.79251         1.153e-01 
  1703.721          18.659      5.984     43.546            0.146        11232.579      1.005      0.000      0.000    0.00000    0.51170          -84.20946       85.96658         1.184e-01 
  1704.721          18.515      5.984     43.547            0.143        11232.593      1.005      0.000      0.000    0.00000    0.50406          -84.59300       86.14642         1.215e-01 
  1705.721          18.373      5.984     43.547            0.141        11232.606      1.005      0.000      0.000    0.00000    0.49664          -84.96902       86.33298         1.247e-01 
  1706.721          18.233      5.984     43.547            0.139        11232.618      1.005      0.000      0.000    0.00000    0.48943          -85.33746       86.52755         1.279e-01 
  1707.721          18.096      5.984     43.547            0.137        11232.628      1.005      0.000      0.000    0.00000    0.48243          -85.69829       86.73187         1.311e-01 
  1708.721          17.960      5.984     43.547            0.135        11232.638      1.005      0.000      0.000    0.00000    0.47564          -86.05143       86.94830         1.344e-01 
  1709.721          17.826      5.984     43.547            0.133        11232.647      1.005      0.000      0.000    0.00000    0.46903          -86.39683       87.18001         1.377e-01 
  1710.721          17.694      5.984     43.547            0.131        11232.655      1.005      0.000      0.000    0.00000    0.46262          -86.73443       87.43144         1.410e-01 
  1711.721          17.564      5.984     43.547            0.129        11232.662      1.005      0.000      0.000    0.00000    0.45639          -87.06418       87.70883         1.443e-01 
  1712.721          17.436      5.984     43.547            0.128        11232.668      1.005      0.000      0.000    0.00000    0.45033          -87.38602       88.02119         1.477e-01 
  1713.721          17.309      5.984     43.547            0.126        11232.674      1.005      0.000      0.000    0.00000    0.44445          -87.69989       88.38199         1.511e-01 
  1714.721          17.184      5.984     43.547            0.124        11232.678      1.005      0.000      0.000    0.00000    0.43873          -88.00571       88.81215         1.545e-01 
  1715.721          17.061      5.984     43.547            0.123        11232.682      1.005      0.000      0.000    0.00000    0.43317          -88.30343       89.34595         1.579e-01 
  1716.721          16.939      5.984     43.547            0.121        11232.686      1.005      0.000      0.000    0.00000    0.42776          -88.59294       90.04347         1.613e-01 
  1717.721          16.819      5.984     43.547            0.120        11232.688      1.005      0.000      0.000    0.00000    0.42250          -88.87413       91.02022         1.648e-01 
  1718.721          16.700      5.984     43.547            0.118        11232.690      1.005      0.000      0.000    0.00000    0.41738          -89.14675       92.52960         1.683e-01 
  1719.721          16.582      5.984     43.547            0.117        11232.692      1.005      0.000      0.000    0.00000    0.41240          -89.41025       95.25282         1.717e-01 
  1720.721          16.466      5.984     43.547            0.115        11232.693      1.005      0.000      0.000    0.00000    0.40756          -89.66254      101.82172         1.752e-01 
  1721.721          16.351      5.984     43.547            0.114        11232.693      1.005      0.000      0.000    0.00000    0.40284          -89.88351      135.56461         1.787e-01 
  1722.721          16.238      5.984     43.547            0.113        11232.693      1.005      0.000      0.000    0.00000    0.39824          -89.81421      238.81574         1.823e-01 
  1723.721          16.126      5.984     43.547            0.112        11232.694      1.005      0.000      0.000    0.00000    0.39376          -89.59413      254.52420         1.858e-01 
  1724.721          16.015      5.984     43.547            0.110        11232.695      1.005      0.000      0.000    0.00000    0.38939          -89.37345      258.99987         1.893e-01 
  1725.721          15.905      5.984     43.547            0.109        11232.696      1.005      0.000      0.000    0.00000    0.38513          -89.15931      261.10107         1.928e-01 
  1726.721          15.796      5.984     43.547            0.108        11232.698      1.005      0.000      0.000    0.00000    0.38098          -88.95292      262.32383         1.964e-01 
  1727.721          15.688      5.984     43.547            0.107        11232.700      1.005      0.000      0.000    0.00000    0.37693          -88.75463      263.12473         1.999e-01 
  1728.721          15.582      5.984     43.547            0.106        11232.703      1.005      0.000      0.000    0.00000    0.37298          -88.56463      263.68920         2.034e-01 
  1729.721          15.476      5.984     43.547            0.105        11232.705      1.005      0.000      0.000    0.00000    0.36912          -88.38302      264.10655         2.069e-01 
  1730.721          15.372      5.984     43.547            0.104        11232.709      1.005      0.000      0.000    0.00000    0.36536          -88.20984      264.42505         2.105e-01 
  1731.721          15.268      5.984     43.547            0.103        11232.712      1.005      0.000      0.000    0.00000    0.36168          -88.04516      264.67294         2.140e-01 
  1732.721          15.165      5.984     43.547            0.102        11232.716      1.005      0.000      0.000    0.00000    0.35808          -87.88902      264.86783         2.175e-01 
  1733.721          15.064      5.984     43.547            0.101        11232.719      1.005      0.000      0.000    0.00000    0.35457          -87.74145      265.02120         2.210e-01 
  1734.721          14.963      5.984     43.547            0.100        11232.724      1.005      0.000      0.000    0.00000    0.35114          -87.60249      265.14079         2.245e-01 
  1735.721          14.863      5.984     43.547            0.100        11232.728      1.005      0.000      0.000    0.00000    0.34778          -87.47217      265.23200         2.279e-01 
  1736.721          14.764      5.984     43.547            0.099        11232.732      1.005      0.000      0.000    0.00000    0.34450          -87.35049      265.29872         2.314e-01 
  1737.721          14.666      5.984     43.547            0.098        11232.737      1.005      0.000      0.000    0.00000    0.34129          -87.23743      265.34387         2.348e-01 
  1738.721          14.569      5.984     43.547            0.097        11232.742      1.005      0.000      0.000    0.00000    0.33816          -87.13293      265.36968         2.383e-01 
  1739.721          14.472      5.984     43.547            0.096        11232.747      1.005      0.000      0.000    0.00000    0.33509          -87.03692      265.37784         2.417e-01 
  1740.721          14.376      5.984     43.547            0.096        11232.752      1.005      0.000      0.000    0.00000    0.33209          -86.94931      265.36967         2.451e-01 
  1741.721          14.281      5.984     43.547            0.095        11232.757      1.005      0.000      0.000    0.00000    0.32915          -86.86997      265.34619         2.485e-01 
  1742.721          14.187      5.984     43.547            0.094        11232.762      1.005      0.000      0.000    0.00000    0.32628          -86.79878      265.30817         2.519e-01 
  1743.721          14.093      5.984     43.547            0.093        11232.767      1.005      0.000      0.000    0.00000    0.32347          -86.73558      265.25622         2.552e-01 
  1744.721          14.000      5.984     43.547            0.093        11232.773      1.005      0.000      0.000    0.00000    0.32071          -86.68023      265.19075         2.586e-01 
  1745.721          13.908      5.984     43.547            0.092        11232.778      1.005      0.000      0.000    0.00000    0.31802          -86.63255      265.11208         2.619e-01 
  1746.721          13.816      5.984     43.547            0.091        11232.783      1.005      0.000      0.000    0.00000    0.31538          -86.59236      265.02039         2.652e-01 
  1747.721          13.725      5.984     43.547            0.091        11232.789      1.005      0.000      0.000    0.00000    0.31279          -86.55949      264.91576         2.685e-01 
  1748.721          13.635      5.984     43.547            0.090        11232.794      1.005      0.000      0.000    0.00000    0.31025          -86.53374      264.79819         2.718e-01 
  1749.721          13.545      5.984     43.546            0.090        11232.800      1.005      0.000      0.000    0.00000    0.30777          -86.51491      264.66758         2.751e-01 
  1750.721          13.456      5.984     43.546            0.089        11232.805      1.005      0.000      0.000    0.00000    0.30533          -86.50281      264.52374         2.784e-01 
  1751.721          13.367      5.984     43.546            0.088        11232.811      1.005      0.000      0.000    0.00000    0.30294          -86.49723      264.36641         2.816e-01 
  1752.721          13.279      5.984     43.546            0.088        11232.816      1.005      0.000      0.000    0.00000    0.30060          -86.49798      264.19525         2.849e-01 
  1753.721          13.192      5.984     43.546            0.087        11232.821      1.005      0.000      0.000    0.00000    0.29830          -86.50485      264.00982         2.881e-01 
  1754.721          13.105      5.984     43.546            0.087        11232.827      1.005      0.000      0.000    0.00000    0.29605          -86.51763      263.80961         2.913e-01 
  1755.721          13.019      5.984     43.546            0.086        11232.832      1.005      0.000      0.000    0.00000    0.29383          -86.53612      263.59400         2.945e-01 
  1756.721          12.933      5.984     43.546            0.086        11232.837      1.005      0.000      0.000    0.00000    0.29166          -86.56011      263.36227         2.977e-01 
  1757.721          12.847      5.984     43.546            0.085        11232.842      1.005      0.000      0.000    0.00000    0.28953          -86.58940      263.11361         3.008e-01 
  1758.721          12.763      5.984     43.546            0.085        11232.847      1.005      0.000      0.000    0.00000    0.28743          -86.62379      262.84708         3.040e-01 
  1759.721          12.678      5.984     43.546            0.084        11232.852      1.005      0.000      0.000    0.00000    0.28537          -86.66308      262.56159         3.072e-01 
  1760.721          12.594      5.984     43.546            0.084        11232.857      1.005      0.000      0.000    0.00000    0.28335          -86.70706      262.25594         3.103e-01 
  1761.721          12.511      5.984     43.546            0.083        11232.862      1.005      0.000      0.000    0.00000    0.28137          -86.75553      261.92873         3.134e-01 
  1762.721          12.428      5.984     43.546            0.083        11232.866      1.005      0.000      0.000    0.00000    0.27941          -86.80831      261.57840         3.165e-01 
  1763.721          12.346      5.984     43.546            0.082        11232.871      1.005      0.000      0.000    0.00000    0.27749          -86.86518      261.20316         3.196e-01 
  1764.721          12.264      5.984     43.546            0.082        11232.875      1.005      0.000      0.000    0.00000    0.27561          -86.92597      260.80098         3.227e-01 
  1765.721          12.182      5.984     43.546            0.081        11232.880      1.005      0.000      0.000    0.00000    0.27375          -86.99047      260.36957         3.258e-01 
  1766.721          12.101      5.984     43.546            0.081        11232.884      1.005      0.000      0.000    0.00000    0.27193          -87.05848      259.90628         3.289e-01 
  1767.721          12.020      5.984     43.546            0.081        11232.888      1.005      0.000      0.000    0.00000    0.27013          -87.12982      259.40812         3.319e-01 
  1768.721          11.940      5.984     43.546            0.080        11232.892      1.005      0.000      0.000    0.00000    0.26837          -87.20430      258.87164         3.350e-01 
  1769.721          11.860      5.984     43.546            0.080        11232.896      1.005      0.000      0.000    0.00000    0.26663          -87.28172      258.29290         3.380e-01 
  1770.721          11.781      5.984     43.546            0.079        11232.899      1.005      0.000      0.000    0.00000    0.26492          -87.36188      257.66732         3.411e-01 
  1771.721          11.702      5.984     43.546            0.079        11232.903      1.005      0.000      0.000    0.00000    0.26324          -87.44459      256.98962         3.441e-01 
  1772.721          11.623      5.984     43.546            0.079        11232.906      1.005      0.000      0.000    0.00000    0.26158          -87.52965      256.25367         3.471e-01 
  1773.721          11.545      5.984     43.545            0.078        11232.910      1.005      0.000      0.000    0.00000    0.25995          -87.61685      255.45229         3.501e-01 
  1774.721          11.467      5.984     43.545            0.078        11232.913      1.005      0.000      0.000    0.00000    0.25835          -87.70598      254.57709         3.531e-01 
  1775.721          11.389      5.984     43.545            0.077        11232.916      1.005      0.000      0.000    0.00000    0.25677          -87.79682      253.61815         3.561e-01 
  1776.721          11.312      5.984     43.545            0.077        11232.919      1.005      0.000      0.000    0.00000    0.25521          -87.88914      252.56374         3.591e-01 
  1777.721          11.235      5.984     43.545            0.077        11232.922      1.005      0.000      0.000    0.00000    0.25368          -87.98269      251.39990         3.621e-01 
  1778.721          11.158      5.984     43.545            0.076        11232.924      1.005      0.000      0.000    0.00000    0.25217          -88.07719      250.10993         3.651e-01 
  1779.721          11.082      5.984     43.545            0.076        11232.927      1.005      0.000      0.000    0.00000    0.25068          -88.17237      248.67374         3.681e-01 
  1780.721          11.006      5.984     43.545            0.076        11232.929      1.005      0.000      0.000    0.00000    0.24921          -88.26789      247.06709         3.711e-01 
  1781.721          10.931      5.984     43.545            0.075        11232.931      1.005      0.000      0.000    0.00000    0.24777          -88.36337      245.26056         3.741e-01 
  1782.721          10.856      5.984     43.545            0.075        11232.933      1.005      0.000      0.000    0.00000    0.24634          -88.45840      243.21840         3.771e-01 
  1783.721          10.781      5.984     43.545            0.075        11232.935      1.005      0.000      0.000    0.00000    0.24494          -88.55247      240.89712         3.801e-01 
  1784.721          10.707      5.984     43.545            0.074        11232.937      1.005      0.000      0.000    0.00000    0.24355          -88.64497      238.24393         3.830e-01 
  1785.721          10.632      5.984     43.545            0.074        11232.939      1.005      0.000      0.000    0.00000    0.24219          -88.73518      235.19529         3.860e-01 
  1786.721          10.559      5.984     43.545            0.074        11232.940      1.005      0.000      0.000    0.00000    0.24084          -88.82218      231.67590         3.890e-01 
  1787.721          10.485      5.984     43.545            0.073        11232.942      1.005      0.000      0.000    0.00000    0.23952          -88.90488      227.59930         3.920e-01 
  1788.721          10.412      5.984     43.545            0.073        11232.943      1.005      0.000      0.000    0.00000    0.23821          -88.98188      222.87171         3.950e-01 
  1789.721          10.339      5.984     43.545            0.073        11232.944      1.005      0.000      0.000    0.00000    0.23691          -89.05151      217.40209         3.980e-01 
  1790.721          10.266      5.984     43.545            0.072        11232.946      1.005      0.000      0.000    0.00000    0.23564          -89.11178      211.12202         4.010e-01 
  1791.721          10.194      5.984     43.545            0.072        11232.947      1.005      0.000      0.000    0.00000    0.23438          -89.16044      204.01760         4.041e-01 
  1792.721          10.122      5.983     43.545            0.072        11232.948      1.005      0.000      0.000    0.00000    0.23314          -89.19524      196.16871         4.071e-01 
  1793.721          10.050      5.983     43.545            0.072        11232.949      1.005      0.000      0.000    0.00000    0.23192          -89.21423      187.77815         4.101e-01 
  1794.721           9.979      5.983     43.545            0.071        11232.950      1.005      0.000      0.000    0.00000    0.23071          -89.21624      179.16313         4.132e-01 
  1795.721           9.908      5.983     43.545            0.071        11232.951      1.005      0.000      0.000    0.00000    0.22951          -89.20114      170.69449         4.162e-01 
  1796.721           9.837      5.983     43.545            0.071        11232.952      1.005      0.000      0.000    0.00000    0.22834          -89.16995      162.70640         4.193e-01 
  1797.721           9.766      5.983     43.545            0.070        11232.953      1.005      0.000      0.000    0.00000    0.22717          -89.12449      155.42660         4.224e-01 
  1798.721           9.696      5.983     43.545            0.070        11232.954      1.005      0.000      0.000    0.00000    0.22602          -89.06699      148.95795         4.255e-01 
  1799.721           9.626      5.983     43.545            0.070        11232.955      1.005      0.000      0.000    0.00000    0.22489          -88.99967      143.30227         4.286e-01 
  1800.721           9.557      5.983     43.545            0.070        11232.956      1.005      0.000      0.000    0.00000    0.22376          -88.92454      138.39944         4.317e-01 
  1801.721           9.487      5.983     43.545            0.069        11232.958      1.005      0.000      0.000    0.00000    0.22266          -88.84329      134.16134         4.348e-01 
  1802.721           9.418      5.983     43.545            0.069        11232.959      1.005      0.000      0.000    0.00000    0.22156          -88.75727      130.49407         4.379e-01 
  1803.721           9.349      5.983     43.545            0.069        11232.961      1.005      0.000      0.000    0.00000    0.22048          -88.66758      127.30958         4.411e-01 
  1804.721           9.280      5.983     43.545            0.069        11232.962      1.005      0.000      0.000    0.00000    0.21940          -88.57507      124.53057         4.442e-01 
  1805.721           9.212      5.983     43.545            0.068        11232.964      1.005      0.000      0.000    0.00000    0.21835          -88.48040      122.09147         4.474e-01 
  1806.721           9.144      5.983     43.545            0.068        11232.966      1.005      0.000      0.000    0.00000    0.21730          -88.38412      119.93769         4.506e-01 
  1807.721           9.076      5.983     43.545            0.068        11232.968      1.005      0.000      0.000    0.00000    0.21626          -88.28662      118.02423         4.538e-01 
  1808.721           9.009      5.983     43.545            0.067        11232.970      1.005      0.000      0.000    0.00000    0.21524          -88.18826      116.31408         4.570e-01 
  1809.721           8.941      5.983     43.545            0.067        11232.972      1.005      0.000      0.000    0.00000    0.21422          -88.08928      114.77684         4.602e-01 
  1810.721           8.874      5.983     43.545            0.067        11232.975      1.005      0.000      0.000    0.00000    0.21322          -87.98991      113.38745         4.634e-01 
  1811.721           8.807      5.983     43.545            0.067        11232.977      1.005      0.000      0.000    0.00000    0.21223          -87.89032      112.12516         4.667e-01 
  1812.721           8.741      5.983     43.545            0.066        11232.979      1.005      0.000      0.000    0.00000    0.21125          -87.79066      110.97278         4.699e-01 
  1813.721           8.675      5.983     43.545            0.066        11232.982      1.005      0.000      0.000    0.00000    0.21028          -87.69104      109.91591         4.732e-01 
  1814.721           8.609      5.983     43.545            0.066        11232.985      1.005      0.000      0.000    0.00000    0.20932          -87.59157      108.94250         4.765e-01 
  1815.721           8.543      5.983     43.545            0.066        11232.988      1.005      0.000      0.000    0.00000    0.20837          -87.49233      108.04235         4.798e-01 
  1816.721           8.477      5.983     43.545            0.065        11232.990      1.005      0.000      0.000    0.00000    0.20743          -87.39338      107.20684         4.831e-01 
  1817.721           8.412      5.983     43.546            0.065        11232.994      1.005      0.000      0.000    0.00000    0.20650          -87.29479      106.42861         4.864e-01 
  1818.721           8.347      5.983     43.546            0.065        11232.997      1.005      0.000      0.000    0.00000    0.20558          -87.19660      105.70135         4.897e-01 
  1819.721           8.282      5.983     43.546            0.065        11233.000      1.005      0.000      0.000    0.00000    0.20467          -87.09887      105.01965         4.931e-01 
  1820.721           8.218      5.983     43.546            0.065        11233.003      1.005      0.000      0.000    0.00000    0.20376          -87.00162      104.37880         4.964e-01 
  1821.721           8.153      5.983     43.546            0.064        11233.007      1.005      0.000      0.000    0.00000    0.20287          -86.90489      103.77474         4.998e-01 
  1822.721           8.089      5.983     43.546            0.064        11233.010      1.005      0.000      0.000    0.00000    0.20198          -86.80870      103.20392         5.032e-01 
  1823.721           8.025      5.983     43.546            0.064        11233.014      1.005      0.000      0.000    0.00000    0.20111          -86.71309      102.66323         5.065e-01 
  1824.721           7.962      5.983     43.546            0.064        11233.017      1.005      0.000      0.000    0.00000    0.20024          -86.61806      102.14994         5.099e-01 
  1825.721           7.898      5.983     43.546            0.063        11233.021      1.005      0.000      0.000    0.00000    0.19938          -86.52365      101.66164         5.134e-01 
  1826.721           7.835      5.983     43.546            0.063        11233.025      1.005      0.000      0.000    0.00000    0.19853          -86.42986      101.19619         5.168e-01 
  1827.721           7.772      5.983     43.546            0.063        11233.029      1.005      0.000      0.000    0.00000    0.19769          -86.33672      100.75172         5.202e-01 
  1828.721           7.709      5.983     43.546            0.063        11233.033      1.005      0.000      0.000    0.00000    0.19686          -86.24422      100.32652         5.237e-01 
  1829.721           7.647      5.983     43.546            0.063        11233.037      1.005      0.000      0.000    0.00000    0.19603          -86.15239       99.91909         5.271e-01 
  1830.721           7.584      5.983     43.546            0.062        11233.042      1.005      0.000      0.000    0.00000    0.19521          -86.06123       99.52809         5.306e-01 
  1831.721           7.522      5.983     43.546            0.062        11233.046      1.005      0.000      0.000    0.00000    0.19440          -85.97076       99.15230         5.341e-01 
  1832.721           7.461      5.983     43.546            0.062        11233.050      1.005      0.000      0.000    0.00000    0.19360          -85.88098       98.79063         5.376e-01 
  1833.721           7.399      5.983     43.546            0.062        11233.055      1.005      0.000      0.000    0.00000    0.19280          -85.79189       98.44210         5.411e-01 
  1834.721           7.338      5.983     43.546            0.061        11233.059      1.005      0.000      0.000    0.00000    0.19201          -85.70351       98.10581         5.446e-01 
  1835.721           7.276      5.983     43.546            0.061        11233.064      1.005      0.000      0.000    0.00000    0.19123          -85.61584       97.78094         5.482e-01 
  1836.721           7.215      5.983     43.546            0.061        11233.069      1.005      0.000      0.000    0.00000    0.19046          -85.52888       97.46678         5.517e-01 
  1837.721           7.155      5.983     43.546            0.061        11233.073      1.005      0.000      0.000    0.00000    0.18969          -85.44265       97.16263         5.553e-01 
  1838.721           7.094      5.983     43.546            0.061        11233.078      1.005      0.000      0.000    0.00000    0.18893          -85.35714       96.86790         5.589e-01 
  1839.721           7.034      5.983     43.546            0.060        11233.083      1.005      0.000      0.000    0.00000    0.18818          -85.27236       96.58202         5.625e-01 
  1840.721           6.974      5.983     43.546            0.060        11233.088      1.005      0.000      0.000    0.00000    0.18743          -85.18831       96.30447         5.661e-01 
  1841.721           6.914      5.983     43.546            0.060        11233.093      1.005      0.000      0.000    0.00000    0.18669          -85.10499       96.03479         5.697e-01 
  1842.721           6.854      5.983     43.546            0.060        11233.099      1.005      0.000      0.000    0.00000    0.18595          -85.02242       95.77254         5.733e-01 
  1843.721           6.794      5.983     43.546            0.060        11233.104      1.005      0.000      0.000    0.00000    0.18523          -84.94059       95.51732         5.769e-01 
  1844.721           6.735      5.983     43.547            0.059        11233.109      1.005      0.000      0.000    0.00000    0.18451          -84.85950       95.26876         5.806e-01 
  1845.721           6.676      5.983     43.547            0.059        11233.114      1.005      0.000      0.000    0.00000    0.18379          -84.77916       95.02653         5.842e-01 
  1846.721           6.617      5.983     43.547            0.059        11233.120      1.005      0.000      0.000    0.00000    0.18308          -84.69957       94.79030         5.879e-01 
  1847.721           6.558      5.983     43.547            0.059        11233.125      1.005      0.000      0.000    0.00000    0.18238          -84.62073       94.55978         5.916e-01 
  1848.721           6.500      5.983     43.547            0.059        11233.131      1.005      0.000      0.000    0.00000    0.18168          -84.54264       94.33470         5.953e-01 
  1849.721           6.441      5.983     43.547            0.059        11233.136      1.005      0.000      0.000    0.00000    0.18099          -84.46531       94.11482         5.990e-01 
  1850.721           6.383      5.983     43.547            0.058        11233.142      1.005      0.000      0.000    0.00000    0.18031          -84.38873       93.89988         6.027e-01 
  1851.721           6.325      5.983     43.547            0.058        11233.148      1.005      0.000      0.000    0.00000    0.17963          -84.31292       93.68968         6.064e-01 
  1852.721           6.267      5.983     43.547            0.058        11233.154      1.005      0.000      0.000    0.00000    0.17896          -84.23786       93.48402         6.102e-01 
  1853.721           6.210      5.983     43.547            0.058        11233.159      1.005      0.000      0.000    0.00000    0.17829          -84.16357       93.28269         6.139e-01 
  1854.721           6.153      5.983     43.547            0.058        11233.165      1.005      0.000      0.000    0.00000    0.17763          -84.09004       93.08552         6.177e-01 
  1855.721           6.095      5.983     43.547            0.057        11233.171      1.005      0.000      0.000    0.00000    0.17697          -84.01727       92.89235         6.215e-01 
  1856.721           6.038      5.983     43.547            0.057        11233.177      1.005      0.000      0.000    0.00000    0.17632          -83.94527       92.70302         6.253e-01 
  1857.721           5.981      5.983     43.547            0.057        11233.183      1.005      0.000      0.000    0.00000    0.17567          -83.87404       92.51738         6.291e-01 
  1858.721           5.925      5.983     43.547            0.057        11233.190      1.005      0.000      0.000    0.00000    0.17503          -83.80358       92.33529         6.329e-01 
  1859.721           5.868      5.983     43.547            0.057        11233.196      1.005      0.000      0.000    0.00000    0.17440          -83.73388       92.15663         6.367e-01 
  1860.721           5.812      5.983     43.547            0.057        11233.202      1.005      0.000      0.000    0.00000    0.17376          -83.66496       91.98127         6.405e-01 
  1861.721           5.756      5.983     43.547            0.056        11233.208      1.005      0.000      0.000    0.00000    0.17314          -83.59681       91.80910         6.444e-01 
  1862.721           5.700      5.983     43.547            0.056        11233.214      1.005      0.000      0.000    0.00000    0.17252          -83.52943       91.64001         6.482e-01 
  1863.721           5.644      5.983     43.548            0.056        11233.221      1.005      0.000      0.000    0.00000    0.17190          -83.46283       91.47390         6.521e-01 
  1864.721           5.589      5.983     43.548            0.056        11233.227      1.005      0.000      0.000    0.00000    0.17129          -83.39701       91.31067         6.560e-01 
  1865.721           5.533      5.983     43.548            0.056        11233.234      1.005      0.000      0.000    0.00000    0.17068          -83.33196       91.15023         6.599e-01 
  1866.721           5.478      5.983     43.548            0.056        11233.240      1.005      0.000      0.000    0.00000    0.17008          -83.26768       90.99250         6.638e-01 
  1867.721           5.423      5.983     43.548            0.055        11233.247      1.005      0.000      0.000    0.00000    0.16949          -83.20419       90.83740         6.677e-01 
  1868.721           5.368      5.983     43.548            0.055        11233.253      1.005      0.000      0.000    0.00000    0.16889          -83.14147       90.68484         6.716e-01 
  1869.721           5.314      5.983     43.548            0.055        11233.260      1.005      0.000      0.000    0.00000    0.16831          -83.07954       90.53477         6.755e-01 
  1870.721           5.259      5.983     43.548            0.055        11233.266      1.005      0.000      0.000    0.00000    0.16772          -83.01838       90.38709         6.794e-01 
  1871.721           5.205      5.983     43.548            0.055        11233.273      1.005      0.000      0.000    0.00000    0.16714          -82.95801       90.24177         6.834e-01 
  1872.721           5.151      5.983     43.548            0.055        11233.280      1.005      0.000      0.000    0.00000    0.16657          -82.89842       90.09872         6.874e-01 
  1873.721           5.096      5.983     43.548            0.054        11233.287      1.005      0.000      0.000    0.00000    0.16600          -82.83962       89.95789         6.913e-01 
  1874.721           5.043      5.983     43.548            0.054        11233.293      1.005      0.000      0.000    0.00000    0.16543          -82.78160       89.81923         6.953e-01 
  1875.721           4.989      5.983     43.548            0.054        11233.300      1.005      0.000      0.000    0.00000    0.16487          -82.72437       89.68269         6.993e-01 
  1876.721           4.935      5.983     43.548            0.054        11233.307      1.005      0.000      0.000    0.00000    0.16431          -82.66792       89.54821         7.033e-01 
  1877.721           4.882      5.983     43.548            0.054        11233.314      1.005      0.000      0.000    0.00000    0.16376          -82.61226       89.41577         7.073e-01 
  1878.721           4.829      5.983     43.548            0.054        11233.321      1.005      0.000      0.000    0.00000    0.16321          -82.55741       89.28536         7.113e-01 
  1879.721           4.776      5.983     43.549            0.053        11233.328      1.005      0.000      0.000    0.00000    0.16266          -82.50337       89.15702         7.153e-01 
  1880.721           4.723      5.983     43.549            0.053        11233.335      1.005      0.000      0.000    0.00000    0.16212          -82.45015       89.03077         7.194e-01 
  1881.721           4.670      5.983     43.549            0.053        11233.342      1.005      0.000      0.000    0.00000    0.16158          -82.39778       88.90667         7.234e-01 
  1882.721           4.618      5.983     43.549            0.053        11233.349      1.005      0.000      0.000    0.00000    0.16105          -82.34628       88.78478         7.275e-01 
  1883.721           4.565      5.983     43.549            0.053        11233.356      1.005      0.000      0.000    0.00000    0.16052          -82.29567       88.66517         7.315e-01 
  1884.721           4.513      5.983     43.549            0.053        11233.363      1.005      0.000      0.000    0.00000    0.15999          -82.24598       88.54790         7.356e-01 
  1885.721           4.461      5.983     43.549            0.053        11233.370      1.005      0.000      0.000    0.00000    0.15947          -82.19722       88.43307         7.397e-01 
  1886.721           4.409      5.983     43.549            0.052        11233.377      1.005      0.000      0.000    0.00000    0.15895          -82.14942       88.32075         7.438e-01 
  1887.721           4.357      5.983     43.549            0.052        11233.384      1.005      0.000      0.000    0.00000    0.15844          -82.10262       88.21103         7.479e-01 
  1888.721           4.305      5.983     43.549            0.052        11233.392      1.005      0.000      0.000    0.00000    0.15793          -82.05684       88.10400         7.520e-01 
  1889.721           4.254      5.983     43.549            0.052        11233.399      1.005      0.000      0.000    0.00000    0.15742          -82.01210       87.99974         7.561e-01 
  1890.721           4.202      5.983     43.549            0.052        11233.406      1.005      0.000      0.000    0.00000    0.15691          -81.96845       87.89834         7.602e-01 
  1891.721           4.151      5.983     43.549            0.052        11233.413      1.005      0.000      0.000    0.00000    0.15641          -81.92590       87.79988         7.644e-01 
  1892.721           4.100      5.983     43.549            0.052        11233.421      1.005      0.000      0.000    0.00000    0.15592          -81.88448       87.70446         7.685e-01 
  1893.721           4.049      5.983     43.549            0.051        11233.428      1.005      0.000      0.000    0.00000    0.15542          -81.84423       87.61216         7.727e-01 
  1894.721           3.998      5.983     43.549            0.051        11233.435      1.005      0.000      0.000    0.00000    0.15493          -81.80518       87.52308         7.768e-01 
  1895.721           3.948      5.983     43.550            0.051        11233.442      1.005      0.000      0.000    0.00000    0.15444          -81.76736       87.43729         7.810e-01 
  1896.721           3.897      5.983     43.550            0.051        11233.450      1.005      0.000      0.000    0.00000    0.15396          -81.73079       87.35488         7.851e-01 
  1897.721           3.847      5.983     43.550            0.051        11233.457      1.005      0.000      0.000    0.00000    0.15348          -81.69550       87.27595         7.893e-01 
  1898.721           3.797      5.983     43.550            0.051        11233.464      1.005      0.000      0.000    0.00000    0.15300          -81.66153       87.20057         7.935e-01 
  1899.721           3.746      5.983     43.550            0.051        11233.472      1.005      0.000      0.000    0.00000    0.15253          -81.62891       87.12884         7.977e-01 
  1900.721           3.696      5.983     43.550            0.050        11233.479      1.005      0.000      0.000    0.00000    0.15205          -81.59767       87.06085         8.019e-01 
  1901.721           3.647      5.983     43.550            0.050        11233.486      1.005      0.000      0.000    0.00000    0.15159          -81.56783       86.99667         8.061e-01 
  1902.721           3.597      5.983     43.550            0.050        11233.494      1.005      0.000      0.000    0.00000    0.15112          -81.53943       86.93641         8.103e-01 
  1903.721           3.547      5.983     43.550            0.050        11233.501      1.005      0.000      0.000    0.00000    0.15066          -81.51249       86.88015         8.145e-01 
  1904.721           3.498      5.983     43.550            0.050        11233.509      1.005      0.000      0.000    0.00000    0.15020          -81.48705       86.82798         8.187e-01 
  1905.721           3.449      5.983     43.550            0.050        11233.516      1.005      0.000      0.000    0.00000    0.14974          -81.46313       86.78001         8.230e-01 
  1906.721           3.400      5.983     43.550            0.050        11233.523      1.005      0.000      0.000    0.00000    0.14929          -81.44077       86.73631         8.272e-01 
  1907.721           3.351      5.983     43.550            0.050        11233.531      1.005      0.000      0.000    0.00000    0.14884          -81.41999       86.69699         8.315e-01 
  1908.721           3.302      5.983     43.550            0.049        11233.538      1.005      0.000      0.000    0.00000    0.14839          -81.40082       86.66215         8.357e-01 
  1909.721           3.253      5.983     43.550            0.049        11233.545      1.005      0.000      0.000    0.00000    0.14795          -81.38329       86.63190         8.400e-01 
  1910.721           3.204      5.983     43.551            0.049        11233.553      1.005      0.000      0.000    0.00000    0.14751          -81.36743       86.60633         8.442e-01 
  1911.721           3.156      5.983     43.551            0.049        11233.560      1.005      0.000      0.000    0.00000    0.14707          -81.35326       86.58556         8.485e-01 
  1912.721           3.107      5.983     43.551            0.049        11233.568      1.005      0.000      0.000    0.00000    0.14663          -81.34081       86.56970         8.528e-01 
  1913.721           3.059      5.983     43.551            0.049        11233.575      1.005      0.000      0.000    0.00000    0.14620          -81.33012       86.55886         8.570e-01 
  1914.721           3.011      5.983     43.551            0.049        11233.582      1.005      0.000      0.000    0.00000    0.14577          -81.32120       86.55317         8.613e-01 
  1915.721           2.963      5.983     43.551            0.049        11233.590      1.005      0.000      0.000    0.00000    0.14534          -81.31409       86.55275         8.656e-01 
  1916.721           2.915      5.983     43.551            0.048        11233.597      1.005      0.000      0.000    0.00000    0.14492          -81.30880       86.55774         8.699e-01 
  1917.721           2.867      5.983     43.551            0.048        11233.604      1.005      0.000      0.000    0.00000    0.14449          -81.30537       86.56826         8.742e-01 
  1918.721           2.820      5.983     43.551            0.048        11233.612      1.005      0.000      0.000    0.00000    0.14407          -81.30383       86.58447         8.785e-01 
  1919.721           2.772      5.983     43.551            0.048        11233.619      1.005      0.000      0.000    0.00000    0.14366          -81.30419       86.60651         8.828e-01 
  1920.721           2.725      5.983     43.551            0.048        11233.626      1.005      0.000      0.000    0.00000    0.14324          -81.30648       86.63454         8.871e-01 
  1921.721           2.677      5.983     43.551            0.048        11233.633      1.005      0.000      0.000    0.00000    0.14283          -81.31073       86.66872         8.914e-01 
  1922.721           2.630      5.983     43.551            0.048        11233.640      1.005      0.000      0.000    0.00000    0.14242          -81.31695       86.70923         8.957e-01 
  1923.721           2.583      5.983     43.551            0.048        11233.648      1.005      0.000      0.000    0.00000    0.14201          -81.32518       86.75624         9.000e-01 
  1924.721           2.536      5.983     43.551            0.047        11233.655      1.005      0.000      0.000    0.00000    0.14161          -81.33543       86.80994         9.044e-01 
  1925.721           2.489      5.983     43.552            0.047        11233.662      1.005      0.000      0.000    0.00000    0.14121          -81.34773       86.87054         9.087e-01 
  1926.721           2.442      5.983     43.552            0.047        11233.669      1.005      0.000      0.000    0.00000    0.14081          -81.36210       86.93825         9.130e-01 
  1927.721           2.396      5.983     43.552            0.047        11233.676      1.005      0.000      0.000    0.00000    0.14041          -81.37856       87.01328         9.173e-01 
  1928.721           2.349      5.983     43.552            0.047        11233.683      1.005      0.000      0.000    0.00000    0.14001          -81.39713       87.09587         9.217e-01 
  1929.721           2.303      5.983     43.552            0.047        11233.690      1.005      0.000      0.000    0.00000    0.13962          -81.41784       87.18627         9.260e-01 
  1930.721           2.257      5.983     43.552            0.047        11233.697      1.005      0.000      0.000    0.00000    0.13923          -81.44069       87.28475         9.304e-01 
  1931.721           2.210      5.983     43.552            0.047        11233.704      1.005      0.000      0.000    0.00000    0.13884          -81.46570       87.39156         9.347e-01 
  1932.721           2.164      5.983     43.552            0.047        11233.711      1.005      0.000      0.000    0.00000    0.13846          -81.49291       87.50702         9.390e-01 
  1933.721           2.118      5.983     43.552            0.046        11233.718      1.005      0.000      0.000    0.00000    0.13807          -81.52231       87.63143         9.434e-01 
  1934.721           2.072      5.983     43.552            0.046        11233.725      1.005      0.000      0.000    0.00000    0.13769          -81.55393       87.76511         9.477e-01 
  1935.721           2.027      5.983     43.552            0.046        11233.731      1.005      0.000      0.000    0.00000    0.13731          -81.58778       87.90842         9.521e-01 
  1936.721           1.981      5.983     43.552            0.046        11233.738      1.005      0.000      0.000    0.00000    0.13694          -81.62388       88.06172         9.564e-01 
  1937.721           1.935      5.983     43.552            0.046        11233.745      1.005      0.000      0.000    0.00000    0.13656          -81.66224       88.22541         9.608e-01 
  1938.721           1.890      5.983     43.552            0.046        11233.752      1.005      0.000      0.000    0.00000    0.13619          -81.70286       88.39991         9.651e-01 
  1939.721           1.845      5.983     43.552            0.046        11233.758      1.005      0.000      0.000    0.00000    0.13582          -81.74576       88.58565         9.695e-01 
  1940.721           1.799      5.983     43.552            0.046        11233.765      1.005      0.000      0.000    0.00000    0.13545          -81.79095       88.78312         9.739e-01 
  1941.721           1.754      5.983     43.553            0.046        11233.771      1.005      0.000      0.000    0.00000    0.13509          -81.83843       88.99280         9.782e-01 
  1942.721           1.709      5.983     43.553            0.045        11233.778      1.005      0.000      0.000    0.00000    0.13472          -81.88821       89.21524         9.826e-01 
  1943.721           1.664      5.983     43.553            0.045        11233.784      1.005      0.000      0.000    0.00000    0.13436          -81.94029       89.45101         9.869e-01 
  1944.721           1.619      5.983     43.553            0.045        11233.790      1.005      0.000      0.000    0.00000    0.13400          -81.99467       89.70071         9.913e-01 
  1945.721           1.574      5.983     43.553            0.045        11233.797      1.005      0.000      0.000    0.00000    0.13364          -82.05136       89.96500         9.957e-01 
  1946.721           1.530      5.983     43.553            0.045        11233.803      1.005      0.000      0.000    0.00000    0.13329          -82.11034       90.24457         1.000e+00 
  1947.721           1.485      5.983     43.553            0.045        11233.809      1.005      0.000      0.000    0.00000    0.13293          -82.17162       90.54015         1.004e+00 
  1948.721           1.440      5.983     43.553            0.045        11233.815      1.005      0.000      0.000    0.00000    0.13258          -82.23518       90.85256         1.009e+00 
  1949.721           1.396      5.983     43.553            0.045        11233.821      1.005      0.000      0.000    0.00000    0.13223          -82.30102       91.18262         1.013e+00 
  1950.721           1.352      5.983     43.553            0.045        11233.827      1.005      0.000      0.000    0.00000    0.13188          -82.36911       91.53126         1.017e+00 
  1951.721           1.307      5.983     43.553            0.045        11233.833      1.005      0.000      0.000    0.00000    0.13154          -82.43945       91.89944         1.022e+00 
  1952.721           1.263      5.983     43.553            0.045        11233.839      1.005      0.000      0.000    0.00000    0.13119          -82.51201       92.28821         1.026e+00 
  1953.721           1.219      5.983     43.553            0.044        11233.845      1.005      0.000      0.000    0.00000    0.13085          -82.58676       92.69870         1.031e+00 
  1954.721           1.175      5.983     43.553            0.044        11233.850      1.005      0.000      0.000    0.00000    0.13051          -82.66367       93.13209         1.035e+00 
  1955.721           1.131      5.983     43.553            0.044        11233.856      1.005      0.000      0.000    0.00000    0.13017          -82.74271       93.58970         1.039e+00 
  1956.721           1.087      5.983     43.553            0.044        11233.861      1.005      0.000      0.000    0.00000    0.12983          -82.82384       94.07290         1.044e+00 
  1957.721           1.044      5.983     43.553            0.044        11233.867      1.005      0.000      0.000    0.00000    0.12950          -82.90701       94.58319         1.048e+00 
  1958.721           1.000      5.983     43.553            0.044        11233.872      1.005      0.000      0.000    0.00000    0.12917          -82.99216       95.12216         1.052e+00 
  1959.721           0.956      5.983     43.553            0.044        11233.878      1.005      0.000      0.000    0.00000    0.12883          -83.07924       95.69156         1.057e+00 
  1960.721           0.913      5.983     43.554            0.044        11233.883      1.005      0.000      0.000    0.00000    0.12850          -83.16817       96.29322         1.061e+00 
  1961.721           0.869      5.983     43.554            0.044        11233.888      1.005      0.000      0.000    0.00000    0.12818          -83.25888       96.92915         1.065e+00 
  1962.721           0.826      5.983     43.554            0.044        11233.893      1.005      0.000      0.000    0.00000    0.12785          -83.35128       97.60150         1.070e+00 
  1963.721           0.783      5.983     43.554            0.044        11233.898      1.005      0.000      0.000    0.00000    0.12753          -83.44527       98.31256         1.074e+00 
  1964.721           0.740      5.983     43.554            0.043        11233.903      1.005      0.000      0.000    0.00000    0.12720          -83.54074       99.06483         1.078e+00 
  1965.721           0.696      5.983     43.554            0.043        11233.908      1.005      0.000      0.000    0.00000    0.12688          -83.63756       99.86096         1.083e+00 
  1966.721           0.653      5.983     43.554            0.043        11233.913      1.005      0.000      0.000    0.00000    0.12656          -83.73560      100.70381         1.087e+00 
  1967.721           0.610      5.983     43.554            0.043        11233.917      1.005      0.000      0.000    0.00000    0.12625          -83.83470      101.59645         1.091e+00 
  1968.721           0.568      5.983     43.554            0.043        11233.922      1.005      0.000      0.000    0.00000    0.12593          -83.93468      102.54214         1.096e+00 
  1969.721           0.525      5.983     43.554            0.043        11233.927      1.005      0.000      0.000    0.00000    0.12561          -84.03536      103.54437         1.100e+00 
  1970.721           0.482      5.983     43.554            0.043        11233.931      1.005      0.000      0.000    0.00000    0.12530          -84.13651      104.60685         1.104e+00 
  1971.721           0.439      5.983     43.554            0.043        11233.935      1.005      0.000      0.000    0.00000    0.12499          -84.23791      105.73352         1.108e+00 
  1972.721           0.397      5.983     43.554            0.043        11233.940      1.005      0.000      0.000    0.00000    0.12468          -84.33927      106.92853         1.113e+00 
  1973.721           0.354      5.983     43.554            0.043        11233.944      1.005      0.000      0.000    0.00000    0.12437          -84.44031      108.19623         1.117e+00 
  1974.721           0.312      5.983     43.554            0.043        11233.948      1.005      0.000      0.000    0.00000    0.12407          -84.54070      109.54114         1.121e+00 
  1975.721           0.269      5.983     43.554            0.043        11233.952      1.005      0.000      0.000    0.00000    0.12376          -84.64008      110.96793         1.126e+00 
  1976.721           0.227      5.983     43.554            0.042        11233.956      1.005      0.000      0.000    0.00000    0.12346          -84.73805      112.48136         1.130e+00 
  1977.721           0.185      5.983     43.554            0.042        11233.960      1.005      0.000      0.000    0.00000    0.12316          -84.83417      114.08621         1.134e+00 
  1978.721           0.142      5.983     43.554            0.042        11233.963      1.005      0.000      0.000    0.00000    0.12286          -84.92795      115.78718         1.138e+00 
  1979.721           0.100      5.983     43.554            0.042        11233.967      1.005      0.000      0.000    0.00000    0.12256          -85.01887      117.58876         1.143e+00 
  1980.721           0.058      5.983     43.554            0.042        11233.971      1.005      0.000      0.000    0.00000    0.12226          -85.10635      119.49513         1.147e+00 
  1981.721           0.016      5.983     43.554            0.042        11233.974      1.005      0.000      0.000    0.00000    0.12196          -85.18978      121.50988         1.151e+00 
  1982.721           0.000      5.983     43.554            0.042        11233.978      1.005      0.000      0.000    0.00000    0.12174          -85.26538      123.53870         1.153e+00 
