#_______________________________________________________________________________
#    ######   ####     ##             #####   #####     ##    #    #    ## 
#    #       #        #  #            #    #  #    #   #  #   ##  ##   #  #
#    #####    ####   ######           #    #  #####   ######  # ## #  ######
#    #            #  #    #           #    #  #    #  #    #  #    #  #    #
#____######__#####___#____#___________#####___#____#__#____#__#____#__#____#____
#
#              ESA Debris Risk Assessment and Mitigation Analysis
#
#                      ---- DRAMA ( SESAM 2.1.5 ) ----
#                                      ESA 2018
#
#                              aerothermal history file
#-------------------------------------------------------------------------------
# Filename      : PySara.Tank1.9e7d164a-03c6-443b-a8dd-67661cfc0a2d_AeroThermalHistory.txt
# RunID         : PySara
# ObjectID      : 9e7d164a-03c6-443b-a8dd-67661cfc0a2d
# ObjectName    : Tank1
# ReferenceArea : 0.098423 [m^2]
# Content       : This file contains the aerothermal data of the object,
#                 computed by the DRAMA 3 Re-entry Analysis.
# Documentation : DRAMA Software User Manual, section OPERATIONS MANUAL / Normal operation / SARA / SARA Simulation Output / Re-entry simulation output
# Note          : The convective heat and the integrated heat values in this file take into account the visibility factor
#
#-------------------------------------------------------------------------------------------------------------------------------------------------------------------
#  Time [s]  Altitude [km]   Temp [K]   Mass [kg]   Thick [mm]  Convective Heat [W]  Radiative Heat [W]  Oxidation Heat [W]  Integrated Heat [J] VisibilityFactor [-]
#-------------------------------------------------------------------------------------------------------------------------------------------------------------------
  2353.100          90.144    300.000      28.000       7.598            47905.591               0.000               0.000                0.000   1.00000 
  2353.200          90.139    300.312      28.000       7.598            47934.525               0.000               0.000             4793.453   1.00000 
  2353.650          90.113    301.721      28.000       7.598            48074.888               0.000               0.000            26427.152   1.00000 
  2354.650          90.056    304.870      28.000       7.598            48410.822               0.000               0.000            74837.974   1.00000 
  2355.650          89.999    308.041      28.000       7.598            48803.947               0.000               0.000           123641.921   1.00000 
  2356.650          89.942    311.233      28.000       7.598            49199.255               0.000               0.000           172841.176   1.00000 
  2357.650          89.885    314.447      28.000       7.598            49596.755               0.000               0.000           222437.931   1.00000 
  2358.650          89.827    317.681      28.000       7.598            49996.456               0.000               0.000           272434.387   1.00000 
  2359.650          89.769    320.937      28.000       7.598            50398.370               0.000               0.000           322832.757   1.00000 
  2360.650          89.712    324.214      28.000       7.598            50802.505               0.000               0.000           373635.261   1.00000 
  2361.650          89.654    327.513      28.000       7.598            51208.873               0.000               0.000           424844.134   1.00000 
  2362.650          89.596    330.833      28.000       7.598            51617.484               0.000               0.000           476461.619   1.00000 
  2363.650          89.537    334.174      28.000       7.598            52028.350               0.000               0.000           528489.969   1.00000 
  2364.650          89.479    337.537      28.000       7.598            52441.482               0.000               0.000           580931.452   1.00000 
  2365.650          89.421    340.922      28.000       7.598            52856.892               0.000               0.000           633788.344   1.00000 
  2366.650          89.362    344.328      28.000       7.598            53274.591               0.000               0.000           687062.934   1.00000 
  2367.650          89.303    347.755      28.000       7.598            53694.591               0.000               0.000           740757.525   1.00000 
  2368.650          89.244    351.205      28.000       7.598            54116.904               0.000               0.000           794874.429   1.00000 
  2369.650          89.185    354.676      28.000       7.598            54541.544               0.000               0.000           849415.973   1.00000 
  2370.650          89.126    358.169      28.000       7.598            54968.523               0.000               0.000           904384.495   1.00000 
  2371.650          89.066    361.683      28.000       7.598            55397.854               0.000               0.000           959782.350   1.00000 
  2372.650          89.007    365.219      28.000       7.598            55829.551               0.000               0.000          1015611.901   1.00000 
  2373.650          88.947    368.778      28.000       7.598            56263.629               0.000               0.000          1071875.530   1.00000 
  2374.650          88.887    372.358      28.000       7.598            56700.099               0.000               0.000          1128575.629   1.00000 
  2375.650          88.827    375.960      28.000       7.598            57138.979               0.000               0.000          1185714.608   1.00000 
  2376.650          88.767    379.584      28.000       7.598            57580.282               0.000               0.000          1243294.890   1.00000 
  2377.650          88.706    383.230      28.000       7.598            58024.022               0.000               0.000          1301318.912   1.00000 
  2378.650          88.646    386.898      28.000       7.598            58470.217               0.000               0.000          1359789.130   1.00000 
  2379.650          88.585    390.588      28.000       7.598            58918.882               0.000               0.000          1418708.012   1.00000 
  2380.650          88.524    394.300      28.000       7.598            59370.033               0.000               0.000          1478078.045   1.00000 
  2381.650          88.463    398.035      28.000       7.598            59823.687               0.000               0.000          1537901.732   1.00000 
  2382.650          88.401    401.791      28.000       7.598            60279.861               0.000               0.000          1598181.593   1.00000 
  2383.650          88.340    405.570      28.000       7.598            60738.572               0.000               0.000          1658920.165   1.00000 
  2384.650          88.278    409.371      28.000       7.598            61199.838               0.000               0.000          1720120.003   1.00000 
  2385.650          88.216    413.194      28.000       7.598            61663.678               0.000               0.000          1781783.682   1.00000 
  2386.650          88.154    417.040      28.000       7.598            62130.111               0.000               0.000          1843913.792   1.00000 
  2387.650          88.092    420.908      28.000       7.598            62599.155               0.000               0.000          1906512.948   1.00000 
  2388.650          88.030    424.798      28.000       7.598            63070.831               0.000               0.000          1969583.779   1.00000 
  2389.650          87.967    428.711      28.000       7.598            63545.158               0.000               0.000          2033128.937   1.00000 
  2390.650          87.904    432.646      28.000       7.598            64022.158               0.000               0.000          2097151.095   1.00000 
  2391.650          87.841    436.603      28.000       7.598            64501.852               0.000               0.000          2161652.947   1.00000 
  2392.650          87.778    440.583      28.000       7.598            64984.261               0.000               0.000          2226637.208   1.00000 
  2393.650          87.714    444.585      28.000       7.598            65469.407               0.000               0.000          2292106.616   1.00000 
  2394.650          87.651    448.610      28.000       7.598            65957.314               0.000               0.000          2358063.930   1.00000 
  2395.650          87.587    452.658      28.000       7.598            66448.006               0.000               0.000          2424511.936   1.00000 
  2396.650          87.523    456.728      28.000       7.598            66941.505               0.000               0.000          2491453.440   1.00000 
  2397.650          87.459    460.821      28.000       7.598            67437.837               0.000               0.000          2558891.277   1.00000 
  2398.650          87.394    464.936      28.000       7.598            67937.026               0.000               0.000          2626828.303   1.00000 
  2399.650          87.329    469.074      28.000       7.598            68439.100               0.000               0.000          2695267.403   1.00000 
  2400.650          87.265    473.235      28.000       7.598            68944.084               0.000               0.000          2764211.487   1.00000 
  2401.650          87.199    477.418      28.000       7.598            69452.005               0.000               0.000          2833663.492   1.00000 
  2402.650          87.134    481.625      28.000       7.598            69962.892               0.000               0.000          2903626.384   1.00000 
  2403.650          87.068    485.854      28.000       7.598            70476.773               0.000               0.000          2974103.157   1.00000 
  2404.650          87.003    490.105      28.000       7.598            70993.678               0.000               0.000          3045096.834   1.00000 
  2405.650          86.937    494.380      28.000       7.598            71513.636               0.000               0.000          3116610.470   1.00000 
  2406.650          86.870    498.677      28.000       7.598            72036.679               0.000               0.000          3188647.150   1.00000 
  2407.650          86.804    502.998      28.000       7.598            72562.838               0.000               0.000          3261209.988   1.00000 
  2408.650          86.737    507.341      28.000       7.598            73092.147               0.000               0.000          3334302.134   1.00000 
  2409.650          86.670    511.707      28.000       7.598            73624.637               0.000               0.000          3407926.771   1.00000 
  2410.650          86.603    516.096      28.000       7.598            74160.344               0.000               0.000          3482087.115   1.00000 
  2411.650          86.535    520.508      28.000       7.598            74699.303               0.000               0.000          3556786.418   1.00000 
  2412.650          86.468    524.943      28.000       7.598            75241.550               0.000               0.000          3632027.968   1.00000 
  2413.650          86.400    529.401      28.000       7.598            75787.121               0.000               0.000          3707815.089   1.00000 
  2414.650          86.331    533.882      28.000       7.598            76336.056               0.000               0.000          3784151.145   1.00000 
  2415.650          86.263    538.386      28.000       7.598            76888.393               0.000               0.000          3861039.538   1.00000 
  2416.650          86.194    542.913      28.000       7.598            77444.172               0.000               0.000          3938483.711   1.00000 
  2417.650          86.125    547.463      28.000       7.598            78003.435               0.000               0.000          4016487.146   1.00000 
  2418.650          86.056    552.037      28.000       7.598            78566.224               0.000               0.000          4095053.369   1.00000 
  2419.650          85.986    556.633      28.000       7.598            79132.581               0.000               0.000          4174185.951   1.00000 
  2420.650          85.916    561.253      28.000       7.598            79702.553               0.000               0.000          4253888.503   1.00000 
  2421.650          85.846    565.896      28.000       7.598            80276.184               0.000               0.000          4334164.687   1.00000 
  2422.650          85.776    570.562      28.000       7.598            80853.521               0.000               0.000          4415018.208   1.00000 
  2423.650          85.705    575.252      28.000       7.598            81434.614               0.000               0.000          4496452.821   1.00000 
  2424.650          85.634    579.964      28.000       7.598            82019.512               0.000               0.000          4578472.333   1.00000 
  2425.650          85.563    584.700      28.000       7.598            82608.265               0.000               0.000          4661080.598   1.00000 
  2426.650          85.492    589.460      28.000       7.598            83200.926               0.000               0.000          4744281.523   1.00000 
  2427.650          85.420    594.242      28.000       7.598            83797.550               0.000               0.000          4828079.073   1.00000 
  2428.650          85.348    599.048      28.000       7.598            84398.191               0.000               0.000          4912477.263   1.00000 
  2429.650          85.275    603.878      28.000       7.598            85002.907               0.000               0.000          4997480.170   1.00000 
  2430.650          85.203    608.730      28.000       7.598            85611.755               0.000               0.000          5083091.925   1.00000 
  2431.650          85.130    613.607      28.000       7.598            86224.796               0.000               0.000          5169316.721   1.00000 
  2432.650          85.057    618.507      28.000       7.598            86842.093               0.000               0.000          5256158.813   1.00000 
  2433.650          84.983    623.430      28.000       7.598            87463.708               0.000               0.000          5343622.521   1.00000 
  2434.650          84.909    628.377      28.000       7.598            88089.704               0.000               0.000          5431712.226   1.00000 
  2435.650          84.835    633.347      28.000       7.598            88720.143               0.000               0.000          5520432.368   1.00000 
  2436.650          84.760    638.341      28.000       7.598            89355.083               0.000               0.000          5609787.451   1.00000 
  2437.650          84.685    643.359      28.000       7.598            89994.584               0.000               0.000          5699782.034   1.00000 
  2438.650          84.610    648.400      28.000       7.598            90638.709               0.000               0.000          5790420.744   1.00000 
  2439.650          84.535    653.465      28.000       7.598            91287.525               0.000               0.000          5881708.269   1.00000 
  2440.650          84.459    658.554      28.000       7.598            91941.094               0.000               0.000          5973649.363   1.00000 
  2441.650          84.383    663.668      28.000       7.598            92599.487               0.000               0.000          6066248.850   1.00000 
  2442.650          84.306    668.808      28.000       7.598            93262.790               0.000               0.000          6159511.640   1.00000 
  2443.650          84.229    673.974      28.000       7.598            93931.070               0.000               0.000          6253442.710   1.00000 
  2444.650          84.152    679.165      28.000       7.598            94604.404               0.000               0.000          6348047.114   1.00000 
  2445.650          84.075    684.383      28.000       7.598            95282.862               0.000               0.000          6443329.976   1.00000 
  2446.650          83.997    689.626      28.000       7.598            95966.521               0.000               0.000          6539296.497   1.00000 
  2447.650          83.918    694.895      28.000       7.598            96655.459               0.000               0.000          6635951.956   1.00000 
  2448.650          83.840    700.190      28.000       7.598            97349.755               0.000               0.000          6733301.711   1.00000 
  2449.650          83.761    705.512      28.000       7.598            98049.494               0.000               0.000          6831351.205   1.00000 
  2450.650          83.681    710.862      28.000       7.598            98754.767               0.000               0.000          6930105.972   1.00000 
  2451.650          83.602    716.239      28.000       7.598            99465.658               0.000               0.000          7029571.630   1.00000 
  2452.650          83.521    721.643      28.000       7.598           100182.257               0.000               0.000          7129753.886   1.00000 
  2453.650          83.441    727.074      28.000       7.598           100904.651               0.000               0.000          7230658.538   1.00000 
  2454.650          83.360    732.533      28.000       7.598           101632.936               0.000               0.000          7332291.473   1.00000 
  2455.650          83.279    738.019      28.000       7.598           102367.202               0.000               0.000          7434658.675   1.00000 
  2456.650          83.197    743.537      28.000       7.598           103107.550               0.000               0.000          7537766.225   1.00000 
  2457.650          83.115    749.087      28.000       7.598           103854.115               0.000               0.000          7641620.341   1.00000 
  2458.650          83.033    754.670      28.000       7.598           104607.002               0.000               0.000          7746227.343   1.00000 
  2459.650          82.950    760.285      28.000       7.598           105366.318               0.000               0.000          7851593.661   1.00000 
  2460.650          82.866    765.933      28.000       7.598           106132.167               0.000               0.000          7957725.828   1.00000 
  2461.650          82.783    771.614      28.000       7.598           106904.659               0.000               0.000          8064630.486   1.00000 
  2462.650          82.699    777.328      28.000       7.598           107683.908               0.000               0.000          8172314.395   1.00000 
  2463.650          82.614    783.075      28.000       7.598           108470.027               0.000               0.000          8280784.421   1.00000 
  2464.650          82.529    788.854      28.000       7.598           109263.105               0.000               0.000          8390047.526   1.00000 
  2465.650          82.444    794.667      28.000       7.598           110063.221               0.000               0.000          8500110.747   1.00000 
  2466.650          82.358    800.513      28.000       7.598           110870.459               0.000               0.000          8610981.206   1.00000 
  2467.650          82.272    806.392      28.000       7.598           111684.897               0.000               0.000          8722666.103   1.00000 
  2468.650          82.185    812.305      28.000       7.598           112506.618               0.000               0.000          8835172.721   1.00000 
  2469.650          82.098    818.251      28.000       7.598           113335.703               0.000               0.000          8948508.423   1.00000 
  2470.650          82.010    824.213      28.000       7.598           114172.237               0.000               0.000          9062680.661   1.00000 
  2471.650          81.922    830.190      28.000       7.598           115016.168               0.000               0.000          9177696.829   1.00000 
  2472.650          81.833    836.180      28.000       7.598           115867.566               0.000               0.000          9293564.395   1.00000 
  2473.650          81.744    842.184      28.000       7.598           116726.517               0.000               0.000          9410290.911   1.00000 
  2474.650          81.655    848.202      28.000       7.598           117593.111               0.000               0.000          9527884.023   1.00000 
  2475.650          81.565    854.234      28.000       7.598           118467.439               0.000               0.000          9646351.462   1.00000 
  2476.650          81.474    860.274      28.000       7.598           119349.589               0.000               0.000          9765701.051   1.00000 
  2477.650          81.383    866.295      28.000       7.598           120239.605               0.000               0.000          9885940.655   1.00000 
  2478.650          81.292    872.300      28.000       7.598           121137.391               0.000               0.000         10007078.046   1.00000 
  2479.650          81.200    878.289      28.000       7.598           122043.054               0.000               0.000         10129121.101   1.00000 
  2480.650          81.107    884.262      28.000       7.598           122956.692               0.000               0.000         10252077.792   1.00000 
  2481.650          81.014    890.220      28.000       7.598           123878.410               0.000               0.000         10375956.202   1.00000 
  2482.650          80.921    896.163      28.000       7.598           124808.306               0.000               0.000         10500764.508   1.00000 
  2483.650          80.827    902.093      28.000       7.598           125746.484               0.000               0.000         10626510.992   1.00000 
  2484.650          80.732    908.010      28.000       7.598           126693.046               0.000               0.000         10753204.037   1.00000 
  2485.650          80.637    913.914      28.000       7.598           127648.090               0.000               0.000         10880852.128   1.00000 
  2486.650          80.542    919.806      28.000       7.598           128611.720               0.000               0.000         11009463.848   1.00000 
  2487.650          80.445    925.686      28.000       7.598           129584.036               0.000               0.000         11139047.884   1.00000 
  2488.650          80.349    931.556      28.000       7.598           130565.137               0.000               0.000         11269613.021   1.00000 
  2489.650          80.251    937.415      28.000       7.598           131555.123               0.000               0.000         11401168.143   1.00000 
  2490.650          80.153    943.278      28.000       7.598           132554.094               0.000               0.000         11533722.237   1.00000 
  2491.650          80.055    949.151      28.000       7.598           133562.243               0.000               0.000         11667284.480   1.00000 
  2492.650          79.956    955.033      28.000       7.598           134579.698               0.000               0.000         11801864.178   1.00000 
  2493.650          79.856    960.924      28.000       7.598           135606.559               0.000               0.000         11937470.737   1.00000 
  2494.650          79.756    966.825      28.000       7.598           136642.952               0.000               0.000         12074113.689   1.00000 
  2495.650          79.655    972.736      28.000       7.598           137689.001               0.000               0.000         12211802.690   1.00000 
  2496.650          79.554    978.656      28.000       7.598           138744.837               0.000               0.000         12350547.528   1.00000 
  2497.650          79.451    984.595      28.000       7.598           139810.591               0.000               0.000         12490358.119   1.00000 
  2498.650          79.349    990.552      28.000       7.598           140886.445               0.000               0.000         12631244.564   1.00000 
  2499.650          79.245    996.528      28.000       7.598           141972.532               0.000               0.000         12773217.095   1.00000 
  2500.650          79.141   1002.522      28.000       7.598           143068.988               0.000               0.000         12916286.083   1.00000 
  2501.650          79.037   1008.528      28.000       7.598           144175.949               0.000               0.000         13060462.032   1.00000 
  2502.650          78.932   1014.533      28.000       7.598           145293.503               0.000               0.000         13205755.535   1.00000 
  2503.650          78.826   1020.536      28.000       7.598           146421.726               0.000               0.000         13352177.261   1.00000 
  2504.650          78.719   1026.533      28.000       7.598           147560.748               0.000               0.000         13499738.008   1.00000 
  2505.650          78.612   1032.523      28.000       7.598           148710.690               0.000               0.000         13648448.699   1.00000 
  2506.650          78.504   1038.506      28.000       7.598           149871.703               0.000               0.000         13798320.402   1.00000 
  2507.650          78.395   1044.481      28.000       7.598           151043.928               0.000               0.000         13949364.329   1.00000 
  2508.650          78.286   1050.448      28.000       7.598           152227.515               0.000               0.000         14101591.844   1.00000 
  2509.650          78.176   1056.405      28.000       7.598           153422.612               0.000               0.000         14255014.456   1.00000 
  2510.650          78.065   1062.340      28.000       7.598           154629.373               0.000               0.000         14409643.829   1.00000 
  2511.650          77.954   1068.243      28.000       7.598           155847.880               0.000               0.000         14565491.709   1.00000 
  2512.650          77.842   1074.114      28.000       7.598           157078.241               0.000               0.000         14722569.950   1.00000 
  2513.650          77.729   1079.953      28.000       7.598           158320.622               0.000               0.000         14880890.572   1.00000 
  2514.650          77.615   1085.760      28.000       7.598           159575.188               0.000               0.000         15040465.760   1.00000 
  2515.650          77.500   1091.536      28.000       7.598           160842.105               0.000               0.000         15201307.865   1.00000 
  2516.650          77.385   1097.280      28.000       7.598           162121.544               0.000               0.000         15363429.409   1.00000 
  2517.650          77.269   1102.968      28.000       7.598           163413.678               0.000               0.000         15526843.087   1.00000 
  2518.650          77.152   1108.594      28.000       7.598           164718.549               0.000               0.000         15691561.636   1.00000 
  2519.650          77.035   1114.160      28.000       7.598           166036.300               0.000               0.000         15857597.936   1.00000 
  2520.650          76.917   1119.667      28.000       7.598           167367.122               0.000               0.000         16024965.058   1.00000 
  2521.650          76.797   1125.118      28.000       7.598           168711.206               0.000               0.000         16193676.264   1.00000 
  2522.650          76.677   1130.513      28.000       7.598           170068.738               0.000               0.000         16363745.002   1.00000 
  2523.650          76.556   1135.855      28.000       7.598           171439.912               0.000               0.000         16535184.914   1.00000 
  2524.650          76.435   1141.114      28.000       7.598           172824.920               0.000               0.000         16708009.834   1.00000 
  2525.650          76.312   1146.266      28.000       7.598           174223.795               0.000               0.000         16882233.629   1.00000 
  2526.650          76.189   1151.320      28.000       7.598           175636.619               0.000               0.000         17057870.248   1.00000 
  2527.650          76.065   1156.280      28.000       7.598           177063.618               0.000               0.000         17234933.866   1.00000 
  2528.650          75.939   1161.154      28.000       7.598           178505.014               0.000               0.000         17413438.880   1.00000 
  2529.650          75.813   1165.945      28.000       7.598           179961.030               0.000               0.000         17593399.910   1.00000 
  2530.650          75.686   1170.658      28.000       7.598           181431.882               0.000               0.000         17774831.793   1.00000 
  2531.650          75.559   1175.298      28.000       7.598           182917.787               0.000               0.000         17957749.580   1.00000 
  2532.650          75.430   1179.853      28.000       7.598           184418.958               0.000               0.000         18142168.538   1.00000 
  2533.650          75.300   1184.311      28.000       7.598           185935.533               0.000               0.000         18328104.071   1.00000 
  2534.650          75.169   1188.681      28.000       7.598           187467.660               0.000               0.000         18515571.731   1.00000 
  2535.650          75.038   1192.968      28.000       7.598           189015.568               0.000               0.000         18704587.299   1.00000 
  2536.650          74.905   1197.177      28.000       7.598           190579.474               0.000               0.000         18895166.773   1.00000 
  2537.650          74.771   1201.314      28.000       7.598           192159.489               0.000               0.000         19087326.262   1.00000 
  2538.650          74.637   1205.382      28.000       7.598           193755.628               0.000               0.000         19281081.889   1.00000 
  2539.650          74.501   1209.387      28.000       7.598           195367.885               0.000               0.000         19476449.775   1.00000 
  2540.650          74.365   1213.332      28.000       7.598           196996.235               0.000               0.000         19673446.009   1.00000 
  2541.650          74.227   1217.231      28.000       7.598           198640.627               0.000               0.000         19872086.636   1.00000 
  2542.650          74.088   1221.215      28.000       7.598           200301.044               0.000               0.000         20072387.680   1.00000 
  2543.650          73.948   1225.287      28.000       7.598           201977.941               0.000               0.000         20274365.621   1.00000 
  2544.650          73.808   1229.452      28.000       7.598           203671.194               0.000               0.000         20478036.815   1.00000 
  2545.650          73.666   1233.715      28.000       7.598           205380.651               0.000               0.000         20683417.465   1.00000 
  2546.650          73.523   1238.080      28.000       7.598           207106.135               0.000               0.000         20890523.600   1.00000 
  2547.650          73.378   1242.554      28.000       7.598           208847.441               0.000               0.000         21099371.042   1.00000 
  2548.650          73.233   1247.143      28.000       7.598           210604.343               0.000               0.000         21309975.385   1.00000 
  2549.650          73.087   1251.855      28.000       7.598           212376.573               0.000               0.000         21522351.957   1.00000 
  2550.650          72.939   1256.696      28.000       7.598           214163.840               0.000               0.000         21736515.797   1.00000 
  2551.650          72.790   1261.728      28.000       7.598           215965.816               0.000               0.000         21952481.613   1.00000 
  2552.650          72.640   1266.990      28.000       7.598           217782.346               0.000               0.000         22170263.959   1.00000 
  2553.650          72.489   1272.514      28.000       7.598           219613.316               0.000               0.000         22389877.276   1.00000 
  2554.650          72.337   1278.324      28.000       7.598           221136.059               0.000               0.000         22611013.334   1.00000 
  2555.650          72.183   1284.483      28.000       7.598           222990.244               0.000               0.000         22834003.579   1.00000 
  2556.650          72.028   1291.056      28.000       7.598           224854.085               0.000               0.000         23058857.664   1.00000 
  2557.650          71.872   1298.135      28.000       7.598           226727.053               0.000               0.000         23285584.716   1.00000 
  2558.650          71.715   1305.321      28.000       7.598           228608.661               0.000               0.000         23514193.378   1.00000 
  2559.650          71.556   1312.421      28.000       7.598           230496.520               0.000               0.000         23744689.898   1.00000 
  2560.650          71.396   1319.433      28.000       7.598           232389.011               0.000               0.000         23977078.909   1.00000 
  2561.650          71.235   1326.354      28.000       7.598           234285.191               0.000               0.000         24211364.099   1.00000 
  2562.650          71.072   1333.182      28.000       7.598           236184.064               0.000               0.000         24447548.164   1.00000 
  2563.650          70.908   1339.916      28.000       7.598           238084.564               0.000               0.000         24685632.728   1.00000 
  2564.650          70.742   1346.542      28.000       7.598           239985.573               0.000               0.000         24925618.301   1.00000 
  2565.650          70.576   1353.060      28.000       7.598           241885.859               0.000               0.000         25167504.161   1.00000 
  2566.650          70.407   1359.469      28.000       7.598           243784.171               0.000               0.000         25411288.331   1.00000 
  2567.650          70.238   1365.768      28.000       7.598           245679.171               0.000               0.000         25656967.503   1.00000 
  2568.650          70.066   1371.957      28.000       7.598           247569.476               0.000               0.000         25904536.979   1.00000 
  2569.650          69.894   1378.034      28.000       7.598           249453.591               0.000               0.000         26153990.570   1.00000 
  2570.650          69.720   1383.997      28.000       7.598           251329.944               0.000               0.000         26405320.514   1.00000 
  2571.650          69.544   1389.845      28.000       7.598           253196.829               0.000               0.000         26658517.343   1.00000 
  2572.650          69.367   1395.579      28.000       7.598           255052.474               0.000               0.000         26913569.817   1.00000 
  2573.650          69.188   1401.197      28.000       7.598           256895.005               0.000               0.000         27170464.822   1.00000 
  2574.650          69.008   1406.717      28.000       7.598           258722.460               0.000               0.000         27429187.283   1.00000 
  2575.650          68.826   1412.196      28.000       7.598           260532.817               0.000               0.000         27689720.099   1.00000 
  2576.650          68.642   1417.633      28.000       7.598           262324.097               0.000               0.000         27952044.196   1.00000 
  2577.650          68.457   1423.027      28.000       7.598           264094.029               0.000               0.000         28216138.225   1.00000 
  2578.650          68.270   1428.376      28.000       7.598           265840.222               0.000               0.000         28481978.446   1.00000 
  2579.650          68.082   1433.679      28.000       7.598           267560.208               0.000               0.000         28749538.654   1.00000 
  2580.650          67.892   1438.934      28.000       7.598           269251.378               0.000               0.000         29018790.032   1.00000 
  2581.650          67.700   1444.140      28.000       7.598           270911.046               0.000               0.000         29289701.078   1.00000 
  2582.650          67.506   1449.295      28.000       7.598           272536.398               0.000               0.000         29562237.476   1.00000 
  2583.650          67.311   1454.397      28.000       7.598           274124.505               0.000               0.000         29836361.981   1.00000 
  2584.650          67.114   1459.444      28.000       7.598           275672.336               0.000               0.000         30112034.317   1.00000 
  2585.650          66.915   1464.435      28.000       7.598           277176.750               0.000               0.000         30389211.066   1.00000 
  2586.650          66.714   1469.368      28.000       7.598           278634.482               0.000               0.000         30667845.548   1.00000 
  2587.650          66.512   1474.239      28.000       7.598           280042.155               0.000               0.000         30947887.703   1.00000 
  2588.650          66.307   1479.048      28.000       7.598           281396.292               0.000               0.000         31229283.995   1.00000 
  2589.650          66.101   1483.793      28.000       7.598           282693.300               0.000               0.000         31511977.295   1.00000 
  2590.650          65.893   1488.470      28.000       7.598           283929.466               0.000               0.000         31795906.762   1.00000 
  2591.650          65.682   1493.078      28.000       7.598           285100.993               0.000               0.000         32081007.754   1.00000 
  2592.650          65.470   1497.614      28.000       7.598           286203.959               0.000               0.000         32367211.713   1.00000 
  2593.650          65.256   1502.076      28.000       7.598           287234.354               0.000               0.000         32654446.067   1.00000 
  2594.650          65.040   1506.461      28.000       7.598           288188.080               0.000               0.000         32942634.147   1.00000 
  2595.650          64.822   1510.766      28.000       7.598           289061.011               0.000               0.000         33231695.158   1.00000 
  2596.650          64.602   1514.989      28.000       7.598           289849.829               0.000               0.000         33521544.986   1.00000 
  2597.650          64.380   1519.127      28.000       7.598           290551.752               0.000               0.000         33812096.738   1.00000 
  2598.650          64.156   1523.178      28.000       7.598           291164.040               0.000               0.000         34103260.778   1.00000 
  2599.650          63.929   1527.138      28.000       7.598           291684.017               0.000               0.000         34394944.795   1.00000 
  2600.650          63.701   1531.005      28.000       7.598           292109.093               0.000               0.000         34687053.888   1.00000 
  2601.650          63.470   1534.776      28.000       7.598           292436.731               0.000               0.000         34979490.619   1.00000 
  2602.650          63.238   1538.449      28.000       7.598           292664.470               0.000               0.000         35272155.089   1.00000 
  2603.650          63.003   1542.021      28.000       7.598           292789.943               0.000               0.000         35564945.032   1.00000 
  2604.650          62.766   1545.490      28.000       7.598           292810.890               0.000               0.000         35857755.921   1.00000 
  2605.650          62.527   1548.852      28.000       7.598           292725.165               0.000               0.000         36150481.087   1.00000 
  2606.650          62.285   1552.105      28.000       7.598           292523.109               0.000               0.000         36443004.196   1.00000 
  2607.650          62.041   1555.246      28.000       7.598           292208.380               0.000               0.000         36735212.575   1.00000 
  2608.650          61.795   1558.273      28.000       7.598           291781.660               0.000               0.000         37026994.235   1.00000 
  2609.650          61.547   1561.184      28.000       7.598           291241.417               0.000               0.000         37318235.653   1.00000 
  2610.650          61.297   1563.975      28.000       7.598           290586.290               0.000               0.000         37608821.943   1.00000 
  2611.650          61.044   1566.646      28.000       7.598           289815.101               0.000               0.000         37898637.044   1.00000 
  2612.650          60.789   1569.193      28.000       7.598           288926.864               0.000               0.000         38187563.908   1.00000 
  2613.650          60.531   1571.615      28.000       7.598           287920.795               0.000               0.000         38475484.703   1.00000 
  2614.650          60.272   1573.909      28.000       7.598           286796.322               0.000               0.000         38762281.025   1.00000 
  2615.650          60.009   1576.074      28.000       7.598           285553.092               0.000               0.000         39047834.117   1.00000 
  2616.650          59.745   1578.107      28.000       7.598           284190.840               0.000               0.000         39332024.957   1.00000 
  2617.650          59.478   1580.007      28.000       7.598           282708.634               0.000               0.000         39614733.591   1.00000 
  2618.650          59.209   1581.772      28.000       7.598           281105.366               0.000               0.000         39895838.956   1.00000 
  2619.650          58.937   1583.400      28.000       7.598           279380.110               0.000               0.000         40175219.066   1.00000 
  2620.650          58.664   1584.890      28.000       7.598           277532.133               0.000               0.000         40452751.200   1.00000 
  2621.650          58.387   1586.239      28.000       7.598           275560.901               0.000               0.000         40728312.100   1.00000 
  2622.650          58.109   1587.447      28.000       7.598           273466.080               0.000               0.000         41001778.180   1.00000 
  2623.650          57.828   1588.511      28.000       7.598           271247.550               0.000               0.000         41273025.731   1.00000 
  2624.650          57.544   1589.430      28.000       7.598           268905.406               0.000               0.000         41541931.136   1.00000 
  2625.650          57.258   1590.203      28.000       7.598           266439.958               0.000               0.000         41808371.095   1.00000 
  2626.650          56.970   1590.828      28.000       7.598           263851.744               0.000               0.000         42072222.839   1.00000 
  2627.650          56.680   1591.305      28.000       7.598           261141.522               0.000               0.000         42333364.361   1.00000 
  2628.650          56.387   1591.630      28.000       7.598           258310.271               0.000               0.000         42591674.631   1.00000 
  2629.650          56.092   1591.805      28.000       7.598           255359.202               0.000               0.000         42847033.834   1.00000 
  2630.650          55.794   1591.827      28.000       7.598           252289.745               0.000               0.000         43099323.579   1.00000 
  2631.650          55.494   1591.696      28.000       7.598           249103.555               0.000               0.000         43348427.134   1.00000 
  2632.650          55.192   1591.411      28.000       7.598           245802.581               0.000               0.000         43594229.715   1.00000 
  2633.650          54.888   1590.970      28.000       7.598           242389.218               0.000               0.000         43836618.932   1.00000 
  2634.650          54.581   1590.374      28.000       7.598           238865.459               0.000               0.000         44075484.392   1.00000 
  2635.650          54.273   1589.622      28.000       7.598           235232.851               0.000               0.000         44310717.243   1.00000 
  2636.650          53.962   1588.712      28.000       7.598           231493.121               0.000               0.000         44542210.364   1.00000 
  2637.650          53.648   1587.646      28.000       7.598           227648.279               0.000               0.000         44769858.643   1.00000 
  2638.650          53.333   1586.422      28.000       7.598           223700.633               0.000               0.000         44993559.276   1.00000 
  2639.650          53.016   1585.039      28.000       7.598           219652.806               0.000               0.000         45213212.082   1.00000 
  2640.650          52.696   1583.498      28.000       7.598           215507.755               0.000               0.000         45428719.838   1.00000 
  2641.650          52.375   1581.799      28.000       7.598           211268.787               0.000               0.000         45639988.625   1.00000 
  2642.650          52.052   1579.941      28.000       7.598           206939.578               0.000               0.000         45846928.203   1.00000 
  2643.650          51.727   1577.924      28.000       7.598           202508.700               0.000               0.000         46049436.903   1.00000 
  2644.650          51.400   1575.746      28.000       7.598           197949.435               0.000               0.000         46247386.338   1.00000 
  2645.650          51.071   1573.408      28.000       7.598           193316.113               0.000               0.000         46440702.451   1.00000 
  2646.650          50.740   1570.909      28.000       7.598           188614.045               0.000               0.000         46629316.496   1.00000 
  2647.650          50.408   1568.251      28.000       7.598           183848.952               0.000               0.000         46813165.448   1.00000 
  2648.650          50.074   1565.436      28.000       7.598           179026.954               0.000               0.000         46992192.402   1.00000 
  2649.650          49.739   1562.464      28.000       7.598           174154.474               0.000               0.000         47166346.877   1.00000 
  2650.650          49.402   1559.338      28.000       7.598           169237.321               0.000               0.000         47335584.198   1.00000 
  2651.650          49.064   1556.057      28.000       7.598           164281.052               0.000               0.000         47499865.249   1.00000 
  2652.650          48.725   1552.625      28.000       7.598           159291.610               0.000               0.000         47659156.859   1.00000 
  2653.650          48.384   1549.043      28.000       7.598           154275.297               0.000               0.000         47813432.156   1.00000 
  2654.650          48.043   1545.313      28.000       7.598           149238.720               0.000               0.000         47962670.876   1.00000 
  2655.650          47.700   1541.437      28.000       7.598           144188.743               0.000               0.000         48106859.619   1.00000 
  2656.650          47.357   1537.418      28.000       7.598           139132.443               0.000               0.000         48245992.062   1.00000 
  2657.650          47.012   1533.259      28.000       7.598           134077.090               0.000               0.000         48380069.151   1.00000 
  2658.650          46.667   1528.961      28.000       7.598           129030.147               0.000               0.000         48509099.298   1.00000 
  2659.650          46.322   1524.529      28.000       7.598           123999.543               0.000               0.000         48633098.841   1.00000 
  2660.650          45.975   1519.966      28.000       7.598           118995.419               0.000               0.000         48752094.260   1.00000 
  2661.650          45.629   1515.275      28.000       7.598           114026.308               0.000               0.000         48866120.568   1.00000 
  2662.650          45.282   1510.460      28.000       7.598           109100.466               0.000               0.000         48975221.034   1.00000 
  2663.650          44.935   1505.525      28.000       7.598           104226.418               0.000               0.000         49079447.452   1.00000 
  2664.650          44.587   1500.474      28.000       7.598            99413.348               0.000               0.000         49178860.801   1.00000 
  2665.650          44.240   1495.313      28.000       7.598            94671.878               0.000               0.000         49273532.679   1.00000 
  2666.650          43.893   1490.045      28.000       7.598            90012.578               0.000               0.000         49363545.257   1.00000 
  2667.650          43.546   1484.678      28.000       7.598            85445.524               0.000               0.000         49448990.780   1.00000 
  2668.650          43.199   1479.215      28.000       7.598            80980.175               0.000               0.000         49529970.955   1.00000 
  2669.650          42.853   1473.664      28.000       7.598            76625.278               0.000               0.000         49606596.233   1.00000 
  2670.650          42.507   1468.031      28.000       7.598            72388.781               0.000               0.000         49678985.014   1.00000 
  2671.650          42.162   1462.321      28.000       7.598            68277.772               0.000               0.000         49747262.786   1.00000 
  2672.650          41.818   1456.541      28.000       7.598            64298.439               0.000               0.000         49811561.225   1.00000 
  2673.650          41.474   1450.698      28.000       7.598            60456.042               0.000               0.000         49872017.267   1.00000 
  2674.650          41.132   1444.797      28.000       7.598            56754.906               0.000               0.000         49928772.172   1.00000 
  2675.650          40.790   1438.848      28.000       7.598            53198.427               0.000               0.000         49981970.600   1.00000 
  2676.650          40.450   1432.854      28.000       7.598            49789.086               0.000               0.000         50031759.685   1.00000 
  2677.650          40.111   1426.824      28.000       7.598            46528.475               0.000               0.000         50078288.161   1.00000 
  2678.650          39.773   1420.764      28.000       7.598            43417.347               0.000               0.000         50121705.508   1.00000 
  2679.650          39.436   1414.680      28.000       7.598            40456.388               0.000               0.000         50162161.896   1.00000 
  2680.650          39.101   1408.578      28.000       7.598            37642.318               0.000               0.000         50199804.214   1.00000 
  2681.650          38.767   1402.465      28.000       7.598            34976.325               0.000               0.000         50234780.539   1.00000 
  2682.650          38.435   1396.346      28.000       7.598            32456.288               0.000               0.000         50267236.827   1.00000 
  2683.650          38.105   1390.275      28.000       7.598            30079.445               0.000               0.000         50297316.272   1.00000 
  2684.650          37.777   1384.287      28.000       7.598            27842.464               0.000               0.000         50325158.736   1.00000 
  2685.650          37.450   1378.382      28.000       7.598            25741.512               0.000               0.000         50350900.248   1.00000 
  2686.650          37.125   1372.560      28.000       7.598            23772.301               0.000               0.000         50374672.550   1.00000 
  2687.650          36.802   1366.822      28.000       7.598            21929.550               0.000               0.000         50396602.099   1.00000 
  2688.650          36.481   1361.170      28.000       7.598            20208.343               0.000               0.000         50416810.442   1.00000 
  2689.650          36.162   1355.603      28.000       7.598            18603.736               0.000               0.000         50435414.177   1.00000 
  2690.650          35.845   1350.123      28.000       7.598            17110.601               0.000               0.000         50452524.779   1.00000 
  2691.650          35.530   1344.728      28.000       7.598            15723.678               0.000               0.000         50468248.456   1.00000 
  2692.650          35.218   1339.418      28.000       7.598            14437.624               0.000               0.000         50482686.080   1.00000 
  2693.650          34.907   1334.194      28.000       7.598            13247.069               0.000               0.000         50495933.149   1.00000 
  2694.650          34.599   1329.055      28.000       7.598            12146.488               0.000               0.000         50508079.638   1.00000 
  2695.650          34.293   1324.004      28.000       7.598            11130.092               0.000               0.000         50519209.729   1.00000 
  2696.650          33.989   1319.043      28.000       7.598            10192.305               0.000               0.000         50529402.034   1.00000 
  2697.650          33.687   1314.170      28.000       7.598             9327.833               0.000               0.000         50538729.868   1.00000 
  2698.650          33.388   1309.384      28.000       7.598             8531.657               0.000               0.000         50547261.524   1.00000 
  2699.650          33.091   1304.683      28.000       7.598             7799.024               0.000               0.000         50555060.548   1.00000 
  2700.650          32.796   1300.067      28.000       7.598             7125.445               0.000               0.000         50562185.993   1.00000 
  2701.650          32.504   1295.535      28.000       7.598             6506.683               0.000               0.000         50568692.676   1.00000 
  2702.650          32.213   1291.084      28.000       7.598             5938.515               0.000               0.000         50574631.191   1.00000 
  2703.650          31.925   1286.823      28.000       7.598             5416.990               0.000               0.000         50580048.180   1.00000 
  2704.650          31.639   1282.858      28.000       7.598             4938.845               0.000               0.000         50584987.026   1.00000 
  2705.650          31.356   1279.140      28.000       7.598             4500.969               0.000               0.000         50589487.995   1.00000 
  2706.650          31.075   1275.634      28.000       7.598             4100.398               0.000               0.000         50593588.392   1.00000 
  2707.650          30.795   1272.312      28.000       7.598             3734.320               0.000               0.000         50597322.712   1.00000 
  2708.650          30.519   1269.150      28.000       7.598             3400.081               0.000               0.000         50600722.793   1.00000 
  2709.650          30.244   1266.132      28.000       7.598             3095.180               0.000               0.000         50603817.973   1.00000 
  2710.650          29.971   1263.241      28.000       7.598             2817.269               0.000               0.000         50606635.242   1.00000 
  2711.650          29.701   1260.466      28.000       7.598             2564.182               0.000               0.000         50609199.424   1.00000 
  2712.650          29.432   1257.797      28.000       7.598             2333.995               0.000               0.000         50611533.420   1.00000 
  2713.650          29.166   1255.223      28.000       7.598             2124.903               0.000               0.000         50613658.322   1.00000 
  2714.650          28.901   1252.738      28.000       7.598             1935.189               0.000               0.000         50615593.511   1.00000 
  2715.650          28.639   1250.333      28.000       7.598             1763.231               0.000               0.000         50617356.742   1.00000 
  2716.650          28.378   1247.988      28.000       7.598             1607.506               0.000               0.000         50618964.248   1.00000 
  2717.650          28.120   1245.701      28.000       7.598             1466.587               0.000               0.000         50620430.835   1.00000 
  2718.650          27.863   1243.470      28.000       7.598             1339.149               0.000               0.000         50621769.984   1.00000 
  2719.650          27.608   1241.290      28.000       7.598             1223.962               0.000               0.000         50622993.946   1.00000 
  2720.650          27.355   1239.160      28.000       7.598             1119.888               0.000               0.000         50624113.834   1.00000 
  2721.650          27.104   1237.077      28.000       7.598             1025.884               0.000               0.000         50625139.718   1.00000 
  2722.650          26.855   1235.040      28.000       7.598              940.987               0.000               0.000         50626080.705   1.00000 
  2723.650          26.608   1233.046      28.000       7.598              864.320               0.000               0.000         50626945.025   1.00000 
  2724.650          26.362   1231.093      28.000       7.598              795.080               0.000               0.000         50627740.105   1.00000 
  2725.650          26.118   1229.181      28.000       7.598              732.535               0.000               0.000         50628472.640   1.00000 
  2726.650          25.876   1227.306      28.000       7.598              676.020               0.000               0.000         50629148.660   1.00000 
  2727.650          25.635   1225.468      28.000       7.598              624.931               0.000               0.000         50629773.591   1.00000 
  2728.650          25.397   1223.665      28.000       7.598              578.722               0.000               0.000         50630352.313   1.00000 
  2729.650          25.160   1221.896      28.000       7.598              536.897               0.000               0.000         50630889.210   1.00000 
  2730.650          24.925   1220.160      28.000       7.598              499.008               0.000               0.000         50631388.219   1.00000 
  2731.650          24.692   1218.455      28.000       7.598              464.647               0.000               0.000         50631852.866   1.00000 
  2732.650          24.461   1216.780      28.000       7.598              433.435               0.000               0.000         50632286.301   1.00000 
  2733.650          24.232   1215.135      28.000       7.598              405.036               0.000               0.000         50632691.338   1.00000 
  2734.650          24.004   1213.517      28.000       7.598              379.151               0.000               0.000         50633070.489   1.00000 
  2735.650          23.779   1211.927      28.000       7.598              355.515               0.000               0.000         50633426.004   1.00000 
  2735.869          23.729   1211.581      28.000       7.598              348.457               0.000               0.000         50633502.370   1.00000 
  2735.928          23.716   1211.488      28.000       7.598              346.730               0.000               0.000         50633522.783   1.00000 
  2735.988          23.703   1211.394      28.000       7.598              345.437               0.000               0.000         50633543.330   1.00000 
  2736.045          23.690   1211.304      28.000       7.598              344.192               0.000               0.000         50633563.031   1.00000 
  2736.051          23.689   1211.293      28.000       7.598              171.964               0.000               0.000         50633564.136   1.00000 
  2736.057          23.687   1211.285      28.000       7.598              171.984               0.000               0.000         50633565.104   1.00000 
  2736.061          23.686   1211.278      28.000       7.598              171.956               0.000               0.000         50633565.782   1.00000 
  2736.065          23.686   1211.272      28.000       7.598              171.997               0.000               0.000         50633566.461   1.00000 
  2736.074          23.684   1211.258      28.000       7.598              172.024               0.000               0.000         50633568.013   1.00000 
  2736.083          23.681   1211.243      28.000       7.598              172.040               0.000               0.000         50633569.646   1.00000 
  2736.099          23.678   1211.218      28.000       7.598              172.047               0.000               0.000         50633572.355   1.00000 
  2736.129          23.671   1211.171      28.000       7.598              172.135               0.000               0.000         50633577.470   1.00000 
  2736.160          23.664   1211.122      28.000       7.598              172.233               0.000               0.000         50633582.823   1.00000 
  2736.176          23.661   1211.096      28.000       7.598              172.266               0.000               0.000         50633585.645   1.00000 
  2736.200          23.655   1211.057      28.000       7.598              172.270               0.000               0.000         50633589.807   1.00000 
  2736.309          23.631   1210.886      28.000       7.598              172.578               0.000               0.000         50633608.571   1.00000 
  2736.323          23.628   1210.863      28.000       7.598              172.658               0.000               0.000         50633610.979   1.00000 
  2736.327          23.627   1210.857      28.000       7.598              172.669               0.000               0.000         50633611.739   1.00000 
  2736.336          23.625   1210.843      28.000       7.598              172.676               0.000               0.000         50633613.213   1.00000 
  2736.356          23.620   1210.812      28.000       7.598              172.733               0.000               0.000         50633616.618   1.00000 
  2736.365          23.618   1210.796      28.000       7.598              172.767               0.000               0.000         50633618.300   1.00000 
  2736.370          23.617   1210.789      28.000       7.598              172.780               0.000               0.000         50633619.165   1.00000 
  2736.375          23.616   1210.781      28.000       7.598              172.793               0.000               0.000         50633620.030   1.00000 
  2736.380          23.615   1210.773      28.000       7.598              172.809               0.000               0.000         50633620.895   1.00000 
  2736.385          23.614   1210.766      28.000       7.598              172.816               0.000               0.000         50633621.653   1.00000 
  2736.393          23.612   1210.752      28.000       7.598              172.822               0.000               0.000         50633623.125   1.00000 
  2736.413          23.607   1210.721      28.000       7.598              172.879               0.000               0.000         50633626.524   1.00000 
  2736.426          23.604   1210.700      28.000       7.598              172.923               0.000               0.000         50633628.825   1.00000 
  2736.431          23.603   1210.693      28.000       7.598              172.934               0.000               0.000         50633629.578   1.00000 
  2736.439          23.601   1210.680      28.000       7.598              172.940               0.000               0.000         50633631.042   1.00000 
  2736.459          23.597   1210.649      28.000       7.598              172.996               0.000               0.000         50633634.428   1.00000 
  2736.472          23.594   1210.628      28.000       7.598              173.040               0.000               0.000         50633636.723   1.00000 
  2736.479          23.592   1210.617      28.000       7.598              173.054               0.000               0.000         50633637.959   1.00000 
  2736.492          23.590   1210.597      28.000       7.598              173.060               0.000               0.000         50633640.126   1.00000 
  2736.548          23.577   1210.508      28.000       7.598              173.218               0.000               0.000         50633649.888   1.00000 
  2736.555          23.575   1210.497      28.000       7.598              173.252               0.000               0.000         50633651.105   1.00000 
  2736.560          23.574   1210.488      28.000       7.598              173.268               0.000               0.000         50633652.022   1.00000 
  2736.566          23.573   1210.480      28.000       7.598              173.284               0.000               0.000         50633652.938   1.00000 
  2736.571          23.572   1210.471      28.000       7.598              173.293               0.000               0.000         50633653.877   1.00000 
  2736.581          23.569   1210.456      28.000       7.598              173.299               0.000               0.000         50633655.622   1.00000 
  2736.626          23.559   1210.384      28.000       7.598              173.425               0.000               0.000         50633663.476   1.00000 
  2736.637          23.557   1210.368      28.000       7.598              173.455               0.000               0.000         50633665.247   1.00000 
  2736.653          23.553   1210.342      28.000       7.598              173.460               0.000               0.000         50633668.125   1.00000 
  2736.728          23.536   1210.224      28.000       7.598              173.667               0.000               0.000         50633681.091   1.00000 
  2736.742          23.533   1210.201      28.000       7.598              173.733               0.000               0.000         50633683.568   1.00000 
  2736.751          23.531   1210.187      28.000       7.598              173.762               0.000               0.000         50633685.089   1.00000 
  2736.754          23.530   1210.182      28.000       7.598              173.736               0.000               0.000         50633685.720   1.00000 
  2736.758          23.529   1210.176      28.000       7.598              173.776               0.000               0.000         50633686.351   1.00000 
  2736.774          23.526   1210.150      28.000       7.598              173.821               0.000               0.000         50633689.193   1.00000 
  2736.778          23.525   1210.144      28.000       7.598              173.796               0.000               0.000         50633689.859   1.00000 
  2736.782          23.524   1210.138      28.000       7.598              173.837               0.000               0.000         50633690.526   1.00000 
  2736.799          23.520   1210.111      28.000       7.598              173.885               0.000               0.000         50633693.525   1.00000 
  2736.803          23.519   1210.105      28.000       7.598              173.860               0.000               0.000         50633694.194   1.00000 
  2736.807          23.518   1210.099      28.000       7.598              173.902               0.000               0.000         50633694.864   1.00000 
  2736.824          23.514   1210.071      28.000       7.598              173.949               0.000               0.000         50633697.876   1.00000 
  2736.830          23.513   1210.062      28.000       7.598              173.962               0.000               0.000         50633698.836   1.00000 
  2736.840          23.511   1210.046      28.000       7.598              173.968               0.000               0.000         50633700.608   1.00000 
  2736.886          23.501   1209.974      28.000       7.598              174.094               0.000               0.000         50633708.588   1.00000 
  2736.935          23.489   1209.896      28.000       7.598              174.168               0.000               0.000         50633717.197   1.00000 
  2736.991          23.477   1209.807      28.000       7.598              174.121               0.000               0.000         50633726.976   1.00000 
  2737.244          23.419   1209.408      28.000       7.598              174.808               0.000               0.000         50633771.152   1.00000 
  2737.444          23.373   1209.093      28.000       7.598              175.422               0.000               0.000         50633806.237   1.00000 
  2737.624          23.332   1208.809      28.000       7.598              175.957               0.000               0.000         50633837.909   1.00000 
  2737.786          23.295   1208.554      28.000       7.598              176.433               0.000               0.000         50633866.491   1.00000 
  2737.791          23.294   1208.546      28.000       7.598              176.496               0.000               0.000         50633867.314   1.00000 
  2737.800          23.292   1208.532      28.000       7.598              176.498               0.000               0.000         50633868.873   1.00000 
  2737.839          23.283   1208.470      28.000       7.598              176.601               0.000               0.000         50633875.893   1.00000 
  2737.884          23.273   1208.400      28.000       7.598              176.727               0.000               0.000         50633883.761   1.00000 
  2737.932          23.262   1208.324      28.000       7.598              176.863               0.000               0.000         50633892.247   1.00000 
  2737.982          23.250   1208.245      28.000       7.598              176.925               0.000               0.000         50633901.132   1.00000 
  2738.038          23.237   1208.156      28.000       7.598              176.852               0.000               0.000         50633911.083   1.00000 
  2738.292          23.179   1207.758      28.000       7.598              177.494               0.000               0.000         50633956.023   1.00000 
  2739.292          22.946   1206.184      28.000       7.598              179.915               0.000               0.000         50634135.938   1.00000 
  2740.292          22.710   1204.615      28.000       7.598              182.325               0.000               0.000         50634318.263   1.00000 
  2741.292          22.472   1203.049      28.000       7.598              184.419               0.000               0.000         50634502.682   1.00000 
  2742.292          22.232   1201.487      28.000       7.598              186.156               0.000               0.000         50634688.838   1.00000 
  2743.292          21.990   1199.929      28.000       7.598              187.499               0.000               0.000         50634876.337   1.00000 
  2744.292          21.746   1198.374      28.000       7.598              188.417               0.000               0.000         50635064.754   1.00000 
  2745.292          21.502   1196.823      28.000       7.598              188.881               0.000               0.000         50635253.635   1.00000 
  2746.292          21.256   1195.276      28.000       7.598              188.871               0.000               0.000         50635442.505   1.00000 
  2747.292          21.011   1193.732      28.000       7.598              188.372               0.000               0.000         50635630.878   1.00000 
  2748.292          20.765   1192.191      28.000       7.598              187.378               0.000               0.000         50635818.256   1.00000 
  2749.292          20.519   1190.654      28.000       7.598              185.889               0.000               0.000         50636004.146   1.00000 
  2750.292          20.274   1189.119      28.000       7.598              183.914               0.000               0.000         50636188.059   1.00000 
  2751.292          20.030   1187.588      28.000       7.598              181.466               0.000               0.000         50636369.525   1.00000 
  2752.292          19.787   1186.060      28.000       7.598              178.568               0.000               0.000         50636548.093   1.00000 
  2753.292          19.546   1184.535      28.000       7.598              175.246               0.000               0.000         50636723.338   1.00000 
  2754.292          19.306   1183.013      28.000       7.598              171.530               0.000               0.000         50636894.869   1.00000 
  2755.292          19.068   1181.494      28.000       7.598              167.459               0.000               0.000         50637062.328   1.00000 
  2756.292          18.832   1179.977      28.000       7.598              163.075               0.000               0.000         50637225.403   1.00000 
  2757.292          18.599   1178.464      28.000       7.598              158.424               0.000               0.000         50637383.827   1.00000 
  2758.292          18.368   1176.953      28.000       7.598              153.555               0.000               0.000         50637537.382   1.00000 
  2759.292          18.140   1175.444      28.000       7.598              148.518               0.000               0.000         50637685.901   1.00000 
  2760.292          17.915   1173.938      28.000       7.598              143.362               0.000               0.000         50637829.263   1.00000 
  2761.292          17.693   1172.434      28.000       7.598              138.136               0.000               0.000         50637967.399   1.00000 
  2762.292          17.474   1170.935      28.000       7.598              132.884               0.000               0.000         50638100.283   1.00000 
  2763.292          17.259   1169.441      28.000       7.598              127.649               0.000               0.000         50638227.932   1.00000 
  2764.292          17.046   1167.953      28.000       7.598              122.470               0.000               0.000         50638350.402   1.00000 
  2765.292          16.837   1166.470      28.000       7.598              117.380               0.000               0.000         50638467.782   1.00000 
  2766.292          16.631   1164.994      28.000       7.598              112.407               0.000               0.000         50638580.189   1.00000 
  2767.292          16.428   1163.523      28.000       7.598              107.577               0.000               0.000         50638687.765   1.00000 
  2768.292          16.228   1162.057      28.000       7.598              102.908               0.000               0.000         50638790.674   1.00000 
  2769.292          16.032   1160.598      28.000       7.598               98.417               0.000               0.000         50638889.091   1.00000 
  2770.292          15.839   1159.143      28.000       7.598               94.114               0.000               0.000         50638983.204   1.00000 
  2771.292          15.649   1157.695      28.000       7.598               90.006               0.000               0.000         50639073.211   1.00000 
  2772.292          15.463   1156.251      28.000       7.598               86.099               0.000               0.000         50639159.310   1.00000 
  2773.292          15.279   1154.813      28.000       7.598               82.392               0.000               0.000         50639241.702   1.00000 
  2774.292          15.098   1153.381      28.000       7.598               78.886               0.000               0.000         50639320.588   1.00000 
  2775.292          14.920   1151.954      28.000       7.598               75.577               0.000               0.000         50639396.165   1.00000 
  2776.292          14.745   1150.532      28.000       7.598               72.460               0.000               0.000         50639468.625   1.00000 
  2777.292          14.573   1149.115      28.000       7.598               69.531               0.000               0.000         50639538.157   1.00000 
  2778.292          14.403   1147.704      28.000       7.598               66.783               0.000               0.000         50639604.939   1.00000 
  2779.292          14.236   1146.297      28.000       7.598               64.206               0.000               0.000         50639669.146   1.00000 
  2780.292          14.071   1144.896      28.000       7.598               61.794               0.000               0.000         50639730.939   1.00000 
  2781.292          13.908   1143.500      28.000       7.598               59.535               0.000               0.000         50639790.475   1.00000 
  2782.292          13.748   1142.109      28.000       7.598               57.422               0.000               0.000         50639847.897   1.00000 
  2783.292          13.590   1140.723      28.000       7.598               55.444               0.000               0.000         50639903.341   1.00000 
  2784.292          13.434   1139.342      28.000       7.598               53.593               0.000               0.000         50639956.934   1.00000 
  2785.292          13.280   1137.966      28.000       7.598               51.860               0.000               0.000         50640008.794   1.00000 
  2786.292          13.129   1136.594      28.000       7.598               50.236               0.000               0.000         50640059.029   1.00000 
  2787.292          12.979   1135.228      28.000       7.598               48.713               0.000               0.000         50640107.742   1.00000 
  2788.292          12.830   1133.866      28.000       7.598               47.284               0.000               0.000         50640155.027   1.00000 
  2789.292          12.684   1132.510      28.000       7.598               45.942               0.000               0.000         50640200.969   1.00000 
  2790.292          12.539   1131.159      28.000       7.598               44.680               0.000               0.000         50640245.649   1.00000 
  2791.292          12.396   1129.817      28.000       7.598               43.493               0.000               0.000         50640289.142   1.00000 
  2792.292          12.255   1128.483      28.000       7.598               42.374               0.000               0.000         50640331.516   1.00000 
  2793.292          12.115   1127.158      28.000       7.598               41.318               0.000               0.000         50640372.833   1.00000 
  2794.292          11.976   1125.841      28.000       7.598               40.320               0.000               0.000         50640413.154   1.00000 
  2795.292          11.839   1124.533      28.000       7.598               39.377               0.000               0.000         50640452.531   1.00000 
  2796.292          11.703   1123.232      28.000       7.598               38.483               0.000               0.000         50640491.014   1.00000 
  2797.292          11.569   1121.940      28.000       7.598               37.636               0.000               0.000         50640528.650   1.00000 
  2798.292          11.435   1120.655      28.000       7.598               36.831               0.000               0.000         50640565.481   1.00000 
  2799.292          11.303   1119.379      28.000       7.598               36.065               0.000               0.000         50640601.546   1.00000 
  2800.292          11.173   1118.111      28.000       7.598               35.336               0.000               0.000         50640636.882   1.00000 
  2801.292          11.043   1116.850      28.000       7.598               34.641               0.000               0.000         50640671.523   1.00000 
  2802.292          10.915   1115.597      28.000       7.598               33.976               0.000               0.000         50640705.499   1.00000 
  2803.292          10.787   1114.352      28.000       7.598               33.341               0.000               0.000         50640738.840   1.00000 
  2804.292          10.661   1113.114      28.000       7.598               32.732               0.000               0.000         50640771.573   1.00000 
  2805.292          10.535   1111.884      28.000       7.598               32.149               0.000               0.000         50640803.721   1.00000 
  2806.292          10.411   1110.661      28.000       7.598               31.588               0.000               0.000         50640835.309   1.00000 
  2807.292          10.288   1109.446      28.000       7.598               31.048               0.000               0.000         50640866.357   1.00000 
  2808.292          10.165   1108.237      28.000       7.598               30.529               0.000               0.000         50640896.886   1.00000 
  2809.292          10.044   1107.037      28.000       7.598               30.027               0.000               0.000         50640926.913   1.00000 
  2810.292           9.923   1105.843      28.000       7.598               29.543               0.000               0.000         50640956.456   1.00000 
  2811.292           9.804   1104.656      28.000       7.598               29.074               0.000               0.000         50640985.530   1.00000 
  2812.292           9.685   1103.477      28.000       7.598               28.620               0.000               0.000         50641014.150   1.00000 
  2813.292           9.567   1102.304      28.000       7.598               28.180               0.000               0.000         50641042.330   1.00000 
  2814.292           9.450   1101.138      28.000       7.598               27.752               0.000               0.000         50641070.081   1.00000 
  2815.292           9.334   1099.979      28.000       7.598               27.336               0.000               0.000         50641097.417   1.00000 
  2816.292           9.218   1098.827      28.000       7.598               26.931               0.000               0.000         50641124.349   1.00000 
  2817.292           9.104   1097.682      28.000       7.598               26.537               0.000               0.000         50641150.886   1.00000 
  2818.292           8.990   1096.543      28.000       7.598               26.153               0.000               0.000         50641177.039   1.00000 
  2819.292           8.877   1095.411      28.000       7.598               25.779               0.000               0.000         50641202.818   1.00000 
  2820.292           8.764   1094.286      28.000       7.598               25.413               0.000               0.000         50641228.231   1.00000 
  2821.292           8.653   1093.167      28.000       7.598               25.056               0.000               0.000         50641253.287   1.00000 
  2822.292           8.542   1092.054      28.000       7.598               24.707               0.000               0.000         50641277.994   1.00000 
  2823.292           8.432   1090.949      28.000       7.598               24.366               0.000               0.000         50641302.360   1.00000 
  2824.292           8.323   1089.851      28.000       7.598               24.033               0.000               0.000         50641326.394   1.00000 
  2825.292           8.214   1088.761      28.000       7.598               23.707               0.000               0.000         50641350.101   1.00000 
  2826.292           8.106   1087.678      28.000       7.598               23.388               0.000               0.000         50641373.488   1.00000 
  2827.292           7.998   1086.602      28.000       7.598               23.075               0.000               0.000         50641396.564   1.00000 
  2828.292           7.892   1085.534      28.000       7.598               22.770               0.000               0.000         50641419.334   1.00000 
  2829.292           7.786   1084.473      28.000       7.598               22.470               0.000               0.000         50641441.803   1.00000 
  2830.292           7.680   1083.418      28.000       7.598               22.176               0.000               0.000         50641463.980   1.00000 
  2831.292           7.576   1082.371      28.000       7.598               21.889               0.000               0.000         50641485.868   1.00000 
  2832.292           7.472   1081.331      28.000       7.598               21.606               0.000               0.000         50641507.475   1.00000 
  2833.292           7.368   1080.297      28.000       7.598               21.330               0.000               0.000         50641528.804   1.00000 
  2834.292           7.266   1079.270      28.000       7.598               21.059               0.000               0.000         50641549.863   1.00000 
  2835.292           7.163   1078.250      28.000       7.598               20.793               0.000               0.000         50641570.656   1.00000 
  2836.292           7.062   1077.237      28.000       7.598               20.532               0.000               0.000         50641591.187   1.00000 
  2837.292           6.961   1076.230      28.000       7.598               20.276               0.000               0.000         50641611.463   1.00000 
  2838.292           6.860   1075.229      28.000       7.598               20.024               0.000               0.000         50641631.487   1.00000 
  2839.292           6.761   1074.235      28.000       7.598               19.778               0.000               0.000         50641651.265   1.00000 
  2840.292           6.661   1073.248      28.000       7.598               19.536               0.000               0.000         50641670.800   1.00000 
  2841.292           6.563   1072.266      28.000       7.598               19.298               0.000               0.000         50641690.098   1.00000 
  2842.292           6.465   1071.291      28.000       7.598               19.065               0.000               0.000         50641709.163   1.00000 
  2843.292           6.367   1070.322      28.000       7.598               18.836               0.000               0.000         50641727.999   1.00000 
  2844.292           6.270   1069.359      28.000       7.598               18.611               0.000               0.000         50641746.609   1.00000 
  2845.292           6.174   1068.403      28.000       7.598               18.390               0.000               0.000         50641764.999   1.00000 
  2846.292           6.078   1067.452      28.000       7.598               18.173               0.000               0.000         50641783.171   1.00000 
  2847.292           5.983   1066.507      28.000       7.598               17.959               0.000               0.000         50641801.131   1.00000 
  2848.292           5.888   1065.568      28.000       7.598               17.750               0.000               0.000         50641818.881   1.00000 
  2849.292           5.794   1064.634      28.000       7.598               17.544               0.000               0.000         50641836.425   1.00000 
  2850.292           5.700   1063.707      28.000       7.598               17.342               0.000               0.000         50641853.767   1.00000 
  2851.292           5.607   1062.785      28.000       7.598               17.144               0.000               0.000         50641870.911   1.00000 
  2852.292           5.514   1061.869      28.000       7.598               16.948               0.000               0.000         50641887.859   1.00000 
  2853.292           5.422   1060.958      28.000       7.598               16.757               0.000               0.000         50641904.616   1.00000 
  2854.292           5.330   1060.053      28.000       7.598               16.568               0.000               0.000         50641921.184   1.00000 
  2855.292           5.239   1059.154      28.000       7.598               16.383               0.000               0.000         50641937.567   1.00000 
  2856.292           5.148   1058.260      28.000       7.598               16.201               0.000               0.000         50641953.768   1.00000 
  2857.292           5.058   1057.371      28.000       7.598               16.022               0.000               0.000         50641969.790   1.00000 
  2858.292           4.968   1056.488      28.000       7.598               15.846               0.000               0.000         50641985.636   1.00000 
  2859.292           4.879   1055.609      28.000       7.598               15.673               0.000               0.000         50642001.309   1.00000 
  2860.292           4.790   1054.737      28.000       7.598               15.503               0.000               0.000         50642016.812   1.00000 
  2861.292           4.701   1053.869      28.000       7.598               15.336               0.000               0.000         50642032.148   1.00000 
  2862.292           4.613   1053.006      28.000       7.598               15.171               0.000               0.000         50642047.320   1.00000 
  2863.292           4.526   1052.149      28.000       7.598               15.010               0.000               0.000         50642062.329   1.00000 
  2864.292           4.439   1051.297      28.000       7.598               14.850               0.000               0.000         50642077.180   1.00000 
  2865.292           4.352   1050.450      28.000       7.598               14.694               0.000               0.000         50642091.874   1.00000 
  2866.292           4.266   1049.609      28.000       7.598               14.540               0.000               0.000         50642106.413   1.00000 
  2867.292           4.180   1048.773      28.000       7.598               14.388               0.000               0.000         50642120.802   1.00000 
  2868.292           4.095   1047.943      28.000       7.598               14.239               0.000               0.000         50642135.041   1.00000 
  2869.292           4.010   1047.117      28.000       7.598               14.092               0.000               0.000         50642149.133   1.00000 
  2870.292           3.926   1046.297      28.000       7.598               13.948               0.000               0.000         50642163.081   1.00000 
  2871.292           3.841   1045.482      28.000       7.598               13.806               0.000               0.000         50642176.887   1.00000 
  2872.292           3.758   1044.672      28.000       7.598               13.666               0.000               0.000         50642190.552   1.00000 
  2873.292           3.674   1043.867      28.000       7.598               13.528               0.000               0.000         50642204.080   1.00000 
  2874.292           3.592   1043.067      28.000       7.598               13.393               0.000               0.000         50642217.473   1.00000 
  2875.292           3.509   1042.272      28.000       7.598               13.259               0.000               0.000         50642230.732   1.00000 
  2876.292           3.427   1041.482      28.000       7.598               13.128               0.000               0.000         50642243.860   1.00000 
  2877.292           3.345   1040.696      28.000       7.598               12.999               0.000               0.000         50642256.859   1.00000 
  2878.292           3.264   1039.916      28.000       7.598               12.872               0.000               0.000         50642269.730   1.00000 
  2879.292           3.183   1039.140      28.000       7.598               12.746               0.000               0.000         50642282.477   1.00000 
  2880.292           3.102   1038.368      28.000       7.598               12.623               0.000               0.000         50642295.100   1.00000 
  2881.292           3.022   1037.602      28.000       7.598               12.502               0.000               0.000         50642307.602   1.00000 
  2882.292           2.942   1036.840      28.000       7.598               12.383               0.000               0.000         50642319.985   1.00000 
  2883.292           2.862   1036.082      28.000       7.598               12.265               0.000               0.000         50642332.250   1.00000 
  2884.292           2.783   1035.329      28.000       7.598               12.150               0.000               0.000         50642344.400   1.00000 
  2885.292           2.704   1034.581      28.000       7.598               12.036               0.000               0.000         50642356.436   1.00000 
  2886.292           2.626   1033.837      28.000       7.598               11.924               0.000               0.000         50642368.360   1.00000 
  2887.292           2.548   1033.097      28.000       7.598               11.814               0.000               0.000         50642380.173   1.00000 
  2888.292           2.470   1032.362      28.000       7.598               11.705               0.000               0.000         50642391.878   1.00000 
  2889.292           2.392   1031.631      28.000       7.598               11.598               0.000               0.000         50642403.477   1.00000 
  2890.292           2.315   1030.904      28.000       7.598               11.493               0.000               0.000         50642414.970   1.00000 
  2891.292           2.238   1030.182      28.000       7.598               11.390               0.000               0.000         50642426.359   1.00000 
  2892.292           2.161   1029.463      28.000       7.598               11.288               0.000               0.000         50642437.647   1.00000 
  2893.292           2.085   1028.749      28.000       7.598               11.187               0.000               0.000         50642448.835   1.00000 
  2894.292           2.009   1028.039      28.000       7.598               11.089               0.000               0.000         50642459.924   1.00000 
  2895.292           1.933   1027.333      28.000       7.598               10.992               0.000               0.000         50642470.915   1.00000 
  2896.292           1.858   1026.631      28.000       7.598               10.896               0.000               0.000         50642481.811   1.00000 
  2897.292           1.783   1025.933      28.000       7.598               10.802               0.000               0.000         50642492.613   1.00000 
  2898.292           1.708   1025.239      28.000       7.598               10.709               0.000               0.000         50642503.322   1.00000 
  2899.292           1.634   1024.549      28.000       7.598               10.618               0.000               0.000         50642513.940   1.00000 
  2900.292           1.559   1023.863      28.000       7.598               10.528               0.000               0.000         50642524.468   1.00000 
  2901.292           1.485   1023.180      28.000       7.598               10.440               0.000               0.000         50642534.907   1.00000 
  2902.292           1.411   1022.502      28.000       7.598               10.353               0.000               0.000         50642545.260   1.00000 
  2903.292           1.338   1021.827      28.000       7.598               10.267               0.000               0.000         50642555.527   1.00000 
  2904.292           1.265   1021.156      28.000       7.598               10.182               0.000               0.000         50642565.709   1.00000 
  2905.292           1.192   1020.489      28.000       7.598               10.099               0.000               0.000         50642575.809   1.00000 
  2906.292           1.119   1019.825      28.000       7.598               10.018               0.000               0.000         50642585.826   1.00000 
  2907.292           1.046   1019.165      28.000       7.598                9.937               0.000               0.000         50642595.763   1.00000 
  2908.292           0.974   1018.509      28.000       7.598                9.858               0.000               0.000         50642605.621   1.00000 
  2909.292           0.902   1017.856      28.000       7.598                9.780               0.000               0.000         50642615.401   1.00000 
  2910.292           0.830   1017.207      28.000       7.598                9.703               0.000               0.000         50642625.104   1.00000 
  2911.292           0.759   1016.561      28.000       7.598                9.627               0.000               0.000         50642634.732   1.00000 
  2912.292           0.687   1015.919      28.000       7.598                9.553               0.000               0.000         50642644.285   1.00000 
  2913.292           0.616   1015.281      28.000       7.598                9.480               0.000               0.000         50642653.765   1.00000 
  2914.292           0.545   1014.645      28.000       7.598                9.408               0.000               0.000         50642663.172   1.00000 
  2915.292           0.474   1014.014      28.000       7.598                9.337               0.000               0.000         50642672.509   1.00000 
  2916.292           0.404   1013.385      28.000       7.598                9.267               0.000               0.000         50642681.776   1.00000 
  2917.292           0.333   1012.760      28.000       7.598                9.198               0.000               0.000         50642690.973   1.00000 
  2918.292           0.263   1012.139      28.000       7.598                9.130               0.000               0.000         50642700.104   1.00000 
  2919.292           0.193   1011.520      28.000       7.598                9.063               0.000               0.000         50642709.167   1.00000 
  2920.292           0.123   1010.905      28.000       7.598                8.998               0.000               0.000         50642718.165   1.00000 
  2921.292           0.054   1010.294      28.000       7.598                8.933               0.000               0.000         50642727.098   1.00000 
  2922.292           0.000   1009.685      28.000       7.598                8.869               0.000               0.000         50642735.967   1.00000 
