#_______________________________________________________________________________
#    ######   ####     ##             #####   #####     ##    #    #    ##
#    #       #        #  #            #    #  #    #   #  #   ##  ##   #  #
#    #####    ####   ######           #    #  #####   ######  # ## #  ######
#    #            #  #    #           #    #  #    #  #    #  #    #  #    #
#____######__#####___#____#___________#####___#____#__#____#__#____#__#____#____
#
#              ESA Debris Risk Assessment and Mitigation Analysis
#
#   ---- DRAMA ( SESAM 2.1.5 ( built Nov 27 2024 11:35:36) ) ----
#                                      ESA 2022
#
#                        execution log file -sesam.log-
#                   run date+time: Thu May 22 12:07:44 2025

info: Starting Sesam
info: SESAM module initialising
info: Using spacecraft mass calculated from objects.xml: 1291.570940
info: Using voxelator cache dir: /private/var/folders/ft/8qmbtkn91jlg761l9vcjktlc0000gn/T/tmpf9zvqogm/REENTRY
warning: oxideReactionProbability for drama-AA7075 < 1.0E-5 or not found. Continuing without oxidation for this material.
warning: oxideReactionProbability for drama-A316 < 1.0E-5 or not found. Continuing without oxidation for this material.
warning: oxideReactionProbability for drama-A316_Semi-Empirical < 1.0E-5 or not found. Continuing without oxidation for this material.
warning: oxideReactionProbability for drama-Bat-Li < 1.0E-5 or not found. Continuing without oxidation for this material.
warning: oxideReactionProbability for drama-Bat-NiCd < 1.0E-5 or not found. Continuing without oxidation for this material.
warning: oxideReactionProbability for drama-Beryllium < 1.0E-5 or not found. Continuing without oxidation for this material.
warning: oxideReactionProbability for drama-Carbon-Carbon < 1.0E-5 or not found. Continuing without oxidation for this material.
warning: oxideReactionProbability for drama-Copper < 1.0E-5 or not found. Continuing without oxidation for this material.
warning: oxideReactionProbability for drama-El-Mat < 1.0E-5 or not found. Continuing without oxidation for this material.
warning: oxideReactionProbability for drama-HC-AA7075 < 1.0E-5 or not found. Continuing without oxidation for this material.
warning: oxideReactionProbability for drama-HC-CFRP-4ply < 1.0E-5 or not found. Continuing without oxidation for this material.
warning: oxideReactionProbability for drama-HC-CFRP-8ply < 1.0E-5 or not found. Continuing without oxidation for this material.
warning: oxideReactionProbability for drama-HiperCo < 1.0E-5 or not found. Continuing without oxidation for this material.
warning: oxideReactionProbability for drama-Inconel718 < 1.0E-5 or not found. Continuing without oxidation for this material.
warning: oxideReactionProbability for drama-Inermet < 1.0E-5 or not found. Continuing without oxidation for this material.
warning: oxideReactionProbability for drama-Invar < 1.0E-5 or not found. Continuing without oxidation for this material.
warning: oxideReactionProbability for drama-Iron < 1.0E-5 or not found. Continuing without oxidation for this material.
warning: oxideReactionProbability for drama-SiC < 1.0E-5 or not found. Continuing without oxidation for this material.
warning: oxideReactionProbability for drama-SolarPanel-Mat < 1.0E-5 or not found. Continuing without oxidation for this material.
warning: oxideReactionProbability for drama-TiAl6v4 < 1.0E-5 or not found. Continuing without oxidation for this material.
warning: oxideReactionProbability for drama-Tungsten < 1.0E-5 or not found. Continuing without oxidation for this material.
info: Fragment satelliteOne initializing
info: Creation of object list
info: Creating Object with UniqueID: cd3cda18-3bf2-43c8-87a7-f735aa44d164
info: Opening netCDF file /Applications/DRAMA-3.1.1/TOOLS/SARA/REENTRY/data/ATDB_CYLINDER.nc for reading DONE.
info: Using ATDB for CYLINDER created with ATDB_converter r1933 on 20190411 from data created by Hyperschall Technologie Göttingen GmbH.
info: Included new object ' IFring' to fragment list
info: Creating Object with UniqueID: ac1d6f23-bede-4c15-9e4b-b7dab4e649d2
info: Opening netCDF file /Applications/DRAMA-3.1.1/TOOLS/SARA/REENTRY/data/ATDB_BOX.nc for reading DONE.
info: Using ATDB for BOX created with SAM on 20200306 from data created by Belstead Research Limited.
info: Included new object 'SolarP' to fragment list
info: Creating Object with UniqueID: 4430b541-1512-4ce1-8d43-c641d490e577
info: Included new object 'SVM' to fragment list
info: Creating Object with UniqueID: 3cecd9af-b84c-463a-9918-027600ab7a28
info: Included new object 'RSJD' to fragment list
info: Creating Object with UniqueID: 5bacc617-4464-48a2-83cf-6fc1f26debe1
info: Included new object 'RSJD-Internal' to fragment list
info: Creating Object with UniqueID: fd99f765-a3fa-468b-bcd5-016d167f3fbf
info: Included new object 'EIU' to fragment list
info: Creating Object with UniqueID: a4ad07b7-4942-4549-a032-e30cb8335b15
info: Included new object 'EIU-Internal' to fragment list
info: Creating Object with UniqueID: 30601a1f-e611-4a72-8c68-0ba8610c2e29
info: Included new object 'RWheel1' to fragment list
info: Creating Object with UniqueID: 37335509-7a26-4e33-8286-b58da32b5558
info: Included new object 'RWheel2' to fragment list
info: Creating Object with UniqueID: 3643ab44-f912-4884-babe-b7c09067369a
info: Included new object 'RWheel3' to fragment list
info: Creating Object with UniqueID: 64b02e72-4243-475a-a0f7-8c6fa719a799
info: Included new object 'SADME' to fragment list
info: Creating Object with UniqueID: 90ca8adc-c94c-4d14-90d9-b6129423ce10
info: Included new object 'SADME-internal' to fragment list
info: Creating Object with UniqueID: 58c3bdfd-4512-4407-8fd3-89664a00dd56
info: Included new object 'MAC-Y' to fragment list
info: Creating Object with UniqueID: f1c16680-da40-4038-85b6-afd9b8962bbf
info: Included new object 'CCU' to fragment list
info: Creating Object with UniqueID: e993bb4e-86ad-4974-892d-812c328dd123
info: Included new object 'CCU-internal' to fragment list
info: Creating Object with UniqueID: 68243c07-bf67-48dd-a108-e7887f700348
info: Included new object 'BSP' to fragment list
info: Creating Object with UniqueID: 18640ad2-7a65-4804-b9ff-39c7f5f01c19
info: Included new object 'BSP-internal' to fragment list
info: Creating Object with UniqueID: 6b65f60c-f3de-4858-8692-c9b8da4d7420
info: Included new object 'OBA' to fragment list
info: Creating Object with UniqueID: 4e7a4b59-cee7-44f5-ae91-a119ddf2194d
info: Included new object 'EDR' to fragment list
info: Creating Object with UniqueID: e95fb00d-0612-45b8-8e8e-80e421fe680b
info: Included new object 'EDR-internal' to fragment list
info: Creating Object with UniqueID: 6d068f8c-42c1-4e67-8a34-0e2d5d014c75
info: Included new object 'EPRM' to fragment list
info: Creating Object with UniqueID: 4c707658-3801-43cf-b238-692903c62d74
info: Included new object 'EPRM-internal' to fragment list
info: Creating Object with UniqueID: 08f70220-a2ed-4614-8a03-7ee53d774fd8
info: Included new object 'TRSP1' to fragment list
info: Creating Object with UniqueID: e6de9af4-9b9e-438c-9f5f-4f5d2d97b59e
info: Included new object 'TRSP2' to fragment list
info: Creating Object with UniqueID: f120bce6-ee18-485a-95c4-14304c34293c
info: Included new object 'BEG1' to fragment list
info: Creating Object with UniqueID: 5c21536a-0e84-43a2-8d79-67e5144db0fe
info: Included new object 'BEG1-internal' to fragment list
info: Creating Object with UniqueID: 4c87b281-88d9-47ea-ba35-3c43a092e79b
info: Included new object 'BEG2' to fragment list
info: Creating Object with UniqueID: 744a2caf-92f7-41cb-ae64-9d42bf09dae9
info: Included new object 'BEG2-internal' to fragment list
info: Creating Object with UniqueID: ff0691b0-9eec-427c-aca7-0945f2dbf535
info: Included new object 'BEG3' to fragment list
info: Creating Object with UniqueID: c69822fa-e85e-4556-ac1d-df65390206fe
info: Included new object 'BEG3-internal' to fragment list
info: Creating Object with UniqueID: fe133580-a71f-4b46-ac90-7df387aa120d
info: Included new object 'BEG4' to fragment list
info: Creating Object with UniqueID: 3c6906cb-7f1e-4e8f-b3d1-3bb537bf4e8d
info: Included new object 'BEG4-internal' to fragment list
info: Creating Object with UniqueID: 43089cf7-03c5-4130-a53f-e1761f4b1c62
info: Included new object 'Gyrosbl' to fragment list
info: Creating Object with UniqueID: d5048910-9fae-46a6-bc06-68f2fe96939e
info: Included new object 'T4S' to fragment list
info: Creating Object with UniqueID: a0c88fb0-24e0-4b3e-822e-1f368f29f966
info: Included new object 'T4S-internal' to fragment list
info: Creating Object with UniqueID: 049e68a2-6063-4a2e-b6f1-5aa39107fb56
info: Included new object 'EAIM' to fragment list
info: Creating Object with UniqueID: 30623271-c50e-43a6-b8ba-4335d896856c
info: Included new object 'EAIM-internal' to fragment list
info: Creating Object with UniqueID: 53b0fa25-337a-4801-adfb-b655009abdda
info: Included new object 'STD1' to fragment list
info: Creating Object with UniqueID: c24a38cf-ff8c-4cde-a033-d25fec03e6c6
info: Included new object 'STD2' to fragment list
info: Creating Object with UniqueID: 1c6e2a4b-455a-40f6-847c-93a50aad2901
info: Included new object 'SSD1' to fragment list
info: Creating Object with UniqueID: f492f331-b2d3-4479-8af7-582adf808112
info: Included new object 'SSD2' to fragment list
info: Creating Object with UniqueID: f7acf7c6-ccd2-4fc7-a596-8e3599a1dcc5
info: Included new object 'SADM1' to fragment list
info: Creating Object with UniqueID: 527057a7-0dc1-4411-a9f9-d4ac6fbbdcd5
info: Included new object 'SADM1_internal' to fragment list
info: Creating Object with UniqueID: 5feabfca-0490-48e9-91dc-79fdc5a134a5
info: Included new object 'SADM2' to fragment list
info: Creating Object with UniqueID: 40fdfd8c-e723-4faa-9e1f-5f012fbe443a
info: Included new object 'SADM2-internal' to fragment list
info: Creating Object with UniqueID: 0b1661d3-c0c1-4f6a-a6d1-2a5db00bda4f
info: Included new object 'SAsupp1' to fragment list
info: Creating Object with UniqueID: 7a44a685-ffd8-43e7-b137-a97750163298
info: Included new object 'SAsupp2' to fragment list
info: Creating Object with UniqueID: 2e87c0ee-756b-4448-815f-fa04e03fb958
info: Included new object 'SAsupp3' to fragment list
info: Creating Object with UniqueID: 3b252b2a-d37f-42cc-b3d0-c66451d5a10e
info: Included new object 'SAsupp4' to fragment list
info: Creating Object with UniqueID: b780d3fd-f6d3-4fe4-9213-52c680cd507b
info: Included new object 'SAsupp5' to fragment list
info: Creating Object with UniqueID: 37f2601a-bcea-4ac9-a273-b5e54ee7b8ce
info: Included new object 'SAsupp6' to fragment list
info: Creating Object with UniqueID: a62cc748-c9ce-417e-934a-fca18bb1acd7
info: Included new object 'SAsupp7' to fragment list
info: Creating Object with UniqueID: 3c98b668-d3c6-4e6c-9b25-feb7c56786a3
info: Included new object 'SAsupp8' to fragment list
info: Creating Object with UniqueID: 77d47b62-c869-4b6f-a4c0-5973fed2ce1b
info: Included new object 'SAsupp9' to fragment list
info: Creating Object with UniqueID: 6094c339-cbad-4f0b-acf1-bf8d9925b55e
info: Included new object 'SAsupp10' to fragment list
info: Creating Object with UniqueID: fdc2bf45-208d-4956-ba49-3de42686e018
info: Included new object 'SAsupp11' to fragment list
info: Creating Object with UniqueID: b1918ad3-a023-4f41-b015-4e42f20225e3
info: Included new object 'SAsupp12' to fragment list
info: Creating Object with UniqueID: a6bfcbfa-60aa-4e7a-bf6f-ed921bdc8db6
info: Included new object 'CentCone' to fragment list
info: Creating Object with UniqueID: 883e64dd-f62a-4f0f-b648-6335de21ffe8
info: Included new object 'Ribpanel1' to fragment list
info: Creating Object with UniqueID: 9e3c26d3-2fd2-49cd-b644-ff0bf4e0e01c
info: Included new object 'Ribpanel2' to fragment list
info: Creating Object with UniqueID: e31d9ace-fa64-4d22-a535-fae55be369cf
info: Included new object 'Ribpanel3' to fragment list
info: Creating Object with UniqueID: ca9090da-15bd-4e01-b2be-164e9518a87d
info: Included new object 'Ribpanel4' to fragment list
info: Creating Object with UniqueID: 58b6c41a-1b21-46ff-9726-bae063599b2f
info: Included new object 'Ribpanel5' to fragment list
info: Creating Object with UniqueID: 3f5a8f7d-39ce-4a62-bb78-f5530384abfa
info: Included new object 'BatFloor' to fragment list
info: Creating Object with UniqueID: c3301475-8229-4bb1-b60e-0685f572310b
info: Included new object 'IntRing' to fragment list
info: Creating Object with UniqueID: bca3f3ba-1ce7-4cca-a1ae-583496a30689
info: Included new object 'PropStr' to fragment list
info: Creating Object with UniqueID: 9e7d164a-03c6-443b-a8dd-67661cfc0a2d
info: Included new object 'Tank1' to fragment list
info: Creating Object with UniqueID: 3d841389-2064-480e-87b2-bedfd6570cd3
info: Included new object 'Tank2' to fragment list
info: Creating Object with UniqueID: b44d182e-cc26-4486-970c-ebf58aa27cc0
info: Included new object 'Tank3' to fragment list
info: Creating Object with UniqueID: 8d404d07-39cb-4bdd-be3e-90c64523e7f8
info: Included new object 'Tank4' to fragment list
info: Creating Object with UniqueID: ede47fd6-52f1-47c4-b4dc-efc11d542e23
info: Included new object 'ValvTran1' to fragment list
info: Creating Object with UniqueID: d434ed3a-2eb2-42cd-9156-a61e1e3e9de8
info: Included new object 'ValvTran2' to fragment list
info: Creating Object with UniqueID: e3e44d35-027b-4caf-a9ef-a1f6bd2be195
info: Included new object 'ValvTran3' to fragment list
info: Creating Object with UniqueID: e09ab47f-053d-4141-9264-f8406883a641
info: Included new object 'ValvTran4' to fragment list
info: Creating Object with UniqueID: 58838c96-18ea-434d-800d-53cb3df3f2e4
info: Included new object 'ValvTran5' to fragment list
info: Creating Object with UniqueID: 87c6b95c-c224-448c-87c5-2d4715000bb0
info: Included new object 'ValvTran6' to fragment list
info: Creating Object with UniqueID: 1ad2f9ff-fe8a-46ef-a8f9-205220abdfe0
info: Included new object 'Battery1' to fragment list
info: Creating Object with UniqueID: 84b286ec-9706-4b76-a6d4-680730125719
info: Included new object 'Battery1-Internal' to fragment list
info: Creating Object with UniqueID: 5f1e2153-5905-45f9-a31e-e6178b321fa2
info: Included new object 'Battery2' to fragment list
info: Creating Object with UniqueID: 5be38dbb-9613-4029-8b3a-b498255675e4
info: Included new object 'Battery2-Internal' to fragment list
info: Creating Object with UniqueID: d62ffb09-5716-42d4-9382-65e4c7f6ab3a
info: Included new object 'Battery3' to fragment list
info: Creating Object with UniqueID: 08cfbcac-d179-4dd9-b7a8-2a67780b74c3
info: Included new object 'Battery3-Internal' to fragment list
info: Creating Object with UniqueID: 5650f82c-a8f5-4122-9599-3bc5b665f544
info: Included new object 'Battery4' to fragment list
info: Creating Object with UniqueID: 401bb612-2bc0-44d9-96ce-e323c7e90de9
info: Included new object 'Battery4-Internal' to fragment list
info: Creating Object with UniqueID: add9fe66-608e-4d9e-8747-8ace1c56ec7e
info: Included new object 'Battery5' to fragment list
info: Creating Object with UniqueID: 20af93ad-5ebd-46c6-a4f2-3685f2c0e808
info: Included new object 'Battery5-Internal' to fragment list
info: Creating Object with UniqueID: a8c52bba-8078-4fb0-94fe-07d876624d0a
info: Included new object 'PLM' to fragment list
info: Creating Object with UniqueID: 4493b82b-537f-484f-a043-f11b7218cd9a
info: Included new object 'MHS-MPU' to fragment list
info: Creating Object with UniqueID: bccfff9a-9117-41e8-934d-f2f5d29f1e79
info: Included new object 'MHS-MPU-internal' to fragment list
info: Creating Object with UniqueID: 8f0e4793-b4fc-4da0-a3c0-3b9bdd107b54
info: Included new object 'MHS-DBU' to fragment list
info: Creating Object with UniqueID: dc87ebbf-2446-4c40-82dd-b8ddb8f1792f
info: Included new object 'ASCATEPC1' to fragment list
info: Creating Object with UniqueID: 2622fa08-adbb-4190-a652-7df2c8d0e121
info: Included new object 'ASCATEPC1-internal' to fragment list
info: Creating Object with UniqueID: 920c5867-100c-49f7-9a2c-7ed8aabaa7d7
info: Included new object 'ASCATEPC2' to fragment list
info: Creating Object with UniqueID: f540ee8e-8f74-4412-be6c-2f8cd56cf0ec
info: Included new object 'ASCATEPC2-internal' to fragment list
info: Creating Object with UniqueID: 4d596ab3-b5ce-4370-977f-1a8802bcf123
info: Included new object 'ASCATSSP1' to fragment list
info: Creating Object with UniqueID: d9317e02-26d0-4830-8c01-9ebc2ef0f4b3
info: Included new object 'ASCATSSP2' to fragment list
info: Creating Object with UniqueID: e451289e-5733-4b98-b37f-782c24ac28c2
info: Included new object 'ASCATHRS' to fragment list
info: Creating Object with UniqueID: 83dad51f-37d0-4124-9403-f580da4ebf8a
info: Included new object 'PMC1' to fragment list
info: Creating Object with UniqueID: dc2e6f52-c5a9-428b-98b3-1079deb95298
info: Included new object 'PMC1-internal' to fragment list
info: Creating Object with UniqueID: a261a43f-3462-49fe-84c0-84b2b962f6cc
info: Included new object 'PMC2' to fragment list
info: Creating Object with UniqueID: cd804e82-b086-4b5e-9554-a6d5a8e0c269
info: Included new object 'PMC2-internal' to fragment list
info: Creating Object with UniqueID: 37f2a36b-037c-4601-9860-d38c96cfe837
info: Included new object 'PDU1' to fragment list
info: Creating Object with UniqueID: 6d9ff6a9-d7ca-4720-bf90-516d7349c993
info: Included new object 'PDU1-internal' to fragment list
info: Creating Object with UniqueID: ac05789d-ceab-4104-872c-4ee319af1a22
info: Included new object 'PDU2' to fragment list
info: Creating Object with UniqueID: 03150939-69bd-458d-8058-caff2c4ea0c9
info: Included new object 'PDU2-internal' to fragment list
info: Creating Object with UniqueID: 35fe65c9-d736-4b8e-8f98-c94b442186cd
info: Included new object 'RFCU1' to fragment list
info: Creating Object with UniqueID: 03d80678-6f38-48b9-b979-dc9107292c5a
info: Included new object 'RFCU2' to fragment list
info: Creating Object with UniqueID: cca2ac02-e211-405c-b716-e6c1cd129c79
info: Included new object 'RFCU3' to fragment list
info: Creating Object with UniqueID: 17647099-9fb9-40b7-806d-bf0f8fac8fec
info: Included new object 'RFCU4' to fragment list
info: Creating Object with UniqueID: aaea633f-d320-4f1f-a46f-cc29fcbe07d0
info: Included new object 'RFCU5' to fragment list
info: Creating Object with UniqueID: 0e4d15da-49b2-41fa-98b0-a5585fd78673
info: Included new object 'RTU' to fragment list
info: Creating Object with UniqueID: d59415d8-a001-4fcb-a193-705b75585286
info: Included new object 'RTU-internal' to fragment list
info: Creating Object with UniqueID: 1d8e383c-f44d-4ee9-9c7c-6404be09785b
info: Included new object 'SLAFilt' to fragment list
info: Creating Object with UniqueID: ea1ec5f4-71bd-4969-a2c3-09fede1031de
info: Included new object 'SARP-3' to fragment list
info: Creating Object with UniqueID: 792e896a-aee6-4a79-8dde-e7ec1261d254
info: Included new object 'SARP-3-internal' to fragment list
info: Creating Object with UniqueID: 7e04c61e-3319-481b-af18-815f518ca060
info: Included new object 'SAR-Rx' to fragment list
info: Creating Object with UniqueID: 1dcdc0b7-5a99-4983-bf05-64fc5adb56cc
info: Included new object 'SAR-Rx-internal' to fragment list
info: Creating Object with UniqueID: 2174174d-8633-470f-81db-77add3252e0f
info: Included new object 'SAR-Tx' to fragment list
info: Creating Object with UniqueID: 5c9117c9-e7e8-4ac5-aaa0-a1bb250993c4
info: Included new object 'EPC1' to fragment list
info: Creating Object with UniqueID: c1df8c05-4d71-4dac-890b-8dfe07faebfd
info: Included new object 'EPC2' to fragment list
info: Creating Object with UniqueID: a96dc980-3752-485f-aa0d-ed740e37d25d
info: Included new object 'MOD1' to fragment list
info: Creating Object with UniqueID: 94042813-871f-46d9-8c75-bba5b9eefad3
info: Included new object 'MOD2' to fragment list
info: Creating Object with UniqueID: ca771f25-62f2-4bfd-8f54-cd4a023babb9
info: Included new object 'TWT1' to fragment list
info: Creating Object with UniqueID: 6341690f-7e4a-4f2f-b43f-0b599229e8bd
info: Included new object 'TWT2' to fragment list
info: Creating Object with UniqueID: dddb594c-b70e-477c-997f-a3cee0aabb6a
info: Included new object 'SRADipl' to fragment list
info: Creating Object with UniqueID: 54057886-ee13-4de3-b706-09335b907ef9
info: Included new object 'LNA1' to fragment list
info: Creating Object with UniqueID: a109f4b6-933c-4eb4-a666-ee614c3ccea0
info: Included new object 'LNA2' to fragment list
info: Creating Object with UniqueID: be162043-2e68-4301-8cb7-d976f931cb2e
info: Included new object 'UDAFilt' to fragment list
info: Creating Object with UniqueID: a1562f60-89d0-4c32-8df9-9e866690321b
info: Included new object 'DBU1' to fragment list
info: Creating Object with UniqueID: afbd0b58-1f59-4fce-b54e-124fe1757b32
info: Included new object 'DBU2' to fragment list
info: Creating Object with UniqueID: 722b4cf1-1310-4628-9486-22f4fa9b6c8f
info: Included new object 'DBU3' to fragment list
info: Creating Object with UniqueID: 3ffb2aa0-ae2b-4fa1-a710-82ae67847b75
info: Included new object 'DBU4' to fragment list
info: Creating Object with UniqueID: d4b1a285-ba8d-4058-8c58-0b7606d876b2
info: Included new object 'DBU5' to fragment list
info: Creating Object with UniqueID: 7b23cf75-49aa-4269-b7bf-5e9d45bc1f5f
info: Included new object 'ASCATRFU1' to fragment list
info: Creating Object with UniqueID: 2fbd2027-dca6-4c81-96a5-d16370765a92
info: Included new object 'ASCATRFU1-internal' to fragment list
info: Creating Object with UniqueID: ca777b00-e3d2-4e6c-8afa-c1257614e57c
info: Included new object 'ASCATRFU2' to fragment list
info: Creating Object with UniqueID: b4629894-68e0-430d-96b4-302f95184b87
info: Included new object 'ASCATRFU2-internal' to fragment list
info: Creating Object with UniqueID: 793e2de2-3c73-4ec5-9159-6715937b7cbe
info: Included new object 'IASI-DPS' to fragment list
info: Creating Object with UniqueID: 122eb294-6444-456e-9a34-b927575ac0d3
info: Included new object 'IASI-DPS-internal' to fragment list
info: Creating Object with UniqueID: 5e7648dc-e783-4bff-828d-ce1c7dd5f7ad
info: Included new object 'RFCU' to fragment list
info: Creating Object with UniqueID: 48e437f7-524f-4623-953b-871dd238a6a6
info: Included new object 'IASI-IMS' to fragment list
info: Creating Object with UniqueID: 4c90b642-dc9f-481d-89b1-f740beeca2a8
info: Included new object 'IASI-IMS-internal' to fragment list
info: Creating Object with UniqueID: bd7f8fe5-b32a-460c-b396-4790d4115078
info: Included new object 'DPU-SEM' to fragment list
info: Creating Object with UniqueID: 18188eff-2b92-455e-a3f4-fa1e2c162e7d
info: Included new object 'DPU-SEM-internal' to fragment list
info: Creating Object with UniqueID: ec290029-8b8b-41f1-84b5-0156600c4465
info: Included new object 'PCU' to fragment list
info: Creating Object with UniqueID: 2c7ac34c-7ef6-4bb5-8b4f-9f474c250573
info: Included new object 'PCU-internal' to fragment list
info: Creating Object with UniqueID: 5730fc2c-e436-4d0d-8aff-7db103d50d08
info: Included new object 'TCU' to fragment list
info: Creating Object with UniqueID: 00bcb475-9d93-4ea9-bf21-a95c5c8f92db
info: Included new object 'TCU-internal' to fragment list
info: Creating Object with UniqueID: 8c6e4d00-4ff8-4a89-ba8f-3af08b2a8d80
info: Included new object 'FMU1' to fragment list
info: Creating Object with UniqueID: d48a1d8d-51ba-40f2-b422-84fe47391013
info: Included new object 'FMU2' to fragment list
info: Creating Object with UniqueID: d83a9294-4d46-4254-ace5-ff9fae05622a
info: Included new object 'SSR' to fragment list
info: Creating Object with UniqueID: 5a61b908-b1a2-4a5d-aa6a-3bb5de02b2e1
info: Included new object 'SSR-internal' to fragment list
info: Creating Object with UniqueID: e2f95e2d-87da-419c-9e0a-23294d603d7d
info: Included new object 'NIU' to fragment list
info: Creating Object with UniqueID: c2ab41aa-4d29-4562-881d-250dc4304964
info: Included new object 'NIU-internal' to fragment list
info: Creating Object with UniqueID: 763a5740-f52b-4032-a209-7105dc417fab
info: Included new object 'L-SSPA1' to fragment list
info: Creating Object with UniqueID: 4b304909-5d7f-4f20-91a7-3bd1c56ace98
info: Included new object 'L-SSPA2' to fragment list
info: Creating Object with UniqueID: 83aefc6e-b733-489f-8bff-5aa78232a652
info: Included new object 'LH-MOD1' to fragment list
info: Creating Object with UniqueID: f7ebcbcd-3269-482a-b7d7-cbbdd52f58a3
info: Included new object 'LH-MOD2' to fragment list
info: Creating Object with UniqueID: b25dc4d9-13c8-482a-a299-dd01fd08ebdb
info: Included new object 'H-SSPA1' to fragment list
info: Creating Object with UniqueID: 50035c84-d1c9-41bb-82a1-2b10a91569f0
info: Included new object 'H-SSPA2' to fragment list
info: Creating Object with UniqueID: 6be146fd-6b3d-48d2-8140-ddc02a7b864d
info: Included new object 'ADCS-RPU' to fragment list
info: Creating Object with UniqueID: 4b346112-6fa3-4fb4-9c45-23962cc2bdaf
info: Included new object 'ADCS-RPU-internal' to fragment list
info: Creating Object with UniqueID: 7f55c236-864e-40ed-87fc-4a26da0a0229
info: Included new object 'ADCS-TXU' to fragment list
info: Creating Object with UniqueID: 8fb80bdc-9527-4c99-a844-ed98ae3af01e
info: Included new object 'ADCS-TXU-internal' to fragment list
info: Creating Object with UniqueID: 3e3557b4-6663-48e9-990d-b3153e71579a
info: Included new object 'GRAS-GEU' to fragment list
info: Creating Object with UniqueID: c5c7c6a5-c37c-4edb-82c0-29b8a4eedfd7
info: Included new object 'GRAS-GEU-internal' to fragment list
info: Creating Object with UniqueID: 9bc2cd0a-edc1-4207-b092-33d16198b231
info: Included new object 'ASCATICU1' to fragment list
info: Creating Object with UniqueID: 31b09dff-babf-48dd-ad99-ac5aef3469e6
info: Included new object 'ASCATICU2' to fragment list
info: Creating Object with UniqueID: 50b225ea-27a3-4948-ba7e-9eb0aaa2833f
info: Included new object 'ASCATDPU1' to fragment list
info: Creating Object with UniqueID: 12c176cb-6d99-4ed9-b863-4489f06050e1
info: Included new object 'ASCATDPU1-internal' to fragment list
info: Creating Object with UniqueID: 52086079-11dd-4ba5-86f1-ac04d0947720
info: Included new object 'ASCATDPU2' to fragment list
info: Creating Object with UniqueID: 4c723066-bc05-41f7-a3c9-a43fed6bd09a
info: Included new object 'ASCATDPU2-internal' to fragment list
info: Creating Object with UniqueID: 429cbd40-c6c5-43fd-b460-fc5cd243292f
info: Included new object 'IASI' to fragment list
info: Creating Object with UniqueID: ae599747-ecf5-4232-aa46-521c56c71902
info: Included new object 'Cylind1' to fragment list
info: Creating Object with UniqueID: 5e2ba905-2d33-4714-9e11-8737eed848d1
info: Included new object 'Cylind2' to fragment list
info: Creating Object with UniqueID: 96053455-f40c-41f0-a511-c27a3d1ac7f2
info: Included new object 'SheWallY1' to fragment list
info: Creating Object with UniqueID: 7059b08a-c312-4b65-94ec-4f9a27039aff
info: Included new object 'SheWallY2' to fragment list
info: Creating Object with UniqueID: 5a728766-3fb7-4ba3-b682-c61b4be6dca8
info: Included new object 'SheWallY3' to fragment list
info: Creating Object with UniqueID: a223b4fe-73fe-48b7-a127-0fefb89338e0
info: Included new object 'SheWallY4' to fragment list
info: Creating Object with UniqueID: 59583a85-bcfd-47ed-bdab-daa3f7c171bf
info: Included new object 'SheWallZ1' to fragment list
info: Creating Object with UniqueID: 96825daa-1189-41a4-8029-c7f260f99328
info: Included new object 'SheWallZ2' to fragment list
info: Handling of inclusions
info: inclusion with parent ID: 4430b541-1512-4ce1-8d43-c641d490e577
info: childID: 3cecd9af-b84c-463a-9918-027600ab7a28
info: childID: fd99f765-a3fa-468b-bcd5-016d167f3fbf
info: childID: 30601a1f-e611-4a72-8c68-0ba8610c2e29
info: childID: 37335509-7a26-4e33-8286-b58da32b5558
info: childID: 3643ab44-f912-4884-babe-b7c09067369a
info: childID: 64b02e72-4243-475a-a0f7-8c6fa719a799
info: childID: 58c3bdfd-4512-4407-8fd3-89664a00dd56
info: childID: f1c16680-da40-4038-85b6-afd9b8962bbf
info: childID: 68243c07-bf67-48dd-a108-e7887f700348
info: childID: 6b65f60c-f3de-4858-8692-c9b8da4d7420
info: childID: 4e7a4b59-cee7-44f5-ae91-a119ddf2194d
info: childID: 6d068f8c-42c1-4e67-8a34-0e2d5d014c75
info: childID: 08f70220-a2ed-4614-8a03-7ee53d774fd8
info: childID: e6de9af4-9b9e-438c-9f5f-4f5d2d97b59e
info: childID: f120bce6-ee18-485a-95c4-14304c34293c
info: childID: 4c87b281-88d9-47ea-ba35-3c43a092e79b
info: childID: ff0691b0-9eec-427c-aca7-0945f2dbf535
info: childID: fe133580-a71f-4b46-ac90-7df387aa120d
info: childID: 43089cf7-03c5-4130-a53f-e1761f4b1c62
info: childID: d5048910-9fae-46a6-bc06-68f2fe96939e
info: childID: 049e68a2-6063-4a2e-b6f1-5aa39107fb56
info: childID: 53b0fa25-337a-4801-adfb-b655009abdda
info: childID: c24a38cf-ff8c-4cde-a033-d25fec03e6c6
info: childID: 1c6e2a4b-455a-40f6-847c-93a50aad2901
info: childID: f492f331-b2d3-4479-8af7-582adf808112
info: childID: f7acf7c6-ccd2-4fc7-a596-8e3599a1dcc5
info: childID: 5feabfca-0490-48e9-91dc-79fdc5a134a5
info: childID: 0b1661d3-c0c1-4f6a-a6d1-2a5db00bda4f
info: childID: 7a44a685-ffd8-43e7-b137-a97750163298
info: childID: 2e87c0ee-756b-4448-815f-fa04e03fb958
info: childID: 3b252b2a-d37f-42cc-b3d0-c66451d5a10e
info: childID: b780d3fd-f6d3-4fe4-9213-52c680cd507b
info: childID: 37f2601a-bcea-4ac9-a273-b5e54ee7b8ce
info: childID: a62cc748-c9ce-417e-934a-fca18bb1acd7
info: childID: 3c98b668-d3c6-4e6c-9b25-feb7c56786a3
info: childID: 77d47b62-c869-4b6f-a4c0-5973fed2ce1b
info: childID: 6094c339-cbad-4f0b-acf1-bf8d9925b55e
info: childID: fdc2bf45-208d-4956-ba49-3de42686e018
info: childID: b1918ad3-a023-4f41-b015-4e42f20225e3
info: childID: a6bfcbfa-60aa-4e7a-bf6f-ed921bdc8db6
info: childID: 883e64dd-f62a-4f0f-b648-6335de21ffe8
info: childID: 9e3c26d3-2fd2-49cd-b644-ff0bf4e0e01c
info: childID: e31d9ace-fa64-4d22-a535-fae55be369cf
info: childID: ca9090da-15bd-4e01-b2be-164e9518a87d
info: childID: 58b6c41a-1b21-46ff-9726-bae063599b2f
info: childID: 3f5a8f7d-39ce-4a62-bb78-f5530384abfa
info: childID: c3301475-8229-4bb1-b60e-0685f572310b
info: childID: bca3f3ba-1ce7-4cca-a1ae-583496a30689
info: childID: 9e7d164a-03c6-443b-a8dd-67661cfc0a2d
info: childID: 3d841389-2064-480e-87b2-bedfd6570cd3
info: childID: b44d182e-cc26-4486-970c-ebf58aa27cc0
info: childID: 8d404d07-39cb-4bdd-be3e-90c64523e7f8
info: childID: ede47fd6-52f1-47c4-b4dc-efc11d542e23
info: childID: d434ed3a-2eb2-42cd-9156-a61e1e3e9de8
info: childID: e3e44d35-027b-4caf-a9ef-a1f6bd2be195
info: childID: e09ab47f-053d-4141-9264-f8406883a641
info: childID: 58838c96-18ea-434d-800d-53cb3df3f2e4
info: childID: 87c6b95c-c224-448c-87c5-2d4715000bb0
info: childID: 1ad2f9ff-fe8a-46ef-a8f9-205220abdfe0
info: childID: 5f1e2153-5905-45f9-a31e-e6178b321fa2
info: childID: d62ffb09-5716-42d4-9382-65e4c7f6ab3a
info: childID: 5650f82c-a8f5-4122-9599-3bc5b665f544
info: childID: add9fe66-608e-4d9e-8747-8ace1c56ec7e
info: Setting-up break-up triggers
info: Found breakUpTriggers for parent 4430b541-1512-4ce1-8d43-c641d490e577
info: Setting breakUp altitude for parent 4430b541-1512-4ce1-8d43-c641d490e577 to 78000.100000
info: inclusion with parent ID: 3cecd9af-b84c-463a-9918-027600ab7a28
info: childID: 5bacc617-4464-48a2-83cf-6fc1f26debe1
info: Setting-up break-up triggers
info: inclusion with parent ID: fd99f765-a3fa-468b-bcd5-016d167f3fbf
info: childID: a4ad07b7-4942-4549-a032-e30cb8335b15
info: Setting-up break-up triggers
info: inclusion with parent ID: 64b02e72-4243-475a-a0f7-8c6fa719a799
info: childID: 90ca8adc-c94c-4d14-90d9-b6129423ce10
info: Setting-up break-up triggers
info: inclusion with parent ID: f1c16680-da40-4038-85b6-afd9b8962bbf
info: childID: e993bb4e-86ad-4974-892d-812c328dd123
info: Setting-up break-up triggers
info: inclusion with parent ID: 68243c07-bf67-48dd-a108-e7887f700348
info: childID: 18640ad2-7a65-4804-b9ff-39c7f5f01c19
info: Setting-up break-up triggers
info: inclusion with parent ID: 4e7a4b59-cee7-44f5-ae91-a119ddf2194d
info: childID: e95fb00d-0612-45b8-8e8e-80e421fe680b
info: Setting-up break-up triggers
info: inclusion with parent ID: 6d068f8c-42c1-4e67-8a34-0e2d5d014c75
info: childID: 4c707658-3801-43cf-b238-692903c62d74
info: Setting-up break-up triggers
info: inclusion with parent ID: f120bce6-ee18-485a-95c4-14304c34293c
info: childID: 5c21536a-0e84-43a2-8d79-67e5144db0fe
info: Setting-up break-up triggers
info: inclusion with parent ID: 4c87b281-88d9-47ea-ba35-3c43a092e79b
info: childID: 744a2caf-92f7-41cb-ae64-9d42bf09dae9
info: Setting-up break-up triggers
info: inclusion with parent ID: ff0691b0-9eec-427c-aca7-0945f2dbf535
info: childID: c69822fa-e85e-4556-ac1d-df65390206fe
info: Setting-up break-up triggers
info: inclusion with parent ID: fe133580-a71f-4b46-ac90-7df387aa120d
info: childID: 3c6906cb-7f1e-4e8f-b3d1-3bb537bf4e8d
info: Setting-up break-up triggers
info: inclusion with parent ID: d5048910-9fae-46a6-bc06-68f2fe96939e
info: childID: a0c88fb0-24e0-4b3e-822e-1f368f29f966
info: Setting-up break-up triggers
info: inclusion with parent ID: 049e68a2-6063-4a2e-b6f1-5aa39107fb56
info: childID: 30623271-c50e-43a6-b8ba-4335d896856c
info: Setting-up break-up triggers
info: inclusion with parent ID: f7acf7c6-ccd2-4fc7-a596-8e3599a1dcc5
info: childID: 527057a7-0dc1-4411-a9f9-d4ac6fbbdcd5
info: Setting-up break-up triggers
info: inclusion with parent ID: 5feabfca-0490-48e9-91dc-79fdc5a134a5
info: childID: 40fdfd8c-e723-4faa-9e1f-5f012fbe443a
info: Setting-up break-up triggers
info: inclusion with parent ID: 1ad2f9ff-fe8a-46ef-a8f9-205220abdfe0
info: childID: 84b286ec-9706-4b76-a6d4-680730125719
info: Setting-up break-up triggers
info: inclusion with parent ID: 5f1e2153-5905-45f9-a31e-e6178b321fa2
info: childID: 5be38dbb-9613-4029-8b3a-b498255675e4
info: Setting-up break-up triggers
info: inclusion with parent ID: d62ffb09-5716-42d4-9382-65e4c7f6ab3a
info: childID: 08cfbcac-d179-4dd9-b7a8-2a67780b74c3
info: Setting-up break-up triggers
info: inclusion with parent ID: 5650f82c-a8f5-4122-9599-3bc5b665f544
info: childID: 401bb612-2bc0-44d9-96ce-e323c7e90de9
info: Setting-up break-up triggers
info: inclusion with parent ID: add9fe66-608e-4d9e-8747-8ace1c56ec7e
info: childID: 20af93ad-5ebd-46c6-a4f2-3685f2c0e808
info: Setting-up break-up triggers
info: inclusion with parent ID: a8c52bba-8078-4fb0-94fe-07d876624d0a
info: childID: 4493b82b-537f-484f-a043-f11b7218cd9a
info: childID: 8f0e4793-b4fc-4da0-a3c0-3b9bdd107b54
info: childID: dc87ebbf-2446-4c40-82dd-b8ddb8f1792f
info: childID: 920c5867-100c-49f7-9a2c-7ed8aabaa7d7
info: childID: 4d596ab3-b5ce-4370-977f-1a8802bcf123
info: childID: d9317e02-26d0-4830-8c01-9ebc2ef0f4b3
info: childID: e451289e-5733-4b98-b37f-782c24ac28c2
info: childID: 83dad51f-37d0-4124-9403-f580da4ebf8a
info: childID: a261a43f-3462-49fe-84c0-84b2b962f6cc
info: childID: 37f2a36b-037c-4601-9860-d38c96cfe837
info: childID: ac05789d-ceab-4104-872c-4ee319af1a22
info: childID: 35fe65c9-d736-4b8e-8f98-c94b442186cd
info: childID: 03d80678-6f38-48b9-b979-dc9107292c5a
info: childID: cca2ac02-e211-405c-b716-e6c1cd129c79
info: childID: 17647099-9fb9-40b7-806d-bf0f8fac8fec
info: childID: aaea633f-d320-4f1f-a46f-cc29fcbe07d0
info: childID: 0e4d15da-49b2-41fa-98b0-a5585fd78673
info: childID: 1d8e383c-f44d-4ee9-9c7c-6404be09785b
info: childID: ea1ec5f4-71bd-4969-a2c3-09fede1031de
info: childID: 7e04c61e-3319-481b-af18-815f518ca060
info: childID: 2174174d-8633-470f-81db-77add3252e0f
info: childID: 5c9117c9-e7e8-4ac5-aaa0-a1bb250993c4
info: childID: c1df8c05-4d71-4dac-890b-8dfe07faebfd
info: childID: a96dc980-3752-485f-aa0d-ed740e37d25d
info: childID: 94042813-871f-46d9-8c75-bba5b9eefad3
info: childID: ca771f25-62f2-4bfd-8f54-cd4a023babb9
info: childID: 6341690f-7e4a-4f2f-b43f-0b599229e8bd
info: childID: dddb594c-b70e-477c-997f-a3cee0aabb6a
info: childID: 54057886-ee13-4de3-b706-09335b907ef9
info: childID: a109f4b6-933c-4eb4-a666-ee614c3ccea0
info: childID: be162043-2e68-4301-8cb7-d976f931cb2e
info: childID: a1562f60-89d0-4c32-8df9-9e866690321b
info: childID: afbd0b58-1f59-4fce-b54e-124fe1757b32
info: childID: 722b4cf1-1310-4628-9486-22f4fa9b6c8f
info: childID: 3ffb2aa0-ae2b-4fa1-a710-82ae67847b75
info: childID: d4b1a285-ba8d-4058-8c58-0b7606d876b2
info: childID: 7b23cf75-49aa-4269-b7bf-5e9d45bc1f5f
info: childID: ca777b00-e3d2-4e6c-8afa-c1257614e57c
info: childID: 793e2de2-3c73-4ec5-9159-6715937b7cbe
info: childID: 5e7648dc-e783-4bff-828d-ce1c7dd5f7ad
info: childID: 48e437f7-524f-4623-953b-871dd238a6a6
info: childID: bd7f8fe5-b32a-460c-b396-4790d4115078
info: childID: ec290029-8b8b-41f1-84b5-0156600c4465
info: childID: 5730fc2c-e436-4d0d-8aff-7db103d50d08
info: childID: 8c6e4d00-4ff8-4a89-ba8f-3af08b2a8d80
info: childID: d48a1d8d-51ba-40f2-b422-84fe47391013
info: childID: d83a9294-4d46-4254-ace5-ff9fae05622a
info: childID: e2f95e2d-87da-419c-9e0a-23294d603d7d
info: childID: 763a5740-f52b-4032-a209-7105dc417fab
info: childID: 4b304909-5d7f-4f20-91a7-3bd1c56ace98
info: childID: 83aefc6e-b733-489f-8bff-5aa78232a652
info: childID: f7ebcbcd-3269-482a-b7d7-cbbdd52f58a3
info: childID: b25dc4d9-13c8-482a-a299-dd01fd08ebdb
info: childID: 50035c84-d1c9-41bb-82a1-2b10a91569f0
info: childID: 6be146fd-6b3d-48d2-8140-ddc02a7b864d
info: childID: 7f55c236-864e-40ed-87fc-4a26da0a0229
info: childID: 3e3557b4-6663-48e9-990d-b3153e71579a
info: childID: 9bc2cd0a-edc1-4207-b092-33d16198b231
info: childID: 31b09dff-babf-48dd-ad99-ac5aef3469e6
info: childID: 50b225ea-27a3-4948-ba7e-9eb0aaa2833f
info: childID: 52086079-11dd-4ba5-86f1-ac04d0947720
info: childID: 429cbd40-c6c5-43fd-b460-fc5cd243292f
info: childID: ae599747-ecf5-4232-aa46-521c56c71902
info: childID: 5e2ba905-2d33-4714-9e11-8737eed848d1
info: childID: 96053455-f40c-41f0-a511-c27a3d1ac7f2
info: childID: 7059b08a-c312-4b65-94ec-4f9a27039aff
info: childID: 5a728766-3fb7-4ba3-b682-c61b4be6dca8
info: childID: a223b4fe-73fe-48b7-a127-0fefb89338e0
info: childID: 59583a85-bcfd-47ed-bdab-daa3f7c171bf
info: childID: 96825daa-1189-41a4-8029-c7f260f99328
info: Setting-up break-up triggers
info: inclusion with parent ID: 4493b82b-537f-484f-a043-f11b7218cd9a
info: childID: bccfff9a-9117-41e8-934d-f2f5d29f1e79
info: Setting-up break-up triggers
info: inclusion with parent ID: dc87ebbf-2446-4c40-82dd-b8ddb8f1792f
info: childID: 2622fa08-adbb-4190-a652-7df2c8d0e121
info: Setting-up break-up triggers
info: inclusion with parent ID: 920c5867-100c-49f7-9a2c-7ed8aabaa7d7
info: childID: f540ee8e-8f74-4412-be6c-2f8cd56cf0ec
info: Setting-up break-up triggers
info: inclusion with parent ID: 83dad51f-37d0-4124-9403-f580da4ebf8a
info: childID: dc2e6f52-c5a9-428b-98b3-1079deb95298
info: Setting-up break-up triggers
info: inclusion with parent ID: a261a43f-3462-49fe-84c0-84b2b962f6cc
info: childID: cd804e82-b086-4b5e-9554-a6d5a8e0c269
info: Setting-up break-up triggers
info: inclusion with parent ID: 37f2a36b-037c-4601-9860-d38c96cfe837
info: childID: 6d9ff6a9-d7ca-4720-bf90-516d7349c993
info: Setting-up break-up triggers
info: inclusion with parent ID: ac05789d-ceab-4104-872c-4ee319af1a22
info: childID: 03150939-69bd-458d-8058-caff2c4ea0c9
info: Setting-up break-up triggers
info: inclusion with parent ID: 0e4d15da-49b2-41fa-98b0-a5585fd78673
info: childID: d59415d8-a001-4fcb-a193-705b75585286
info: Setting-up break-up triggers
info: inclusion with parent ID: ea1ec5f4-71bd-4969-a2c3-09fede1031de
info: childID: 792e896a-aee6-4a79-8dde-e7ec1261d254
info: Setting-up break-up triggers
info: inclusion with parent ID: 7e04c61e-3319-481b-af18-815f518ca060
info: childID: 1dcdc0b7-5a99-4983-bf05-64fc5adb56cc
info: Setting-up break-up triggers
info: inclusion with parent ID: 7b23cf75-49aa-4269-b7bf-5e9d45bc1f5f
info: childID: 2fbd2027-dca6-4c81-96a5-d16370765a92
info: Setting-up break-up triggers
info: inclusion with parent ID: ca777b00-e3d2-4e6c-8afa-c1257614e57c
info: childID: b4629894-68e0-430d-96b4-302f95184b87
info: Setting-up break-up triggers
info: inclusion with parent ID: 793e2de2-3c73-4ec5-9159-6715937b7cbe
info: childID: 122eb294-6444-456e-9a34-b927575ac0d3
info: Setting-up break-up triggers
info: inclusion with parent ID: 48e437f7-524f-4623-953b-871dd238a6a6
info: childID: 4c90b642-dc9f-481d-89b1-f740beeca2a8
info: Setting-up break-up triggers
info: inclusion with parent ID: bd7f8fe5-b32a-460c-b396-4790d4115078
info: childID: 18188eff-2b92-455e-a3f4-fa1e2c162e7d
info: Setting-up break-up triggers
info: inclusion with parent ID: ec290029-8b8b-41f1-84b5-0156600c4465
info: childID: 2c7ac34c-7ef6-4bb5-8b4f-9f474c250573
info: Setting-up break-up triggers
info: inclusion with parent ID: 5730fc2c-e436-4d0d-8aff-7db103d50d08
info: childID: 00bcb475-9d93-4ea9-bf21-a95c5c8f92db
info: Setting-up break-up triggers
info: inclusion with parent ID: d83a9294-4d46-4254-ace5-ff9fae05622a
info: childID: 5a61b908-b1a2-4a5d-aa6a-3bb5de02b2e1
info: Setting-up break-up triggers
info: inclusion with parent ID: e2f95e2d-87da-419c-9e0a-23294d603d7d
info: childID: c2ab41aa-4d29-4562-881d-250dc4304964
info: Setting-up break-up triggers
info: inclusion with parent ID: 6be146fd-6b3d-48d2-8140-ddc02a7b864d
info: childID: 4b346112-6fa3-4fb4-9c45-23962cc2bdaf
info: Setting-up break-up triggers
info: inclusion with parent ID: 7f55c236-864e-40ed-87fc-4a26da0a0229
info: childID: 8fb80bdc-9527-4c99-a844-ed98ae3af01e
info: Setting-up break-up triggers
info: inclusion with parent ID: 3e3557b4-6663-48e9-990d-b3153e71579a
info: childID: c5c7c6a5-c37c-4edb-82c0-29b8a4eedfd7
info: Setting-up break-up triggers
info: inclusion with parent ID: 50b225ea-27a3-4948-ba7e-9eb0aaa2833f
info: childID: 12c176cb-6d99-4ed9-b863-4489f06050e1
info: Setting-up break-up triggers
info: inclusion with parent ID: 52086079-11dd-4ba5-86f1-ac04d0947720
info: childID: 4c723066-bc05-41f7-a3c9-a43fed6bd09a
info: Setting-up break-up triggers
info: Handling of connections
info: Using spacecraft mass calculated from objects hierarchy: 1291.570940
info: Testing for altitude above 139km with input State: system= 232132, epoch= 2016-11-01T12:00:00, elements= 6628.300000, 0.001000, 10.000000, 7.300000, 2.000000, 0.000000
info: Initial altitude above 139 km. Propagating with oscar.
info: starting CstateConvertToOscar with input State: system= 232132, epoch= 2016-11-01T12:00:00, elements= 6628.300000, 0.001000, 10.000000, 7.300000, 2.000000, 0.000000
info: starting PropagateWithOscar with input State: system= 231831, epoch= 2016-11-01T12:00:00, elements= 6628.007092, 0.000472, 10.030202, 8.220109, 180.443961, 179.971395
info: Propagation ended with State: system= 231831, epoch= 2016-11-08T14:48:18, elements= 6511.327800, 0.000143, 10.027530, 305.772180, 77.589030, 175.382550
info: Testing for altitude above 139km with input State: system= 231831, epoch= 2016-11-08T14:48:18, elements= 6511.327800, 0.000143, 10.027530, 305.772180, 77.589030, 175.382550
info: starting CstateConvertToHtgSesam with input State: system= 231831, epoch= 2016-11-08T14:48:18, elements= 6511.327800, 0.000143, 10.027530, 305.772180, 77.589030, 175.382550
info: Passing geodetic state below 139 km to sesam: State: system= 235102, epoch= 2016-11-08T14:48:17, elements= 125.028245, -9.991151, -70.923571, 7.368059, 0.003516, -3.021669
info: Using dynamic wind model HWM14.
info: Using dynamic atmosphere model NRLMSISI-00 with dynamic solar activity.
info: SESAM initialisation DONE.
info: SESAM propagation started
info: Starting propagation of Fragment with uniqueID 2586696812663314322.
info: EVENT area cd3cda18-3bf2-43c8-87a7-f735aa44d164 0.212087 1.808087 0.469197
info: EVENT area a8c52bba-8078-4fb0-94fe-07d876624d0a 2.381388 9.009276 1.057305
info: EVENT area 4430b541-1512-4ce1-8d43-c641d490e577 2.657517 11.075142 0.959813
info: EVENT area ac1d6f23-bede-4c15-9e4b-b7dab4e649d2 10.770923 40.171740 1.072488
info: EVENT start 2586696812663314322 1291.570940 16.021915 2016-11-08T14:48:17
info: Object ac1d6f23-bede-4c15-9e4b-b7dab4e649d2 demised.
info: EVENT object ac1d6f23-bede-4c15-9e4b-b7dab4e649d2 demise
info: Object ac1d6f23-bede-4c15-9e4b-b7dab4e649d2 reached end of life.
info: Compound 2586696812663314322 reached end of life because object ac1d6f23-bede-4c15-9e4b-b7dab4e649d2 reached end of life.
info: ObjectTrajectory Written: PySara.Compound_of-_IFring-PLM-SVM-SolarP.2586696812663314322_Trajectory.txt
info: GnuPlotGeneration::GenerateSingleObjectScript Wrote PySara.Compound_of-_IFring-PLM-SVM-SolarP.2586696812663314322.gnu
info: AeroThermalHistory Written: PySara._IFring.2586696812663314322_cd3cda18-3bf2-43c8-87a7-f735aa44d164_AeroThermalHistory.txt
info: AeroThermalHistory Written: PySara.PLM.2586696812663314322_a8c52bba-8078-4fb0-94fe-07d876624d0a_AeroThermalHistory.txt
info: AeroThermalHistory Written: PySara.SVM.2586696812663314322_4430b541-1512-4ce1-8d43-c641d490e577_AeroThermalHistory.txt
info: AeroThermalHistory Written: PySara.SolarP.2586696812663314322_ac1d6f23-bede-4c15-9e4b-b7dab4e649d2_AeroThermalHistory.txt
info: EVENT end 2586696812663314322 1261.580000
info: Object ac1d6f23-bede-4c15-9e4b-b7dab4e649d2 reached end of life.
info: Dropping Connection between ac1d6f23-bede-4c15-9e4b-b7dab4e649d2 and 4430b541-1512-4ce1-8d43-c641d490e577 because ac1d6f23-bede-4c15-9e4b-b7dab4e649d2 demised.
info: Adding 1 new fragments to fragmentList.
info: Starting propagation of Fragment with uniqueID 17068167775374247114.
info: EVENT area cd3cda18-3bf2-43c8-87a7-f735aa44d164 0.198418 1.808087 0.438957
info: EVENT area a8c52bba-8078-4fb0-94fe-07d876624d0a 2.251265 9.009276 0.999532
info: EVENT area 4430b541-1512-4ce1-8d43-c641d490e577 2.639035 11.075142 0.953138
info: EVENT start 17068167775374247114 1261.580000 5.088718 2016-11-08T15:24:07
info: Object 4430b541-1512-4ce1-8d43-c641d490e577 demised.
info: EVENT object 4430b541-1512-4ce1-8d43-c641d490e577 demise
info: Object 4430b541-1512-4ce1-8d43-c641d490e577 reached end of life.
info: Compound 17068167775374247114 reached end of life because object 4430b541-1512-4ce1-8d43-c641d490e577 reached end of life.
info: ObjectTrajectory Written: PySara.Compound_of-_IFring-PLM-SVM.17068167775374247114_Trajectory.txt
info: GnuPlotGeneration::GenerateSingleObjectScript Wrote PySara.Compound_of-_IFring-PLM-SVM.17068167775374247114.gnu
info: AeroThermalHistory Written: PySara._IFring.17068167775374247114_cd3cda18-3bf2-43c8-87a7-f735aa44d164_AeroThermalHistory.txt
info: AeroThermalHistory Written: PySara.PLM.17068167775374247114_a8c52bba-8078-4fb0-94fe-07d876624d0a_AeroThermalHistory.txt
info: AeroThermalHistory Written: PySara.SVM.17068167775374247114_4430b541-1512-4ce1-8d43-c641d490e577_AeroThermalHistory.txt
info: EVENT end 17068167775374247114 1201.161856
info: Object 4430b541-1512-4ce1-8d43-c641d490e577 reached end of life.
info: Dropping Connection between cd3cda18-3bf2-43c8-87a7-f735aa44d164 and 4430b541-1512-4ce1-8d43-c641d490e577 because 4430b541-1512-4ce1-8d43-c641d490e577 demised.
info: Adding 64 new fragments to fragmentList.
info: Starting propagation of Fragment with uniqueID 3cecd9af-b84c-463a-9918-027600ab7a28.
info: EVENT area 3cecd9af-b84c-463a-9918-027600ab7a28 0.172160
info: EVENT start 3cecd9af-b84c-463a-9918-027600ab7a28 23.350000 0.172160 2016-11-08T15:27:30
info: Object 3cecd9af-b84c-463a-9918-027600ab7a28 demised.
info: EVENT object 3cecd9af-b84c-463a-9918-027600ab7a28 demise
info: Object 3cecd9af-b84c-463a-9918-027600ab7a28 reached end of life.
info: ObjectTrajectory Written: PySara.RSJD.3cecd9af-b84c-463a-9918-027600ab7a28_Trajectory.txt
info: GnuPlotGeneration::GenerateSingleObjectScript Wrote PySara.RSJD.3cecd9af-b84c-463a-9918-027600ab7a28.gnu
info: AeroThermalHistory Written: PySara.RSJD.3cecd9af-b84c-463a-9918-027600ab7a28_AeroThermalHistory.txt
info: EVENT end 3cecd9af-b84c-463a-9918-027600ab7a28 10.185000
info: Adding 1 new fragments to fragmentList.
info: Starting propagation of Fragment with uniqueID fd99f765-a3fa-468b-bcd5-016d167f3fbf.
info: EVENT area fd99f765-a3fa-468b-bcd5-016d167f3fbf 0.101547
info: EVENT start fd99f765-a3fa-468b-bcd5-016d167f3fbf 14.050000 0.101547 2016-11-08T15:27:30
info: Object fd99f765-a3fa-468b-bcd5-016d167f3fbf demised.
info: EVENT object fd99f765-a3fa-468b-bcd5-016d167f3fbf demise
info: Object fd99f765-a3fa-468b-bcd5-016d167f3fbf reached end of life.
info: ObjectTrajectory Written: PySara.EIU.fd99f765-a3fa-468b-bcd5-016d167f3fbf_Trajectory.txt
info: GnuPlotGeneration::GenerateSingleObjectScript Wrote PySara.EIU.fd99f765-a3fa-468b-bcd5-016d167f3fbf.gnu
info: AeroThermalHistory Written: PySara.EIU.fd99f765-a3fa-468b-bcd5-016d167f3fbf_AeroThermalHistory.txt
info: EVENT end fd99f765-a3fa-468b-bcd5-016d167f3fbf 6.335000
info: Adding 1 new fragments to fragmentList.
info: Starting propagation of Fragment with uniqueID 30601a1f-e611-4a72-8c68-0ba8610c2e29.
info: EVENT area 30601a1f-e611-4a72-8c68-0ba8610c2e29 0.054061
info: EVENT start 30601a1f-e611-4a72-8c68-0ba8610c2e29 8.550000 0.054061 2016-11-08T15:27:30
info: Fragment 30601a1f-e611-4a72-8c68-0ba8610c2e29 reached end of life because of ground impact.
info: Object 30601a1f-e611-4a72-8c68-0ba8610c2e29 reached end of life.
info: EVENT fragment 30601a1f-e611-4a72-8c68-0ba8610c2e29 impact
info: ObjectTrajectory Written: PySara.RWheel1.30601a1f-e611-4a72-8c68-0ba8610c2e29_Trajectory.txt
info: GnuPlotGeneration::GenerateSingleObjectScript Wrote PySara.RWheel1.30601a1f-e611-4a72-8c68-0ba8610c2e29.gnu
info: AeroThermalHistory Written: PySara.RWheel1.30601a1f-e611-4a72-8c68-0ba8610c2e29_AeroThermalHistory.txt
info: EVENT end 30601a1f-e611-4a72-8c68-0ba8610c2e29 2.243227
info: Adding 0 new fragments to fragmentList.
info: Starting propagation of Fragment with uniqueID 37335509-7a26-4e33-8286-b58da32b5558.
info: EVENT area 37335509-7a26-4e33-8286-b58da32b5558 0.054061
info: EVENT start 37335509-7a26-4e33-8286-b58da32b5558 8.550000 0.054061 2016-11-08T15:27:30
info: Fragment 37335509-7a26-4e33-8286-b58da32b5558 reached end of life because of ground impact.
info: Object 37335509-7a26-4e33-8286-b58da32b5558 reached end of life.
info: EVENT fragment 37335509-7a26-4e33-8286-b58da32b5558 impact
info: ObjectTrajectory Written: PySara.RWheel2.37335509-7a26-4e33-8286-b58da32b5558_Trajectory.txt
info: GnuPlotGeneration::GenerateSingleObjectScript Wrote PySara.RWheel2.37335509-7a26-4e33-8286-b58da32b5558.gnu
info: AeroThermalHistory Written: PySara.RWheel2.37335509-7a26-4e33-8286-b58da32b5558_AeroThermalHistory.txt
info: EVENT end 37335509-7a26-4e33-8286-b58da32b5558 2.243227
info: Adding 0 new fragments to fragmentList.
info: Starting propagation of Fragment with uniqueID 3643ab44-f912-4884-babe-b7c09067369a.
info: EVENT area 3643ab44-f912-4884-babe-b7c09067369a 0.054061
info: EVENT start 3643ab44-f912-4884-babe-b7c09067369a 8.550000 0.054061 2016-11-08T15:27:30
info: Fragment 3643ab44-f912-4884-babe-b7c09067369a reached end of life because of ground impact.
info: Object 3643ab44-f912-4884-babe-b7c09067369a reached end of life.
info: EVENT fragment 3643ab44-f912-4884-babe-b7c09067369a impact
info: ObjectTrajectory Written: PySara.RWheel3.3643ab44-f912-4884-babe-b7c09067369a_Trajectory.txt
info: GnuPlotGeneration::GenerateSingleObjectScript Wrote PySara.RWheel3.3643ab44-f912-4884-babe-b7c09067369a.gnu
info: AeroThermalHistory Written: PySara.RWheel3.3643ab44-f912-4884-babe-b7c09067369a_AeroThermalHistory.txt
info: EVENT end 3643ab44-f912-4884-babe-b7c09067369a 2.243227
info: Adding 0 new fragments to fragmentList.
info: Starting propagation of Fragment with uniqueID 64b02e72-4243-475a-a0f7-8c6fa719a799.
info: EVENT area 64b02e72-4243-475a-a0f7-8c6fa719a799 0.027391
info: EVENT start 64b02e72-4243-475a-a0f7-8c6fa719a799 2.250000 0.027391 2016-11-08T15:27:30
info: Object 64b02e72-4243-475a-a0f7-8c6fa719a799 demised.
info: EVENT object 64b02e72-4243-475a-a0f7-8c6fa719a799 demise
info: Object 64b02e72-4243-475a-a0f7-8c6fa719a799 reached end of life.
info: ObjectTrajectory Written: PySara.SADME.64b02e72-4243-475a-a0f7-8c6fa719a799_Trajectory.txt
info: GnuPlotGeneration::GenerateSingleObjectScript Wrote PySara.SADME.64b02e72-4243-475a-a0f7-8c6fa719a799.gnu
info: AeroThermalHistory Written: PySara.SADME.64b02e72-4243-475a-a0f7-8c6fa719a799_AeroThermalHistory.txt
info: EVENT end 64b02e72-4243-475a-a0f7-8c6fa719a799 0.260000
info: Adding 1 new fragments to fragmentList.
info: Starting propagation of Fragment with uniqueID 58c3bdfd-4512-4407-8fd3-89664a00dd56.
info: EVENT area 58c3bdfd-4512-4407-8fd3-89664a00dd56 0.026261
info: EVENT start 58c3bdfd-4512-4407-8fd3-89664a00dd56 2.250000 0.026261 2016-11-08T15:27:30
info: Object 58c3bdfd-4512-4407-8fd3-89664a00dd56 demised.
info: EVENT object 58c3bdfd-4512-4407-8fd3-89664a00dd56 demise
info: Fragment 58c3bdfd-4512-4407-8fd3-89664a00dd56 reached end of life because uncritical.
info: Object 58c3bdfd-4512-4407-8fd3-89664a00dd56 reached end of life.
info: ObjectTrajectory Written: PySara.MAC-Y.58c3bdfd-4512-4407-8fd3-89664a00dd56_Trajectory.txt
info: GnuPlotGeneration::GenerateSingleObjectScript Wrote PySara.MAC-Y.58c3bdfd-4512-4407-8fd3-89664a00dd56.gnu
info: AeroThermalHistory Written: PySara.MAC-Y.58c3bdfd-4512-4407-8fd3-89664a00dd56_AeroThermalHistory.txt
info: EVENT end 58c3bdfd-4512-4407-8fd3-89664a00dd56 0.000000
info: Adding 0 new fragments to fragmentList.
info: Starting propagation of Fragment with uniqueID f1c16680-da40-4038-85b6-afd9b8962bbf.
info: EVENT area f1c16680-da40-4038-85b6-afd9b8962bbf 0.063000
info: EVENT start f1c16680-da40-4038-85b6-afd9b8962bbf 7.300000 0.063000 2016-11-08T15:27:30
info: Object f1c16680-da40-4038-85b6-afd9b8962bbf demised.
info: EVENT object f1c16680-da40-4038-85b6-afd9b8962bbf demise
info: Object f1c16680-da40-4038-85b6-afd9b8962bbf reached end of life.
info: ObjectTrajectory Written: PySara.CCU.f1c16680-da40-4038-85b6-afd9b8962bbf_Trajectory.txt
info: GnuPlotGeneration::GenerateSingleObjectScript Wrote PySara.CCU.f1c16680-da40-4038-85b6-afd9b8962bbf.gnu
info: AeroThermalHistory Written: PySara.CCU.f1c16680-da40-4038-85b6-afd9b8962bbf_AeroThermalHistory.txt
info: EVENT end f1c16680-da40-4038-85b6-afd9b8962bbf 2.575000
info: Adding 1 new fragments to fragmentList.
info: Starting propagation of Fragment with uniqueID 68243c07-bf67-48dd-a108-e7887f700348.
info: EVENT area 68243c07-bf67-48dd-a108-e7887f700348 0.069736
info: EVENT start 68243c07-bf67-48dd-a108-e7887f700348 9.000000 0.069736 2016-11-08T15:27:30
info: Object 68243c07-bf67-48dd-a108-e7887f700348 demised.
info: EVENT object 68243c07-bf67-48dd-a108-e7887f700348 demise
info: Object 68243c07-bf67-48dd-a108-e7887f700348 reached end of life.
info: ObjectTrajectory Written: PySara.BSP.68243c07-bf67-48dd-a108-e7887f700348_Trajectory.txt
info: GnuPlotGeneration::GenerateSingleObjectScript Wrote PySara.BSP.68243c07-bf67-48dd-a108-e7887f700348.gnu
info: AeroThermalHistory Written: PySara.BSP.68243c07-bf67-48dd-a108-e7887f700348_AeroThermalHistory.txt
info: EVENT end 68243c07-bf67-48dd-a108-e7887f700348 3.770000
info: Adding 1 new fragments to fragmentList.
info: Starting propagation of Fragment with uniqueID 6b65f60c-f3de-4858-8692-c9b8da4d7420.
info: EVENT area 6b65f60c-f3de-4858-8692-c9b8da4d7420 0.023029
info: EVENT start 6b65f60c-f3de-4858-8692-c9b8da4d7420 1.150000 0.023029 2016-11-08T15:27:30
info: Object 6b65f60c-f3de-4858-8692-c9b8da4d7420 demised.
info: EVENT object 6b65f60c-f3de-4858-8692-c9b8da4d7420 demise
info: Fragment 6b65f60c-f3de-4858-8692-c9b8da4d7420 reached end of life because uncritical.
info: Object 6b65f60c-f3de-4858-8692-c9b8da4d7420 reached end of life.
info: ObjectTrajectory Written: PySara.OBA.6b65f60c-f3de-4858-8692-c9b8da4d7420_Trajectory.txt
info: GnuPlotGeneration::GenerateSingleObjectScript Wrote PySara.OBA.6b65f60c-f3de-4858-8692-c9b8da4d7420.gnu
info: AeroThermalHistory Written: PySara.OBA.6b65f60c-f3de-4858-8692-c9b8da4d7420_AeroThermalHistory.txt
info: EVENT end 6b65f60c-f3de-4858-8692-c9b8da4d7420 0.000000
info: Adding 0 new fragments to fragmentList.
info: Starting propagation of Fragment with uniqueID 4e7a4b59-cee7-44f5-ae91-a119ddf2194d.
info: EVENT area 4e7a4b59-cee7-44f5-ae91-a119ddf2194d 0.037789
info: EVENT start 4e7a4b59-cee7-44f5-ae91-a119ddf2194d 4.200000 0.037789 2016-11-08T15:27:30
info: Object 4e7a4b59-cee7-44f5-ae91-a119ddf2194d demised.
info: EVENT object 4e7a4b59-cee7-44f5-ae91-a119ddf2194d demise
info: Object 4e7a4b59-cee7-44f5-ae91-a119ddf2194d reached end of life.
info: ObjectTrajectory Written: PySara.EDR.4e7a4b59-cee7-44f5-ae91-a119ddf2194d_Trajectory.txt
info: GnuPlotGeneration::GenerateSingleObjectScript Wrote PySara.EDR.4e7a4b59-cee7-44f5-ae91-a119ddf2194d.gnu
info: AeroThermalHistory Written: PySara.EDR.4e7a4b59-cee7-44f5-ae91-a119ddf2194d_AeroThermalHistory.txt
info: EVENT end 4e7a4b59-cee7-44f5-ae91-a119ddf2194d 1.405000
info: Adding 1 new fragments to fragmentList.
info: Starting propagation of Fragment with uniqueID 6d068f8c-42c1-4e67-8a34-0e2d5d014c75.
info: EVENT area 6d068f8c-42c1-4e67-8a34-0e2d5d014c75 0.064672
info: EVENT start 6d068f8c-42c1-4e67-8a34-0e2d5d014c75 7.550000 0.064672 2016-11-08T15:27:30
info: Object 6d068f8c-42c1-4e67-8a34-0e2d5d014c75 demised.
info: EVENT object 6d068f8c-42c1-4e67-8a34-0e2d5d014c75 demise
info: Object 6d068f8c-42c1-4e67-8a34-0e2d5d014c75 reached end of life.
info: ObjectTrajectory Written: PySara.EPRM.6d068f8c-42c1-4e67-8a34-0e2d5d014c75_Trajectory.txt
info: GnuPlotGeneration::GenerateSingleObjectScript Wrote PySara.EPRM.6d068f8c-42c1-4e67-8a34-0e2d5d014c75.gnu
info: AeroThermalHistory Written: PySara.EPRM.6d068f8c-42c1-4e67-8a34-0e2d5d014c75_AeroThermalHistory.txt
info: EVENT end 6d068f8c-42c1-4e67-8a34-0e2d5d014c75 2.695000
info: Adding 1 new fragments to fragmentList.
info: Starting propagation of Fragment with uniqueID 08f70220-a2ed-4614-8a03-7ee53d774fd8.
info: EVENT area 08f70220-a2ed-4614-8a03-7ee53d774fd8 0.025059
info: EVENT start 08f70220-a2ed-4614-8a03-7ee53d774fd8 1.300000 0.025059 2016-11-08T15:27:30
info: Object 08f70220-a2ed-4614-8a03-7ee53d774fd8 demised.
info: EVENT object 08f70220-a2ed-4614-8a03-7ee53d774fd8 demise
info: Fragment 08f70220-a2ed-4614-8a03-7ee53d774fd8 reached end of life because uncritical.
info: Object 08f70220-a2ed-4614-8a03-7ee53d774fd8 reached end of life.
info: ObjectTrajectory Written: PySara.TRSP1.08f70220-a2ed-4614-8a03-7ee53d774fd8_Trajectory.txt
info: GnuPlotGeneration::GenerateSingleObjectScript Wrote PySara.TRSP1.08f70220-a2ed-4614-8a03-7ee53d774fd8.gnu
info: AeroThermalHistory Written: PySara.TRSP1.08f70220-a2ed-4614-8a03-7ee53d774fd8_AeroThermalHistory.txt
info: EVENT end 08f70220-a2ed-4614-8a03-7ee53d774fd8 0.000000
info: Adding 0 new fragments to fragmentList.
info: Starting propagation of Fragment with uniqueID e6de9af4-9b9e-438c-9f5f-4f5d2d97b59e.
info: EVENT area e6de9af4-9b9e-438c-9f5f-4f5d2d97b59e 0.025059
info: EVENT start e6de9af4-9b9e-438c-9f5f-4f5d2d97b59e 1.300000 0.025059 2016-11-08T15:27:30
info: Object e6de9af4-9b9e-438c-9f5f-4f5d2d97b59e demised.
info: EVENT object e6de9af4-9b9e-438c-9f5f-4f5d2d97b59e demise
info: Fragment e6de9af4-9b9e-438c-9f5f-4f5d2d97b59e reached end of life because uncritical.
info: Object e6de9af4-9b9e-438c-9f5f-4f5d2d97b59e reached end of life.
info: ObjectTrajectory Written: PySara.TRSP2.e6de9af4-9b9e-438c-9f5f-4f5d2d97b59e_Trajectory.txt
info: GnuPlotGeneration::GenerateSingleObjectScript Wrote PySara.TRSP2.e6de9af4-9b9e-438c-9f5f-4f5d2d97b59e.gnu
info: AeroThermalHistory Written: PySara.TRSP2.e6de9af4-9b9e-438c-9f5f-4f5d2d97b59e_AeroThermalHistory.txt
info: EVENT end e6de9af4-9b9e-438c-9f5f-4f5d2d97b59e 0.000000
info: Adding 0 new fragments to fragmentList.
info: Starting propagation of Fragment with uniqueID f120bce6-ee18-485a-95c4-14304c34293c.
info: EVENT area f120bce6-ee18-485a-95c4-14304c34293c 0.019805
info: EVENT start f120bce6-ee18-485a-95c4-14304c34293c 2.250000 0.019805 2016-11-08T15:27:30
info: Object f120bce6-ee18-485a-95c4-14304c34293c demised.
info: EVENT object f120bce6-ee18-485a-95c4-14304c34293c demise
info: Object f120bce6-ee18-485a-95c4-14304c34293c reached end of life.
info: ObjectTrajectory Written: PySara.BEG1.f120bce6-ee18-485a-95c4-14304c34293c_Trajectory.txt
info: GnuPlotGeneration::GenerateSingleObjectScript Wrote PySara.BEG1.f120bce6-ee18-485a-95c4-14304c34293c.gnu
info: AeroThermalHistory Written: PySara.BEG1.f120bce6-ee18-485a-95c4-14304c34293c_AeroThermalHistory.txt
info: EVENT end f120bce6-ee18-485a-95c4-14304c34293c 0.820000
info: Adding 1 new fragments to fragmentList.
info: Starting propagation of Fragment with uniqueID 4c87b281-88d9-47ea-ba35-3c43a092e79b.
info: EVENT area 4c87b281-88d9-47ea-ba35-3c43a092e79b 0.019805
info: EVENT start 4c87b281-88d9-47ea-ba35-3c43a092e79b 2.250000 0.019805 2016-11-08T15:27:30
info: Object 4c87b281-88d9-47ea-ba35-3c43a092e79b demised.
info: EVENT object 4c87b281-88d9-47ea-ba35-3c43a092e79b demise
info: Object 4c87b281-88d9-47ea-ba35-3c43a092e79b reached end of life.
info: ObjectTrajectory Written: PySara.BEG2.4c87b281-88d9-47ea-ba35-3c43a092e79b_Trajectory.txt
info: GnuPlotGeneration::GenerateSingleObjectScript Wrote PySara.BEG2.4c87b281-88d9-47ea-ba35-3c43a092e79b.gnu
info: AeroThermalHistory Written: PySara.BEG2.4c87b281-88d9-47ea-ba35-3c43a092e79b_AeroThermalHistory.txt
info: EVENT end 4c87b281-88d9-47ea-ba35-3c43a092e79b 0.820000
info: Adding 1 new fragments to fragmentList.
info: Starting propagation of Fragment with uniqueID ff0691b0-9eec-427c-aca7-0945f2dbf535.
info: EVENT area ff0691b0-9eec-427c-aca7-0945f2dbf535 0.019805
info: EVENT start ff0691b0-9eec-427c-aca7-0945f2dbf535 2.250000 0.019805 2016-11-08T15:27:30
info: Object ff0691b0-9eec-427c-aca7-0945f2dbf535 demised.
info: EVENT object ff0691b0-9eec-427c-aca7-0945f2dbf535 demise
info: Object ff0691b0-9eec-427c-aca7-0945f2dbf535 reached end of life.
info: ObjectTrajectory Written: PySara.BEG3.ff0691b0-9eec-427c-aca7-0945f2dbf535_Trajectory.txt
info: GnuPlotGeneration::GenerateSingleObjectScript Wrote PySara.BEG3.ff0691b0-9eec-427c-aca7-0945f2dbf535.gnu
info: AeroThermalHistory Written: PySara.BEG3.ff0691b0-9eec-427c-aca7-0945f2dbf535_AeroThermalHistory.txt
info: EVENT end ff0691b0-9eec-427c-aca7-0945f2dbf535 0.820000
info: Adding 1 new fragments to fragmentList.
info: Starting propagation of Fragment with uniqueID fe133580-a71f-4b46-ac90-7df387aa120d.
info: EVENT area fe133580-a71f-4b46-ac90-7df387aa120d 0.019805
info: EVENT start fe133580-a71f-4b46-ac90-7df387aa120d 2.250000 0.019805 2016-11-08T15:27:30
info: Object fe133580-a71f-4b46-ac90-7df387aa120d demised.
info: EVENT object fe133580-a71f-4b46-ac90-7df387aa120d demise
info: Object fe133580-a71f-4b46-ac90-7df387aa120d reached end of life.
info: ObjectTrajectory Written: PySara.BEG4.fe133580-a71f-4b46-ac90-7df387aa120d_Trajectory.txt
info: GnuPlotGeneration::GenerateSingleObjectScript Wrote PySara.BEG4.fe133580-a71f-4b46-ac90-7df387aa120d.gnu
info: AeroThermalHistory Written: PySara.BEG4.fe133580-a71f-4b46-ac90-7df387aa120d_AeroThermalHistory.txt
info: EVENT end fe133580-a71f-4b46-ac90-7df387aa120d 0.820000
info: Adding 1 new fragments to fragmentList.
info: Starting propagation of Fragment with uniqueID 43089cf7-03c5-4130-a53f-e1761f4b1c62.
info: EVENT area 43089cf7-03c5-4130-a53f-e1761f4b1c62 0.040462
info: EVENT start 43089cf7-03c5-4130-a53f-e1761f4b1c62 4.400000 0.040462 2016-11-08T15:27:30
info: Object 43089cf7-03c5-4130-a53f-e1761f4b1c62 demised.
info: EVENT object 43089cf7-03c5-4130-a53f-e1761f4b1c62 demise
info: Fragment 43089cf7-03c5-4130-a53f-e1761f4b1c62 reached end of life because uncritical.
info: Object 43089cf7-03c5-4130-a53f-e1761f4b1c62 reached end of life.
info: ObjectTrajectory Written: PySara.Gyrosbl.43089cf7-03c5-4130-a53f-e1761f4b1c62_Trajectory.txt
info: GnuPlotGeneration::GenerateSingleObjectScript Wrote PySara.Gyrosbl.43089cf7-03c5-4130-a53f-e1761f4b1c62.gnu
info: AeroThermalHistory Written: PySara.Gyrosbl.43089cf7-03c5-4130-a53f-e1761f4b1c62_AeroThermalHistory.txt
info: EVENT end 43089cf7-03c5-4130-a53f-e1761f4b1c62 0.000000
info: Adding 0 new fragments to fragmentList.
info: Starting propagation of Fragment with uniqueID d5048910-9fae-46a6-bc06-68f2fe96939e.
info: EVENT area d5048910-9fae-46a6-bc06-68f2fe96939e 0.061888
info: EVENT start d5048910-9fae-46a6-bc06-68f2fe96939e 8.050000 0.061888 2016-11-08T15:27:30
info: Object d5048910-9fae-46a6-bc06-68f2fe96939e demised.
info: EVENT object d5048910-9fae-46a6-bc06-68f2fe96939e demise
info: Object d5048910-9fae-46a6-bc06-68f2fe96939e reached end of life.
info: ObjectTrajectory Written: PySara.T4S.d5048910-9fae-46a6-bc06-68f2fe96939e_Trajectory.txt
info: GnuPlotGeneration::GenerateSingleObjectScript Wrote PySara.T4S.d5048910-9fae-46a6-bc06-68f2fe96939e.gnu
info: AeroThermalHistory Written: PySara.T4S.d5048910-9fae-46a6-bc06-68f2fe96939e_AeroThermalHistory.txt
info: EVENT end d5048910-9fae-46a6-bc06-68f2fe96939e 3.415000
info: Adding 1 new fragments to fragmentList.
info: Starting propagation of Fragment with uniqueID 049e68a2-6063-4a2e-b6f1-5aa39107fb56.
info: EVENT area 049e68a2-6063-4a2e-b6f1-5aa39107fb56 0.118050
info: EVENT start 049e68a2-6063-4a2e-b6f1-5aa39107fb56 16.000000 0.118050 2016-11-08T15:27:30
info: Object 049e68a2-6063-4a2e-b6f1-5aa39107fb56 demised.
info: EVENT object 049e68a2-6063-4a2e-b6f1-5aa39107fb56 demise
info: Object 049e68a2-6063-4a2e-b6f1-5aa39107fb56 reached end of life.
info: ObjectTrajectory Written: PySara.EAIM.049e68a2-6063-4a2e-b6f1-5aa39107fb56_Trajectory.txt
info: GnuPlotGeneration::GenerateSingleObjectScript Wrote PySara.EAIM.049e68a2-6063-4a2e-b6f1-5aa39107fb56.gnu
info: AeroThermalHistory Written: PySara.EAIM.049e68a2-6063-4a2e-b6f1-5aa39107fb56_AeroThermalHistory.txt
info: EVENT end 049e68a2-6063-4a2e-b6f1-5aa39107fb56 7.025000
info: Adding 1 new fragments to fragmentList.
info: Starting propagation of Fragment with uniqueID 53b0fa25-337a-4801-adfb-b655009abdda.
info: EVENT area 53b0fa25-337a-4801-adfb-b655009abdda 0.082541
info: EVENT start 53b0fa25-337a-4801-adfb-b655009abdda 2.365000 0.082541 2016-11-08T15:27:30
info: Object 53b0fa25-337a-4801-adfb-b655009abdda demised.
info: EVENT object 53b0fa25-337a-4801-adfb-b655009abdda demise
info: Fragment 53b0fa25-337a-4801-adfb-b655009abdda reached end of life because uncritical.
info: Object 53b0fa25-337a-4801-adfb-b655009abdda reached end of life.
info: ObjectTrajectory Written: PySara.STD1.53b0fa25-337a-4801-adfb-b655009abdda_Trajectory.txt
info: GnuPlotGeneration::GenerateSingleObjectScript Wrote PySara.STD1.53b0fa25-337a-4801-adfb-b655009abdda.gnu
info: AeroThermalHistory Written: PySara.STD1.53b0fa25-337a-4801-adfb-b655009abdda_AeroThermalHistory.txt
info: EVENT end 53b0fa25-337a-4801-adfb-b655009abdda 0.000000
info: Adding 0 new fragments to fragmentList.
info: Starting propagation of Fragment with uniqueID c24a38cf-ff8c-4cde-a033-d25fec03e6c6.
info: EVENT area c24a38cf-ff8c-4cde-a033-d25fec03e6c6 0.082541
info: EVENT start c24a38cf-ff8c-4cde-a033-d25fec03e6c6 2.365000 0.082541 2016-11-08T15:27:30
info: Object c24a38cf-ff8c-4cde-a033-d25fec03e6c6 demised.
info: EVENT object c24a38cf-ff8c-4cde-a033-d25fec03e6c6 demise
info: Fragment c24a38cf-ff8c-4cde-a033-d25fec03e6c6 reached end of life because uncritical.
info: Object c24a38cf-ff8c-4cde-a033-d25fec03e6c6 reached end of life.
info: ObjectTrajectory Written: PySara.STD2.c24a38cf-ff8c-4cde-a033-d25fec03e6c6_Trajectory.txt
info: GnuPlotGeneration::GenerateSingleObjectScript Wrote PySara.STD2.c24a38cf-ff8c-4cde-a033-d25fec03e6c6.gnu
info: AeroThermalHistory Written: PySara.STD2.c24a38cf-ff8c-4cde-a033-d25fec03e6c6_AeroThermalHistory.txt
info: EVENT end c24a38cf-ff8c-4cde-a033-d25fec03e6c6 0.000000
info: Adding 0 new fragments to fragmentList.
info: Starting propagation of Fragment with uniqueID 1c6e2a4b-455a-40f6-847c-93a50aad2901.
info: EVENT area 1c6e2a4b-455a-40f6-847c-93a50aad2901 0.016171
info: EVENT start 1c6e2a4b-455a-40f6-847c-93a50aad2901 0.825000 0.016171 2016-11-08T15:27:30
info: Object 1c6e2a4b-455a-40f6-847c-93a50aad2901 demised.
info: EVENT object 1c6e2a4b-455a-40f6-847c-93a50aad2901 demise
info: Fragment 1c6e2a4b-455a-40f6-847c-93a50aad2901 reached end of life because uncritical.
info: Object 1c6e2a4b-455a-40f6-847c-93a50aad2901 reached end of life.
info: ObjectTrajectory Written: PySara.SSD1.1c6e2a4b-455a-40f6-847c-93a50aad2901_Trajectory.txt
info: GnuPlotGeneration::GenerateSingleObjectScript Wrote PySara.SSD1.1c6e2a4b-455a-40f6-847c-93a50aad2901.gnu
info: AeroThermalHistory Written: PySara.SSD1.1c6e2a4b-455a-40f6-847c-93a50aad2901_AeroThermalHistory.txt
info: EVENT end 1c6e2a4b-455a-40f6-847c-93a50aad2901 0.000000
info: Adding 0 new fragments to fragmentList.
info: Starting propagation of Fragment with uniqueID f492f331-b2d3-4479-8af7-582adf808112.
info: EVENT area f492f331-b2d3-4479-8af7-582adf808112 0.016171
info: EVENT start f492f331-b2d3-4479-8af7-582adf808112 0.825000 0.016171 2016-11-08T15:27:30
info: Object f492f331-b2d3-4479-8af7-582adf808112 demised.
info: EVENT object f492f331-b2d3-4479-8af7-582adf808112 demise
info: Fragment f492f331-b2d3-4479-8af7-582adf808112 reached end of life because uncritical.
info: Object f492f331-b2d3-4479-8af7-582adf808112 reached end of life.
info: ObjectTrajectory Written: PySara.SSD2.f492f331-b2d3-4479-8af7-582adf808112_Trajectory.txt
info: GnuPlotGeneration::GenerateSingleObjectScript Wrote PySara.SSD2.f492f331-b2d3-4479-8af7-582adf808112.gnu
info: AeroThermalHistory Written: PySara.SSD2.f492f331-b2d3-4479-8af7-582adf808112_AeroThermalHistory.txt
info: EVENT end f492f331-b2d3-4479-8af7-582adf808112 0.000000
info: Adding 0 new fragments to fragmentList.
info: Starting propagation of Fragment with uniqueID f7acf7c6-ccd2-4fc7-a596-8e3599a1dcc5.
info: EVENT area f7acf7c6-ccd2-4fc7-a596-8e3599a1dcc5 0.145471
info: EVENT start f7acf7c6-ccd2-4fc7-a596-8e3599a1dcc5 21.000000 0.145471 2016-11-08T15:27:30
info: Object f7acf7c6-ccd2-4fc7-a596-8e3599a1dcc5 demised.
info: EVENT object f7acf7c6-ccd2-4fc7-a596-8e3599a1dcc5 demise
info: Object f7acf7c6-ccd2-4fc7-a596-8e3599a1dcc5 reached end of life.
info: ObjectTrajectory Written: PySara.SADM1.f7acf7c6-ccd2-4fc7-a596-8e3599a1dcc5_Trajectory.txt
info: GnuPlotGeneration::GenerateSingleObjectScript Wrote PySara.SADM1.f7acf7c6-ccd2-4fc7-a596-8e3599a1dcc5.gnu
info: AeroThermalHistory Written: PySara.SADM1.f7acf7c6-ccd2-4fc7-a596-8e3599a1dcc5_AeroThermalHistory.txt
info: EVENT end f7acf7c6-ccd2-4fc7-a596-8e3599a1dcc5 9.900000
info: Adding 1 new fragments to fragmentList.
info: Starting propagation of Fragment with uniqueID 5feabfca-0490-48e9-91dc-79fdc5a134a5.
info: EVENT area 5feabfca-0490-48e9-91dc-79fdc5a134a5 0.082468
info: EVENT start 5feabfca-0490-48e9-91dc-79fdc5a134a5 15.000000 0.082468 2016-11-08T15:27:30
info: Object 5feabfca-0490-48e9-91dc-79fdc5a134a5 demised.
info: EVENT object 5feabfca-0490-48e9-91dc-79fdc5a134a5 demise
info: Object 5feabfca-0490-48e9-91dc-79fdc5a134a5 reached end of life.
info: ObjectTrajectory Written: PySara.SADM2.5feabfca-0490-48e9-91dc-79fdc5a134a5_Trajectory.txt
info: GnuPlotGeneration::GenerateSingleObjectScript Wrote PySara.SADM2.5feabfca-0490-48e9-91dc-79fdc5a134a5.gnu
info: AeroThermalHistory Written: PySara.SADM2.5feabfca-0490-48e9-91dc-79fdc5a134a5_AeroThermalHistory.txt
info: EVENT end 5feabfca-0490-48e9-91dc-79fdc5a134a5 8.770000
info: Adding 1 new fragments to fragmentList.
info: Starting propagation of Fragment with uniqueID 0b1661d3-c0c1-4f6a-a6d1-2a5db00bda4f.
info: EVENT area 0b1661d3-c0c1-4f6a-a6d1-2a5db00bda4f 0.016492
info: EVENT start 0b1661d3-c0c1-4f6a-a6d1-2a5db00bda4f 0.850000 0.016492 2016-11-08T15:27:30
info: Object 0b1661d3-c0c1-4f6a-a6d1-2a5db00bda4f demised.
info: EVENT object 0b1661d3-c0c1-4f6a-a6d1-2a5db00bda4f demise
info: Fragment 0b1661d3-c0c1-4f6a-a6d1-2a5db00bda4f reached end of life because uncritical.
info: Object 0b1661d3-c0c1-4f6a-a6d1-2a5db00bda4f reached end of life.
info: ObjectTrajectory Written: PySara.SAsupp1.0b1661d3-c0c1-4f6a-a6d1-2a5db00bda4f_Trajectory.txt
info: GnuPlotGeneration::GenerateSingleObjectScript Wrote PySara.SAsupp1.0b1661d3-c0c1-4f6a-a6d1-2a5db00bda4f.gnu
info: AeroThermalHistory Written: PySara.SAsupp1.0b1661d3-c0c1-4f6a-a6d1-2a5db00bda4f_AeroThermalHistory.txt
info: EVENT end 0b1661d3-c0c1-4f6a-a6d1-2a5db00bda4f 0.000000
info: Adding 0 new fragments to fragmentList.
info: Starting propagation of Fragment with uniqueID 7a44a685-ffd8-43e7-b137-a97750163298.
info: EVENT area 7a44a685-ffd8-43e7-b137-a97750163298 0.016492
info: EVENT start 7a44a685-ffd8-43e7-b137-a97750163298 0.850000 0.016492 2016-11-08T15:27:30
info: Object 7a44a685-ffd8-43e7-b137-a97750163298 demised.
info: EVENT object 7a44a685-ffd8-43e7-b137-a97750163298 demise
info: Fragment 7a44a685-ffd8-43e7-b137-a97750163298 reached end of life because uncritical.
info: Object 7a44a685-ffd8-43e7-b137-a97750163298 reached end of life.
info: ObjectTrajectory Written: PySara.SAsupp2.7a44a685-ffd8-43e7-b137-a97750163298_Trajectory.txt
info: GnuPlotGeneration::GenerateSingleObjectScript Wrote PySara.SAsupp2.7a44a685-ffd8-43e7-b137-a97750163298.gnu
info: AeroThermalHistory Written: PySara.SAsupp2.7a44a685-ffd8-43e7-b137-a97750163298_AeroThermalHistory.txt
info: EVENT end 7a44a685-ffd8-43e7-b137-a97750163298 0.000000
info: Adding 0 new fragments to fragmentList.
info: Starting propagation of Fragment with uniqueID 2e87c0ee-756b-4448-815f-fa04e03fb958.
info: EVENT area 2e87c0ee-756b-4448-815f-fa04e03fb958 0.016492
info: EVENT start 2e87c0ee-756b-4448-815f-fa04e03fb958 0.850000 0.016492 2016-11-08T15:27:30
info: Object 2e87c0ee-756b-4448-815f-fa04e03fb958 demised.
info: EVENT object 2e87c0ee-756b-4448-815f-fa04e03fb958 demise
info: Fragment 2e87c0ee-756b-4448-815f-fa04e03fb958 reached end of life because uncritical.
info: Object 2e87c0ee-756b-4448-815f-fa04e03fb958 reached end of life.
info: ObjectTrajectory Written: PySara.SAsupp3.2e87c0ee-756b-4448-815f-fa04e03fb958_Trajectory.txt
info: GnuPlotGeneration::GenerateSingleObjectScript Wrote PySara.SAsupp3.2e87c0ee-756b-4448-815f-fa04e03fb958.gnu
info: AeroThermalHistory Written: PySara.SAsupp3.2e87c0ee-756b-4448-815f-fa04e03fb958_AeroThermalHistory.txt
info: EVENT end 2e87c0ee-756b-4448-815f-fa04e03fb958 0.000000
info: Adding 0 new fragments to fragmentList.
info: Starting propagation of Fragment with uniqueID 3b252b2a-d37f-42cc-b3d0-c66451d5a10e.
info: EVENT area 3b252b2a-d37f-42cc-b3d0-c66451d5a10e 0.016492
info: EVENT start 3b252b2a-d37f-42cc-b3d0-c66451d5a10e 0.850000 0.016492 2016-11-08T15:27:30
info: Object 3b252b2a-d37f-42cc-b3d0-c66451d5a10e demised.
info: EVENT object 3b252b2a-d37f-42cc-b3d0-c66451d5a10e demise
info: Fragment 3b252b2a-d37f-42cc-b3d0-c66451d5a10e reached end of life because uncritical.
info: Object 3b252b2a-d37f-42cc-b3d0-c66451d5a10e reached end of life.
info: ObjectTrajectory Written: PySara.SAsupp4.3b252b2a-d37f-42cc-b3d0-c66451d5a10e_Trajectory.txt
info: GnuPlotGeneration::GenerateSingleObjectScript Wrote PySara.SAsupp4.3b252b2a-d37f-42cc-b3d0-c66451d5a10e.gnu
info: AeroThermalHistory Written: PySara.SAsupp4.3b252b2a-d37f-42cc-b3d0-c66451d5a10e_AeroThermalHistory.txt
info: EVENT end 3b252b2a-d37f-42cc-b3d0-c66451d5a10e 0.000000
info: Adding 0 new fragments to fragmentList.
info: Starting propagation of Fragment with uniqueID b780d3fd-f6d3-4fe4-9213-52c680cd507b.
info: EVENT area b780d3fd-f6d3-4fe4-9213-52c680cd507b 0.016492
info: EVENT start b780d3fd-f6d3-4fe4-9213-52c680cd507b 0.850000 0.016492 2016-11-08T15:27:30
info: Object b780d3fd-f6d3-4fe4-9213-52c680cd507b demised.
info: EVENT object b780d3fd-f6d3-4fe4-9213-52c680cd507b demise
info: Fragment b780d3fd-f6d3-4fe4-9213-52c680cd507b reached end of life because uncritical.
info: Object b780d3fd-f6d3-4fe4-9213-52c680cd507b reached end of life.
info: ObjectTrajectory Written: PySara.SAsupp5.b780d3fd-f6d3-4fe4-9213-52c680cd507b_Trajectory.txt
info: GnuPlotGeneration::GenerateSingleObjectScript Wrote PySara.SAsupp5.b780d3fd-f6d3-4fe4-9213-52c680cd507b.gnu
info: AeroThermalHistory Written: PySara.SAsupp5.b780d3fd-f6d3-4fe4-9213-52c680cd507b_AeroThermalHistory.txt
info: EVENT end b780d3fd-f6d3-4fe4-9213-52c680cd507b 0.000000
info: Adding 0 new fragments to fragmentList.
info: Starting propagation of Fragment with uniqueID 37f2601a-bcea-4ac9-a273-b5e54ee7b8ce.
info: EVENT area 37f2601a-bcea-4ac9-a273-b5e54ee7b8ce 0.016492
info: EVENT start 37f2601a-bcea-4ac9-a273-b5e54ee7b8ce 0.850000 0.016492 2016-11-08T15:27:30
info: Object 37f2601a-bcea-4ac9-a273-b5e54ee7b8ce demised.
info: EVENT object 37f2601a-bcea-4ac9-a273-b5e54ee7b8ce demise
info: Fragment 37f2601a-bcea-4ac9-a273-b5e54ee7b8ce reached end of life because uncritical.
info: Object 37f2601a-bcea-4ac9-a273-b5e54ee7b8ce reached end of life.
info: ObjectTrajectory Written: PySara.SAsupp6.37f2601a-bcea-4ac9-a273-b5e54ee7b8ce_Trajectory.txt
info: GnuPlotGeneration::GenerateSingleObjectScript Wrote PySara.SAsupp6.37f2601a-bcea-4ac9-a273-b5e54ee7b8ce.gnu
info: AeroThermalHistory Written: PySara.SAsupp6.37f2601a-bcea-4ac9-a273-b5e54ee7b8ce_AeroThermalHistory.txt
info: EVENT end 37f2601a-bcea-4ac9-a273-b5e54ee7b8ce 0.000000
info: Adding 0 new fragments to fragmentList.
info: Starting propagation of Fragment with uniqueID a62cc748-c9ce-417e-934a-fca18bb1acd7.
info: EVENT area a62cc748-c9ce-417e-934a-fca18bb1acd7 0.016492
info: EVENT start a62cc748-c9ce-417e-934a-fca18bb1acd7 0.850000 0.016492 2016-11-08T15:27:30
info: Object a62cc748-c9ce-417e-934a-fca18bb1acd7 demised.
info: EVENT object a62cc748-c9ce-417e-934a-fca18bb1acd7 demise
info: Fragment a62cc748-c9ce-417e-934a-fca18bb1acd7 reached end of life because uncritical.
info: Object a62cc748-c9ce-417e-934a-fca18bb1acd7 reached end of life.
info: ObjectTrajectory Written: PySara.SAsupp7.a62cc748-c9ce-417e-934a-fca18bb1acd7_Trajectory.txt
info: GnuPlotGeneration::GenerateSingleObjectScript Wrote PySara.SAsupp7.a62cc748-c9ce-417e-934a-fca18bb1acd7.gnu
info: AeroThermalHistory Written: PySara.SAsupp7.a62cc748-c9ce-417e-934a-fca18bb1acd7_AeroThermalHistory.txt
info: EVENT end a62cc748-c9ce-417e-934a-fca18bb1acd7 0.000000
info: Adding 0 new fragments to fragmentList.
info: Starting propagation of Fragment with uniqueID 3c98b668-d3c6-4e6c-9b25-feb7c56786a3.
info: EVENT area 3c98b668-d3c6-4e6c-9b25-feb7c56786a3 0.016492
info: EVENT start 3c98b668-d3c6-4e6c-9b25-feb7c56786a3 0.850000 0.016492 2016-11-08T15:27:30
info: Object 3c98b668-d3c6-4e6c-9b25-feb7c56786a3 demised.
info: EVENT object 3c98b668-d3c6-4e6c-9b25-feb7c56786a3 demise
info: Fragment 3c98b668-d3c6-4e6c-9b25-feb7c56786a3 reached end of life because uncritical.
info: Object 3c98b668-d3c6-4e6c-9b25-feb7c56786a3 reached end of life.
info: ObjectTrajectory Written: PySara.SAsupp8.3c98b668-d3c6-4e6c-9b25-feb7c56786a3_Trajectory.txt
info: GnuPlotGeneration::GenerateSingleObjectScript Wrote PySara.SAsupp8.3c98b668-d3c6-4e6c-9b25-feb7c56786a3.gnu
info: AeroThermalHistory Written: PySara.SAsupp8.3c98b668-d3c6-4e6c-9b25-feb7c56786a3_AeroThermalHistory.txt
info: EVENT end 3c98b668-d3c6-4e6c-9b25-feb7c56786a3 0.000000
info: Adding 0 new fragments to fragmentList.
info: Starting propagation of Fragment with uniqueID 77d47b62-c869-4b6f-a4c0-5973fed2ce1b.
info: EVENT area 77d47b62-c869-4b6f-a4c0-5973fed2ce1b 0.016492
info: EVENT start 77d47b62-c869-4b6f-a4c0-5973fed2ce1b 0.850000 0.016492 2016-11-08T15:27:30
info: Object 77d47b62-c869-4b6f-a4c0-5973fed2ce1b demised.
info: EVENT object 77d47b62-c869-4b6f-a4c0-5973fed2ce1b demise
info: Fragment 77d47b62-c869-4b6f-a4c0-5973fed2ce1b reached end of life because uncritical.
info: Object 77d47b62-c869-4b6f-a4c0-5973fed2ce1b reached end of life.
info: ObjectTrajectory Written: PySara.SAsupp9.77d47b62-c869-4b6f-a4c0-5973fed2ce1b_Trajectory.txt
info: GnuPlotGeneration::GenerateSingleObjectScript Wrote PySara.SAsupp9.77d47b62-c869-4b6f-a4c0-5973fed2ce1b.gnu
info: AeroThermalHistory Written: PySara.SAsupp9.77d47b62-c869-4b6f-a4c0-5973fed2ce1b_AeroThermalHistory.txt
info: EVENT end 77d47b62-c869-4b6f-a4c0-5973fed2ce1b 0.000000
info: Adding 0 new fragments to fragmentList.
info: Starting propagation of Fragment with uniqueID 6094c339-cbad-4f0b-acf1-bf8d9925b55e.
info: EVENT area 6094c339-cbad-4f0b-acf1-bf8d9925b55e 0.016492
info: EVENT start 6094c339-cbad-4f0b-acf1-bf8d9925b55e 0.850000 0.016492 2016-11-08T15:27:30
info: Object 6094c339-cbad-4f0b-acf1-bf8d9925b55e demised.
info: EVENT object 6094c339-cbad-4f0b-acf1-bf8d9925b55e demise
info: Fragment 6094c339-cbad-4f0b-acf1-bf8d9925b55e reached end of life because uncritical.
info: Object 6094c339-cbad-4f0b-acf1-bf8d9925b55e reached end of life.
info: ObjectTrajectory Written: PySara.SAsupp10.6094c339-cbad-4f0b-acf1-bf8d9925b55e_Trajectory.txt
info: GnuPlotGeneration::GenerateSingleObjectScript Wrote PySara.SAsupp10.6094c339-cbad-4f0b-acf1-bf8d9925b55e.gnu
info: AeroThermalHistory Written: PySara.SAsupp10.6094c339-cbad-4f0b-acf1-bf8d9925b55e_AeroThermalHistory.txt
info: EVENT end 6094c339-cbad-4f0b-acf1-bf8d9925b55e 0.000000
info: Adding 0 new fragments to fragmentList.
info: Starting propagation of Fragment with uniqueID fdc2bf45-208d-4956-ba49-3de42686e018.
info: EVENT area fdc2bf45-208d-4956-ba49-3de42686e018 0.016492
info: EVENT start fdc2bf45-208d-4956-ba49-3de42686e018 0.850000 0.016492 2016-11-08T15:27:30
info: Object fdc2bf45-208d-4956-ba49-3de42686e018 demised.
info: EVENT object fdc2bf45-208d-4956-ba49-3de42686e018 demise
info: Fragment fdc2bf45-208d-4956-ba49-3de42686e018 reached end of life because uncritical.
info: Object fdc2bf45-208d-4956-ba49-3de42686e018 reached end of life.
info: ObjectTrajectory Written: PySara.SAsupp11.fdc2bf45-208d-4956-ba49-3de42686e018_Trajectory.txt
info: GnuPlotGeneration::GenerateSingleObjectScript Wrote PySara.SAsupp11.fdc2bf45-208d-4956-ba49-3de42686e018.gnu
info: AeroThermalHistory Written: PySara.SAsupp11.fdc2bf45-208d-4956-ba49-3de42686e018_AeroThermalHistory.txt
info: EVENT end fdc2bf45-208d-4956-ba49-3de42686e018 0.000000
info: Adding 0 new fragments to fragmentList.
info: Starting propagation of Fragment with uniqueID b1918ad3-a023-4f41-b015-4e42f20225e3.
info: EVENT area b1918ad3-a023-4f41-b015-4e42f20225e3 0.016492
info: EVENT start b1918ad3-a023-4f41-b015-4e42f20225e3 0.850000 0.016492 2016-11-08T15:27:30
info: Object b1918ad3-a023-4f41-b015-4e42f20225e3 demised.
info: EVENT object b1918ad3-a023-4f41-b015-4e42f20225e3 demise
info: Fragment b1918ad3-a023-4f41-b015-4e42f20225e3 reached end of life because uncritical.
info: Object b1918ad3-a023-4f41-b015-4e42f20225e3 reached end of life.
info: ObjectTrajectory Written: PySara.SAsupp12.b1918ad3-a023-4f41-b015-4e42f20225e3_Trajectory.txt
info: GnuPlotGeneration::GenerateSingleObjectScript Wrote PySara.SAsupp12.b1918ad3-a023-4f41-b015-4e42f20225e3.gnu
info: AeroThermalHistory Written: PySara.SAsupp12.b1918ad3-a023-4f41-b015-4e42f20225e3_AeroThermalHistory.txt
info: EVENT end b1918ad3-a023-4f41-b015-4e42f20225e3 0.000000
info: Adding 0 new fragments to fragmentList.
info: Starting propagation of Fragment with uniqueID a6bfcbfa-60aa-4e7a-bf6f-ed921bdc8db6.
info: EVENT area a6bfcbfa-60aa-4e7a-bf6f-ed921bdc8db6 1.196689
info: EVENT start a6bfcbfa-60aa-4e7a-bf6f-ed921bdc8db6 66.000000 1.196689 2016-11-08T15:27:30
info: Fragment a6bfcbfa-60aa-4e7a-bf6f-ed921bdc8db6 reached end of life because of ground impact.
info: Object a6bfcbfa-60aa-4e7a-bf6f-ed921bdc8db6 reached end of life.
info: EVENT fragment a6bfcbfa-60aa-4e7a-bf6f-ed921bdc8db6 impact
info: ObjectTrajectory Written: PySara.CentCone.a6bfcbfa-60aa-4e7a-bf6f-ed921bdc8db6_Trajectory.txt
info: GnuPlotGeneration::GenerateSingleObjectScript Wrote PySara.CentCone.a6bfcbfa-60aa-4e7a-bf6f-ed921bdc8db6.gnu
info: AeroThermalHistory Written: PySara.CentCone.a6bfcbfa-60aa-4e7a-bf6f-ed921bdc8db6_AeroThermalHistory.txt
info: EVENT end a6bfcbfa-60aa-4e7a-bf6f-ed921bdc8db6 60.143133
info: Adding 0 new fragments to fragmentList.
info: Starting propagation of Fragment with uniqueID 883e64dd-f62a-4f0f-b648-6335de21ffe8.
info: EVENT area 883e64dd-f62a-4f0f-b648-6335de21ffe8 0.204525
info: EVENT start 883e64dd-f62a-4f0f-b648-6335de21ffe8 1.800000 0.204525 2016-11-08T15:27:30
info: Object 883e64dd-f62a-4f0f-b648-6335de21ffe8 demised.
info: EVENT object 883e64dd-f62a-4f0f-b648-6335de21ffe8 demise
info: Fragment 883e64dd-f62a-4f0f-b648-6335de21ffe8 reached end of life because uncritical.
info: Object 883e64dd-f62a-4f0f-b648-6335de21ffe8 reached end of life.
info: ObjectTrajectory Written: PySara.Ribpanel1.883e64dd-f62a-4f0f-b648-6335de21ffe8_Trajectory.txt
info: GnuPlotGeneration::GenerateSingleObjectScript Wrote PySara.Ribpanel1.883e64dd-f62a-4f0f-b648-6335de21ffe8.gnu
info: AeroThermalHistory Written: PySara.Ribpanel1.883e64dd-f62a-4f0f-b648-6335de21ffe8_AeroThermalHistory.txt
info: EVENT end 883e64dd-f62a-4f0f-b648-6335de21ffe8 0.000000
info: Adding 0 new fragments to fragmentList.
info: Starting propagation of Fragment with uniqueID 9e3c26d3-2fd2-49cd-b644-ff0bf4e0e01c.
info: EVENT area 9e3c26d3-2fd2-49cd-b644-ff0bf4e0e01c 0.204525
info: EVENT start 9e3c26d3-2fd2-49cd-b644-ff0bf4e0e01c 1.800000 0.204525 2016-11-08T15:27:30
info: Object 9e3c26d3-2fd2-49cd-b644-ff0bf4e0e01c demised.
info: EVENT object 9e3c26d3-2fd2-49cd-b644-ff0bf4e0e01c demise
info: Fragment 9e3c26d3-2fd2-49cd-b644-ff0bf4e0e01c reached end of life because uncritical.
info: Object 9e3c26d3-2fd2-49cd-b644-ff0bf4e0e01c reached end of life.
info: ObjectTrajectory Written: PySara.Ribpanel2.9e3c26d3-2fd2-49cd-b644-ff0bf4e0e01c_Trajectory.txt
info: GnuPlotGeneration::GenerateSingleObjectScript Wrote PySara.Ribpanel2.9e3c26d3-2fd2-49cd-b644-ff0bf4e0e01c.gnu
info: AeroThermalHistory Written: PySara.Ribpanel2.9e3c26d3-2fd2-49cd-b644-ff0bf4e0e01c_AeroThermalHistory.txt
info: EVENT end 9e3c26d3-2fd2-49cd-b644-ff0bf4e0e01c 0.000000
info: Adding 0 new fragments to fragmentList.
info: Starting propagation of Fragment with uniqueID e31d9ace-fa64-4d22-a535-fae55be369cf.
info: EVENT area e31d9ace-fa64-4d22-a535-fae55be369cf 0.204525
info: EVENT start e31d9ace-fa64-4d22-a535-fae55be369cf 1.800000 0.204525 2016-11-08T15:27:30
info: Object e31d9ace-fa64-4d22-a535-fae55be369cf demised.
info: EVENT object e31d9ace-fa64-4d22-a535-fae55be369cf demise
info: Fragment e31d9ace-fa64-4d22-a535-fae55be369cf reached end of life because uncritical.
info: Object e31d9ace-fa64-4d22-a535-fae55be369cf reached end of life.
info: ObjectTrajectory Written: PySara.Ribpanel3.e31d9ace-fa64-4d22-a535-fae55be369cf_Trajectory.txt
info: GnuPlotGeneration::GenerateSingleObjectScript Wrote PySara.Ribpanel3.e31d9ace-fa64-4d22-a535-fae55be369cf.gnu
info: AeroThermalHistory Written: PySara.Ribpanel3.e31d9ace-fa64-4d22-a535-fae55be369cf_AeroThermalHistory.txt
info: EVENT end e31d9ace-fa64-4d22-a535-fae55be369cf 0.000000
info: Adding 0 new fragments to fragmentList.
info: Starting propagation of Fragment with uniqueID ca9090da-15bd-4e01-b2be-164e9518a87d.
info: EVENT area ca9090da-15bd-4e01-b2be-164e9518a87d 0.204525
info: EVENT start ca9090da-15bd-4e01-b2be-164e9518a87d 1.800000 0.204525 2016-11-08T15:27:30
info: Object ca9090da-15bd-4e01-b2be-164e9518a87d demised.
info: EVENT object ca9090da-15bd-4e01-b2be-164e9518a87d demise
info: Fragment ca9090da-15bd-4e01-b2be-164e9518a87d reached end of life because uncritical.
info: Object ca9090da-15bd-4e01-b2be-164e9518a87d reached end of life.
info: ObjectTrajectory Written: PySara.Ribpanel4.ca9090da-15bd-4e01-b2be-164e9518a87d_Trajectory.txt
info: GnuPlotGeneration::GenerateSingleObjectScript Wrote PySara.Ribpanel4.ca9090da-15bd-4e01-b2be-164e9518a87d.gnu
info: AeroThermalHistory Written: PySara.Ribpanel4.ca9090da-15bd-4e01-b2be-164e9518a87d_AeroThermalHistory.txt
info: EVENT end ca9090da-15bd-4e01-b2be-164e9518a87d 0.000000
info: Adding 0 new fragments to fragmentList.
info: Starting propagation of Fragment with uniqueID 58b6c41a-1b21-46ff-9726-bae063599b2f.
info: EVENT area 58b6c41a-1b21-46ff-9726-bae063599b2f 0.204525
info: EVENT start 58b6c41a-1b21-46ff-9726-bae063599b2f 1.800000 0.204525 2016-11-08T15:27:30
info: Object 58b6c41a-1b21-46ff-9726-bae063599b2f demised.
info: EVENT object 58b6c41a-1b21-46ff-9726-bae063599b2f demise
info: Fragment 58b6c41a-1b21-46ff-9726-bae063599b2f reached end of life because uncritical.
info: Object 58b6c41a-1b21-46ff-9726-bae063599b2f reached end of life.
info: ObjectTrajectory Written: PySara.Ribpanel5.58b6c41a-1b21-46ff-9726-bae063599b2f_Trajectory.txt
info: GnuPlotGeneration::GenerateSingleObjectScript Wrote PySara.Ribpanel5.58b6c41a-1b21-46ff-9726-bae063599b2f.gnu
info: AeroThermalHistory Written: PySara.Ribpanel5.58b6c41a-1b21-46ff-9726-bae063599b2f_AeroThermalHistory.txt
info: EVENT end 58b6c41a-1b21-46ff-9726-bae063599b2f 0.000000
info: Adding 0 new fragments to fragmentList.
info: Starting propagation of Fragment with uniqueID 3f5a8f7d-39ce-4a62-bb78-f5530384abfa.
info: EVENT area 3f5a8f7d-39ce-4a62-bb78-f5530384abfa 0.726608
info: EVENT start 3f5a8f7d-39ce-4a62-bb78-f5530384abfa 45.500000 0.726608 2016-11-08T15:27:30
info: Fragment 3f5a8f7d-39ce-4a62-bb78-f5530384abfa reached end of life because of ground impact.
info: Object 3f5a8f7d-39ce-4a62-bb78-f5530384abfa reached end of life.
info: EVENT fragment 3f5a8f7d-39ce-4a62-bb78-f5530384abfa impact
info: ObjectTrajectory Written: PySara.BatFloor.3f5a8f7d-39ce-4a62-bb78-f5530384abfa_Trajectory.txt
info: GnuPlotGeneration::GenerateSingleObjectScript Wrote PySara.BatFloor.3f5a8f7d-39ce-4a62-bb78-f5530384abfa.gnu
info: AeroThermalHistory Written: PySara.BatFloor.3f5a8f7d-39ce-4a62-bb78-f5530384abfa_AeroThermalHistory.txt
info: EVENT end 3f5a8f7d-39ce-4a62-bb78-f5530384abfa 1.888985
info: Adding 0 new fragments to fragmentList.
info: Starting propagation of Fragment with uniqueID c3301475-8229-4bb1-b60e-0685f572310b.
info: EVENT area c3301475-8229-4bb1-b60e-0685f572310b 0.452022
info: EVENT start c3301475-8229-4bb1-b60e-0685f572310b 12.675000 0.452022 2016-11-08T15:27:30
info: Object c3301475-8229-4bb1-b60e-0685f572310b reached end of life because of ballooning.
info: EVENT object c3301475-8229-4bb1-b60e-0685f572310b balloon
info: Object c3301475-8229-4bb1-b60e-0685f572310b reached end of life.
info: ObjectTrajectory Written: PySara.IntRing.c3301475-8229-4bb1-b60e-0685f572310b_Trajectory.txt
info: GnuPlotGeneration::GenerateSingleObjectScript Wrote PySara.IntRing.c3301475-8229-4bb1-b60e-0685f572310b.gnu
info: AeroThermalHistory Written: PySara.IntRing.c3301475-8229-4bb1-b60e-0685f572310b_AeroThermalHistory.txt
info: EVENT end c3301475-8229-4bb1-b60e-0685f572310b 0.000344
info: Adding 0 new fragments to fragmentList.
info: Starting propagation of Fragment with uniqueID bca3f3ba-1ce7-4cca-a1ae-583496a30689.
info: EVENT area bca3f3ba-1ce7-4cca-a1ae-583496a30689 0.338161
info: EVENT start bca3f3ba-1ce7-4cca-a1ae-583496a30689 22.500000 0.338161 2016-11-08T15:27:30
info: Object bca3f3ba-1ce7-4cca-a1ae-583496a30689 reached end of life because of ballooning.
info: EVENT object bca3f3ba-1ce7-4cca-a1ae-583496a30689 balloon
info: Object bca3f3ba-1ce7-4cca-a1ae-583496a30689 reached end of life.
info: ObjectTrajectory Written: PySara.PropStr.bca3f3ba-1ce7-4cca-a1ae-583496a30689_Trajectory.txt
info: GnuPlotGeneration::GenerateSingleObjectScript Wrote PySara.PropStr.bca3f3ba-1ce7-4cca-a1ae-583496a30689.gnu
info: AeroThermalHistory Written: PySara.PropStr.bca3f3ba-1ce7-4cca-a1ae-583496a30689_AeroThermalHistory.txt
info: EVENT end bca3f3ba-1ce7-4cca-a1ae-583496a30689 0.054587
info: Adding 0 new fragments to fragmentList.
info: Starting propagation of Fragment with uniqueID 9e7d164a-03c6-443b-a8dd-67661cfc0a2d.
info: EVENT area 9e7d164a-03c6-443b-a8dd-67661cfc0a2d 0.216308
info: EVENT start 9e7d164a-03c6-443b-a8dd-67661cfc0a2d 28.000000 0.216308 2016-11-08T15:27:30
info: Fragment 9e7d164a-03c6-443b-a8dd-67661cfc0a2d reached end of life because of ground impact.
info: Object 9e7d164a-03c6-443b-a8dd-67661cfc0a2d reached end of life.
info: EVENT fragment 9e7d164a-03c6-443b-a8dd-67661cfc0a2d impact
info: ObjectTrajectory Written: PySara.Tank1.9e7d164a-03c6-443b-a8dd-67661cfc0a2d_Trajectory.txt
info: GnuPlotGeneration::GenerateSingleObjectScript Wrote PySara.Tank1.9e7d164a-03c6-443b-a8dd-67661cfc0a2d.gnu
info: AeroThermalHistory Written: PySara.Tank1.9e7d164a-03c6-443b-a8dd-67661cfc0a2d_AeroThermalHistory.txt
info: EVENT end 9e7d164a-03c6-443b-a8dd-67661cfc0a2d 28.000000
info: Adding 0 new fragments to fragmentList.
info: Starting propagation of Fragment with uniqueID 3d841389-2064-480e-87b2-bedfd6570cd3.
info: EVENT area 3d841389-2064-480e-87b2-bedfd6570cd3 0.216308
info: EVENT start 3d841389-2064-480e-87b2-bedfd6570cd3 28.000000 0.216308 2016-11-08T15:27:30
info: Fragment 3d841389-2064-480e-87b2-bedfd6570cd3 reached end of life because of ground impact.
info: Object 3d841389-2064-480e-87b2-bedfd6570cd3 reached end of life.
info: EVENT fragment 3d841389-2064-480e-87b2-bedfd6570cd3 impact
info: ObjectTrajectory Written: PySara.Tank2.3d841389-2064-480e-87b2-bedfd6570cd3_Trajectory.txt
info: GnuPlotGeneration::GenerateSingleObjectScript Wrote PySara.Tank2.3d841389-2064-480e-87b2-bedfd6570cd3.gnu
info: AeroThermalHistory Written: PySara.Tank2.3d841389-2064-480e-87b2-bedfd6570cd3_AeroThermalHistory.txt
info: EVENT end 3d841389-2064-480e-87b2-bedfd6570cd3 28.000000
info: Adding 0 new fragments to fragmentList.
info: Starting propagation of Fragment with uniqueID b44d182e-cc26-4486-970c-ebf58aa27cc0.
info: EVENT area b44d182e-cc26-4486-970c-ebf58aa27cc0 0.216308
info: EVENT start b44d182e-cc26-4486-970c-ebf58aa27cc0 28.000000 0.216308 2016-11-08T15:27:30
info: Fragment b44d182e-cc26-4486-970c-ebf58aa27cc0 reached end of life because of ground impact.
info: Object b44d182e-cc26-4486-970c-ebf58aa27cc0 reached end of life.
info: EVENT fragment b44d182e-cc26-4486-970c-ebf58aa27cc0 impact
info: ObjectTrajectory Written: PySara.Tank3.b44d182e-cc26-4486-970c-ebf58aa27cc0_Trajectory.txt
info: GnuPlotGeneration::GenerateSingleObjectScript Wrote PySara.Tank3.b44d182e-cc26-4486-970c-ebf58aa27cc0.gnu
info: AeroThermalHistory Written: PySara.Tank3.b44d182e-cc26-4486-970c-ebf58aa27cc0_AeroThermalHistory.txt
info: EVENT end b44d182e-cc26-4486-970c-ebf58aa27cc0 28.000000
info: Adding 0 new fragments to fragmentList.
info: Starting propagation of Fragment with uniqueID 8d404d07-39cb-4bdd-be3e-90c64523e7f8.
info: EVENT area 8d404d07-39cb-4bdd-be3e-90c64523e7f8 0.216308
info: EVENT start 8d404d07-39cb-4bdd-be3e-90c64523e7f8 28.000000 0.216308 2016-11-08T15:27:30
info: Fragment 8d404d07-39cb-4bdd-be3e-90c64523e7f8 reached end of life because of ground impact.
info: Object 8d404d07-39cb-4bdd-be3e-90c64523e7f8 reached end of life.
info: EVENT fragment 8d404d07-39cb-4bdd-be3e-90c64523e7f8 impact
info: ObjectTrajectory Written: PySara.Tank4.8d404d07-39cb-4bdd-be3e-90c64523e7f8_Trajectory.txt
info: GnuPlotGeneration::GenerateSingleObjectScript Wrote PySara.Tank4.8d404d07-39cb-4bdd-be3e-90c64523e7f8.gnu
info: AeroThermalHistory Written: PySara.Tank4.8d404d07-39cb-4bdd-be3e-90c64523e7f8_AeroThermalHistory.txt
info: EVENT end 8d404d07-39cb-4bdd-be3e-90c64523e7f8 28.000000
info: Adding 0 new fragments to fragmentList.
info: Starting propagation of Fragment with uniqueID ede47fd6-52f1-47c4-b4dc-efc11d542e23.
info: EVENT area ede47fd6-52f1-47c4-b4dc-efc11d542e23 0.007561
info: EVENT start ede47fd6-52f1-47c4-b4dc-efc11d542e23 0.500000 0.007561 2016-11-08T15:27:30
info: Fragment ede47fd6-52f1-47c4-b4dc-efc11d542e23 reached end of life because uncritical.
info: EVENT fragment ede47fd6-52f1-47c4-b4dc-efc11d542e23 uncritical
info: Object ede47fd6-52f1-47c4-b4dc-efc11d542e23 reached end of life.
info: ObjectTrajectory Written: PySara.ValvTran1.ede47fd6-52f1-47c4-b4dc-efc11d542e23_Trajectory.txt
info: GnuPlotGeneration::GenerateSingleObjectScript Wrote PySara.ValvTran1.ede47fd6-52f1-47c4-b4dc-efc11d542e23.gnu
info: AeroThermalHistory Written: PySara.ValvTran1.ede47fd6-52f1-47c4-b4dc-efc11d542e23_AeroThermalHistory.txt
info: EVENT end ede47fd6-52f1-47c4-b4dc-efc11d542e23 0.027416
info: Adding 0 new fragments to fragmentList.
info: Starting propagation of Fragment with uniqueID d434ed3a-2eb2-42cd-9156-a61e1e3e9de8.
info: EVENT area d434ed3a-2eb2-42cd-9156-a61e1e3e9de8 0.007561
info: EVENT start d434ed3a-2eb2-42cd-9156-a61e1e3e9de8 0.500000 0.007561 2016-11-08T15:27:30
info: Fragment d434ed3a-2eb2-42cd-9156-a61e1e3e9de8 reached end of life because uncritical.
info: EVENT fragment d434ed3a-2eb2-42cd-9156-a61e1e3e9de8 uncritical
info: Object d434ed3a-2eb2-42cd-9156-a61e1e3e9de8 reached end of life.
info: ObjectTrajectory Written: PySara.ValvTran2.d434ed3a-2eb2-42cd-9156-a61e1e3e9de8_Trajectory.txt
info: GnuPlotGeneration::GenerateSingleObjectScript Wrote PySara.ValvTran2.d434ed3a-2eb2-42cd-9156-a61e1e3e9de8.gnu
info: AeroThermalHistory Written: PySara.ValvTran2.d434ed3a-2eb2-42cd-9156-a61e1e3e9de8_AeroThermalHistory.txt
info: EVENT end d434ed3a-2eb2-42cd-9156-a61e1e3e9de8 0.027416
info: Adding 0 new fragments to fragmentList.
info: Starting propagation of Fragment with uniqueID e3e44d35-027b-4caf-a9ef-a1f6bd2be195.
info: EVENT area e3e44d35-027b-4caf-a9ef-a1f6bd2be195 0.007561
info: EVENT start e3e44d35-027b-4caf-a9ef-a1f6bd2be195 0.500000 0.007561 2016-11-08T15:27:30
info: Fragment e3e44d35-027b-4caf-a9ef-a1f6bd2be195 reached end of life because uncritical.
info: EVENT fragment e3e44d35-027b-4caf-a9ef-a1f6bd2be195 uncritical
info: Object e3e44d35-027b-4caf-a9ef-a1f6bd2be195 reached end of life.
info: ObjectTrajectory Written: PySara.ValvTran3.e3e44d35-027b-4caf-a9ef-a1f6bd2be195_Trajectory.txt
info: GnuPlotGeneration::GenerateSingleObjectScript Wrote PySara.ValvTran3.e3e44d35-027b-4caf-a9ef-a1f6bd2be195.gnu
info: AeroThermalHistory Written: PySara.ValvTran3.e3e44d35-027b-4caf-a9ef-a1f6bd2be195_AeroThermalHistory.txt
info: EVENT end e3e44d35-027b-4caf-a9ef-a1f6bd2be195 0.027416
info: Adding 0 new fragments to fragmentList.
info: Starting propagation of Fragment with uniqueID e09ab47f-053d-4141-9264-f8406883a641.
info: EVENT area e09ab47f-053d-4141-9264-f8406883a641 0.007561
info: EVENT start e09ab47f-053d-4141-9264-f8406883a641 0.500000 0.007561 2016-11-08T15:27:30
info: Fragment e09ab47f-053d-4141-9264-f8406883a641 reached end of life because uncritical.
info: EVENT fragment e09ab47f-053d-4141-9264-f8406883a641 uncritical
info: Object e09ab47f-053d-4141-9264-f8406883a641 reached end of life.
info: ObjectTrajectory Written: PySara.ValvTran4.e09ab47f-053d-4141-9264-f8406883a641_Trajectory.txt
info: GnuPlotGeneration::GenerateSingleObjectScript Wrote PySara.ValvTran4.e09ab47f-053d-4141-9264-f8406883a641.gnu
info: AeroThermalHistory Written: PySara.ValvTran4.e09ab47f-053d-4141-9264-f8406883a641_AeroThermalHistory.txt
info: EVENT end e09ab47f-053d-4141-9264-f8406883a641 0.027416
info: Adding 0 new fragments to fragmentList.
info: Starting propagation of Fragment with uniqueID 58838c96-18ea-434d-800d-53cb3df3f2e4.
info: EVENT area 58838c96-18ea-434d-800d-53cb3df3f2e4 0.007561
info: EVENT start 58838c96-18ea-434d-800d-53cb3df3f2e4 0.500000 0.007561 2016-11-08T15:27:30
info: Fragment 58838c96-18ea-434d-800d-53cb3df3f2e4 reached end of life because uncritical.
info: EVENT fragment 58838c96-18ea-434d-800d-53cb3df3f2e4 uncritical
info: Object 58838c96-18ea-434d-800d-53cb3df3f2e4 reached end of life.
info: ObjectTrajectory Written: PySara.ValvTran5.58838c96-18ea-434d-800d-53cb3df3f2e4_Trajectory.txt
info: GnuPlotGeneration::GenerateSingleObjectScript Wrote PySara.ValvTran5.58838c96-18ea-434d-800d-53cb3df3f2e4.gnu
info: AeroThermalHistory Written: PySara.ValvTran5.58838c96-18ea-434d-800d-53cb3df3f2e4_AeroThermalHistory.txt
info: EVENT end 58838c96-18ea-434d-800d-53cb3df3f2e4 0.027416
info: Adding 0 new fragments to fragmentList.
info: Starting propagation of Fragment with uniqueID 87c6b95c-c224-448c-87c5-2d4715000bb0.
info: EVENT area 87c6b95c-c224-448c-87c5-2d4715000bb0 0.007561
info: EVENT start 87c6b95c-c224-448c-87c5-2d4715000bb0 0.500000 0.007561 2016-11-08T15:27:30
info: Fragment 87c6b95c-c224-448c-87c5-2d4715000bb0 reached end of life because uncritical.
info: EVENT fragment 87c6b95c-c224-448c-87c5-2d4715000bb0 uncritical
info: Object 87c6b95c-c224-448c-87c5-2d4715000bb0 reached end of life.
info: ObjectTrajectory Written: PySara.ValvTran6.87c6b95c-c224-448c-87c5-2d4715000bb0_Trajectory.txt
info: GnuPlotGeneration::GenerateSingleObjectScript Wrote PySara.ValvTran6.87c6b95c-c224-448c-87c5-2d4715000bb0.gnu
info: AeroThermalHistory Written: PySara.ValvTran6.87c6b95c-c224-448c-87c5-2d4715000bb0_AeroThermalHistory.txt
info: EVENT end 87c6b95c-c224-448c-87c5-2d4715000bb0 0.027416
info: Adding 0 new fragments to fragmentList.
info: Starting propagation of Fragment with uniqueID 1ad2f9ff-fe8a-46ef-a8f9-205220abdfe0.
info: EVENT area 1ad2f9ff-fe8a-46ef-a8f9-205220abdfe0 0.064931
info: EVENT start 1ad2f9ff-fe8a-46ef-a8f9-205220abdfe0 24.000000 0.064931 2016-11-08T15:27:30
info: Object 1ad2f9ff-fe8a-46ef-a8f9-205220abdfe0 demised.
info: EVENT object 1ad2f9ff-fe8a-46ef-a8f9-205220abdfe0 demise
info: Object 1ad2f9ff-fe8a-46ef-a8f9-205220abdfe0 reached end of life.
info: ObjectTrajectory Written: PySara.Battery1.1ad2f9ff-fe8a-46ef-a8f9-205220abdfe0_Trajectory.txt
info: GnuPlotGeneration::GenerateSingleObjectScript Wrote PySara.Battery1.1ad2f9ff-fe8a-46ef-a8f9-205220abdfe0.gnu
info: AeroThermalHistory Written: PySara.Battery1.1ad2f9ff-fe8a-46ef-a8f9-205220abdfe0_AeroThermalHistory.txt
info: EVENT end 1ad2f9ff-fe8a-46ef-a8f9-205220abdfe0 19.130000
info: Adding 1 new fragments to fragmentList.
info: Starting propagation of Fragment with uniqueID 5f1e2153-5905-45f9-a31e-e6178b321fa2.
info: EVENT area 5f1e2153-5905-45f9-a31e-e6178b321fa2 0.064931
info: EVENT start 5f1e2153-5905-45f9-a31e-e6178b321fa2 24.000000 0.064931 2016-11-08T15:27:30
info: Object 5f1e2153-5905-45f9-a31e-e6178b321fa2 demised.
info: EVENT object 5f1e2153-5905-45f9-a31e-e6178b321fa2 demise
info: Object 5f1e2153-5905-45f9-a31e-e6178b321fa2 reached end of life.
info: ObjectTrajectory Written: PySara.Battery2.5f1e2153-5905-45f9-a31e-e6178b321fa2_Trajectory.txt
info: GnuPlotGeneration::GenerateSingleObjectScript Wrote PySara.Battery2.5f1e2153-5905-45f9-a31e-e6178b321fa2.gnu
info: AeroThermalHistory Written: PySara.Battery2.5f1e2153-5905-45f9-a31e-e6178b321fa2_AeroThermalHistory.txt
info: EVENT end 5f1e2153-5905-45f9-a31e-e6178b321fa2 19.130000
info: Adding 1 new fragments to fragmentList.
info: Starting propagation of Fragment with uniqueID d62ffb09-5716-42d4-9382-65e4c7f6ab3a.
info: EVENT area d62ffb09-5716-42d4-9382-65e4c7f6ab3a 0.064931
info: EVENT start d62ffb09-5716-42d4-9382-65e4c7f6ab3a 24.000000 0.064931 2016-11-08T15:27:30
info: Object d62ffb09-5716-42d4-9382-65e4c7f6ab3a demised.
info: EVENT object d62ffb09-5716-42d4-9382-65e4c7f6ab3a demise
info: Object d62ffb09-5716-42d4-9382-65e4c7f6ab3a reached end of life.
info: ObjectTrajectory Written: PySara.Battery3.d62ffb09-5716-42d4-9382-65e4c7f6ab3a_Trajectory.txt
info: GnuPlotGeneration::GenerateSingleObjectScript Wrote PySara.Battery3.d62ffb09-5716-42d4-9382-65e4c7f6ab3a.gnu
info: AeroThermalHistory Written: PySara.Battery3.d62ffb09-5716-42d4-9382-65e4c7f6ab3a_AeroThermalHistory.txt
info: EVENT end d62ffb09-5716-42d4-9382-65e4c7f6ab3a 19.130000
info: Adding 1 new fragments to fragmentList.
info: Starting propagation of Fragment with uniqueID 5650f82c-a8f5-4122-9599-3bc5b665f544.
info: EVENT area 5650f82c-a8f5-4122-9599-3bc5b665f544 0.064931
info: EVENT start 5650f82c-a8f5-4122-9599-3bc5b665f544 24.000000 0.064931 2016-11-08T15:27:30
info: Object 5650f82c-a8f5-4122-9599-3bc5b665f544 demised.
info: EVENT object 5650f82c-a8f5-4122-9599-3bc5b665f544 demise
info: Object 5650f82c-a8f5-4122-9599-3bc5b665f544 reached end of life.
info: ObjectTrajectory Written: PySara.Battery4.5650f82c-a8f5-4122-9599-3bc5b665f544_Trajectory.txt
info: GnuPlotGeneration::GenerateSingleObjectScript Wrote PySara.Battery4.5650f82c-a8f5-4122-9599-3bc5b665f544.gnu
info: AeroThermalHistory Written: PySara.Battery4.5650f82c-a8f5-4122-9599-3bc5b665f544_AeroThermalHistory.txt
info: EVENT end 5650f82c-a8f5-4122-9599-3bc5b665f544 19.130000
info: Adding 1 new fragments to fragmentList.
info: Starting propagation of Fragment with uniqueID add9fe66-608e-4d9e-8747-8ace1c56ec7e.
info: EVENT area add9fe66-608e-4d9e-8747-8ace1c56ec7e 0.064931
info: EVENT start add9fe66-608e-4d9e-8747-8ace1c56ec7e 24.000000 0.064931 2016-11-08T15:27:30
info: Object add9fe66-608e-4d9e-8747-8ace1c56ec7e demised.
info: EVENT object add9fe66-608e-4d9e-8747-8ace1c56ec7e demise
info: Object add9fe66-608e-4d9e-8747-8ace1c56ec7e reached end of life.
info: ObjectTrajectory Written: PySara.Battery5.add9fe66-608e-4d9e-8747-8ace1c56ec7e_Trajectory.txt
info: GnuPlotGeneration::GenerateSingleObjectScript Wrote PySara.Battery5.add9fe66-608e-4d9e-8747-8ace1c56ec7e.gnu
info: AeroThermalHistory Written: PySara.Battery5.add9fe66-608e-4d9e-8747-8ace1c56ec7e_AeroThermalHistory.txt
info: EVENT end add9fe66-608e-4d9e-8747-8ace1c56ec7e 19.130000
info: Adding 1 new fragments to fragmentList.
info: Starting propagation of Fragment with uniqueID 11649713141016156716.
info: EVENT area cd3cda18-3bf2-43c8-87a7-f735aa44d164 0.439978 1.797681 0.978990
info: EVENT area a8c52bba-8078-4fb0-94fe-07d876624d0a 2.327501 9.009276 1.033380
info: EVENT start 11649713141016156716 621.106856 2.767479 2016-11-08T15:27:30
info: Object cd3cda18-3bf2-43c8-87a7-f735aa44d164 demised.
info: EVENT object cd3cda18-3bf2-43c8-87a7-f735aa44d164 demise
info: Object cd3cda18-3bf2-43c8-87a7-f735aa44d164 reached end of life.
info: Compound 11649713141016156716 reached end of life because object cd3cda18-3bf2-43c8-87a7-f735aa44d164 reached end of life.
info: ObjectTrajectory Written: PySara.Compound_of-_IFring-PLM.11649713141016156716_Trajectory.txt
info: GnuPlotGeneration::GenerateSingleObjectScript Wrote PySara.Compound_of-_IFring-PLM.11649713141016156716.gnu
info: AeroThermalHistory Written: PySara._IFring.11649713141016156716_cd3cda18-3bf2-43c8-87a7-f735aa44d164_AeroThermalHistory.txt
info: AeroThermalHistory Written: PySara.PLM.11649713141016156716_a8c52bba-8078-4fb0-94fe-07d876624d0a_AeroThermalHistory.txt
info: EVENT end 11649713141016156716 612.650000
info: Object cd3cda18-3bf2-43c8-87a7-f735aa44d164 reached end of life.
info: Dropping Connection between cd3cda18-3bf2-43c8-87a7-f735aa44d164 and a8c52bba-8078-4fb0-94fe-07d876624d0a because cd3cda18-3bf2-43c8-87a7-f735aa44d164 demised.
info: Adding 1 new fragments to fragmentList.
info: Starting propagation of Fragment with uniqueID 5bacc617-4464-48a2-83cf-6fc1f26debe1.
info: EVENT area 5bacc617-4464-48a2-83cf-6fc1f26debe1 0.161888
info: EVENT start 5bacc617-4464-48a2-83cf-6fc1f26debe1 10.185000 0.161888 2016-11-08T15:30:06
info: Object 5bacc617-4464-48a2-83cf-6fc1f26debe1 demised.
info: EVENT object 5bacc617-4464-48a2-83cf-6fc1f26debe1 demise
info: Fragment 5bacc617-4464-48a2-83cf-6fc1f26debe1 reached end of life because uncritical.
info: Object 5bacc617-4464-48a2-83cf-6fc1f26debe1 reached end of life.
info: ObjectTrajectory Written: PySara.RSJD-Internal.5bacc617-4464-48a2-83cf-6fc1f26debe1_Trajectory.txt
info: GnuPlotGeneration::GenerateSingleObjectScript Wrote PySara.RSJD-Internal.5bacc617-4464-48a2-83cf-6fc1f26debe1.gnu
info: AeroThermalHistory Written: PySara.RSJD-Internal.5bacc617-4464-48a2-83cf-6fc1f26debe1_AeroThermalHistory.txt
info: EVENT end 5bacc617-4464-48a2-83cf-6fc1f26debe1 0.000000
info: Adding 0 new fragments to fragmentList.
info: Starting propagation of Fragment with uniqueID a4ad07b7-4942-4549-a032-e30cb8335b15.
info: EVENT area a4ad07b7-4942-4549-a032-e30cb8335b15 0.113693
info: EVENT start a4ad07b7-4942-4549-a032-e30cb8335b15 6.335000 0.113693 2016-11-08T15:29:57
info: Object a4ad07b7-4942-4549-a032-e30cb8335b15 demised.
info: EVENT object a4ad07b7-4942-4549-a032-e30cb8335b15 demise
info: Fragment a4ad07b7-4942-4549-a032-e30cb8335b15 reached end of life because uncritical.
info: Object a4ad07b7-4942-4549-a032-e30cb8335b15 reached end of life.
info: ObjectTrajectory Written: PySara.EIU-Internal.a4ad07b7-4942-4549-a032-e30cb8335b15_Trajectory.txt
info: GnuPlotGeneration::GenerateSingleObjectScript Wrote PySara.EIU-Internal.a4ad07b7-4942-4549-a032-e30cb8335b15.gnu
info: AeroThermalHistory Written: PySara.EIU-Internal.a4ad07b7-4942-4549-a032-e30cb8335b15_AeroThermalHistory.txt
info: EVENT end a4ad07b7-4942-4549-a032-e30cb8335b15 0.000000
info: Adding 0 new fragments to fragmentList.
info: Starting propagation of Fragment with uniqueID 90ca8adc-c94c-4d14-90d9-b6129423ce10.
info: EVENT area 90ca8adc-c94c-4d14-90d9-b6129423ce10 0.023291
info: EVENT start 90ca8adc-c94c-4d14-90d9-b6129423ce10 0.260000 0.023291 2016-11-08T15:29:29
info: Object 90ca8adc-c94c-4d14-90d9-b6129423ce10 demised.
info: EVENT object 90ca8adc-c94c-4d14-90d9-b6129423ce10 demise
info: Fragment 90ca8adc-c94c-4d14-90d9-b6129423ce10 reached end of life because uncritical.
info: Object 90ca8adc-c94c-4d14-90d9-b6129423ce10 reached end of life.
info: ObjectTrajectory Written: PySara.SADME-internal.90ca8adc-c94c-4d14-90d9-b6129423ce10_Trajectory.txt
info: GnuPlotGeneration::GenerateSingleObjectScript Wrote PySara.SADME-internal.90ca8adc-c94c-4d14-90d9-b6129423ce10.gnu
info: AeroThermalHistory Written: PySara.SADME-internal.90ca8adc-c94c-4d14-90d9-b6129423ce10_AeroThermalHistory.txt
info: EVENT end 90ca8adc-c94c-4d14-90d9-b6129423ce10 0.000000
info: Adding 0 new fragments to fragmentList.
info: Starting propagation of Fragment with uniqueID e993bb4e-86ad-4974-892d-812c328dd123.
info: EVENT area e993bb4e-86ad-4974-892d-812c328dd123 0.056831
info: EVENT start e993bb4e-86ad-4974-892d-812c328dd123 2.575000 0.056831 2016-11-08T15:29:44
info: Object e993bb4e-86ad-4974-892d-812c328dd123 demised.
info: EVENT object e993bb4e-86ad-4974-892d-812c328dd123 demise
info: Fragment e993bb4e-86ad-4974-892d-812c328dd123 reached end of life because uncritical.
info: Object e993bb4e-86ad-4974-892d-812c328dd123 reached end of life.
info: ObjectTrajectory Written: PySara.CCU-internal.e993bb4e-86ad-4974-892d-812c328dd123_Trajectory.txt
info: GnuPlotGeneration::GenerateSingleObjectScript Wrote PySara.CCU-internal.e993bb4e-86ad-4974-892d-812c328dd123.gnu
info: AeroThermalHistory Written: PySara.CCU-internal.e993bb4e-86ad-4974-892d-812c328dd123_AeroThermalHistory.txt
info: EVENT end e993bb4e-86ad-4974-892d-812c328dd123 0.000000
info: Adding 0 new fragments to fragmentList.
info: Starting propagation of Fragment with uniqueID 18640ad2-7a65-4804-b9ff-39c7f5f01c19.
info: EVENT area 18640ad2-7a65-4804-b9ff-39c7f5f01c19 0.063275
info: EVENT start 18640ad2-7a65-4804-b9ff-39c7f5f01c19 3.770000 0.063275 2016-11-08T15:29:47
info: Object 18640ad2-7a65-4804-b9ff-39c7f5f01c19 demised.
info: EVENT object 18640ad2-7a65-4804-b9ff-39c7f5f01c19 demise
info: Fragment 18640ad2-7a65-4804-b9ff-39c7f5f01c19 reached end of life because uncritical.
info: Object 18640ad2-7a65-4804-b9ff-39c7f5f01c19 reached end of life.
info: ObjectTrajectory Written: PySara.BSP-internal.18640ad2-7a65-4804-b9ff-39c7f5f01c19_Trajectory.txt
info: GnuPlotGeneration::GenerateSingleObjectScript Wrote PySara.BSP-internal.18640ad2-7a65-4804-b9ff-39c7f5f01c19.gnu
info: AeroThermalHistory Written: PySara.BSP-internal.18640ad2-7a65-4804-b9ff-39c7f5f01c19_AeroThermalHistory.txt
info: EVENT end 18640ad2-7a65-4804-b9ff-39c7f5f01c19 0.000000
info: Adding 0 new fragments to fragmentList.
info: Starting propagation of Fragment with uniqueID e95fb00d-0612-45b8-8e8e-80e421fe680b.
info: EVENT area e95fb00d-0612-45b8-8e8e-80e421fe680b 0.033158
info: EVENT start e95fb00d-0612-45b8-8e8e-80e421fe680b 1.405000 0.033158 2016-11-08T15:29:38
info: Object e95fb00d-0612-45b8-8e8e-80e421fe680b demised.
info: EVENT object e95fb00d-0612-45b8-8e8e-80e421fe680b demise
info: Fragment e95fb00d-0612-45b8-8e8e-80e421fe680b reached end of life because uncritical.
info: Object e95fb00d-0612-45b8-8e8e-80e421fe680b reached end of life.
info: ObjectTrajectory Written: PySara.EDR-internal.e95fb00d-0612-45b8-8e8e-80e421fe680b_Trajectory.txt
info: GnuPlotGeneration::GenerateSingleObjectScript Wrote PySara.EDR-internal.e95fb00d-0612-45b8-8e8e-80e421fe680b.gnu
info: AeroThermalHistory Written: PySara.EDR-internal.e95fb00d-0612-45b8-8e8e-80e421fe680b_AeroThermalHistory.txt
info: EVENT end e95fb00d-0612-45b8-8e8e-80e421fe680b 0.000000
info: Adding 0 new fragments to fragmentList.
info: Starting propagation of Fragment with uniqueID 4c707658-3801-43cf-b238-692903c62d74.
info: EVENT area 4c707658-3801-43cf-b238-692903c62d74 0.058752
info: EVENT start 4c707658-3801-43cf-b238-692903c62d74 2.695000 0.058752 2016-11-08T15:29:48
info: Object 4c707658-3801-43cf-b238-692903c62d74 demised.
info: EVENT object 4c707658-3801-43cf-b238-692903c62d74 demise
info: Fragment 4c707658-3801-43cf-b238-692903c62d74 reached end of life because uncritical.
info: Object 4c707658-3801-43cf-b238-692903c62d74 reached end of life.
info: ObjectTrajectory Written: PySara.EPRM-internal.4c707658-3801-43cf-b238-692903c62d74_Trajectory.txt
info: GnuPlotGeneration::GenerateSingleObjectScript Wrote PySara.EPRM-internal.4c707658-3801-43cf-b238-692903c62d74.gnu
info: AeroThermalHistory Written: PySara.EPRM-internal.4c707658-3801-43cf-b238-692903c62d74_AeroThermalHistory.txt
info: EVENT end 4c707658-3801-43cf-b238-692903c62d74 0.000000
info: Adding 0 new fragments to fragmentList.
info: Starting propagation of Fragment with uniqueID 5c21536a-0e84-43a2-8d79-67e5144db0fe.
info: EVENT area 5c21536a-0e84-43a2-8d79-67e5144db0fe 0.016555
info: EVENT start 5c21536a-0e84-43a2-8d79-67e5144db0fe 0.820000 0.016555 2016-11-08T15:29:23
info: Object 5c21536a-0e84-43a2-8d79-67e5144db0fe demised.
info: EVENT object 5c21536a-0e84-43a2-8d79-67e5144db0fe demise
info: Fragment 5c21536a-0e84-43a2-8d79-67e5144db0fe reached end of life because uncritical.
info: Object 5c21536a-0e84-43a2-8d79-67e5144db0fe reached end of life.
info: ObjectTrajectory Written: PySara.BEG1-internal.5c21536a-0e84-43a2-8d79-67e5144db0fe_Trajectory.txt
info: GnuPlotGeneration::GenerateSingleObjectScript Wrote PySara.BEG1-internal.5c21536a-0e84-43a2-8d79-67e5144db0fe.gnu
info: AeroThermalHistory Written: PySara.BEG1-internal.5c21536a-0e84-43a2-8d79-67e5144db0fe_AeroThermalHistory.txt
info: EVENT end 5c21536a-0e84-43a2-8d79-67e5144db0fe 0.000000
info: Adding 0 new fragments to fragmentList.
info: Starting propagation of Fragment with uniqueID 744a2caf-92f7-41cb-ae64-9d42bf09dae9.
info: EVENT area 744a2caf-92f7-41cb-ae64-9d42bf09dae9 0.016555
info: EVENT start 744a2caf-92f7-41cb-ae64-9d42bf09dae9 0.820000 0.016555 2016-11-08T15:29:23
info: Object 744a2caf-92f7-41cb-ae64-9d42bf09dae9 demised.
info: EVENT object 744a2caf-92f7-41cb-ae64-9d42bf09dae9 demise
info: Fragment 744a2caf-92f7-41cb-ae64-9d42bf09dae9 reached end of life because uncritical.
info: Object 744a2caf-92f7-41cb-ae64-9d42bf09dae9 reached end of life.
info: ObjectTrajectory Written: PySara.BEG2-internal.744a2caf-92f7-41cb-ae64-9d42bf09dae9_Trajectory.txt
info: GnuPlotGeneration::GenerateSingleObjectScript Wrote PySara.BEG2-internal.744a2caf-92f7-41cb-ae64-9d42bf09dae9.gnu
info: AeroThermalHistory Written: PySara.BEG2-internal.744a2caf-92f7-41cb-ae64-9d42bf09dae9_AeroThermalHistory.txt
info: EVENT end 744a2caf-92f7-41cb-ae64-9d42bf09dae9 0.000000
info: Adding 0 new fragments to fragmentList.
info: Starting propagation of Fragment with uniqueID c69822fa-e85e-4556-ac1d-df65390206fe.
info: EVENT area c69822fa-e85e-4556-ac1d-df65390206fe 0.016555
info: EVENT start c69822fa-e85e-4556-ac1d-df65390206fe 0.820000 0.016555 2016-11-08T15:29:23
info: Object c69822fa-e85e-4556-ac1d-df65390206fe demised.
info: EVENT object c69822fa-e85e-4556-ac1d-df65390206fe demise
info: Fragment c69822fa-e85e-4556-ac1d-df65390206fe reached end of life because uncritical.
info: Object c69822fa-e85e-4556-ac1d-df65390206fe reached end of life.
info: ObjectTrajectory Written: PySara.BEG3-internal.c69822fa-e85e-4556-ac1d-df65390206fe_Trajectory.txt
info: GnuPlotGeneration::GenerateSingleObjectScript Wrote PySara.BEG3-internal.c69822fa-e85e-4556-ac1d-df65390206fe.gnu
info: AeroThermalHistory Written: PySara.BEG3-internal.c69822fa-e85e-4556-ac1d-df65390206fe_AeroThermalHistory.txt
info: EVENT end c69822fa-e85e-4556-ac1d-df65390206fe 0.000000
info: Adding 0 new fragments to fragmentList.
info: Starting propagation of Fragment with uniqueID 3c6906cb-7f1e-4e8f-b3d1-3bb537bf4e8d.
info: EVENT area 3c6906cb-7f1e-4e8f-b3d1-3bb537bf4e8d 0.016555
info: EVENT start 3c6906cb-7f1e-4e8f-b3d1-3bb537bf4e8d 0.820000 0.016555 2016-11-08T15:29:23
info: Object 3c6906cb-7f1e-4e8f-b3d1-3bb537bf4e8d demised.
info: EVENT object 3c6906cb-7f1e-4e8f-b3d1-3bb537bf4e8d demise
info: Fragment 3c6906cb-7f1e-4e8f-b3d1-3bb537bf4e8d reached end of life because uncritical.
info: Object 3c6906cb-7f1e-4e8f-b3d1-3bb537bf4e8d reached end of life.
info: ObjectTrajectory Written: PySara.BEG4-internal.3c6906cb-7f1e-4e8f-b3d1-3bb537bf4e8d_Trajectory.txt
info: GnuPlotGeneration::GenerateSingleObjectScript Wrote PySara.BEG4-internal.3c6906cb-7f1e-4e8f-b3d1-3bb537bf4e8d.gnu
info: AeroThermalHistory Written: PySara.BEG4-internal.3c6906cb-7f1e-4e8f-b3d1-3bb537bf4e8d_AeroThermalHistory.txt
info: EVENT end 3c6906cb-7f1e-4e8f-b3d1-3bb537bf4e8d 0.000000
info: Adding 0 new fragments to fragmentList.
info: Starting propagation of Fragment with uniqueID a0c88fb0-24e0-4b3e-822e-1f368f29f966.
info: EVENT area a0c88fb0-24e0-4b3e-822e-1f368f29f966 0.056040
info: EVENT start a0c88fb0-24e0-4b3e-822e-1f368f29f966 3.415000 0.056040 2016-11-08T15:29:45
info: Object a0c88fb0-24e0-4b3e-822e-1f368f29f966 demised.
info: EVENT object a0c88fb0-24e0-4b3e-822e-1f368f29f966 demise
info: Fragment a0c88fb0-24e0-4b3e-822e-1f368f29f966 reached end of life because uncritical.
info: Object a0c88fb0-24e0-4b3e-822e-1f368f29f966 reached end of life.
info: ObjectTrajectory Written: PySara.T4S-internal.a0c88fb0-24e0-4b3e-822e-1f368f29f966_Trajectory.txt
info: GnuPlotGeneration::GenerateSingleObjectScript Wrote PySara.T4S-internal.a0c88fb0-24e0-4b3e-822e-1f368f29f966.gnu
info: AeroThermalHistory Written: PySara.T4S-internal.a0c88fb0-24e0-4b3e-822e-1f368f29f966_AeroThermalHistory.txt
info: EVENT end a0c88fb0-24e0-4b3e-822e-1f368f29f966 0.000000
info: Adding 0 new fragments to fragmentList.
info: Starting propagation of Fragment with uniqueID 30623271-c50e-43a6-b8ba-4335d896856c.
info: EVENT area 30623271-c50e-43a6-b8ba-4335d896856c 0.109680
info: EVENT start 30623271-c50e-43a6-b8ba-4335d896856c 7.025000 0.109680 2016-11-08T15:30:01
info: Object 30623271-c50e-43a6-b8ba-4335d896856c demised.
info: EVENT object 30623271-c50e-43a6-b8ba-4335d896856c demise
info: Fragment 30623271-c50e-43a6-b8ba-4335d896856c reached end of life because uncritical.
info: Object 30623271-c50e-43a6-b8ba-4335d896856c reached end of life.
info: ObjectTrajectory Written: PySara.EAIM-internal.30623271-c50e-43a6-b8ba-4335d896856c_Trajectory.txt
info: GnuPlotGeneration::GenerateSingleObjectScript Wrote PySara.EAIM-internal.30623271-c50e-43a6-b8ba-4335d896856c.gnu
info: AeroThermalHistory Written: PySara.EAIM-internal.30623271-c50e-43a6-b8ba-4335d896856c_AeroThermalHistory.txt
info: EVENT end 30623271-c50e-43a6-b8ba-4335d896856c 0.000000
info: Adding 0 new fragments to fragmentList.
info: Starting propagation of Fragment with uniqueID 527057a7-0dc1-4411-a9f9-d4ac6fbbdcd5.
info: EVENT area 527057a7-0dc1-4411-a9f9-d4ac6fbbdcd5 0.135981
info: EVENT start 527057a7-0dc1-4411-a9f9-d4ac6fbbdcd5 9.900000 0.135981 2016-11-08T15:30:03
info: Object 527057a7-0dc1-4411-a9f9-d4ac6fbbdcd5 demised.
info: EVENT object 527057a7-0dc1-4411-a9f9-d4ac6fbbdcd5 demise
info: Fragment 527057a7-0dc1-4411-a9f9-d4ac6fbbdcd5 reached end of life because uncritical.
info: Object 527057a7-0dc1-4411-a9f9-d4ac6fbbdcd5 reached end of life.
info: ObjectTrajectory Written: PySara.SADM1_internal.527057a7-0dc1-4411-a9f9-d4ac6fbbdcd5_Trajectory.txt
info: GnuPlotGeneration::GenerateSingleObjectScript Wrote PySara.SADM1_internal.527057a7-0dc1-4411-a9f9-d4ac6fbbdcd5.gnu
info: AeroThermalHistory Written: PySara.SADM1_internal.527057a7-0dc1-4411-a9f9-d4ac6fbbdcd5_AeroThermalHistory.txt
info: EVENT end 527057a7-0dc1-4411-a9f9-d4ac6fbbdcd5 0.000000
info: Adding 0 new fragments to fragmentList.
info: Starting propagation of Fragment with uniqueID 40fdfd8c-e723-4faa-9e1f-5f012fbe443a.
info: EVENT area 40fdfd8c-e723-4faa-9e1f-5f012fbe443a 0.075548
info: EVENT start 40fdfd8c-e723-4faa-9e1f-5f012fbe443a 8.770000 0.075548 2016-11-08T15:29:54
info: Object 40fdfd8c-e723-4faa-9e1f-5f012fbe443a demised.
info: EVENT object 40fdfd8c-e723-4faa-9e1f-5f012fbe443a demise
info: Fragment 40fdfd8c-e723-4faa-9e1f-5f012fbe443a reached end of life because uncritical.
info: Object 40fdfd8c-e723-4faa-9e1f-5f012fbe443a reached end of life.
info: ObjectTrajectory Written: PySara.SADM2-internal.40fdfd8c-e723-4faa-9e1f-5f012fbe443a_Trajectory.txt
info: GnuPlotGeneration::GenerateSingleObjectScript Wrote PySara.SADM2-internal.40fdfd8c-e723-4faa-9e1f-5f012fbe443a.gnu
info: AeroThermalHistory Written: PySara.SADM2-internal.40fdfd8c-e723-4faa-9e1f-5f012fbe443a_AeroThermalHistory.txt
info: EVENT end 40fdfd8c-e723-4faa-9e1f-5f012fbe443a 0.000000
info: Adding 0 new fragments to fragmentList.
info: Starting propagation of Fragment with uniqueID 84b286ec-9706-4b76-a6d4-680730125719.
info: EVENT area 84b286ec-9706-4b76-a6d4-680730125719 0.058611
info: EVENT start 84b286ec-9706-4b76-a6d4-680730125719 19.130000 0.058611 2016-11-08T15:29:42
info: Object 84b286ec-9706-4b76-a6d4-680730125719 demised.
info: EVENT object 84b286ec-9706-4b76-a6d4-680730125719 demise
info: Fragment 84b286ec-9706-4b76-a6d4-680730125719 reached end of life because uncritical.
info: Object 84b286ec-9706-4b76-a6d4-680730125719 reached end of life.
info: ObjectTrajectory Written: PySara.Battery1-Internal.84b286ec-9706-4b76-a6d4-680730125719_Trajectory.txt
info: GnuPlotGeneration::GenerateSingleObjectScript Wrote PySara.Battery1-Internal.84b286ec-9706-4b76-a6d4-680730125719.gnu
info: AeroThermalHistory Written: PySara.Battery1-Internal.84b286ec-9706-4b76-a6d4-680730125719_AeroThermalHistory.txt
info: EVENT end 84b286ec-9706-4b76-a6d4-680730125719 0.000000
info: Adding 0 new fragments to fragmentList.
info: Starting propagation of Fragment with uniqueID 5be38dbb-9613-4029-8b3a-b498255675e4.
info: EVENT area 5be38dbb-9613-4029-8b3a-b498255675e4 0.058611
info: EVENT start 5be38dbb-9613-4029-8b3a-b498255675e4 19.130000 0.058611 2016-11-08T15:29:42
info: Object 5be38dbb-9613-4029-8b3a-b498255675e4 demised.
info: EVENT object 5be38dbb-9613-4029-8b3a-b498255675e4 demise
info: Fragment 5be38dbb-9613-4029-8b3a-b498255675e4 reached end of life because uncritical.
info: Object 5be38dbb-9613-4029-8b3a-b498255675e4 reached end of life.
info: ObjectTrajectory Written: PySara.Battery2-Internal.5be38dbb-9613-4029-8b3a-b498255675e4_Trajectory.txt
info: GnuPlotGeneration::GenerateSingleObjectScript Wrote PySara.Battery2-Internal.5be38dbb-9613-4029-8b3a-b498255675e4.gnu
info: AeroThermalHistory Written: PySara.Battery2-Internal.5be38dbb-9613-4029-8b3a-b498255675e4_AeroThermalHistory.txt
info: EVENT end 5be38dbb-9613-4029-8b3a-b498255675e4 0.000000
info: Adding 0 new fragments to fragmentList.
info: Starting propagation of Fragment with uniqueID 08cfbcac-d179-4dd9-b7a8-2a67780b74c3.
info: EVENT area 08cfbcac-d179-4dd9-b7a8-2a67780b74c3 0.058611
info: EVENT start 08cfbcac-d179-4dd9-b7a8-2a67780b74c3 19.130000 0.058611 2016-11-08T15:29:42
info: Object 08cfbcac-d179-4dd9-b7a8-2a67780b74c3 demised.
info: EVENT object 08cfbcac-d179-4dd9-b7a8-2a67780b74c3 demise
info: Fragment 08cfbcac-d179-4dd9-b7a8-2a67780b74c3 reached end of life because uncritical.
info: Object 08cfbcac-d179-4dd9-b7a8-2a67780b74c3 reached end of life.
info: ObjectTrajectory Written: PySara.Battery3-Internal.08cfbcac-d179-4dd9-b7a8-2a67780b74c3_Trajectory.txt
info: GnuPlotGeneration::GenerateSingleObjectScript Wrote PySara.Battery3-Internal.08cfbcac-d179-4dd9-b7a8-2a67780b74c3.gnu
info: AeroThermalHistory Written: PySara.Battery3-Internal.08cfbcac-d179-4dd9-b7a8-2a67780b74c3_AeroThermalHistory.txt
info: EVENT end 08cfbcac-d179-4dd9-b7a8-2a67780b74c3 0.000000
info: Adding 0 new fragments to fragmentList.
info: Starting propagation of Fragment with uniqueID 401bb612-2bc0-44d9-96ce-e323c7e90de9.
info: EVENT area 401bb612-2bc0-44d9-96ce-e323c7e90de9 0.058611
info: EVENT start 401bb612-2bc0-44d9-96ce-e323c7e90de9 19.130000 0.058611 2016-11-08T15:29:42
info: Object 401bb612-2bc0-44d9-96ce-e323c7e90de9 demised.
info: EVENT object 401bb612-2bc0-44d9-96ce-e323c7e90de9 demise
info: Fragment 401bb612-2bc0-44d9-96ce-e323c7e90de9 reached end of life because uncritical.
info: Object 401bb612-2bc0-44d9-96ce-e323c7e90de9 reached end of life.
info: ObjectTrajectory Written: PySara.Battery4-Internal.401bb612-2bc0-44d9-96ce-e323c7e90de9_Trajectory.txt
info: GnuPlotGeneration::GenerateSingleObjectScript Wrote PySara.Battery4-Internal.401bb612-2bc0-44d9-96ce-e323c7e90de9.gnu
info: AeroThermalHistory Written: PySara.Battery4-Internal.401bb612-2bc0-44d9-96ce-e323c7e90de9_AeroThermalHistory.txt
info: EVENT end 401bb612-2bc0-44d9-96ce-e323c7e90de9 0.000000
info: Adding 0 new fragments to fragmentList.
info: Starting propagation of Fragment with uniqueID 20af93ad-5ebd-46c6-a4f2-3685f2c0e808.
info: EVENT area 20af93ad-5ebd-46c6-a4f2-3685f2c0e808 0.058611
info: EVENT start 20af93ad-5ebd-46c6-a4f2-3685f2c0e808 19.130000 0.058611 2016-11-08T15:29:42
info: Object 20af93ad-5ebd-46c6-a4f2-3685f2c0e808 demised.
info: EVENT object 20af93ad-5ebd-46c6-a4f2-3685f2c0e808 demise
info: Fragment 20af93ad-5ebd-46c6-a4f2-3685f2c0e808 reached end of life because uncritical.
info: Object 20af93ad-5ebd-46c6-a4f2-3685f2c0e808 reached end of life.
info: ObjectTrajectory Written: PySara.Battery5-Internal.20af93ad-5ebd-46c6-a4f2-3685f2c0e808_Trajectory.txt
info: GnuPlotGeneration::GenerateSingleObjectScript Wrote PySara.Battery5-Internal.20af93ad-5ebd-46c6-a4f2-3685f2c0e808.gnu
info: AeroThermalHistory Written: PySara.Battery5-Internal.20af93ad-5ebd-46c6-a4f2-3685f2c0e808_AeroThermalHistory.txt
info: EVENT end 20af93ad-5ebd-46c6-a4f2-3685f2c0e808 0.000000
info: Adding 0 new fragments to fragmentList.
info: Starting propagation of Fragment with uniqueID a8c52bba-8078-4fb0-94fe-07d876624d0a.
info: EVENT area a8c52bba-8078-4fb0-94fe-07d876624d0a 2.252319
info: EVENT start a8c52bba-8078-4fb0-94fe-07d876624d0a 612.650000 2.252319 2016-11-08T15:28:08
info: Object a8c52bba-8078-4fb0-94fe-07d876624d0a demised.
info: EVENT object a8c52bba-8078-4fb0-94fe-07d876624d0a demise
info: Object a8c52bba-8078-4fb0-94fe-07d876624d0a reached end of life.
info: ObjectTrajectory Written: PySara.PLM.a8c52bba-8078-4fb0-94fe-07d876624d0a_Trajectory.txt
info: GnuPlotGeneration::GenerateSingleObjectScript Wrote PySara.PLM.a8c52bba-8078-4fb0-94fe-07d876624d0a.gnu
info: AeroThermalHistory Written: PySara.PLM.a8c52bba-8078-4fb0-94fe-07d876624d0a_AeroThermalHistory.txt
info: EVENT end a8c52bba-8078-4fb0-94fe-07d876624d0a 419.150000
info: Adding 70 new fragments to fragmentList.
info: Starting propagation of Fragment with uniqueID 4493b82b-537f-484f-a043-f11b7218cd9a.
info: EVENT area 4493b82b-537f-484f-a043-f11b7218cd9a 0.038057
info: EVENT start 4493b82b-537f-484f-a043-f11b7218cd9a 3.900000 0.038057 2016-11-08T15:30:47
info: Object 4493b82b-537f-484f-a043-f11b7218cd9a demised.
info: EVENT object 4493b82b-537f-484f-a043-f11b7218cd9a demise
info: Object 4493b82b-537f-484f-a043-f11b7218cd9a reached end of life.
info: ObjectTrajectory Written: PySara.MHS-MPU.4493b82b-537f-484f-a043-f11b7218cd9a_Trajectory.txt
info: GnuPlotGeneration::GenerateSingleObjectScript Wrote PySara.MHS-MPU.4493b82b-537f-484f-a043-f11b7218cd9a.gnu
info: AeroThermalHistory Written: PySara.MHS-MPU.4493b82b-537f-484f-a043-f11b7218cd9a_AeroThermalHistory.txt
info: EVENT end 4493b82b-537f-484f-a043-f11b7218cd9a 1.075000
info: Adding 1 new fragments to fragmentList.
info: Starting propagation of Fragment with uniqueID 8f0e4793-b4fc-4da0-a3c0-3b9bdd107b54.
info: EVENT area 8f0e4793-b4fc-4da0-a3c0-3b9bdd107b54 0.005058
info: EVENT start 8f0e4793-b4fc-4da0-a3c0-3b9bdd107b54 0.200000 0.005058 2016-11-08T15:30:47
info: Object 8f0e4793-b4fc-4da0-a3c0-3b9bdd107b54 demised.
info: EVENT object 8f0e4793-b4fc-4da0-a3c0-3b9bdd107b54 demise
info: Fragment 8f0e4793-b4fc-4da0-a3c0-3b9bdd107b54 reached end of life because uncritical.
info: Object 8f0e4793-b4fc-4da0-a3c0-3b9bdd107b54 reached end of life.
info: ObjectTrajectory Written: PySara.MHS-DBU.8f0e4793-b4fc-4da0-a3c0-3b9bdd107b54_Trajectory.txt
info: GnuPlotGeneration::GenerateSingleObjectScript Wrote PySara.MHS-DBU.8f0e4793-b4fc-4da0-a3c0-3b9bdd107b54.gnu
info: AeroThermalHistory Written: PySara.MHS-DBU.8f0e4793-b4fc-4da0-a3c0-3b9bdd107b54_AeroThermalHistory.txt
info: EVENT end 8f0e4793-b4fc-4da0-a3c0-3b9bdd107b54 0.000000
info: Adding 0 new fragments to fragmentList.
info: Starting propagation of Fragment with uniqueID dc87ebbf-2446-4c40-82dd-b8ddb8f1792f.
info: EVENT area dc87ebbf-2446-4c40-82dd-b8ddb8f1792f 0.025648
info: EVENT start dc87ebbf-2446-4c40-82dd-b8ddb8f1792f 2.650000 0.025648 2016-11-08T15:30:47
info: Object dc87ebbf-2446-4c40-82dd-b8ddb8f1792f demised.
info: EVENT object dc87ebbf-2446-4c40-82dd-b8ddb8f1792f demise
info: Object dc87ebbf-2446-4c40-82dd-b8ddb8f1792f reached end of life.
info: ObjectTrajectory Written: PySara.ASCATEPC1.dc87ebbf-2446-4c40-82dd-b8ddb8f1792f_Trajectory.txt
info: GnuPlotGeneration::GenerateSingleObjectScript Wrote PySara.ASCATEPC1.dc87ebbf-2446-4c40-82dd-b8ddb8f1792f.gnu
info: AeroThermalHistory Written: PySara.ASCATEPC1.dc87ebbf-2446-4c40-82dd-b8ddb8f1792f_AeroThermalHistory.txt
info: EVENT end dc87ebbf-2446-4c40-82dd-b8ddb8f1792f 0.775000
info: Adding 1 new fragments to fragmentList.
info: Starting propagation of Fragment with uniqueID 920c5867-100c-49f7-9a2c-7ed8aabaa7d7.
info: EVENT area 920c5867-100c-49f7-9a2c-7ed8aabaa7d7 0.025648
info: EVENT start 920c5867-100c-49f7-9a2c-7ed8aabaa7d7 2.650000 0.025648 2016-11-08T15:30:47
info: Object 920c5867-100c-49f7-9a2c-7ed8aabaa7d7 demised.
info: EVENT object 920c5867-100c-49f7-9a2c-7ed8aabaa7d7 demise
info: Object 920c5867-100c-49f7-9a2c-7ed8aabaa7d7 reached end of life.
info: ObjectTrajectory Written: PySara.ASCATEPC2.920c5867-100c-49f7-9a2c-7ed8aabaa7d7_Trajectory.txt
info: GnuPlotGeneration::GenerateSingleObjectScript Wrote PySara.ASCATEPC2.920c5867-100c-49f7-9a2c-7ed8aabaa7d7.gnu
info: AeroThermalHistory Written: PySara.ASCATEPC2.920c5867-100c-49f7-9a2c-7ed8aabaa7d7_AeroThermalHistory.txt
info: EVENT end 920c5867-100c-49f7-9a2c-7ed8aabaa7d7 0.775000
info: Adding 1 new fragments to fragmentList.
info: Starting propagation of Fragment with uniqueID 4d596ab3-b5ce-4370-977f-1a8802bcf123.
info: EVENT area 4d596ab3-b5ce-4370-977f-1a8802bcf123 0.037998
info: EVENT start 4d596ab3-b5ce-4370-977f-1a8802bcf123 1.600000 0.037998 2016-11-08T15:30:47
info: Object 4d596ab3-b5ce-4370-977f-1a8802bcf123 reached end of life because of ballooning.
info: EVENT object 4d596ab3-b5ce-4370-977f-1a8802bcf123 balloon
info: Object 4d596ab3-b5ce-4370-977f-1a8802bcf123 reached end of life.
info: ObjectTrajectory Written: PySara.ASCATSSP1.4d596ab3-b5ce-4370-977f-1a8802bcf123_Trajectory.txt
info: GnuPlotGeneration::GenerateSingleObjectScript Wrote PySara.ASCATSSP1.4d596ab3-b5ce-4370-977f-1a8802bcf123.gnu
info: AeroThermalHistory Written: PySara.ASCATSSP1.4d596ab3-b5ce-4370-977f-1a8802bcf123_AeroThermalHistory.txt
info: EVENT end 4d596ab3-b5ce-4370-977f-1a8802bcf123 0.000160
info: Adding 0 new fragments to fragmentList.
info: Starting propagation of Fragment with uniqueID d9317e02-26d0-4830-8c01-9ebc2ef0f4b3.
info: EVENT area d9317e02-26d0-4830-8c01-9ebc2ef0f4b3 0.037998
info: EVENT start d9317e02-26d0-4830-8c01-9ebc2ef0f4b3 1.600000 0.037998 2016-11-08T15:30:47
info: Object d9317e02-26d0-4830-8c01-9ebc2ef0f4b3 reached end of life because of ballooning.
info: EVENT object d9317e02-26d0-4830-8c01-9ebc2ef0f4b3 balloon
info: Object d9317e02-26d0-4830-8c01-9ebc2ef0f4b3 reached end of life.
info: ObjectTrajectory Written: PySara.ASCATSSP2.d9317e02-26d0-4830-8c01-9ebc2ef0f4b3_Trajectory.txt
info: GnuPlotGeneration::GenerateSingleObjectScript Wrote PySara.ASCATSSP2.d9317e02-26d0-4830-8c01-9ebc2ef0f4b3.gnu
info: AeroThermalHistory Written: PySara.ASCATSSP2.d9317e02-26d0-4830-8c01-9ebc2ef0f4b3_AeroThermalHistory.txt
info: EVENT end d9317e02-26d0-4830-8c01-9ebc2ef0f4b3 0.000160
info: Adding 0 new fragments to fragmentList.
info: Starting propagation of Fragment with uniqueID e451289e-5733-4b98-b37f-782c24ac28c2.
info: EVENT area e451289e-5733-4b98-b37f-782c24ac28c2 0.007072
info: EVENT start e451289e-5733-4b98-b37f-782c24ac28c2 0.200000 0.007072 2016-11-08T15:30:47
info: Object e451289e-5733-4b98-b37f-782c24ac28c2 demised.
info: EVENT object e451289e-5733-4b98-b37f-782c24ac28c2 demise
info: Fragment e451289e-5733-4b98-b37f-782c24ac28c2 reached end of life because uncritical.
info: Object e451289e-5733-4b98-b37f-782c24ac28c2 reached end of life.
info: ObjectTrajectory Written: PySara.ASCATHRS.e451289e-5733-4b98-b37f-782c24ac28c2_Trajectory.txt
info: GnuPlotGeneration::GenerateSingleObjectScript Wrote PySara.ASCATHRS.e451289e-5733-4b98-b37f-782c24ac28c2.gnu
info: AeroThermalHistory Written: PySara.ASCATHRS.e451289e-5733-4b98-b37f-782c24ac28c2_AeroThermalHistory.txt
info: EVENT end e451289e-5733-4b98-b37f-782c24ac28c2 0.000000
info: Adding 0 new fragments to fragmentList.
info: Starting propagation of Fragment with uniqueID 83dad51f-37d0-4124-9403-f580da4ebf8a.
info: EVENT area 83dad51f-37d0-4124-9403-f580da4ebf8a 0.051145
info: EVENT start 83dad51f-37d0-4124-9403-f580da4ebf8a 4.950000 0.051145 2016-11-08T15:30:47
info: Object 83dad51f-37d0-4124-9403-f580da4ebf8a demised.
info: EVENT object 83dad51f-37d0-4124-9403-f580da4ebf8a demise
info: Object 83dad51f-37d0-4124-9403-f580da4ebf8a reached end of life.
info: ObjectTrajectory Written: PySara.PMC1.83dad51f-37d0-4124-9403-f580da4ebf8a_Trajectory.txt
info: GnuPlotGeneration::GenerateSingleObjectScript Wrote PySara.PMC1.83dad51f-37d0-4124-9403-f580da4ebf8a.gnu
info: AeroThermalHistory Written: PySara.PMC1.83dad51f-37d0-4124-9403-f580da4ebf8a_AeroThermalHistory.txt
info: EVENT end 83dad51f-37d0-4124-9403-f580da4ebf8a 1.145000
info: Adding 1 new fragments to fragmentList.
info: Starting propagation of Fragment with uniqueID a261a43f-3462-49fe-84c0-84b2b962f6cc.
info: EVENT area a261a43f-3462-49fe-84c0-84b2b962f6cc 0.051145
info: EVENT start a261a43f-3462-49fe-84c0-84b2b962f6cc 4.950000 0.051145 2016-11-08T15:30:47
info: Object a261a43f-3462-49fe-84c0-84b2b962f6cc demised.
info: EVENT object a261a43f-3462-49fe-84c0-84b2b962f6cc demise
info: Object a261a43f-3462-49fe-84c0-84b2b962f6cc reached end of life.
info: ObjectTrajectory Written: PySara.PMC2.a261a43f-3462-49fe-84c0-84b2b962f6cc_Trajectory.txt
info: GnuPlotGeneration::GenerateSingleObjectScript Wrote PySara.PMC2.a261a43f-3462-49fe-84c0-84b2b962f6cc.gnu
info: AeroThermalHistory Written: PySara.PMC2.a261a43f-3462-49fe-84c0-84b2b962f6cc_AeroThermalHistory.txt
info: EVENT end a261a43f-3462-49fe-84c0-84b2b962f6cc 1.145000
info: Adding 1 new fragments to fragmentList.
info: Starting propagation of Fragment with uniqueID 37f2a36b-037c-4601-9860-d38c96cfe837.
info: EVENT area 37f2a36b-037c-4601-9860-d38c96cfe837 0.073792
info: EVENT start 37f2a36b-037c-4601-9860-d38c96cfe837 8.550000 0.073792 2016-11-08T15:30:47
info: Object 37f2a36b-037c-4601-9860-d38c96cfe837 demised.
info: EVENT object 37f2a36b-037c-4601-9860-d38c96cfe837 demise
info: Object 37f2a36b-037c-4601-9860-d38c96cfe837 reached end of life.
info: ObjectTrajectory Written: PySara.PDU1.37f2a36b-037c-4601-9860-d38c96cfe837_Trajectory.txt
info: GnuPlotGeneration::GenerateSingleObjectScript Wrote PySara.PDU1.37f2a36b-037c-4601-9860-d38c96cfe837.gnu
info: AeroThermalHistory Written: PySara.PDU1.37f2a36b-037c-4601-9860-d38c96cfe837_AeroThermalHistory.txt
info: EVENT end 37f2a36b-037c-4601-9860-d38c96cfe837 2.980000
info: Adding 1 new fragments to fragmentList.
info: Starting propagation of Fragment with uniqueID ac05789d-ceab-4104-872c-4ee319af1a22.
info: EVENT area ac05789d-ceab-4104-872c-4ee319af1a22 0.073792
info: EVENT start ac05789d-ceab-4104-872c-4ee319af1a22 8.550000 0.073792 2016-11-08T15:30:47
info: Object ac05789d-ceab-4104-872c-4ee319af1a22 demised.
info: EVENT object ac05789d-ceab-4104-872c-4ee319af1a22 demise
info: Object ac05789d-ceab-4104-872c-4ee319af1a22 reached end of life.
info: ObjectTrajectory Written: PySara.PDU2.ac05789d-ceab-4104-872c-4ee319af1a22_Trajectory.txt
info: GnuPlotGeneration::GenerateSingleObjectScript Wrote PySara.PDU2.ac05789d-ceab-4104-872c-4ee319af1a22.gnu
info: AeroThermalHistory Written: PySara.PDU2.ac05789d-ceab-4104-872c-4ee319af1a22_AeroThermalHistory.txt
info: EVENT end ac05789d-ceab-4104-872c-4ee319af1a22 2.980000
info: Adding 1 new fragments to fragmentList.
info: Starting propagation of Fragment with uniqueID 35fe65c9-d736-4b8e-8f98-c94b442186cd.
info: EVENT area 35fe65c9-d736-4b8e-8f98-c94b442186cd 0.014756
info: EVENT start 35fe65c9-d736-4b8e-8f98-c94b442186cd 0.900000 0.014756 2016-11-08T15:30:47
info: Object 35fe65c9-d736-4b8e-8f98-c94b442186cd demised.
info: EVENT object 35fe65c9-d736-4b8e-8f98-c94b442186cd demise
info: Fragment 35fe65c9-d736-4b8e-8f98-c94b442186cd reached end of life because uncritical.
info: Object 35fe65c9-d736-4b8e-8f98-c94b442186cd reached end of life.
info: ObjectTrajectory Written: PySara.RFCU1.35fe65c9-d736-4b8e-8f98-c94b442186cd_Trajectory.txt
info: GnuPlotGeneration::GenerateSingleObjectScript Wrote PySara.RFCU1.35fe65c9-d736-4b8e-8f98-c94b442186cd.gnu
info: AeroThermalHistory Written: PySara.RFCU1.35fe65c9-d736-4b8e-8f98-c94b442186cd_AeroThermalHistory.txt
info: EVENT end 35fe65c9-d736-4b8e-8f98-c94b442186cd 0.000000
info: Adding 0 new fragments to fragmentList.
info: Starting propagation of Fragment with uniqueID 03d80678-6f38-48b9-b979-dc9107292c5a.
info: EVENT area 03d80678-6f38-48b9-b979-dc9107292c5a 0.014756
info: EVENT start 03d80678-6f38-48b9-b979-dc9107292c5a 0.900000 0.014756 2016-11-08T15:30:47
info: Object 03d80678-6f38-48b9-b979-dc9107292c5a demised.
info: EVENT object 03d80678-6f38-48b9-b979-dc9107292c5a demise
info: Fragment 03d80678-6f38-48b9-b979-dc9107292c5a reached end of life because uncritical.
info: Object 03d80678-6f38-48b9-b979-dc9107292c5a reached end of life.
info: ObjectTrajectory Written: PySara.RFCU2.03d80678-6f38-48b9-b979-dc9107292c5a_Trajectory.txt
info: GnuPlotGeneration::GenerateSingleObjectScript Wrote PySara.RFCU2.03d80678-6f38-48b9-b979-dc9107292c5a.gnu
info: AeroThermalHistory Written: PySara.RFCU2.03d80678-6f38-48b9-b979-dc9107292c5a_AeroThermalHistory.txt
info: EVENT end 03d80678-6f38-48b9-b979-dc9107292c5a 0.000000
info: Adding 0 new fragments to fragmentList.
info: Starting propagation of Fragment with uniqueID cca2ac02-e211-405c-b716-e6c1cd129c79.
info: EVENT area cca2ac02-e211-405c-b716-e6c1cd129c79 0.014756
info: EVENT start cca2ac02-e211-405c-b716-e6c1cd129c79 0.900000 0.014756 2016-11-08T15:30:47
info: Object cca2ac02-e211-405c-b716-e6c1cd129c79 demised.
info: EVENT object cca2ac02-e211-405c-b716-e6c1cd129c79 demise
info: Fragment cca2ac02-e211-405c-b716-e6c1cd129c79 reached end of life because uncritical.
info: Object cca2ac02-e211-405c-b716-e6c1cd129c79 reached end of life.
info: ObjectTrajectory Written: PySara.RFCU3.cca2ac02-e211-405c-b716-e6c1cd129c79_Trajectory.txt
info: GnuPlotGeneration::GenerateSingleObjectScript Wrote PySara.RFCU3.cca2ac02-e211-405c-b716-e6c1cd129c79.gnu
info: AeroThermalHistory Written: PySara.RFCU3.cca2ac02-e211-405c-b716-e6c1cd129c79_AeroThermalHistory.txt
info: EVENT end cca2ac02-e211-405c-b716-e6c1cd129c79 0.000000
info: Adding 0 new fragments to fragmentList.
info: Starting propagation of Fragment with uniqueID 17647099-9fb9-40b7-806d-bf0f8fac8fec.
info: EVENT area 17647099-9fb9-40b7-806d-bf0f8fac8fec 0.014756
info: EVENT start 17647099-9fb9-40b7-806d-bf0f8fac8fec 0.900000 0.014756 2016-11-08T15:30:47
info: Object 17647099-9fb9-40b7-806d-bf0f8fac8fec demised.
info: EVENT object 17647099-9fb9-40b7-806d-bf0f8fac8fec demise
info: Fragment 17647099-9fb9-40b7-806d-bf0f8fac8fec reached end of life because uncritical.
info: Object 17647099-9fb9-40b7-806d-bf0f8fac8fec reached end of life.
info: ObjectTrajectory Written: PySara.RFCU4.17647099-9fb9-40b7-806d-bf0f8fac8fec_Trajectory.txt
info: GnuPlotGeneration::GenerateSingleObjectScript Wrote PySara.RFCU4.17647099-9fb9-40b7-806d-bf0f8fac8fec.gnu
info: AeroThermalHistory Written: PySara.RFCU4.17647099-9fb9-40b7-806d-bf0f8fac8fec_AeroThermalHistory.txt
info: EVENT end 17647099-9fb9-40b7-806d-bf0f8fac8fec 0.000000
info: Adding 0 new fragments to fragmentList.
info: Starting propagation of Fragment with uniqueID aaea633f-d320-4f1f-a46f-cc29fcbe07d0.
info: EVENT area aaea633f-d320-4f1f-a46f-cc29fcbe07d0 0.014756
info: EVENT start aaea633f-d320-4f1f-a46f-cc29fcbe07d0 0.900000 0.014756 2016-11-08T15:30:47
info: Object aaea633f-d320-4f1f-a46f-cc29fcbe07d0 demised.
info: EVENT object aaea633f-d320-4f1f-a46f-cc29fcbe07d0 demise
info: Fragment aaea633f-d320-4f1f-a46f-cc29fcbe07d0 reached end of life because uncritical.
info: Object aaea633f-d320-4f1f-a46f-cc29fcbe07d0 reached end of life.
info: ObjectTrajectory Written: PySara.RFCU5.aaea633f-d320-4f1f-a46f-cc29fcbe07d0_Trajectory.txt
info: GnuPlotGeneration::GenerateSingleObjectScript Wrote PySara.RFCU5.aaea633f-d320-4f1f-a46f-cc29fcbe07d0.gnu
info: AeroThermalHistory Written: PySara.RFCU5.aaea633f-d320-4f1f-a46f-cc29fcbe07d0_AeroThermalHistory.txt
info: EVENT end aaea633f-d320-4f1f-a46f-cc29fcbe07d0 0.000000
info: Adding 0 new fragments to fragmentList.
info: Starting propagation of Fragment with uniqueID 0e4d15da-49b2-41fa-98b0-a5585fd78673.
info: EVENT area 0e4d15da-49b2-41fa-98b0-a5585fd78673 0.064517
info: EVENT start 0e4d15da-49b2-41fa-98b0-a5585fd78673 6.150000 0.064517 2016-11-08T15:30:47
info: Object 0e4d15da-49b2-41fa-98b0-a5585fd78673 demised.
info: EVENT object 0e4d15da-49b2-41fa-98b0-a5585fd78673 demise
info: Object 0e4d15da-49b2-41fa-98b0-a5585fd78673 reached end of life.
info: ObjectTrajectory Written: PySara.RTU.0e4d15da-49b2-41fa-98b0-a5585fd78673_Trajectory.txt
info: GnuPlotGeneration::GenerateSingleObjectScript Wrote PySara.RTU.0e4d15da-49b2-41fa-98b0-a5585fd78673.gnu
info: AeroThermalHistory Written: PySara.RTU.0e4d15da-49b2-41fa-98b0-a5585fd78673_AeroThermalHistory.txt
info: EVENT end 0e4d15da-49b2-41fa-98b0-a5585fd78673 1.320000
info: Adding 1 new fragments to fragmentList.
info: Starting propagation of Fragment with uniqueID 1d8e383c-f44d-4ee9-9c7c-6404be09785b.
info: EVENT area 1d8e383c-f44d-4ee9-9c7c-6404be09785b 0.008302
info: EVENT start 1d8e383c-f44d-4ee9-9c7c-6404be09785b 0.350000 0.008302 2016-11-08T15:30:47
info: Object 1d8e383c-f44d-4ee9-9c7c-6404be09785b demised.
info: EVENT object 1d8e383c-f44d-4ee9-9c7c-6404be09785b demise
info: Fragment 1d8e383c-f44d-4ee9-9c7c-6404be09785b reached end of life because uncritical.
info: Object 1d8e383c-f44d-4ee9-9c7c-6404be09785b reached end of life.
info: ObjectTrajectory Written: PySara.SLAFilt.1d8e383c-f44d-4ee9-9c7c-6404be09785b_Trajectory.txt
info: GnuPlotGeneration::GenerateSingleObjectScript Wrote PySara.SLAFilt.1d8e383c-f44d-4ee9-9c7c-6404be09785b.gnu
info: AeroThermalHistory Written: PySara.SLAFilt.1d8e383c-f44d-4ee9-9c7c-6404be09785b_AeroThermalHistory.txt
info: EVENT end 1d8e383c-f44d-4ee9-9c7c-6404be09785b 0.000000
info: Adding 0 new fragments to fragmentList.
info: Starting propagation of Fragment with uniqueID ea1ec5f4-71bd-4969-a2c3-09fede1031de.
info: EVENT area ea1ec5f4-71bd-4969-a2c3-09fede1031de 0.055596
info: EVENT start ea1ec5f4-71bd-4969-a2c3-09fede1031de 7.100000 0.055596 2016-11-08T15:30:47
info: Object ea1ec5f4-71bd-4969-a2c3-09fede1031de demised.
info: EVENT object ea1ec5f4-71bd-4969-a2c3-09fede1031de demise
info: Object ea1ec5f4-71bd-4969-a2c3-09fede1031de reached end of life.
info: ObjectTrajectory Written: PySara.SARP-3.ea1ec5f4-71bd-4969-a2c3-09fede1031de_Trajectory.txt
info: GnuPlotGeneration::GenerateSingleObjectScript Wrote PySara.SARP-3.ea1ec5f4-71bd-4969-a2c3-09fede1031de.gnu
info: AeroThermalHistory Written: PySara.SARP-3.ea1ec5f4-71bd-4969-a2c3-09fede1031de_AeroThermalHistory.txt
info: EVENT end ea1ec5f4-71bd-4969-a2c3-09fede1031de 2.945000
info: Adding 1 new fragments to fragmentList.
info: Starting propagation of Fragment with uniqueID 7e04c61e-3319-481b-af18-815f518ca060.
info: EVENT area 7e04c61e-3319-481b-af18-815f518ca060 0.091813
info: EVENT start 7e04c61e-3319-481b-af18-815f518ca060 7.300000 0.091813 2016-11-08T15:30:47
info: Object 7e04c61e-3319-481b-af18-815f518ca060 demised.
info: EVENT object 7e04c61e-3319-481b-af18-815f518ca060 demise
info: Object 7e04c61e-3319-481b-af18-815f518ca060 reached end of life.
info: ObjectTrajectory Written: PySara.SAR-Rx.7e04c61e-3319-481b-af18-815f518ca060_Trajectory.txt
info: GnuPlotGeneration::GenerateSingleObjectScript Wrote PySara.SAR-Rx.7e04c61e-3319-481b-af18-815f518ca060.gnu
info: AeroThermalHistory Written: PySara.SAR-Rx.7e04c61e-3319-481b-af18-815f518ca060_AeroThermalHistory.txt
info: EVENT end 7e04c61e-3319-481b-af18-815f518ca060 0.350000
info: Adding 1 new fragments to fragmentList.
info: Starting propagation of Fragment with uniqueID 2174174d-8633-470f-81db-77add3252e0f.
info: EVENT area 2174174d-8633-470f-81db-77add3252e0f 0.054244
info: EVENT start 2174174d-8633-470f-81db-77add3252e0f 2.300000 0.054244 2016-11-08T15:30:47
info: Object 2174174d-8633-470f-81db-77add3252e0f reached end of life because of ballooning.
info: EVENT object 2174174d-8633-470f-81db-77add3252e0f balloon
info: Object 2174174d-8633-470f-81db-77add3252e0f reached end of life.
info: ObjectTrajectory Written: PySara.SAR-Tx.2174174d-8633-470f-81db-77add3252e0f_Trajectory.txt
info: GnuPlotGeneration::GenerateSingleObjectScript Wrote PySara.SAR-Tx.2174174d-8633-470f-81db-77add3252e0f.gnu
info: AeroThermalHistory Written: PySara.SAR-Tx.2174174d-8633-470f-81db-77add3252e0f_AeroThermalHistory.txt
info: EVENT end 2174174d-8633-470f-81db-77add3252e0f 0.004990
info: Adding 0 new fragments to fragmentList.
info: Starting propagation of Fragment with uniqueID 5c9117c9-e7e8-4ac5-aaa0-a1bb250993c4.
info: EVENT area 5c9117c9-e7e8-4ac5-aaa0-a1bb250993c4 0.013722
info: EVENT start 5c9117c9-e7e8-4ac5-aaa0-a1bb250993c4 0.800000 0.013722 2016-11-08T15:30:47
info: Object 5c9117c9-e7e8-4ac5-aaa0-a1bb250993c4 demised.
info: EVENT object 5c9117c9-e7e8-4ac5-aaa0-a1bb250993c4 demise
info: Fragment 5c9117c9-e7e8-4ac5-aaa0-a1bb250993c4 reached end of life because uncritical.
info: Object 5c9117c9-e7e8-4ac5-aaa0-a1bb250993c4 reached end of life.
info: ObjectTrajectory Written: PySara.EPC1.5c9117c9-e7e8-4ac5-aaa0-a1bb250993c4_Trajectory.txt
info: GnuPlotGeneration::GenerateSingleObjectScript Wrote PySara.EPC1.5c9117c9-e7e8-4ac5-aaa0-a1bb250993c4.gnu
info: AeroThermalHistory Written: PySara.EPC1.5c9117c9-e7e8-4ac5-aaa0-a1bb250993c4_AeroThermalHistory.txt
info: EVENT end 5c9117c9-e7e8-4ac5-aaa0-a1bb250993c4 0.000000
info: Adding 0 new fragments to fragmentList.
info: Starting propagation of Fragment with uniqueID c1df8c05-4d71-4dac-890b-8dfe07faebfd.
info: EVENT area c1df8c05-4d71-4dac-890b-8dfe07faebfd 0.013722
info: EVENT start c1df8c05-4d71-4dac-890b-8dfe07faebfd 0.800000 0.013722 2016-11-08T15:30:47
info: Object c1df8c05-4d71-4dac-890b-8dfe07faebfd demised.
info: EVENT object c1df8c05-4d71-4dac-890b-8dfe07faebfd demise
info: Fragment c1df8c05-4d71-4dac-890b-8dfe07faebfd reached end of life because uncritical.
info: Object c1df8c05-4d71-4dac-890b-8dfe07faebfd reached end of life.
info: ObjectTrajectory Written: PySara.EPC2.c1df8c05-4d71-4dac-890b-8dfe07faebfd_Trajectory.txt
info: GnuPlotGeneration::GenerateSingleObjectScript Wrote PySara.EPC2.c1df8c05-4d71-4dac-890b-8dfe07faebfd.gnu
info: AeroThermalHistory Written: PySara.EPC2.c1df8c05-4d71-4dac-890b-8dfe07faebfd_AeroThermalHistory.txt
info: EVENT end c1df8c05-4d71-4dac-890b-8dfe07faebfd 0.000000
info: Adding 0 new fragments to fragmentList.
info: Starting propagation of Fragment with uniqueID a96dc980-3752-485f-aa0d-ed740e37d25d.
info: EVENT area a96dc980-3752-485f-aa0d-ed740e37d25d 0.009555
info: EVENT start a96dc980-3752-485f-aa0d-ed740e37d25d 0.450000 0.009555 2016-11-08T15:30:47
info: Object a96dc980-3752-485f-aa0d-ed740e37d25d demised.
info: EVENT object a96dc980-3752-485f-aa0d-ed740e37d25d demise
info: Fragment a96dc980-3752-485f-aa0d-ed740e37d25d reached end of life because uncritical.
info: Object a96dc980-3752-485f-aa0d-ed740e37d25d reached end of life.
info: ObjectTrajectory Written: PySara.MOD1.a96dc980-3752-485f-aa0d-ed740e37d25d_Trajectory.txt
info: GnuPlotGeneration::GenerateSingleObjectScript Wrote PySara.MOD1.a96dc980-3752-485f-aa0d-ed740e37d25d.gnu
info: AeroThermalHistory Written: PySara.MOD1.a96dc980-3752-485f-aa0d-ed740e37d25d_AeroThermalHistory.txt
info: EVENT end a96dc980-3752-485f-aa0d-ed740e37d25d 0.000000
info: Adding 0 new fragments to fragmentList.
info: Starting propagation of Fragment with uniqueID 94042813-871f-46d9-8c75-bba5b9eefad3.
info: EVENT area 94042813-871f-46d9-8c75-bba5b9eefad3 0.009555
info: EVENT start 94042813-871f-46d9-8c75-bba5b9eefad3 0.450000 0.009555 2016-11-08T15:30:47
info: Object 94042813-871f-46d9-8c75-bba5b9eefad3 demised.
info: EVENT object 94042813-871f-46d9-8c75-bba5b9eefad3 demise
info: Fragment 94042813-871f-46d9-8c75-bba5b9eefad3 reached end of life because uncritical.
info: Object 94042813-871f-46d9-8c75-bba5b9eefad3 reached end of life.
info: ObjectTrajectory Written: PySara.MOD2.94042813-871f-46d9-8c75-bba5b9eefad3_Trajectory.txt
info: GnuPlotGeneration::GenerateSingleObjectScript Wrote PySara.MOD2.94042813-871f-46d9-8c75-bba5b9eefad3.gnu
info: AeroThermalHistory Written: PySara.MOD2.94042813-871f-46d9-8c75-bba5b9eefad3_AeroThermalHistory.txt
info: EVENT end 94042813-871f-46d9-8c75-bba5b9eefad3 0.000000
info: Adding 0 new fragments to fragmentList.
info: Starting propagation of Fragment with uniqueID ca771f25-62f2-4bfd-8f54-cd4a023babb9.
info: EVENT area ca771f25-62f2-4bfd-8f54-cd4a023babb9 0.008960
info: EVENT start ca771f25-62f2-4bfd-8f54-cd4a023babb9 0.450000 0.008960 2016-11-08T15:30:47
info: Object ca771f25-62f2-4bfd-8f54-cd4a023babb9 demised.
info: EVENT object ca771f25-62f2-4bfd-8f54-cd4a023babb9 demise
info: Fragment ca771f25-62f2-4bfd-8f54-cd4a023babb9 reached end of life because uncritical.
info: Object ca771f25-62f2-4bfd-8f54-cd4a023babb9 reached end of life.
info: ObjectTrajectory Written: PySara.TWT1.ca771f25-62f2-4bfd-8f54-cd4a023babb9_Trajectory.txt
info: GnuPlotGeneration::GenerateSingleObjectScript Wrote PySara.TWT1.ca771f25-62f2-4bfd-8f54-cd4a023babb9.gnu
info: AeroThermalHistory Written: PySara.TWT1.ca771f25-62f2-4bfd-8f54-cd4a023babb9_AeroThermalHistory.txt
info: EVENT end ca771f25-62f2-4bfd-8f54-cd4a023babb9 0.000000
info: Adding 0 new fragments to fragmentList.
info: Starting propagation of Fragment with uniqueID 6341690f-7e4a-4f2f-b43f-0b599229e8bd.
info: EVENT area 6341690f-7e4a-4f2f-b43f-0b599229e8bd 0.008960
info: EVENT start 6341690f-7e4a-4f2f-b43f-0b599229e8bd 0.450000 0.008960 2016-11-08T15:30:47
info: Object 6341690f-7e4a-4f2f-b43f-0b599229e8bd demised.
info: EVENT object 6341690f-7e4a-4f2f-b43f-0b599229e8bd demise
info: Fragment 6341690f-7e4a-4f2f-b43f-0b599229e8bd reached end of life because uncritical.
info: Object 6341690f-7e4a-4f2f-b43f-0b599229e8bd reached end of life.
info: ObjectTrajectory Written: PySara.TWT2.6341690f-7e4a-4f2f-b43f-0b599229e8bd_Trajectory.txt
info: GnuPlotGeneration::GenerateSingleObjectScript Wrote PySara.TWT2.6341690f-7e4a-4f2f-b43f-0b599229e8bd.gnu
info: AeroThermalHistory Written: PySara.TWT2.6341690f-7e4a-4f2f-b43f-0b599229e8bd_AeroThermalHistory.txt
info: EVENT end 6341690f-7e4a-4f2f-b43f-0b599229e8bd 0.000000
info: Adding 0 new fragments to fragmentList.
info: Starting propagation of Fragment with uniqueID dddb594c-b70e-477c-997f-a3cee0aabb6a.
info: EVENT area dddb594c-b70e-477c-997f-a3cee0aabb6a 0.022780
info: EVENT start dddb594c-b70e-477c-997f-a3cee0aabb6a 0.900000 0.022780 2016-11-08T15:30:47
info: Object dddb594c-b70e-477c-997f-a3cee0aabb6a demised.
info: EVENT object dddb594c-b70e-477c-997f-a3cee0aabb6a demise
info: Fragment dddb594c-b70e-477c-997f-a3cee0aabb6a reached end of life because uncritical.
info: Object dddb594c-b70e-477c-997f-a3cee0aabb6a reached end of life.
info: ObjectTrajectory Written: PySara.SRADipl.dddb594c-b70e-477c-997f-a3cee0aabb6a_Trajectory.txt
info: GnuPlotGeneration::GenerateSingleObjectScript Wrote PySara.SRADipl.dddb594c-b70e-477c-997f-a3cee0aabb6a.gnu
info: AeroThermalHistory Written: PySara.SRADipl.dddb594c-b70e-477c-997f-a3cee0aabb6a_AeroThermalHistory.txt
info: EVENT end dddb594c-b70e-477c-997f-a3cee0aabb6a 0.000000
info: Adding 0 new fragments to fragmentList.
info: Starting propagation of Fragment with uniqueID 54057886-ee13-4de3-b706-09335b907ef9.
info: EVENT area 54057886-ee13-4de3-b706-09335b907ef9 0.006938
info: EVENT start 54057886-ee13-4de3-b706-09335b907ef9 0.200000 0.006938 2016-11-08T15:30:47
info: Object 54057886-ee13-4de3-b706-09335b907ef9 demised.
info: EVENT object 54057886-ee13-4de3-b706-09335b907ef9 demise
info: Fragment 54057886-ee13-4de3-b706-09335b907ef9 reached end of life because uncritical.
info: Object 54057886-ee13-4de3-b706-09335b907ef9 reached end of life.
info: ObjectTrajectory Written: PySara.LNA1.54057886-ee13-4de3-b706-09335b907ef9_Trajectory.txt
info: GnuPlotGeneration::GenerateSingleObjectScript Wrote PySara.LNA1.54057886-ee13-4de3-b706-09335b907ef9.gnu
info: AeroThermalHistory Written: PySara.LNA1.54057886-ee13-4de3-b706-09335b907ef9_AeroThermalHistory.txt
info: EVENT end 54057886-ee13-4de3-b706-09335b907ef9 0.000000
info: Adding 0 new fragments to fragmentList.
info: Starting propagation of Fragment with uniqueID a109f4b6-933c-4eb4-a666-ee614c3ccea0.
info: EVENT area a109f4b6-933c-4eb4-a666-ee614c3ccea0 0.006938
info: EVENT start a109f4b6-933c-4eb4-a666-ee614c3ccea0 0.200000 0.006938 2016-11-08T15:30:47
info: Object a109f4b6-933c-4eb4-a666-ee614c3ccea0 demised.
info: EVENT object a109f4b6-933c-4eb4-a666-ee614c3ccea0 demise
info: Fragment a109f4b6-933c-4eb4-a666-ee614c3ccea0 reached end of life because uncritical.
info: Object a109f4b6-933c-4eb4-a666-ee614c3ccea0 reached end of life.
info: ObjectTrajectory Written: PySara.LNA2.a109f4b6-933c-4eb4-a666-ee614c3ccea0_Trajectory.txt
info: GnuPlotGeneration::GenerateSingleObjectScript Wrote PySara.LNA2.a109f4b6-933c-4eb4-a666-ee614c3ccea0.gnu
info: AeroThermalHistory Written: PySara.LNA2.a109f4b6-933c-4eb4-a666-ee614c3ccea0_AeroThermalHistory.txt
info: EVENT end a109f4b6-933c-4eb4-a666-ee614c3ccea0 0.000000
info: Adding 0 new fragments to fragmentList.
info: Starting propagation of Fragment with uniqueID be162043-2e68-4301-8cb7-d976f931cb2e.
info: EVENT area be162043-2e68-4301-8cb7-d976f931cb2e 0.016272
info: EVENT start be162043-2e68-4301-8cb7-d976f931cb2e 0.550000 0.016272 2016-11-08T15:30:47
info: Object be162043-2e68-4301-8cb7-d976f931cb2e demised.
info: EVENT object be162043-2e68-4301-8cb7-d976f931cb2e demise
info: Fragment be162043-2e68-4301-8cb7-d976f931cb2e reached end of life because uncritical.
info: Object be162043-2e68-4301-8cb7-d976f931cb2e reached end of life.
info: ObjectTrajectory Written: PySara.UDAFilt.be162043-2e68-4301-8cb7-d976f931cb2e_Trajectory.txt
info: GnuPlotGeneration::GenerateSingleObjectScript Wrote PySara.UDAFilt.be162043-2e68-4301-8cb7-d976f931cb2e.gnu
info: AeroThermalHistory Written: PySara.UDAFilt.be162043-2e68-4301-8cb7-d976f931cb2e_AeroThermalHistory.txt
info: EVENT end be162043-2e68-4301-8cb7-d976f931cb2e 0.000000
info: Adding 0 new fragments to fragmentList.
info: Starting propagation of Fragment with uniqueID a1562f60-89d0-4c32-8df9-9e866690321b.
info: EVENT area a1562f60-89d0-4c32-8df9-9e866690321b 0.005058
info: EVENT start a1562f60-89d0-4c32-8df9-9e866690321b 0.200000 0.005058 2016-11-08T15:30:47
info: Object a1562f60-89d0-4c32-8df9-9e866690321b demised.
info: EVENT object a1562f60-89d0-4c32-8df9-9e866690321b demise
info: Fragment a1562f60-89d0-4c32-8df9-9e866690321b reached end of life because uncritical.
info: Object a1562f60-89d0-4c32-8df9-9e866690321b reached end of life.
info: ObjectTrajectory Written: PySara.DBU1.a1562f60-89d0-4c32-8df9-9e866690321b_Trajectory.txt
info: GnuPlotGeneration::GenerateSingleObjectScript Wrote PySara.DBU1.a1562f60-89d0-4c32-8df9-9e866690321b.gnu
info: AeroThermalHistory Written: PySara.DBU1.a1562f60-89d0-4c32-8df9-9e866690321b_AeroThermalHistory.txt
info: EVENT end a1562f60-89d0-4c32-8df9-9e866690321b 0.000000
info: Adding 0 new fragments to fragmentList.
info: Starting propagation of Fragment with uniqueID afbd0b58-1f59-4fce-b54e-124fe1757b32.
info: EVENT area afbd0b58-1f59-4fce-b54e-124fe1757b32 0.005058
info: EVENT start afbd0b58-1f59-4fce-b54e-124fe1757b32 0.200000 0.005058 2016-11-08T15:30:47
info: Object afbd0b58-1f59-4fce-b54e-124fe1757b32 demised.
info: EVENT object afbd0b58-1f59-4fce-b54e-124fe1757b32 demise
info: Fragment afbd0b58-1f59-4fce-b54e-124fe1757b32 reached end of life because uncritical.
info: Object afbd0b58-1f59-4fce-b54e-124fe1757b32 reached end of life.
info: ObjectTrajectory Written: PySara.DBU2.afbd0b58-1f59-4fce-b54e-124fe1757b32_Trajectory.txt
info: GnuPlotGeneration::GenerateSingleObjectScript Wrote PySara.DBU2.afbd0b58-1f59-4fce-b54e-124fe1757b32.gnu
info: AeroThermalHistory Written: PySara.DBU2.afbd0b58-1f59-4fce-b54e-124fe1757b32_AeroThermalHistory.txt
info: EVENT end afbd0b58-1f59-4fce-b54e-124fe1757b32 0.000000
info: Adding 0 new fragments to fragmentList.
info: Starting propagation of Fragment with uniqueID 722b4cf1-1310-4628-9486-22f4fa9b6c8f.
info: EVENT area 722b4cf1-1310-4628-9486-22f4fa9b6c8f 0.005058
info: EVENT start 722b4cf1-1310-4628-9486-22f4fa9b6c8f 0.200000 0.005058 2016-11-08T15:30:47
info: Object 722b4cf1-1310-4628-9486-22f4fa9b6c8f demised.
info: EVENT object 722b4cf1-1310-4628-9486-22f4fa9b6c8f demise
info: Fragment 722b4cf1-1310-4628-9486-22f4fa9b6c8f reached end of life because uncritical.
info: Object 722b4cf1-1310-4628-9486-22f4fa9b6c8f reached end of life.
info: ObjectTrajectory Written: PySara.DBU3.722b4cf1-1310-4628-9486-22f4fa9b6c8f_Trajectory.txt
info: GnuPlotGeneration::GenerateSingleObjectScript Wrote PySara.DBU3.722b4cf1-1310-4628-9486-22f4fa9b6c8f.gnu
info: AeroThermalHistory Written: PySara.DBU3.722b4cf1-1310-4628-9486-22f4fa9b6c8f_AeroThermalHistory.txt
info: EVENT end 722b4cf1-1310-4628-9486-22f4fa9b6c8f 0.000000
info: Adding 0 new fragments to fragmentList.
info: Starting propagation of Fragment with uniqueID 3ffb2aa0-ae2b-4fa1-a710-82ae67847b75.
info: EVENT area 3ffb2aa0-ae2b-4fa1-a710-82ae67847b75 0.005058
info: EVENT start 3ffb2aa0-ae2b-4fa1-a710-82ae67847b75 0.200000 0.005058 2016-11-08T15:30:47
info: Object 3ffb2aa0-ae2b-4fa1-a710-82ae67847b75 demised.
info: EVENT object 3ffb2aa0-ae2b-4fa1-a710-82ae67847b75 demise
info: Fragment 3ffb2aa0-ae2b-4fa1-a710-82ae67847b75 reached end of life because uncritical.
info: Object 3ffb2aa0-ae2b-4fa1-a710-82ae67847b75 reached end of life.
info: ObjectTrajectory Written: PySara.DBU4.3ffb2aa0-ae2b-4fa1-a710-82ae67847b75_Trajectory.txt
info: GnuPlotGeneration::GenerateSingleObjectScript Wrote PySara.DBU4.3ffb2aa0-ae2b-4fa1-a710-82ae67847b75.gnu
info: AeroThermalHistory Written: PySara.DBU4.3ffb2aa0-ae2b-4fa1-a710-82ae67847b75_AeroThermalHistory.txt
info: EVENT end 3ffb2aa0-ae2b-4fa1-a710-82ae67847b75 0.000000
info: Adding 0 new fragments to fragmentList.
info: Starting propagation of Fragment with uniqueID d4b1a285-ba8d-4058-8c58-0b7606d876b2.
info: EVENT area d4b1a285-ba8d-4058-8c58-0b7606d876b2 0.005058
info: EVENT start d4b1a285-ba8d-4058-8c58-0b7606d876b2 0.200000 0.005058 2016-11-08T15:30:47
info: Object d4b1a285-ba8d-4058-8c58-0b7606d876b2 demised.
info: EVENT object d4b1a285-ba8d-4058-8c58-0b7606d876b2 demise
info: Fragment d4b1a285-ba8d-4058-8c58-0b7606d876b2 reached end of life because uncritical.
info: Object d4b1a285-ba8d-4058-8c58-0b7606d876b2 reached end of life.
info: ObjectTrajectory Written: PySara.DBU5.d4b1a285-ba8d-4058-8c58-0b7606d876b2_Trajectory.txt
info: GnuPlotGeneration::GenerateSingleObjectScript Wrote PySara.DBU5.d4b1a285-ba8d-4058-8c58-0b7606d876b2.gnu
info: AeroThermalHistory Written: PySara.DBU5.d4b1a285-ba8d-4058-8c58-0b7606d876b2_AeroThermalHistory.txt
info: EVENT end d4b1a285-ba8d-4058-8c58-0b7606d876b2 0.000000
info: Adding 0 new fragments to fragmentList.
info: Starting propagation of Fragment with uniqueID 7b23cf75-49aa-4269-b7bf-5e9d45bc1f5f.
info: EVENT area 7b23cf75-49aa-4269-b7bf-5e9d45bc1f5f 0.029655
info: EVENT start 7b23cf75-49aa-4269-b7bf-5e9d45bc1f5f 2.250000 0.029655 2016-11-08T15:30:47
info: Object 7b23cf75-49aa-4269-b7bf-5e9d45bc1f5f demised.
info: EVENT object 7b23cf75-49aa-4269-b7bf-5e9d45bc1f5f demise
info: Object 7b23cf75-49aa-4269-b7bf-5e9d45bc1f5f reached end of life.
info: ObjectTrajectory Written: PySara.ASCATRFU1.7b23cf75-49aa-4269-b7bf-5e9d45bc1f5f_Trajectory.txt
info: GnuPlotGeneration::GenerateSingleObjectScript Wrote PySara.ASCATRFU1.7b23cf75-49aa-4269-b7bf-5e9d45bc1f5f.gnu
info: AeroThermalHistory Written: PySara.ASCATRFU1.7b23cf75-49aa-4269-b7bf-5e9d45bc1f5f_AeroThermalHistory.txt
info: EVENT end 7b23cf75-49aa-4269-b7bf-5e9d45bc1f5f 0.080000
info: Adding 1 new fragments to fragmentList.
info: Starting propagation of Fragment with uniqueID ca777b00-e3d2-4e6c-8afa-c1257614e57c.
info: EVENT area ca777b00-e3d2-4e6c-8afa-c1257614e57c 0.029655
info: EVENT start ca777b00-e3d2-4e6c-8afa-c1257614e57c 2.250000 0.029655 2016-11-08T15:30:47
info: Object ca777b00-e3d2-4e6c-8afa-c1257614e57c demised.
info: EVENT object ca777b00-e3d2-4e6c-8afa-c1257614e57c demise
info: Object ca777b00-e3d2-4e6c-8afa-c1257614e57c reached end of life.
info: ObjectTrajectory Written: PySara.ASCATRFU2.ca777b00-e3d2-4e6c-8afa-c1257614e57c_Trajectory.txt
info: GnuPlotGeneration::GenerateSingleObjectScript Wrote PySara.ASCATRFU2.ca777b00-e3d2-4e6c-8afa-c1257614e57c.gnu
info: AeroThermalHistory Written: PySara.ASCATRFU2.ca777b00-e3d2-4e6c-8afa-c1257614e57c_AeroThermalHistory.txt
info: EVENT end ca777b00-e3d2-4e6c-8afa-c1257614e57c 0.080000
info: Adding 1 new fragments to fragmentList.
info: Starting propagation of Fragment with uniqueID 793e2de2-3c73-4ec5-9159-6715937b7cbe.
info: EVENT area 793e2de2-3c73-4ec5-9159-6715937b7cbe 0.050362
info: EVENT start 793e2de2-3c73-4ec5-9159-6715937b7cbe 6.100000 0.050362 2016-11-08T15:30:47
info: Object 793e2de2-3c73-4ec5-9159-6715937b7cbe demised.
info: EVENT object 793e2de2-3c73-4ec5-9159-6715937b7cbe demise
info: Object 793e2de2-3c73-4ec5-9159-6715937b7cbe reached end of life.
info: ObjectTrajectory Written: PySara.IASI-DPS.793e2de2-3c73-4ec5-9159-6715937b7cbe_Trajectory.txt
info: GnuPlotGeneration::GenerateSingleObjectScript Wrote PySara.IASI-DPS.793e2de2-3c73-4ec5-9159-6715937b7cbe.gnu
info: AeroThermalHistory Written: PySara.IASI-DPS.793e2de2-3c73-4ec5-9159-6715937b7cbe_AeroThermalHistory.txt
info: EVENT end 793e2de2-3c73-4ec5-9159-6715937b7cbe 2.360000
info: Adding 1 new fragments to fragmentList.
info: Starting propagation of Fragment with uniqueID 5e7648dc-e783-4bff-828d-ce1c7dd5f7ad.
info: EVENT area 5e7648dc-e783-4bff-828d-ce1c7dd5f7ad 0.014756
info: EVENT start 5e7648dc-e783-4bff-828d-ce1c7dd5f7ad 0.900000 0.014756 2016-11-08T15:30:47
info: Object 5e7648dc-e783-4bff-828d-ce1c7dd5f7ad demised.
info: EVENT object 5e7648dc-e783-4bff-828d-ce1c7dd5f7ad demise
info: Fragment 5e7648dc-e783-4bff-828d-ce1c7dd5f7ad reached end of life because uncritical.
info: Object 5e7648dc-e783-4bff-828d-ce1c7dd5f7ad reached end of life.
info: ObjectTrajectory Written: PySara.RFCU.5e7648dc-e783-4bff-828d-ce1c7dd5f7ad_Trajectory.txt
info: GnuPlotGeneration::GenerateSingleObjectScript Wrote PySara.RFCU.5e7648dc-e783-4bff-828d-ce1c7dd5f7ad.gnu
info: AeroThermalHistory Written: PySara.RFCU.5e7648dc-e783-4bff-828d-ce1c7dd5f7ad_AeroThermalHistory.txt
info: EVENT end 5e7648dc-e783-4bff-828d-ce1c7dd5f7ad 0.000000
info: Adding 0 new fragments to fragmentList.
info: Starting propagation of Fragment with uniqueID 48e437f7-524f-4623-953b-871dd238a6a6.
info: EVENT area 48e437f7-524f-4623-953b-871dd238a6a6 0.053235
info: EVENT start 48e437f7-524f-4623-953b-871dd238a6a6 7.050000 0.053235 2016-11-08T15:30:47
info: Object 48e437f7-524f-4623-953b-871dd238a6a6 demised.
info: EVENT object 48e437f7-524f-4623-953b-871dd238a6a6 demise
info: Object 48e437f7-524f-4623-953b-871dd238a6a6 reached end of life.
info: ObjectTrajectory Written: PySara.IASI-IMS.48e437f7-524f-4623-953b-871dd238a6a6_Trajectory.txt
info: GnuPlotGeneration::GenerateSingleObjectScript Wrote PySara.IASI-IMS.48e437f7-524f-4623-953b-871dd238a6a6.gnu
info: AeroThermalHistory Written: PySara.IASI-IMS.48e437f7-524f-4623-953b-871dd238a6a6_AeroThermalHistory.txt
info: EVENT end 48e437f7-524f-4623-953b-871dd238a6a6 3.065000
info: Adding 1 new fragments to fragmentList.
info: Starting propagation of Fragment with uniqueID bd7f8fe5-b32a-460c-b396-4790d4115078.
info: EVENT area bd7f8fe5-b32a-460c-b396-4790d4115078 0.027021
info: EVENT start bd7f8fe5-b32a-460c-b396-4790d4115078 2.200000 0.027021 2016-11-08T15:30:47
info: Object bd7f8fe5-b32a-460c-b396-4790d4115078 demised.
info: EVENT object bd7f8fe5-b32a-460c-b396-4790d4115078 demise
info: Object bd7f8fe5-b32a-460c-b396-4790d4115078 reached end of life.
info: ObjectTrajectory Written: PySara.DPU-SEM.bd7f8fe5-b32a-460c-b396-4790d4115078_Trajectory.txt
info: GnuPlotGeneration::GenerateSingleObjectScript Wrote PySara.DPU-SEM.bd7f8fe5-b32a-460c-b396-4790d4115078.gnu
info: AeroThermalHistory Written: PySara.DPU-SEM.bd7f8fe5-b32a-460c-b396-4790d4115078_AeroThermalHistory.txt
info: EVENT end bd7f8fe5-b32a-460c-b396-4790d4115078 0.225000
info: Adding 1 new fragments to fragmentList.
info: Starting propagation of Fragment with uniqueID ec290029-8b8b-41f1-84b5-0156600c4465.
info: EVENT area ec290029-8b8b-41f1-84b5-0156600c4465 0.088930
info: EVENT start ec290029-8b8b-41f1-84b5-0156600c4465 10.850000 0.088930 2016-11-08T15:30:47
info: Object ec290029-8b8b-41f1-84b5-0156600c4465 demised.
info: EVENT object ec290029-8b8b-41f1-84b5-0156600c4465 demise
info: Object ec290029-8b8b-41f1-84b5-0156600c4465 reached end of life.
info: ObjectTrajectory Written: PySara.PCU.ec290029-8b8b-41f1-84b5-0156600c4465_Trajectory.txt
info: GnuPlotGeneration::GenerateSingleObjectScript Wrote PySara.PCU.ec290029-8b8b-41f1-84b5-0156600c4465.gnu
info: AeroThermalHistory Written: PySara.PCU.ec290029-8b8b-41f1-84b5-0156600c4465_AeroThermalHistory.txt
info: EVENT end ec290029-8b8b-41f1-84b5-0156600c4465 4.125000
info: Adding 1 new fragments to fragmentList.
info: Starting propagation of Fragment with uniqueID 5730fc2c-e436-4d0d-8aff-7db103d50d08.
info: EVENT area 5730fc2c-e436-4d0d-8aff-7db103d50d08 0.089962
info: EVENT start 5730fc2c-e436-4d0d-8aff-7db103d50d08 11.600000 0.089962 2016-11-08T15:30:47
info: Object 5730fc2c-e436-4d0d-8aff-7db103d50d08 demised.
info: EVENT object 5730fc2c-e436-4d0d-8aff-7db103d50d08 demise
info: Object 5730fc2c-e436-4d0d-8aff-7db103d50d08 reached end of life.
info: ObjectTrajectory Written: PySara.TCU.5730fc2c-e436-4d0d-8aff-7db103d50d08_Trajectory.txt
info: GnuPlotGeneration::GenerateSingleObjectScript Wrote PySara.TCU.5730fc2c-e436-4d0d-8aff-7db103d50d08.gnu
info: AeroThermalHistory Written: PySara.TCU.5730fc2c-e436-4d0d-8aff-7db103d50d08_AeroThermalHistory.txt
info: EVENT end 5730fc2c-e436-4d0d-8aff-7db103d50d08 4.785000
info: Adding 1 new fragments to fragmentList.
info: Starting propagation of Fragment with uniqueID 8c6e4d00-4ff8-4a89-ba8f-3af08b2a8d80.
info: EVENT area 8c6e4d00-4ff8-4a89-ba8f-3af08b2a8d80 0.042882
info: EVENT start 8c6e4d00-4ff8-4a89-ba8f-3af08b2a8d80 2.750000 0.042882 2016-11-08T15:30:47
info: Object 8c6e4d00-4ff8-4a89-ba8f-3af08b2a8d80 reached end of life because of ballooning.
info: EVENT object 8c6e4d00-4ff8-4a89-ba8f-3af08b2a8d80 balloon
info: Object 8c6e4d00-4ff8-4a89-ba8f-3af08b2a8d80 reached end of life.
info: ObjectTrajectory Written: PySara.FMU1.8c6e4d00-4ff8-4a89-ba8f-3af08b2a8d80_Trajectory.txt
info: GnuPlotGeneration::GenerateSingleObjectScript Wrote PySara.FMU1.8c6e4d00-4ff8-4a89-ba8f-3af08b2a8d80.gnu
info: AeroThermalHistory Written: PySara.FMU1.8c6e4d00-4ff8-4a89-ba8f-3af08b2a8d80_AeroThermalHistory.txt
info: EVENT end 8c6e4d00-4ff8-4a89-ba8f-3af08b2a8d80 0.011854
info: Adding 0 new fragments to fragmentList.
info: Starting propagation of Fragment with uniqueID d48a1d8d-51ba-40f2-b422-84fe47391013.
info: EVENT area d48a1d8d-51ba-40f2-b422-84fe47391013 0.042882
info: EVENT start d48a1d8d-51ba-40f2-b422-84fe47391013 2.750000 0.042882 2016-11-08T15:30:47
info: Object d48a1d8d-51ba-40f2-b422-84fe47391013 reached end of life because of ballooning.
info: EVENT object d48a1d8d-51ba-40f2-b422-84fe47391013 balloon
info: Object d48a1d8d-51ba-40f2-b422-84fe47391013 reached end of life.
info: ObjectTrajectory Written: PySara.FMU2.d48a1d8d-51ba-40f2-b422-84fe47391013_Trajectory.txt
info: GnuPlotGeneration::GenerateSingleObjectScript Wrote PySara.FMU2.d48a1d8d-51ba-40f2-b422-84fe47391013.gnu
info: AeroThermalHistory Written: PySara.FMU2.d48a1d8d-51ba-40f2-b422-84fe47391013_AeroThermalHistory.txt
info: EVENT end d48a1d8d-51ba-40f2-b422-84fe47391013 0.011854
info: Adding 0 new fragments to fragmentList.
info: Starting propagation of Fragment with uniqueID d83a9294-4d46-4254-ace5-ff9fae05622a.
info: EVENT area d83a9294-4d46-4254-ace5-ff9fae05622a 0.095278
info: EVENT start d83a9294-4d46-4254-ace5-ff9fae05622a 11.850000 0.095278 2016-11-08T15:30:47
info: Object d83a9294-4d46-4254-ace5-ff9fae05622a demised.
info: EVENT object d83a9294-4d46-4254-ace5-ff9fae05622a demise
info: Object d83a9294-4d46-4254-ace5-ff9fae05622a reached end of life.
info: ObjectTrajectory Written: PySara.SSR.d83a9294-4d46-4254-ace5-ff9fae05622a_Trajectory.txt
info: GnuPlotGeneration::GenerateSingleObjectScript Wrote PySara.SSR.d83a9294-4d46-4254-ace5-ff9fae05622a.gnu
info: AeroThermalHistory Written: PySara.SSR.d83a9294-4d46-4254-ace5-ff9fae05622a_AeroThermalHistory.txt
info: EVENT end d83a9294-4d46-4254-ace5-ff9fae05622a 4.640000
info: Adding 1 new fragments to fragmentList.
info: Starting propagation of Fragment with uniqueID e2f95e2d-87da-419c-9e0a-23294d603d7d.
info: EVENT area e2f95e2d-87da-419c-9e0a-23294d603d7d 0.058366
info: EVENT start e2f95e2d-87da-419c-9e0a-23294d603d7d 5.500000 0.058366 2016-11-08T15:30:47
info: Object e2f95e2d-87da-419c-9e0a-23294d603d7d demised.
info: EVENT object e2f95e2d-87da-419c-9e0a-23294d603d7d demise
info: Object e2f95e2d-87da-419c-9e0a-23294d603d7d reached end of life.
info: ObjectTrajectory Written: PySara.NIU.e2f95e2d-87da-419c-9e0a-23294d603d7d_Trajectory.txt
info: GnuPlotGeneration::GenerateSingleObjectScript Wrote PySara.NIU.e2f95e2d-87da-419c-9e0a-23294d603d7d.gnu
info: AeroThermalHistory Written: PySara.NIU.e2f95e2d-87da-419c-9e0a-23294d603d7d_AeroThermalHistory.txt
info: EVENT end e2f95e2d-87da-419c-9e0a-23294d603d7d 1.125000
info: Adding 1 new fragments to fragmentList.
info: Starting propagation of Fragment with uniqueID 763a5740-f52b-4032-a209-7105dc417fab.
info: EVENT area 763a5740-f52b-4032-a209-7105dc417fab 0.019052
info: EVENT start 763a5740-f52b-4032-a209-7105dc417fab 1.250000 0.019052 2016-11-08T15:30:47
info: Object 763a5740-f52b-4032-a209-7105dc417fab demised.
info: EVENT object 763a5740-f52b-4032-a209-7105dc417fab demise
info: Fragment 763a5740-f52b-4032-a209-7105dc417fab reached end of life because uncritical.
info: Object 763a5740-f52b-4032-a209-7105dc417fab reached end of life.
info: ObjectTrajectory Written: PySara.L-SSPA1.763a5740-f52b-4032-a209-7105dc417fab_Trajectory.txt
info: GnuPlotGeneration::GenerateSingleObjectScript Wrote PySara.L-SSPA1.763a5740-f52b-4032-a209-7105dc417fab.gnu
info: AeroThermalHistory Written: PySara.L-SSPA1.763a5740-f52b-4032-a209-7105dc417fab_AeroThermalHistory.txt
info: EVENT end 763a5740-f52b-4032-a209-7105dc417fab 0.000000
info: Adding 0 new fragments to fragmentList.
info: Starting propagation of Fragment with uniqueID 4b304909-5d7f-4f20-91a7-3bd1c56ace98.
info: EVENT area 4b304909-5d7f-4f20-91a7-3bd1c56ace98 0.019052
info: EVENT start 4b304909-5d7f-4f20-91a7-3bd1c56ace98 1.250000 0.019052 2016-11-08T15:30:47
info: Object 4b304909-5d7f-4f20-91a7-3bd1c56ace98 demised.
info: EVENT object 4b304909-5d7f-4f20-91a7-3bd1c56ace98 demise
info: Fragment 4b304909-5d7f-4f20-91a7-3bd1c56ace98 reached end of life because uncritical.
info: Object 4b304909-5d7f-4f20-91a7-3bd1c56ace98 reached end of life.
info: ObjectTrajectory Written: PySara.L-SSPA2.4b304909-5d7f-4f20-91a7-3bd1c56ace98_Trajectory.txt
info: GnuPlotGeneration::GenerateSingleObjectScript Wrote PySara.L-SSPA2.4b304909-5d7f-4f20-91a7-3bd1c56ace98.gnu
info: AeroThermalHistory Written: PySara.L-SSPA2.4b304909-5d7f-4f20-91a7-3bd1c56ace98_AeroThermalHistory.txt
info: EVENT end 4b304909-5d7f-4f20-91a7-3bd1c56ace98 0.000000
info: Adding 0 new fragments to fragmentList.
info: Starting propagation of Fragment with uniqueID 83aefc6e-b733-489f-8bff-5aa78232a652.
info: EVENT area 83aefc6e-b733-489f-8bff-5aa78232a652 0.018894
info: EVENT start 83aefc6e-b733-489f-8bff-5aa78232a652 1.200000 0.018894 2016-11-08T15:30:47
info: Object 83aefc6e-b733-489f-8bff-5aa78232a652 demised.
info: EVENT object 83aefc6e-b733-489f-8bff-5aa78232a652 demise
info: Fragment 83aefc6e-b733-489f-8bff-5aa78232a652 reached end of life because uncritical.
info: Object 83aefc6e-b733-489f-8bff-5aa78232a652 reached end of life.
info: ObjectTrajectory Written: PySara.LH-MOD1.83aefc6e-b733-489f-8bff-5aa78232a652_Trajectory.txt
info: GnuPlotGeneration::GenerateSingleObjectScript Wrote PySara.LH-MOD1.83aefc6e-b733-489f-8bff-5aa78232a652.gnu
info: AeroThermalHistory Written: PySara.LH-MOD1.83aefc6e-b733-489f-8bff-5aa78232a652_AeroThermalHistory.txt
info: EVENT end 83aefc6e-b733-489f-8bff-5aa78232a652 0.000000
info: Adding 0 new fragments to fragmentList.
info: Starting propagation of Fragment with uniqueID f7ebcbcd-3269-482a-b7d7-cbbdd52f58a3.
info: EVENT area f7ebcbcd-3269-482a-b7d7-cbbdd52f58a3 0.018894
info: EVENT start f7ebcbcd-3269-482a-b7d7-cbbdd52f58a3 1.200000 0.018894 2016-11-08T15:30:47
info: Object f7ebcbcd-3269-482a-b7d7-cbbdd52f58a3 demised.
info: EVENT object f7ebcbcd-3269-482a-b7d7-cbbdd52f58a3 demise
info: Fragment f7ebcbcd-3269-482a-b7d7-cbbdd52f58a3 reached end of life because uncritical.
info: Object f7ebcbcd-3269-482a-b7d7-cbbdd52f58a3 reached end of life.
info: ObjectTrajectory Written: PySara.LH-MOD2.f7ebcbcd-3269-482a-b7d7-cbbdd52f58a3_Trajectory.txt
info: GnuPlotGeneration::GenerateSingleObjectScript Wrote PySara.LH-MOD2.f7ebcbcd-3269-482a-b7d7-cbbdd52f58a3.gnu
info: AeroThermalHistory Written: PySara.LH-MOD2.f7ebcbcd-3269-482a-b7d7-cbbdd52f58a3_AeroThermalHistory.txt
info: EVENT end f7ebcbcd-3269-482a-b7d7-cbbdd52f58a3 0.000000
info: Adding 0 new fragments to fragmentList.
info: Starting propagation of Fragment with uniqueID b25dc4d9-13c8-482a-a299-dd01fd08ebdb.
info: EVENT area b25dc4d9-13c8-482a-a299-dd01fd08ebdb 0.013252
info: EVENT start b25dc4d9-13c8-482a-a299-dd01fd08ebdb 0.600000 0.013252 2016-11-08T15:30:47
info: Object b25dc4d9-13c8-482a-a299-dd01fd08ebdb demised.
info: EVENT object b25dc4d9-13c8-482a-a299-dd01fd08ebdb demise
info: Fragment b25dc4d9-13c8-482a-a299-dd01fd08ebdb reached end of life because uncritical.
info: Object b25dc4d9-13c8-482a-a299-dd01fd08ebdb reached end of life.
info: ObjectTrajectory Written: PySara.H-SSPA1.b25dc4d9-13c8-482a-a299-dd01fd08ebdb_Trajectory.txt
info: GnuPlotGeneration::GenerateSingleObjectScript Wrote PySara.H-SSPA1.b25dc4d9-13c8-482a-a299-dd01fd08ebdb.gnu
info: AeroThermalHistory Written: PySara.H-SSPA1.b25dc4d9-13c8-482a-a299-dd01fd08ebdb_AeroThermalHistory.txt
info: EVENT end b25dc4d9-13c8-482a-a299-dd01fd08ebdb 0.000000
info: Adding 0 new fragments to fragmentList.
info: Starting propagation of Fragment with uniqueID 50035c84-d1c9-41bb-82a1-2b10a91569f0.
info: EVENT area 50035c84-d1c9-41bb-82a1-2b10a91569f0 0.013252
info: EVENT start 50035c84-d1c9-41bb-82a1-2b10a91569f0 0.600000 0.013252 2016-11-08T15:30:47
info: Object 50035c84-d1c9-41bb-82a1-2b10a91569f0 demised.
info: EVENT object 50035c84-d1c9-41bb-82a1-2b10a91569f0 demise
info: Fragment 50035c84-d1c9-41bb-82a1-2b10a91569f0 reached end of life because uncritical.
info: Object 50035c84-d1c9-41bb-82a1-2b10a91569f0 reached end of life.
info: ObjectTrajectory Written: PySara.H-SSPA2.50035c84-d1c9-41bb-82a1-2b10a91569f0_Trajectory.txt
info: GnuPlotGeneration::GenerateSingleObjectScript Wrote PySara.H-SSPA2.50035c84-d1c9-41bb-82a1-2b10a91569f0.gnu
info: AeroThermalHistory Written: PySara.H-SSPA2.50035c84-d1c9-41bb-82a1-2b10a91569f0_AeroThermalHistory.txt
info: EVENT end 50035c84-d1c9-41bb-82a1-2b10a91569f0 0.000000
info: Adding 0 new fragments to fragmentList.
info: Starting propagation of Fragment with uniqueID 6be146fd-6b3d-48d2-8140-ddc02a7b864d.
info: EVENT area 6be146fd-6b3d-48d2-8140-ddc02a7b864d 0.056778
info: EVENT start 6be146fd-6b3d-48d2-8140-ddc02a7b864d 7.000000 0.056778 2016-11-08T15:30:47
info: Object 6be146fd-6b3d-48d2-8140-ddc02a7b864d demised.
info: EVENT object 6be146fd-6b3d-48d2-8140-ddc02a7b864d demise
info: Object 6be146fd-6b3d-48d2-8140-ddc02a7b864d reached end of life.
info: ObjectTrajectory Written: PySara.ADCS-RPU.6be146fd-6b3d-48d2-8140-ddc02a7b864d_Trajectory.txt
info: GnuPlotGeneration::GenerateSingleObjectScript Wrote PySara.ADCS-RPU.6be146fd-6b3d-48d2-8140-ddc02a7b864d.gnu
info: AeroThermalHistory Written: PySara.ADCS-RPU.6be146fd-6b3d-48d2-8140-ddc02a7b864d_AeroThermalHistory.txt
info: EVENT end 6be146fd-6b3d-48d2-8140-ddc02a7b864d 2.750000
info: Adding 1 new fragments to fragmentList.
info: Starting propagation of Fragment with uniqueID 7f55c236-864e-40ed-87fc-4a26da0a0229.
info: EVENT area 7f55c236-864e-40ed-87fc-4a26da0a0229 0.036485
info: EVENT start 7f55c236-864e-40ed-87fc-4a26da0a0229 3.500000 0.036485 2016-11-08T15:30:47
info: Object 7f55c236-864e-40ed-87fc-4a26da0a0229 demised.
info: EVENT object 7f55c236-864e-40ed-87fc-4a26da0a0229 demise
info: Object 7f55c236-864e-40ed-87fc-4a26da0a0229 reached end of life.
info: ObjectTrajectory Written: PySara.ADCS-TXU.7f55c236-864e-40ed-87fc-4a26da0a0229_Trajectory.txt
info: GnuPlotGeneration::GenerateSingleObjectScript Wrote PySara.ADCS-TXU.7f55c236-864e-40ed-87fc-4a26da0a0229.gnu
info: AeroThermalHistory Written: PySara.ADCS-TXU.7f55c236-864e-40ed-87fc-4a26da0a0229_AeroThermalHistory.txt
info: EVENT end 7f55c236-864e-40ed-87fc-4a26da0a0229 0.815000
info: Adding 1 new fragments to fragmentList.
info: Starting propagation of Fragment with uniqueID 3e3557b4-6663-48e9-990d-b3153e71579a.
info: EVENT area 3e3557b4-6663-48e9-990d-b3153e71579a 0.035375
info: EVENT start 3e3557b4-6663-48e9-990d-b3153e71579a 2.950000 0.035375 2016-11-08T15:30:47
info: Object 3e3557b4-6663-48e9-990d-b3153e71579a demised.
info: EVENT object 3e3557b4-6663-48e9-990d-b3153e71579a demise
info: Object 3e3557b4-6663-48e9-990d-b3153e71579a reached end of life.
info: ObjectTrajectory Written: PySara.GRAS-GEU.3e3557b4-6663-48e9-990d-b3153e71579a_Trajectory.txt
info: GnuPlotGeneration::GenerateSingleObjectScript Wrote PySara.GRAS-GEU.3e3557b4-6663-48e9-990d-b3153e71579a.gnu
info: AeroThermalHistory Written: PySara.GRAS-GEU.3e3557b4-6663-48e9-990d-b3153e71579a_AeroThermalHistory.txt
info: EVENT end 3e3557b4-6663-48e9-990d-b3153e71579a 0.335000
info: Adding 1 new fragments to fragmentList.
info: Starting propagation of Fragment with uniqueID 9bc2cd0a-edc1-4207-b092-33d16198b231.
info: EVENT area 9bc2cd0a-edc1-4207-b092-33d16198b231 0.035580
info: EVENT start 9bc2cd0a-edc1-4207-b092-33d16198b231 2.650000 0.035580 2016-11-08T15:30:47
info: Object 9bc2cd0a-edc1-4207-b092-33d16198b231 reached end of life because of ballooning.
info: EVENT object 9bc2cd0a-edc1-4207-b092-33d16198b231 balloon
info: Object 9bc2cd0a-edc1-4207-b092-33d16198b231 reached end of life.
info: ObjectTrajectory Written: PySara.ASCATICU1.9bc2cd0a-edc1-4207-b092-33d16198b231_Trajectory.txt
info: GnuPlotGeneration::GenerateSingleObjectScript Wrote PySara.ASCATICU1.9bc2cd0a-edc1-4207-b092-33d16198b231.gnu
info: AeroThermalHistory Written: PySara.ASCATICU1.9bc2cd0a-edc1-4207-b092-33d16198b231_AeroThermalHistory.txt
info: EVENT end 9bc2cd0a-edc1-4207-b092-33d16198b231 0.007601
info: Adding 0 new fragments to fragmentList.
info: Starting propagation of Fragment with uniqueID 31b09dff-babf-48dd-ad99-ac5aef3469e6.
info: EVENT area 31b09dff-babf-48dd-ad99-ac5aef3469e6 0.035580
info: EVENT start 31b09dff-babf-48dd-ad99-ac5aef3469e6 2.650000 0.035580 2016-11-08T15:30:47
info: Object 31b09dff-babf-48dd-ad99-ac5aef3469e6 reached end of life because of ballooning.
info: EVENT object 31b09dff-babf-48dd-ad99-ac5aef3469e6 balloon
info: Object 31b09dff-babf-48dd-ad99-ac5aef3469e6 reached end of life.
info: ObjectTrajectory Written: PySara.ASCATICU2.31b09dff-babf-48dd-ad99-ac5aef3469e6_Trajectory.txt
info: GnuPlotGeneration::GenerateSingleObjectScript Wrote PySara.ASCATICU2.31b09dff-babf-48dd-ad99-ac5aef3469e6.gnu
info: AeroThermalHistory Written: PySara.ASCATICU2.31b09dff-babf-48dd-ad99-ac5aef3469e6_AeroThermalHistory.txt
info: EVENT end 31b09dff-babf-48dd-ad99-ac5aef3469e6 0.007601
info: Adding 0 new fragments to fragmentList.
info: Starting propagation of Fragment with uniqueID 50b225ea-27a3-4948-ba7e-9eb0aaa2833f.
info: EVENT area 50b225ea-27a3-4948-ba7e-9eb0aaa2833f 0.025573
info: EVENT start 50b225ea-27a3-4948-ba7e-9eb0aaa2833f 2.750000 0.025573 2016-11-08T15:30:47
info: Object 50b225ea-27a3-4948-ba7e-9eb0aaa2833f demised.
info: EVENT object 50b225ea-27a3-4948-ba7e-9eb0aaa2833f demise
info: Object 50b225ea-27a3-4948-ba7e-9eb0aaa2833f reached end of life.
info: ObjectTrajectory Written: PySara.ASCATDPU1.50b225ea-27a3-4948-ba7e-9eb0aaa2833f_Trajectory.txt
info: GnuPlotGeneration::GenerateSingleObjectScript Wrote PySara.ASCATDPU1.50b225ea-27a3-4948-ba7e-9eb0aaa2833f.gnu
info: AeroThermalHistory Written: PySara.ASCATDPU1.50b225ea-27a3-4948-ba7e-9eb0aaa2833f_AeroThermalHistory.txt
info: EVENT end 50b225ea-27a3-4948-ba7e-9eb0aaa2833f 0.880000
info: Adding 1 new fragments to fragmentList.
info: Starting propagation of Fragment with uniqueID 52086079-11dd-4ba5-86f1-ac04d0947720.
info: EVENT area 52086079-11dd-4ba5-86f1-ac04d0947720 0.025573
info: EVENT start 52086079-11dd-4ba5-86f1-ac04d0947720 2.750000 0.025573 2016-11-08T15:30:47
info: Object 52086079-11dd-4ba5-86f1-ac04d0947720 demised.
info: EVENT object 52086079-11dd-4ba5-86f1-ac04d0947720 demise
info: Object 52086079-11dd-4ba5-86f1-ac04d0947720 reached end of life.
info: ObjectTrajectory Written: PySara.ASCATDPU2.52086079-11dd-4ba5-86f1-ac04d0947720_Trajectory.txt
info: GnuPlotGeneration::GenerateSingleObjectScript Wrote PySara.ASCATDPU2.52086079-11dd-4ba5-86f1-ac04d0947720.gnu
info: AeroThermalHistory Written: PySara.ASCATDPU2.52086079-11dd-4ba5-86f1-ac04d0947720_AeroThermalHistory.txt
info: EVENT end 52086079-11dd-4ba5-86f1-ac04d0947720 0.880000
info: Adding 1 new fragments to fragmentList.
info: Starting propagation of Fragment with uniqueID 429cbd40-c6c5-43fd-b460-fc5cd243292f.
info: EVENT area 429cbd40-c6c5-43fd-b460-fc5cd243292f 1.155927
info: EVENT start 429cbd40-c6c5-43fd-b460-fc5cd243292f 100.000000 1.155927 2016-11-08T15:30:47
info: Fragment 429cbd40-c6c5-43fd-b460-fc5cd243292f reached end of life because of ground impact.
info: Object 429cbd40-c6c5-43fd-b460-fc5cd243292f reached end of life.
info: EVENT fragment 429cbd40-c6c5-43fd-b460-fc5cd243292f impact
info: ObjectTrajectory Written: PySara.IASI.429cbd40-c6c5-43fd-b460-fc5cd243292f_Trajectory.txt
info: GnuPlotGeneration::GenerateSingleObjectScript Wrote PySara.IASI.429cbd40-c6c5-43fd-b460-fc5cd243292f.gnu
info: AeroThermalHistory Written: PySara.IASI.429cbd40-c6c5-43fd-b460-fc5cd243292f_AeroThermalHistory.txt
info: EVENT end 429cbd40-c6c5-43fd-b460-fc5cd243292f 55.498649
info: Adding 0 new fragments to fragmentList.
info: Starting propagation of Fragment with uniqueID ae599747-ecf5-4232-aa46-521c56c71902.
info: EVENT area ae599747-ecf5-4232-aa46-521c56c71902 1.100814
info: EVENT start ae599747-ecf5-4232-aa46-521c56c71902 93.000000 1.100814 2016-11-08T15:30:47
info: Fragment ae599747-ecf5-4232-aa46-521c56c71902 reached end of life because of ground impact.
info: Object ae599747-ecf5-4232-aa46-521c56c71902 reached end of life.
info: EVENT fragment ae599747-ecf5-4232-aa46-521c56c71902 impact
info: ObjectTrajectory Written: PySara.Cylind1.ae599747-ecf5-4232-aa46-521c56c71902_Trajectory.txt
info: GnuPlotGeneration::GenerateSingleObjectScript Wrote PySara.Cylind1.ae599747-ecf5-4232-aa46-521c56c71902.gnu
info: AeroThermalHistory Written: PySara.Cylind1.ae599747-ecf5-4232-aa46-521c56c71902_AeroThermalHistory.txt
info: EVENT end ae599747-ecf5-4232-aa46-521c56c71902 39.571704
info: Adding 0 new fragments to fragmentList.
info: Starting propagation of Fragment with uniqueID 5e2ba905-2d33-4714-9e11-8737eed848d1.
info: EVENT area 5e2ba905-2d33-4714-9e11-8737eed848d1 1.098750
info: EVENT start 5e2ba905-2d33-4714-9e11-8737eed848d1 31.000000 1.098750 2016-11-08T15:30:47
info: Fragment 5e2ba905-2d33-4714-9e11-8737eed848d1 reached end of life because of ground impact.
info: Object 5e2ba905-2d33-4714-9e11-8737eed848d1 reached end of life.
info: EVENT fragment 5e2ba905-2d33-4714-9e11-8737eed848d1 impact
info: ObjectTrajectory Written: PySara.Cylind2.5e2ba905-2d33-4714-9e11-8737eed848d1_Trajectory.txt
info: GnuPlotGeneration::GenerateSingleObjectScript Wrote PySara.Cylind2.5e2ba905-2d33-4714-9e11-8737eed848d1.gnu
info: AeroThermalHistory Written: PySara.Cylind2.5e2ba905-2d33-4714-9e11-8737eed848d1_AeroThermalHistory.txt
info: EVENT end 5e2ba905-2d33-4714-9e11-8737eed848d1 6.307328
info: Adding 0 new fragments to fragmentList.
info: Starting propagation of Fragment with uniqueID 96053455-f40c-41f0-a511-c27a3d1ac7f2.
info: EVENT area 96053455-f40c-41f0-a511-c27a3d1ac7f2 0.263261
info: EVENT start 96053455-f40c-41f0-a511-c27a3d1ac7f2 5.000000 0.263261 2016-11-08T15:30:47
info: Fragment 96053455-f40c-41f0-a511-c27a3d1ac7f2 reached end of life because uncritical.
info: EVENT fragment 96053455-f40c-41f0-a511-c27a3d1ac7f2 uncritical
info: Object 96053455-f40c-41f0-a511-c27a3d1ac7f2 reached end of life.
info: ObjectTrajectory Written: PySara.SheWallY1.96053455-f40c-41f0-a511-c27a3d1ac7f2_Trajectory.txt
info: GnuPlotGeneration::GenerateSingleObjectScript Wrote PySara.SheWallY1.96053455-f40c-41f0-a511-c27a3d1ac7f2.gnu
info: AeroThermalHistory Written: PySara.SheWallY1.96053455-f40c-41f0-a511-c27a3d1ac7f2_AeroThermalHistory.txt
info: EVENT end 96053455-f40c-41f0-a511-c27a3d1ac7f2 0.208079
info: Adding 0 new fragments to fragmentList.
info: Starting propagation of Fragment with uniqueID 7059b08a-c312-4b65-94ec-4f9a27039aff.
info: EVENT area 7059b08a-c312-4b65-94ec-4f9a27039aff 0.263261
info: EVENT start 7059b08a-c312-4b65-94ec-4f9a27039aff 5.000000 0.263261 2016-11-08T15:30:47
info: Fragment 7059b08a-c312-4b65-94ec-4f9a27039aff reached end of life because uncritical.
info: EVENT fragment 7059b08a-c312-4b65-94ec-4f9a27039aff uncritical
info: Object 7059b08a-c312-4b65-94ec-4f9a27039aff reached end of life.
info: ObjectTrajectory Written: PySara.SheWallY2.7059b08a-c312-4b65-94ec-4f9a27039aff_Trajectory.txt
info: GnuPlotGeneration::GenerateSingleObjectScript Wrote PySara.SheWallY2.7059b08a-c312-4b65-94ec-4f9a27039aff.gnu
info: AeroThermalHistory Written: PySara.SheWallY2.7059b08a-c312-4b65-94ec-4f9a27039aff_AeroThermalHistory.txt
info: EVENT end 7059b08a-c312-4b65-94ec-4f9a27039aff 0.208079
info: Adding 0 new fragments to fragmentList.
info: Starting propagation of Fragment with uniqueID 5a728766-3fb7-4ba3-b682-c61b4be6dca8.
info: EVENT area 5a728766-3fb7-4ba3-b682-c61b4be6dca8 0.263261
info: EVENT start 5a728766-3fb7-4ba3-b682-c61b4be6dca8 5.000000 0.263261 2016-11-08T15:30:47
info: Fragment 5a728766-3fb7-4ba3-b682-c61b4be6dca8 reached end of life because uncritical.
info: EVENT fragment 5a728766-3fb7-4ba3-b682-c61b4be6dca8 uncritical
info: Object 5a728766-3fb7-4ba3-b682-c61b4be6dca8 reached end of life.
info: ObjectTrajectory Written: PySara.SheWallY3.5a728766-3fb7-4ba3-b682-c61b4be6dca8_Trajectory.txt
info: GnuPlotGeneration::GenerateSingleObjectScript Wrote PySara.SheWallY3.5a728766-3fb7-4ba3-b682-c61b4be6dca8.gnu
info: AeroThermalHistory Written: PySara.SheWallY3.5a728766-3fb7-4ba3-b682-c61b4be6dca8_AeroThermalHistory.txt
info: EVENT end 5a728766-3fb7-4ba3-b682-c61b4be6dca8 0.208079
info: Adding 0 new fragments to fragmentList.
info: Starting propagation of Fragment with uniqueID a223b4fe-73fe-48b7-a127-0fefb89338e0.
info: EVENT area a223b4fe-73fe-48b7-a127-0fefb89338e0 0.263261
info: EVENT start a223b4fe-73fe-48b7-a127-0fefb89338e0 5.000000 0.263261 2016-11-08T15:30:47
info: Fragment a223b4fe-73fe-48b7-a127-0fefb89338e0 reached end of life because uncritical.
info: EVENT fragment a223b4fe-73fe-48b7-a127-0fefb89338e0 uncritical
info: Object a223b4fe-73fe-48b7-a127-0fefb89338e0 reached end of life.
info: ObjectTrajectory Written: PySara.SheWallY4.a223b4fe-73fe-48b7-a127-0fefb89338e0_Trajectory.txt
info: GnuPlotGeneration::GenerateSingleObjectScript Wrote PySara.SheWallY4.a223b4fe-73fe-48b7-a127-0fefb89338e0.gnu
info: AeroThermalHistory Written: PySara.SheWallY4.a223b4fe-73fe-48b7-a127-0fefb89338e0_AeroThermalHistory.txt
info: EVENT end a223b4fe-73fe-48b7-a127-0fefb89338e0 0.208079
info: Adding 0 new fragments to fragmentList.
info: Starting propagation of Fragment with uniqueID 59583a85-bcfd-47ed-bdab-daa3f7c171bf.
info: EVENT area 59583a85-bcfd-47ed-bdab-daa3f7c171bf 0.125951
info: EVENT start 59583a85-bcfd-47ed-bdab-daa3f7c171bf 2.500000 0.125951 2016-11-08T15:30:47
info: Object 59583a85-bcfd-47ed-bdab-daa3f7c171bf reached end of life because of ballooning.
info: EVENT object 59583a85-bcfd-47ed-bdab-daa3f7c171bf balloon
info: Object 59583a85-bcfd-47ed-bdab-daa3f7c171bf reached end of life.
info: ObjectTrajectory Written: PySara.SheWallZ1.59583a85-bcfd-47ed-bdab-daa3f7c171bf_Trajectory.txt
info: GnuPlotGeneration::GenerateSingleObjectScript Wrote PySara.SheWallZ1.59583a85-bcfd-47ed-bdab-daa3f7c171bf.gnu
info: AeroThermalHistory Written: PySara.SheWallZ1.59583a85-bcfd-47ed-bdab-daa3f7c171bf_AeroThermalHistory.txt
info: EVENT end 59583a85-bcfd-47ed-bdab-daa3f7c171bf 0.002164
info: Adding 0 new fragments to fragmentList.
info: Starting propagation of Fragment with uniqueID 96825daa-1189-41a4-8029-c7f260f99328.
info: EVENT area 96825daa-1189-41a4-8029-c7f260f99328 0.125951
info: EVENT start 96825daa-1189-41a4-8029-c7f260f99328 2.500000 0.125951 2016-11-08T15:30:47
info: Object 96825daa-1189-41a4-8029-c7f260f99328 reached end of life because of ballooning.
info: EVENT object 96825daa-1189-41a4-8029-c7f260f99328 balloon
info: Object 96825daa-1189-41a4-8029-c7f260f99328 reached end of life.
info: ObjectTrajectory Written: PySara.SheWallZ2.96825daa-1189-41a4-8029-c7f260f99328_Trajectory.txt
info: GnuPlotGeneration::GenerateSingleObjectScript Wrote PySara.SheWallZ2.96825daa-1189-41a4-8029-c7f260f99328.gnu
info: AeroThermalHistory Written: PySara.SheWallZ2.96825daa-1189-41a4-8029-c7f260f99328_AeroThermalHistory.txt
info: EVENT end 96825daa-1189-41a4-8029-c7f260f99328 0.002164
info: Adding 0 new fragments to fragmentList.
info: Starting propagation of Fragment with uniqueID bccfff9a-9117-41e8-934d-f2f5d29f1e79.
info: EVENT area bccfff9a-9117-41e8-934d-f2f5d29f1e79 0.033696
info: EVENT start bccfff9a-9117-41e8-934d-f2f5d29f1e79 1.075000 0.033696 2016-11-08T15:31:34
info: Object bccfff9a-9117-41e8-934d-f2f5d29f1e79 demised.
info: EVENT object bccfff9a-9117-41e8-934d-f2f5d29f1e79 demise
info: Fragment bccfff9a-9117-41e8-934d-f2f5d29f1e79 reached end of life because uncritical.
info: Object bccfff9a-9117-41e8-934d-f2f5d29f1e79 reached end of life.
info: ObjectTrajectory Written: PySara.MHS-MPU-internal.bccfff9a-9117-41e8-934d-f2f5d29f1e79_Trajectory.txt
info: GnuPlotGeneration::GenerateSingleObjectScript Wrote PySara.MHS-MPU-internal.bccfff9a-9117-41e8-934d-f2f5d29f1e79.gnu
info: AeroThermalHistory Written: PySara.MHS-MPU-internal.bccfff9a-9117-41e8-934d-f2f5d29f1e79_AeroThermalHistory.txt
info: EVENT end bccfff9a-9117-41e8-934d-f2f5d29f1e79 0.000000
info: Adding 0 new fragments to fragmentList.
info: Starting propagation of Fragment with uniqueID 2622fa08-adbb-4190-a652-7df2c8d0e121.
info: EVENT area 2622fa08-adbb-4190-a652-7df2c8d0e121 0.021943
info: EVENT start 2622fa08-adbb-4190-a652-7df2c8d0e121 0.775000 0.021943 2016-11-08T15:31:29
info: Object 2622fa08-adbb-4190-a652-7df2c8d0e121 demised.
info: EVENT object 2622fa08-adbb-4190-a652-7df2c8d0e121 demise
info: Fragment 2622fa08-adbb-4190-a652-7df2c8d0e121 reached end of life because uncritical.
info: Object 2622fa08-adbb-4190-a652-7df2c8d0e121 reached end of life.
info: ObjectTrajectory Written: PySara.ASCATEPC1-internal.2622fa08-adbb-4190-a652-7df2c8d0e121_Trajectory.txt
info: GnuPlotGeneration::GenerateSingleObjectScript Wrote PySara.ASCATEPC1-internal.2622fa08-adbb-4190-a652-7df2c8d0e121.gnu
info: AeroThermalHistory Written: PySara.ASCATEPC1-internal.2622fa08-adbb-4190-a652-7df2c8d0e121_AeroThermalHistory.txt
info: EVENT end 2622fa08-adbb-4190-a652-7df2c8d0e121 0.000000
info: Adding 0 new fragments to fragmentList.
info: Starting propagation of Fragment with uniqueID f540ee8e-8f74-4412-be6c-2f8cd56cf0ec.
info: EVENT area f540ee8e-8f74-4412-be6c-2f8cd56cf0ec 0.021943
info: EVENT start f540ee8e-8f74-4412-be6c-2f8cd56cf0ec 0.775000 0.021943 2016-11-08T15:31:29
info: Object f540ee8e-8f74-4412-be6c-2f8cd56cf0ec demised.
info: EVENT object f540ee8e-8f74-4412-be6c-2f8cd56cf0ec demise
info: Fragment f540ee8e-8f74-4412-be6c-2f8cd56cf0ec reached end of life because uncritical.
info: Object f540ee8e-8f74-4412-be6c-2f8cd56cf0ec reached end of life.
info: ObjectTrajectory Written: PySara.ASCATEPC2-internal.f540ee8e-8f74-4412-be6c-2f8cd56cf0ec_Trajectory.txt
info: GnuPlotGeneration::GenerateSingleObjectScript Wrote PySara.ASCATEPC2-internal.f540ee8e-8f74-4412-be6c-2f8cd56cf0ec.gnu
info: AeroThermalHistory Written: PySara.ASCATEPC2-internal.f540ee8e-8f74-4412-be6c-2f8cd56cf0ec_AeroThermalHistory.txt
info: EVENT end f540ee8e-8f74-4412-be6c-2f8cd56cf0ec 0.000000
info: Adding 0 new fragments to fragmentList.
info: Starting propagation of Fragment with uniqueID dc2e6f52-c5a9-428b-98b3-1079deb95298.
info: EVENT area dc2e6f52-c5a9-428b-98b3-1079deb95298 0.045735
info: EVENT start dc2e6f52-c5a9-428b-98b3-1079deb95298 1.145000 0.045735 2016-11-08T15:31:38
info: Object dc2e6f52-c5a9-428b-98b3-1079deb95298 demised.
info: EVENT object dc2e6f52-c5a9-428b-98b3-1079deb95298 demise
info: Fragment dc2e6f52-c5a9-428b-98b3-1079deb95298 reached end of life because uncritical.
info: Object dc2e6f52-c5a9-428b-98b3-1079deb95298 reached end of life.
info: ObjectTrajectory Written: PySara.PMC1-internal.dc2e6f52-c5a9-428b-98b3-1079deb95298_Trajectory.txt
info: GnuPlotGeneration::GenerateSingleObjectScript Wrote PySara.PMC1-internal.dc2e6f52-c5a9-428b-98b3-1079deb95298.gnu
info: AeroThermalHistory Written: PySara.PMC1-internal.dc2e6f52-c5a9-428b-98b3-1079deb95298_AeroThermalHistory.txt
info: EVENT end dc2e6f52-c5a9-428b-98b3-1079deb95298 0.000000
info: Adding 0 new fragments to fragmentList.
info: Starting propagation of Fragment with uniqueID cd804e82-b086-4b5e-9554-a6d5a8e0c269.
info: EVENT area cd804e82-b086-4b5e-9554-a6d5a8e0c269 0.045735
info: EVENT start cd804e82-b086-4b5e-9554-a6d5a8e0c269 1.145000 0.045735 2016-11-08T15:31:38
info: Object cd804e82-b086-4b5e-9554-a6d5a8e0c269 demised.
info: EVENT object cd804e82-b086-4b5e-9554-a6d5a8e0c269 demise
info: Fragment cd804e82-b086-4b5e-9554-a6d5a8e0c269 reached end of life because uncritical.
info: Object cd804e82-b086-4b5e-9554-a6d5a8e0c269 reached end of life.
info: ObjectTrajectory Written: PySara.PMC2-internal.cd804e82-b086-4b5e-9554-a6d5a8e0c269_Trajectory.txt
info: GnuPlotGeneration::GenerateSingleObjectScript Wrote PySara.PMC2-internal.cd804e82-b086-4b5e-9554-a6d5a8e0c269.gnu
info: AeroThermalHistory Written: PySara.PMC2-internal.cd804e82-b086-4b5e-9554-a6d5a8e0c269_AeroThermalHistory.txt
info: EVENT end cd804e82-b086-4b5e-9554-a6d5a8e0c269 0.000000
info: Adding 0 new fragments to fragmentList.
info: Starting propagation of Fragment with uniqueID 6d9ff6a9-d7ca-4720-bf90-516d7349c993.
info: EVENT area 6d9ff6a9-d7ca-4720-bf90-516d7349c993 0.067498
info: EVENT start 6d9ff6a9-d7ca-4720-bf90-516d7349c993 2.980000 0.067498 2016-11-08T15:31:42
info: Object 6d9ff6a9-d7ca-4720-bf90-516d7349c993 demised.
info: EVENT object 6d9ff6a9-d7ca-4720-bf90-516d7349c993 demise
info: Fragment 6d9ff6a9-d7ca-4720-bf90-516d7349c993 reached end of life because uncritical.
info: Object 6d9ff6a9-d7ca-4720-bf90-516d7349c993 reached end of life.
info: ObjectTrajectory Written: PySara.PDU1-internal.6d9ff6a9-d7ca-4720-bf90-516d7349c993_Trajectory.txt
info: GnuPlotGeneration::GenerateSingleObjectScript Wrote PySara.PDU1-internal.6d9ff6a9-d7ca-4720-bf90-516d7349c993.gnu
info: AeroThermalHistory Written: PySara.PDU1-internal.6d9ff6a9-d7ca-4720-bf90-516d7349c993_AeroThermalHistory.txt
info: EVENT end 6d9ff6a9-d7ca-4720-bf90-516d7349c993 0.000000
info: Adding 0 new fragments to fragmentList.
info: Starting propagation of Fragment with uniqueID 03150939-69bd-458d-8058-caff2c4ea0c9.
info: EVENT area 03150939-69bd-458d-8058-caff2c4ea0c9 0.067498
info: EVENT start 03150939-69bd-458d-8058-caff2c4ea0c9 2.980000 0.067498 2016-11-08T15:31:42
info: Object 03150939-69bd-458d-8058-caff2c4ea0c9 demised.
info: EVENT object 03150939-69bd-458d-8058-caff2c4ea0c9 demise
info: Fragment 03150939-69bd-458d-8058-caff2c4ea0c9 reached end of life because uncritical.
info: Object 03150939-69bd-458d-8058-caff2c4ea0c9 reached end of life.
info: ObjectTrajectory Written: PySara.PDU2-internal.03150939-69bd-458d-8058-caff2c4ea0c9_Trajectory.txt
info: GnuPlotGeneration::GenerateSingleObjectScript Wrote PySara.PDU2-internal.03150939-69bd-458d-8058-caff2c4ea0c9.gnu
info: AeroThermalHistory Written: PySara.PDU2-internal.03150939-69bd-458d-8058-caff2c4ea0c9_AeroThermalHistory.txt
info: EVENT end 03150939-69bd-458d-8058-caff2c4ea0c9 0.000000
info: Adding 0 new fragments to fragmentList.
info: Starting propagation of Fragment with uniqueID d59415d8-a001-4fcb-a193-705b75585286.
info: EVENT area d59415d8-a001-4fcb-a193-705b75585286 0.058367
info: EVENT start d59415d8-a001-4fcb-a193-705b75585286 1.320000 0.058367 2016-11-08T15:31:41
info: Object d59415d8-a001-4fcb-a193-705b75585286 demised.
info: EVENT object d59415d8-a001-4fcb-a193-705b75585286 demise
info: Fragment d59415d8-a001-4fcb-a193-705b75585286 reached end of life because uncritical.
info: Object d59415d8-a001-4fcb-a193-705b75585286 reached end of life.
info: ObjectTrajectory Written: PySara.RTU-internal.d59415d8-a001-4fcb-a193-705b75585286_Trajectory.txt
info: GnuPlotGeneration::GenerateSingleObjectScript Wrote PySara.RTU-internal.d59415d8-a001-4fcb-a193-705b75585286.gnu
info: AeroThermalHistory Written: PySara.RTU-internal.d59415d8-a001-4fcb-a193-705b75585286_AeroThermalHistory.txt
info: EVENT end d59415d8-a001-4fcb-a193-705b75585286 0.000000
info: Adding 0 new fragments to fragmentList.
info: Starting propagation of Fragment with uniqueID 792e896a-aee6-4a79-8dde-e7ec1261d254.
info: EVENT area 792e896a-aee6-4a79-8dde-e7ec1261d254 0.049876
info: EVENT start 792e896a-aee6-4a79-8dde-e7ec1261d254 2.945000 0.049876 2016-11-08T15:31:36
info: Object 792e896a-aee6-4a79-8dde-e7ec1261d254 demised.
info: EVENT object 792e896a-aee6-4a79-8dde-e7ec1261d254 demise
info: Fragment 792e896a-aee6-4a79-8dde-e7ec1261d254 reached end of life because uncritical.
info: Object 792e896a-aee6-4a79-8dde-e7ec1261d254 reached end of life.
info: ObjectTrajectory Written: PySara.SARP-3-internal.792e896a-aee6-4a79-8dde-e7ec1261d254_Trajectory.txt
info: GnuPlotGeneration::GenerateSingleObjectScript Wrote PySara.SARP-3-internal.792e896a-aee6-4a79-8dde-e7ec1261d254.gnu
info: AeroThermalHistory Written: PySara.SARP-3-internal.792e896a-aee6-4a79-8dde-e7ec1261d254_AeroThermalHistory.txt
info: EVENT end 792e896a-aee6-4a79-8dde-e7ec1261d254 0.000000
info: Adding 0 new fragments to fragmentList.
info: Starting propagation of Fragment with uniqueID 1dcdc0b7-5a99-4983-bf05-64fc5adb56cc.
info: EVENT area 1dcdc0b7-5a99-4983-bf05-64fc5adb56cc 0.084263
info: EVENT start 1dcdc0b7-5a99-4983-bf05-64fc5adb56cc 0.350000 0.084263 2016-11-08T15:31:52
info: Fragment 1dcdc0b7-5a99-4983-bf05-64fc5adb56cc reached end of life because uncritical.
info: EVENT fragment 1dcdc0b7-5a99-4983-bf05-64fc5adb56cc uncritical
info: Object 1dcdc0b7-5a99-4983-bf05-64fc5adb56cc reached end of life.
info: ObjectTrajectory Written: PySara.SAR-Rx-internal.1dcdc0b7-5a99-4983-bf05-64fc5adb56cc_Trajectory.txt
info: GnuPlotGeneration::GenerateSingleObjectScript Wrote PySara.SAR-Rx-internal.1dcdc0b7-5a99-4983-bf05-64fc5adb56cc.gnu
info: AeroThermalHistory Written: PySara.SAR-Rx-internal.1dcdc0b7-5a99-4983-bf05-64fc5adb56cc_AeroThermalHistory.txt
info: EVENT end 1dcdc0b7-5a99-4983-bf05-64fc5adb56cc 0.088303
info: Adding 0 new fragments to fragmentList.
info: Starting propagation of Fragment with uniqueID 2fbd2027-dca6-4c81-96a5-d16370765a92.
info: EVENT area 2fbd2027-dca6-4c81-96a5-d16370765a92 0.025544
info: EVENT start 2fbd2027-dca6-4c81-96a5-d16370765a92 0.080000 0.025544 2016-11-08T15:31:34
info: Object 2fbd2027-dca6-4c81-96a5-d16370765a92 demised.
info: EVENT object 2fbd2027-dca6-4c81-96a5-d16370765a92 demise
info: Fragment 2fbd2027-dca6-4c81-96a5-d16370765a92 reached end of life because uncritical.
info: Object 2fbd2027-dca6-4c81-96a5-d16370765a92 reached end of life.
info: ObjectTrajectory Written: PySara.ASCATRFU1-internal.2fbd2027-dca6-4c81-96a5-d16370765a92_Trajectory.txt
info: GnuPlotGeneration::GenerateSingleObjectScript Wrote PySara.ASCATRFU1-internal.2fbd2027-dca6-4c81-96a5-d16370765a92.gnu
info: AeroThermalHistory Written: PySara.ASCATRFU1-internal.2fbd2027-dca6-4c81-96a5-d16370765a92_AeroThermalHistory.txt
info: EVENT end 2fbd2027-dca6-4c81-96a5-d16370765a92 0.000000
info: Adding 0 new fragments to fragmentList.
info: Starting propagation of Fragment with uniqueID b4629894-68e0-430d-96b4-302f95184b87.
info: EVENT area b4629894-68e0-430d-96b4-302f95184b87 0.025544
info: EVENT start b4629894-68e0-430d-96b4-302f95184b87 0.080000 0.025544 2016-11-08T15:31:34
info: Object b4629894-68e0-430d-96b4-302f95184b87 demised.
info: EVENT object b4629894-68e0-430d-96b4-302f95184b87 demise
info: Fragment b4629894-68e0-430d-96b4-302f95184b87 reached end of life because uncritical.
info: Object b4629894-68e0-430d-96b4-302f95184b87 reached end of life.
info: ObjectTrajectory Written: PySara.ASCATRFU2-internal.b4629894-68e0-430d-96b4-302f95184b87_Trajectory.txt
info: GnuPlotGeneration::GenerateSingleObjectScript Wrote PySara.ASCATRFU2-internal.b4629894-68e0-430d-96b4-302f95184b87.gnu
info: AeroThermalHistory Written: PySara.ASCATRFU2-internal.b4629894-68e0-430d-96b4-302f95184b87_AeroThermalHistory.txt
info: EVENT end b4629894-68e0-430d-96b4-302f95184b87 0.000000
info: Adding 0 new fragments to fragmentList.
info: Starting propagation of Fragment with uniqueID 122eb294-6444-456e-9a34-b927575ac0d3.
info: EVENT area 122eb294-6444-456e-9a34-b927575ac0d3 0.044992
info: EVENT start 122eb294-6444-456e-9a34-b927575ac0d3 2.360000 0.044992 2016-11-08T15:31:36
info: Object 122eb294-6444-456e-9a34-b927575ac0d3 demised.
info: EVENT object 122eb294-6444-456e-9a34-b927575ac0d3 demise
info: Fragment 122eb294-6444-456e-9a34-b927575ac0d3 reached end of life because uncritical.
info: Object 122eb294-6444-456e-9a34-b927575ac0d3 reached end of life.
info: ObjectTrajectory Written: PySara.IASI-DPS-internal.122eb294-6444-456e-9a34-b927575ac0d3_Trajectory.txt
info: GnuPlotGeneration::GenerateSingleObjectScript Wrote PySara.IASI-DPS-internal.122eb294-6444-456e-9a34-b927575ac0d3.gnu
info: AeroThermalHistory Written: PySara.IASI-DPS-internal.122eb294-6444-456e-9a34-b927575ac0d3_AeroThermalHistory.txt
info: EVENT end 122eb294-6444-456e-9a34-b927575ac0d3 0.000000
info: Adding 0 new fragments to fragmentList.
info: Starting propagation of Fragment with uniqueID 4c90b642-dc9f-481d-89b1-f740beeca2a8.
info: EVENT area 4c90b642-dc9f-481d-89b1-f740beeca2a8 0.048021
info: EVENT start 4c90b642-dc9f-481d-89b1-f740beeca2a8 3.065000 0.048021 2016-11-08T15:31:36
info: Object 4c90b642-dc9f-481d-89b1-f740beeca2a8 demised.
info: EVENT object 4c90b642-dc9f-481d-89b1-f740beeca2a8 demise
info: Fragment 4c90b642-dc9f-481d-89b1-f740beeca2a8 reached end of life because uncritical.
info: Object 4c90b642-dc9f-481d-89b1-f740beeca2a8 reached end of life.
info: ObjectTrajectory Written: PySara.IASI-IMS-internal.4c90b642-dc9f-481d-89b1-f740beeca2a8_Trajectory.txt
info: GnuPlotGeneration::GenerateSingleObjectScript Wrote PySara.IASI-IMS-internal.4c90b642-dc9f-481d-89b1-f740beeca2a8.gnu
info: AeroThermalHistory Written: PySara.IASI-IMS-internal.4c90b642-dc9f-481d-89b1-f740beeca2a8_AeroThermalHistory.txt
info: EVENT end 4c90b642-dc9f-481d-89b1-f740beeca2a8 0.000000
info: Adding 0 new fragments to fragmentList.
info: Starting propagation of Fragment with uniqueID 18188eff-2b92-455e-a3f4-fa1e2c162e7d.
info: EVENT area 18188eff-2b92-455e-a3f4-fa1e2c162e7d 0.022941
info: EVENT start 18188eff-2b92-455e-a3f4-fa1e2c162e7d 0.225000 0.022941 2016-11-08T15:31:30
info: Object 18188eff-2b92-455e-a3f4-fa1e2c162e7d demised.
info: EVENT object 18188eff-2b92-455e-a3f4-fa1e2c162e7d demise
info: Fragment 18188eff-2b92-455e-a3f4-fa1e2c162e7d reached end of life because uncritical.
info: Object 18188eff-2b92-455e-a3f4-fa1e2c162e7d reached end of life.
info: ObjectTrajectory Written: PySara.DPU-SEM-internal.18188eff-2b92-455e-a3f4-fa1e2c162e7d_Trajectory.txt
info: GnuPlotGeneration::GenerateSingleObjectScript Wrote PySara.DPU-SEM-internal.18188eff-2b92-455e-a3f4-fa1e2c162e7d.gnu
info: AeroThermalHistory Written: PySara.DPU-SEM-internal.18188eff-2b92-455e-a3f4-fa1e2c162e7d_AeroThermalHistory.txt
info: EVENT end 18188eff-2b92-455e-a3f4-fa1e2c162e7d 0.000000
info: Adding 0 new fragments to fragmentList.
info: Starting propagation of Fragment with uniqueID 2c7ac34c-7ef6-4bb5-8b4f-9f474c250573.
info: EVENT area 2c7ac34c-7ef6-4bb5-8b4f-9f474c250573 0.081700
info: EVENT start 2c7ac34c-7ef6-4bb5-8b4f-9f474c250573 4.125000 0.081700 2016-11-08T15:31:41
info: Object 2c7ac34c-7ef6-4bb5-8b4f-9f474c250573 demised.
info: EVENT object 2c7ac34c-7ef6-4bb5-8b4f-9f474c250573 demise
info: Fragment 2c7ac34c-7ef6-4bb5-8b4f-9f474c250573 reached end of life because uncritical.
info: Object 2c7ac34c-7ef6-4bb5-8b4f-9f474c250573 reached end of life.
info: ObjectTrajectory Written: PySara.PCU-internal.2c7ac34c-7ef6-4bb5-8b4f-9f474c250573_Trajectory.txt
info: GnuPlotGeneration::GenerateSingleObjectScript Wrote PySara.PCU-internal.2c7ac34c-7ef6-4bb5-8b4f-9f474c250573.gnu
info: AeroThermalHistory Written: PySara.PCU-internal.2c7ac34c-7ef6-4bb5-8b4f-9f474c250573_AeroThermalHistory.txt
info: EVENT end 2c7ac34c-7ef6-4bb5-8b4f-9f474c250573 0.000000
info: Adding 0 new fragments to fragmentList.
info: Starting propagation of Fragment with uniqueID 00bcb475-9d93-4ea9-bf21-a95c5c8f92db.
info: EVENT area 00bcb475-9d93-4ea9-bf21-a95c5c8f92db 0.089962
info: EVENT start 00bcb475-9d93-4ea9-bf21-a95c5c8f92db 4.785000 0.089962 2016-11-08T15:31:43
info: Object 00bcb475-9d93-4ea9-bf21-a95c5c8f92db demised.
info: EVENT object 00bcb475-9d93-4ea9-bf21-a95c5c8f92db demise
info: Fragment 00bcb475-9d93-4ea9-bf21-a95c5c8f92db reached end of life because uncritical.
info: Object 00bcb475-9d93-4ea9-bf21-a95c5c8f92db reached end of life.
info: ObjectTrajectory Written: PySara.TCU-internal.00bcb475-9d93-4ea9-bf21-a95c5c8f92db_Trajectory.txt
info: GnuPlotGeneration::GenerateSingleObjectScript Wrote PySara.TCU-internal.00bcb475-9d93-4ea9-bf21-a95c5c8f92db.gnu
info: AeroThermalHistory Written: PySara.TCU-internal.00bcb475-9d93-4ea9-bf21-a95c5c8f92db_AeroThermalHistory.txt
info: EVENT end 00bcb475-9d93-4ea9-bf21-a95c5c8f92db 0.000000
info: Adding 0 new fragments to fragmentList.
info: Starting propagation of Fragment with uniqueID 5a61b908-b1a2-4a5d-aa6a-3bb5de02b2e1.
info: EVENT area 5a61b908-b1a2-4a5d-aa6a-3bb5de02b2e1 0.169018
info: EVENT start 5a61b908-b1a2-4a5d-aa6a-3bb5de02b2e1 4.640000 0.169018 2016-11-08T15:31:45
info: Object 5a61b908-b1a2-4a5d-aa6a-3bb5de02b2e1 demised.
info: EVENT object 5a61b908-b1a2-4a5d-aa6a-3bb5de02b2e1 demise
info: Fragment 5a61b908-b1a2-4a5d-aa6a-3bb5de02b2e1 reached end of life because uncritical.
info: Object 5a61b908-b1a2-4a5d-aa6a-3bb5de02b2e1 reached end of life.
info: ObjectTrajectory Written: PySara.SSR-internal.5a61b908-b1a2-4a5d-aa6a-3bb5de02b2e1_Trajectory.txt
info: GnuPlotGeneration::GenerateSingleObjectScript Wrote PySara.SSR-internal.5a61b908-b1a2-4a5d-aa6a-3bb5de02b2e1.gnu
info: AeroThermalHistory Written: PySara.SSR-internal.5a61b908-b1a2-4a5d-aa6a-3bb5de02b2e1_AeroThermalHistory.txt
info: EVENT end 5a61b908-b1a2-4a5d-aa6a-3bb5de02b2e1 0.000000
info: Adding 0 new fragments to fragmentList.
info: Starting propagation of Fragment with uniqueID c2ab41aa-4d29-4562-881d-250dc4304964.
info: EVENT area c2ab41aa-4d29-4562-881d-250dc4304964 0.052674
info: EVENT start c2ab41aa-4d29-4562-881d-250dc4304964 1.125000 0.052674 2016-11-08T15:31:40
info: Object c2ab41aa-4d29-4562-881d-250dc4304964 demised.
info: EVENT object c2ab41aa-4d29-4562-881d-250dc4304964 demise
info: Fragment c2ab41aa-4d29-4562-881d-250dc4304964 reached end of life because uncritical.
info: Object c2ab41aa-4d29-4562-881d-250dc4304964 reached end of life.
info: ObjectTrajectory Written: PySara.NIU-internal.c2ab41aa-4d29-4562-881d-250dc4304964_Trajectory.txt
info: GnuPlotGeneration::GenerateSingleObjectScript Wrote PySara.NIU-internal.c2ab41aa-4d29-4562-881d-250dc4304964.gnu
info: AeroThermalHistory Written: PySara.NIU-internal.c2ab41aa-4d29-4562-881d-250dc4304964_AeroThermalHistory.txt
info: EVENT end c2ab41aa-4d29-4562-881d-250dc4304964 0.000000
info: Adding 0 new fragments to fragmentList.
info: Starting propagation of Fragment with uniqueID 4b346112-6fa3-4fb4-9c45-23962cc2bdaf.
info: EVENT area 4b346112-6fa3-4fb4-9c45-23962cc2bdaf 0.049896
info: EVENT start 4b346112-6fa3-4fb4-9c45-23962cc2bdaf 2.750000 0.049896 2016-11-08T15:31:37
info: Object 4b346112-6fa3-4fb4-9c45-23962cc2bdaf demised.
info: EVENT object 4b346112-6fa3-4fb4-9c45-23962cc2bdaf demise
info: Fragment 4b346112-6fa3-4fb4-9c45-23962cc2bdaf reached end of life because uncritical.
info: Object 4b346112-6fa3-4fb4-9c45-23962cc2bdaf reached end of life.
info: ObjectTrajectory Written: PySara.ADCS-RPU-internal.4b346112-6fa3-4fb4-9c45-23962cc2bdaf_Trajectory.txt
info: GnuPlotGeneration::GenerateSingleObjectScript Wrote PySara.ADCS-RPU-internal.4b346112-6fa3-4fb4-9c45-23962cc2bdaf.gnu
info: AeroThermalHistory Written: PySara.ADCS-RPU-internal.4b346112-6fa3-4fb4-9c45-23962cc2bdaf_AeroThermalHistory.txt
info: EVENT end 4b346112-6fa3-4fb4-9c45-23962cc2bdaf 0.000000
info: Adding 0 new fragments to fragmentList.
info: Starting propagation of Fragment with uniqueID 8fb80bdc-9527-4c99-a844-ed98ae3af01e.
info: EVENT area 8fb80bdc-9527-4c99-a844-ed98ae3af01e 0.031754
info: EVENT start 8fb80bdc-9527-4c99-a844-ed98ae3af01e 0.815000 0.031754 2016-11-08T15:31:32
info: Object 8fb80bdc-9527-4c99-a844-ed98ae3af01e demised.
info: EVENT object 8fb80bdc-9527-4c99-a844-ed98ae3af01e demise
info: Fragment 8fb80bdc-9527-4c99-a844-ed98ae3af01e reached end of life because uncritical.
info: Object 8fb80bdc-9527-4c99-a844-ed98ae3af01e reached end of life.
info: ObjectTrajectory Written: PySara.ADCS-TXU-internal.8fb80bdc-9527-4c99-a844-ed98ae3af01e_Trajectory.txt
info: GnuPlotGeneration::GenerateSingleObjectScript Wrote PySara.ADCS-TXU-internal.8fb80bdc-9527-4c99-a844-ed98ae3af01e.gnu
info: AeroThermalHistory Written: PySara.ADCS-TXU-internal.8fb80bdc-9527-4c99-a844-ed98ae3af01e_AeroThermalHistory.txt
info: EVENT end 8fb80bdc-9527-4c99-a844-ed98ae3af01e 0.000000
info: Adding 0 new fragments to fragmentList.
info: Starting propagation of Fragment with uniqueID c5c7c6a5-c37c-4edb-82c0-29b8a4eedfd7.
info: EVENT area c5c7c6a5-c37c-4edb-82c0-29b8a4eedfd7 0.030895
info: EVENT start c5c7c6a5-c37c-4edb-82c0-29b8a4eedfd7 0.335000 0.030895 2016-11-08T15:31:35
info: Object c5c7c6a5-c37c-4edb-82c0-29b8a4eedfd7 demised.
info: EVENT object c5c7c6a5-c37c-4edb-82c0-29b8a4eedfd7 demise
info: Fragment c5c7c6a5-c37c-4edb-82c0-29b8a4eedfd7 reached end of life because uncritical.
info: Object c5c7c6a5-c37c-4edb-82c0-29b8a4eedfd7 reached end of life.
info: ObjectTrajectory Written: PySara.GRAS-GEU-internal.c5c7c6a5-c37c-4edb-82c0-29b8a4eedfd7_Trajectory.txt
info: GnuPlotGeneration::GenerateSingleObjectScript Wrote PySara.GRAS-GEU-internal.c5c7c6a5-c37c-4edb-82c0-29b8a4eedfd7.gnu
info: AeroThermalHistory Written: PySara.GRAS-GEU-internal.c5c7c6a5-c37c-4edb-82c0-29b8a4eedfd7_AeroThermalHistory.txt
info: EVENT end c5c7c6a5-c37c-4edb-82c0-29b8a4eedfd7 0.000000
info: Adding 0 new fragments to fragmentList.
info: Starting propagation of Fragment with uniqueID 12c176cb-6d99-4ed9-b863-4489f06050e1.
info: EVENT area 12c176cb-6d99-4ed9-b863-4489f06050e1 0.021935
info: EVENT start 12c176cb-6d99-4ed9-b863-4489f06050e1 0.880000 0.021935 2016-11-08T15:31:28
info: Object 12c176cb-6d99-4ed9-b863-4489f06050e1 demised.
info: EVENT object 12c176cb-6d99-4ed9-b863-4489f06050e1 demise
info: Fragment 12c176cb-6d99-4ed9-b863-4489f06050e1 reached end of life because uncritical.
info: Object 12c176cb-6d99-4ed9-b863-4489f06050e1 reached end of life.
info: ObjectTrajectory Written: PySara.ASCATDPU1-internal.12c176cb-6d99-4ed9-b863-4489f06050e1_Trajectory.txt
info: GnuPlotGeneration::GenerateSingleObjectScript Wrote PySara.ASCATDPU1-internal.12c176cb-6d99-4ed9-b863-4489f06050e1.gnu
info: AeroThermalHistory Written: PySara.ASCATDPU1-internal.12c176cb-6d99-4ed9-b863-4489f06050e1_AeroThermalHistory.txt
info: EVENT end 12c176cb-6d99-4ed9-b863-4489f06050e1 0.000000
info: Adding 0 new fragments to fragmentList.
info: Starting propagation of Fragment with uniqueID 4c723066-bc05-41f7-a3c9-a43fed6bd09a.
info: EVENT area 4c723066-bc05-41f7-a3c9-a43fed6bd09a 0.021935
info: EVENT start 4c723066-bc05-41f7-a3c9-a43fed6bd09a 0.880000 0.021935 2016-11-08T15:31:28
info: Object 4c723066-bc05-41f7-a3c9-a43fed6bd09a demised.
info: EVENT object 4c723066-bc05-41f7-a3c9-a43fed6bd09a demise
info: Fragment 4c723066-bc05-41f7-a3c9-a43fed6bd09a reached end of life because uncritical.
info: Object 4c723066-bc05-41f7-a3c9-a43fed6bd09a reached end of life.
info: ObjectTrajectory Written: PySara.ASCATDPU2-internal.4c723066-bc05-41f7-a3c9-a43fed6bd09a_Trajectory.txt
info: GnuPlotGeneration::GenerateSingleObjectScript Wrote PySara.ASCATDPU2-internal.4c723066-bc05-41f7-a3c9-a43fed6bd09a.gnu
info: AeroThermalHistory Written: PySara.ASCATDPU2-internal.4c723066-bc05-41f7-a3c9-a43fed6bd09a_AeroThermalHistory.txt
info: EVENT end 4c723066-bc05-41f7-a3c9-a43fed6bd09a 0.000000
info: Adding 0 new fragments to fragmentList.
info: ImpactingFragmentXML::WriteXML Wrote PySara.ImpactingFragments.xml
info: GnuPlotGeneration::GenerateAllObjectsScript Wrote PySara.gnu
info: Preparing visibility maps...
info: Propagation Successful
