#_______________________________________________________________________________
#    ######   ####     ##             #####   #####     ##    #    #    ## 
#    #       #        #  #            #    #  #    #   #  #   ##  ##   #  #
#    #####    ####   ######           #    #  #####   ######  # ## #  ######
#    #            #  #    #           #    #  #    #  #    #  #    #  #    #
#____######__#####___#____#___________#####___#____#__#____#__#____#__#____#____
#
#              ESA Debris Risk Assessment and Mitigation Analysis
#
#                      ---- DRAMA ( SESAM 2.1.5 ) ----
#                                      ESA 2018
#
#                              aerothermal history file
#-------------------------------------------------------------------------------
# Filename      : PySara.SVM.9072898396368480566_cabd6692-2d4e-46c3-a962-8c7758ba78f6_AeroThermalHistory.txt
# RunID         : PySara
# ObjectID      : cabd6692-2d4e-46c3-a962-8c7758ba78f6
# ObjectName    : SVM
# ReferenceArea : 1.22991 [m^2]
# Content       : This file contains the aerothermal data of the object,
#                 computed by the DRAMA 3 Re-entry Analysis.
# Documentation : DRAMA Software User Manual, section OPERATIONS MANUAL / Normal operation / SARA / SARA Simulation Output / Re-entry simulation output
# Note          : The convective heat and the integrated heat values in this file take into account the visibility factor
#
#-------------------------------------------------------------------------------------------------------------------------------------------------------------------
#  Time [s]  Altitude [km]   Temp [K]   Mass [kg]   Thick [mm]  Convective Heat [W]  Radiative Heat [W]  Oxidation Heat [W]  Integrated Heat [J] VisibilityFactor [-]
#-------------------------------------------------------------------------------------------------------------------------------------------------------------------
     0.000         124.961    300.000      43.515       8.531             6560.489               0.000               0.000                0.000   0.88347 
     0.100         124.961    300.017      43.515       8.531             6560.447               0.000               0.000              656.045   0.88347 
     0.550         124.961    300.094      43.515       8.531             6560.256               0.000               0.000             3608.160   0.88347 
     1.550         124.962    300.265      43.515       8.531             6559.815               0.000               0.000            10167.975   0.88347 
     2.550         124.962    300.437      43.515       8.531             6559.342               0.000               0.000            16727.316   0.88347 
     3.550         124.963    300.608      43.515       8.531             6558.868               0.000               0.000            23286.184   0.88347 
     4.550         124.963    300.779      43.515       8.531             6558.394               0.000               0.000            29844.578   0.88347 
     5.550         124.964    300.950      43.515       8.531             6557.919               0.000               0.000            36402.497   0.88347 
     6.550         124.964    301.121      43.515       8.531             6557.444               0.000               0.000            42959.941   0.88347 
     7.550         124.965    301.292      43.515       8.531             6556.969               0.000               0.000            49516.910   0.88347 
     8.550         124.965    301.463      43.515       8.531             6556.493               0.000               0.000            56073.403   0.88347 
     9.550         124.966    301.634      43.515       8.531             6556.017               0.000               0.000            62629.421   0.88347 
    10.550         124.966    301.805      43.515       8.531             6555.541               0.000               0.000            69184.962   0.88347 
    11.550         124.967    301.976      43.515       8.531             6555.064               0.000               0.000            75740.026   0.88347 
    12.550         124.967    302.147      43.515       8.531             6554.588               0.000               0.000            82294.614   0.88347 
    13.550         124.968    302.318      43.515       8.531             6554.110               0.000               0.000            88848.724   0.88347 
    14.550         124.968    302.489      43.515       8.531             6553.633               0.000               0.000            95402.357   0.88347 
    15.550         124.969    302.659      43.515       8.531             6553.155               0.000               0.000           101955.512   0.88347 
    16.550         124.969    302.830      43.515       8.531             6552.678               0.000               0.000           108508.190   0.88347 
    17.550         124.970    303.001      43.515       8.531             6552.200               0.000               0.000           115060.390   0.88347 
    18.550         124.970    303.171      43.515       8.531             6551.722               0.000               0.000           121612.111   0.88347 
    19.550         124.971    303.342      43.515       8.531             6551.243               0.000               0.000           128163.355   0.88347 
    20.550         124.971    303.513      43.515       8.531             6550.765               0.000               0.000           134714.119   0.88347 
    21.550         124.972    303.683      43.515       8.531             6550.286               0.000               0.000           141264.406   0.88347 
    22.550         124.972    303.854      43.515       8.531             6549.807               0.000               0.000           147814.213   0.88347 
    23.550         124.973    304.024      43.515       8.531             6549.329               0.000               0.000           154363.542   0.88347 
    24.550         124.973    304.195      43.515       8.531             6548.850               0.000               0.000           160912.391   0.88347 
    25.550         124.974    304.365      43.515       8.531             6548.371               0.000               0.000           167460.762   0.88347 
    26.550         124.974    304.536      43.515       8.531             6547.892               0.000               0.000           174008.654   0.88347 
    27.550         124.975    304.706      43.515       8.531             6547.413               0.000               0.000           180556.067   0.88347 
    28.550         124.975    304.877      43.515       8.531             6546.934               0.000               0.000           187103.000   0.88347 
    29.550         124.976    305.047      43.515       8.531             6546.455               0.000               0.000           193649.455   0.88347 
    30.550         124.976    305.217      43.515       8.531             6545.976               0.000               0.000           200195.431   0.88347 
    31.550         124.977    305.387      43.515       8.531             6545.497               0.000               0.000           206740.927   0.88347 
    32.550         124.977    305.558      43.515       8.531             6545.018               0.000               0.000           213285.945   0.88347 
    33.550         124.978    305.728      43.515       8.531             6544.539               0.000               0.000           219830.484   0.88347 
    34.550         124.978    305.898      43.515       8.531             6544.060               0.000               0.000           226374.544   0.88347 
    35.550         124.979    306.068      43.515       8.531             6543.581               0.000               0.000           232918.126   0.88347 
    36.550         124.979    306.238      43.515       8.531             6543.103               0.000               0.000           239461.229   0.88347 
    37.550         124.980    306.408      43.515       8.531             6542.624               0.000               0.000           246003.853   0.88347 
    38.550         124.980    306.578      43.515       8.531             6542.146               0.000               0.000           252545.999   0.88347 
    39.550         124.981    306.748      43.515       8.531             6541.668               0.000               0.000           259087.667   0.88347 
    40.550         124.981    306.918      43.515       8.531             6541.190               0.000               0.000           265628.857   0.88347 
    41.550         124.982    307.088      43.515       8.531             6540.712               0.000               0.000           272169.569   0.88347 
    42.550         124.982    307.258      43.515       8.531             6540.235               0.000               0.000           278709.804   0.88347 
    43.550         124.983    307.428      43.515       8.531             6539.758               0.000               0.000           285249.562   0.88347 
    44.550         124.983    307.598      43.515       8.531             6539.280               0.000               0.000           291788.842   0.88347 
    45.550         124.984    307.768      43.515       8.531             6538.804               0.000               0.000           298327.646   0.88347 
    46.550         124.984    307.938      43.515       8.531             6538.327               0.000               0.000           304865.973   0.88347 
    47.550         124.985    308.107      43.515       8.531             6537.851               0.000               0.000           311403.824   0.88347 
    48.550         124.985    308.277      43.515       8.531             6537.375               0.000               0.000           317941.199   0.88347 
    49.550         124.986    308.447      43.515       8.531             6536.899               0.000               0.000           324478.098   0.88347 
    50.550         124.986    308.616      43.515       8.531             6536.424               0.000               0.000           331014.522   0.88347 
    51.550         124.987    308.786      43.515       8.531             6535.949               0.000               0.000           337550.472   0.88347 
    52.550         124.987    308.956      43.515       8.531             6535.475               0.000               0.000           344085.947   0.88347 
    53.550         124.988    309.125      43.515       8.531             6535.001               0.000               0.000           350620.947   0.88347 
    54.550         124.988    309.295      43.515       8.531             6534.527               0.000               0.000           357155.474   0.88347 
    55.550         124.989    309.464      43.515       8.531             6534.054               0.000               0.000           363689.528   0.88347 
    56.550         124.989    309.634      43.515       8.531             6533.581               0.000               0.000           370223.109   0.88347 
    57.550         124.990    309.803      43.515       8.531             6533.109               0.000               0.000           376756.218   0.88347 
    58.550         124.990    309.973      43.515       8.531             6532.637               0.000               0.000           383288.854   0.88347 
    59.550         124.991    310.142      43.515       8.531             6532.165               0.000               0.000           389821.020   0.88347 
    60.550         124.991    310.311      43.515       8.531             6531.694               0.000               0.000           396352.714   0.88347 
    61.550         124.992    310.481      43.515       8.531             6531.224               0.000               0.000           402883.938   0.88347 
    62.550         124.992    310.650      43.515       8.531             6530.754               0.000               0.000           409414.692   0.88347 
    63.550         124.993    310.819      43.515       8.531             6530.285               0.000               0.000           415944.977   0.88347 
    64.550         124.993    310.988      43.515       8.531             6529.816               0.000               0.000           422474.793   0.88347 
    65.550         124.994    311.157      43.515       8.531             6529.348               0.000               0.000           429004.141   0.88347 
    66.550         124.994    311.327      43.515       8.531             6528.880               0.000               0.000           435533.022   0.88347 
    67.550         124.995    311.496      43.515       8.531             6528.414               0.000               0.000           442061.436   0.88347 
    68.550         124.995    311.665      43.515       8.531             6527.947               0.000               0.000           448589.383   0.88347 
    69.550         124.996    311.834      43.515       8.531             6527.482               0.000               0.000           455116.865   0.88347 
    70.550         124.996    312.003      43.515       8.531             6527.017               0.000               0.000           461643.881   0.88347 
    71.550         124.997    312.172      43.515       8.531             6526.552               0.000               0.000           468170.434   0.88347 
    72.550         124.997    312.341      43.515       8.531             6526.089               0.000               0.000           474696.523   0.88347 
    73.550         124.998    312.510      43.515       8.531             6525.626               0.000               0.000           481222.149   0.88347 
    74.550         124.998    312.679      43.515       8.531             6525.164               0.000               0.000           487747.313   0.88347 
    75.550         124.999    312.848      43.515       8.531             6524.703               0.000               0.000           494272.015   0.88347 
    76.550         124.999    313.016      43.515       8.531             6524.242               0.000               0.000           500796.257   0.88347 
    77.550         125.000    313.185      43.515       8.531             6523.782               0.000               0.000           507320.039   0.88347 
    78.550         125.000    313.354      43.515       8.531             6523.323               0.000               0.000           513843.362   0.88347 
    79.550         125.001    313.523      43.515       8.531             6522.865               0.000               0.000           520366.227   0.88347 
    80.550         125.001    313.691      43.515       8.531             6522.407               0.000               0.000           526888.635   0.88347 
    81.550         125.002    313.860      43.515       8.531             6521.951               0.000               0.000           533410.586   0.88347 
    82.550         125.002    314.029      43.515       8.531             6521.495               0.000               0.000           539932.081   0.88347 
    83.550         125.003    314.197      43.515       8.531             6521.041               0.000               0.000           546453.122   0.88347 
    84.550         125.003    314.366      43.515       8.531             6520.587               0.000               0.000           552973.708   0.88347 
    85.550         125.004    314.534      43.515       8.531             6520.134               0.000               0.000           559493.842   0.88347 
    86.550         125.004    314.703      43.515       8.531             6519.681               0.000               0.000           566013.523   0.88347 
    87.550         125.005    314.872      43.515       8.531             6519.230               0.000               0.000           572532.754   0.88347 
    88.550         125.005    315.040      43.515       8.531             6518.780               0.000               0.000           579051.534   0.88347 
    89.550         125.005    315.208      43.515       8.531             6518.331               0.000               0.000           585569.865   0.88347 
    90.550         125.006    315.377      43.515       8.531             6517.883               0.000               0.000           592087.747   0.88347 
    91.550         125.006    315.545      43.515       8.531             6517.436               0.000               0.000           598605.183   0.88347 
    92.550         125.007    315.713      43.515       8.531             6516.989               0.000               0.000           605122.172   0.88347 
    93.550         125.007    315.882      43.515       8.531             6516.544               0.000               0.000           611638.717   0.88347 
    94.550         125.008    316.050      43.515       8.531             6516.100               0.000               0.000           618154.817   0.88347 
    95.550         125.008    316.218      43.515       8.531             6515.657               0.000               0.000           624670.474   0.88347 
    96.550         125.009    316.387      43.515       8.531             6515.215               0.000               0.000           631185.689   0.88347 
    97.550         125.009    316.555      43.515       8.531             6514.774               0.000               0.000           637700.463   0.88347 
    98.550         125.010    316.723      43.515       8.531             6514.335               0.000               0.000           644214.798   0.88347 
    99.550         125.010    316.891      43.515       8.531             6513.896               0.000               0.000           650728.694   0.88347 
   100.550         125.011    317.059      43.515       8.531             6513.459               0.000               0.000           657242.152   0.88347 
   101.550         125.011    317.227      43.515       8.531             6513.022               0.000               0.000           663755.175   0.88347 
   102.550         125.011    317.395      43.515       8.531             6512.587               0.000               0.000           670267.762   0.88347 
   103.550         125.012    317.563      43.515       8.531             6512.153               0.000               0.000           676779.915   0.88347 
   104.550         125.012    317.731      43.515       8.531             6511.721               0.000               0.000           683291.636   0.88347 
   105.550         125.013    317.899      43.515       8.531             6511.289               0.000               0.000           689802.925   0.88347 
   106.550         125.013    318.067      43.515       8.531             6510.859               0.000               0.000           696313.784   0.88347 
   107.550         125.014    318.235      43.515       8.531             6510.430               0.000               0.000           702824.214   0.88347 
   108.550         125.014    318.403      43.515       8.531             6510.002               0.000               0.000           709334.216   0.88347 
   109.550         125.015    318.570      43.515       8.531             6509.576               0.000               0.000           715843.792   0.88347 
   110.550         125.015    318.738      43.515       8.531             6509.151               0.000               0.000           722352.943   0.88347 
   111.550         125.015    318.906      43.515       8.531             6508.727               0.000               0.000           728861.671   0.88347 
   112.550         125.016    319.074      43.515       8.531             6508.305               0.000               0.000           735369.976   0.88347 
   113.550         125.016    319.241      43.515       8.531             6507.884               0.000               0.000           741877.859   0.88347 
   114.550         125.017    319.409      43.515       8.531             6507.464               0.000               0.000           748385.324   0.88347 
   115.550         125.017    319.577      43.515       8.531             6507.046               0.000               0.000           754892.369   0.88347 
   116.550         125.018    319.744      43.515       8.531             6506.629               0.000               0.000           761398.998   0.88347 
   117.550         125.018    319.912      43.515       8.531             6506.214               0.000               0.000           767905.212   0.88347 
   118.550         125.018    320.079      43.515       8.531             6505.800               0.000               0.000           774411.012   0.88347 
   119.550         125.019    320.247      43.515       8.531             6505.387               0.000               0.000           780916.399   0.88347 
   120.550         125.019    320.414      43.515       8.531             6504.976               0.000               0.000           787421.375   0.88347 
   121.550         125.020    320.582      43.515       8.531             6504.566               0.000               0.000           793925.941   0.88347 
   122.550         125.020    320.749      43.515       8.531             6504.158               0.000               0.000           800430.099   0.88347 
   123.550         125.020    320.916      43.515       8.531             6503.752               0.000               0.000           806933.851   0.88347 
   124.550         125.021    321.084      43.515       8.531             6503.347               0.000               0.000           813437.198   0.88347 
   125.550         125.021    321.251      43.515       8.531             6502.943               0.000               0.000           819940.141   0.88347 
   126.550         125.022    321.418      43.515       8.531             6502.541               0.000               0.000           826442.682   0.88347 
   127.550         125.022    321.586      43.515       8.531             6502.141               0.000               0.000           832944.823   0.88347 
   128.550         125.022    321.753      43.515       8.531             6501.742               0.000               0.000           839446.565   0.88347 
   129.550         125.023    321.920      43.515       8.531             6501.345               0.000               0.000           845947.910   0.88347 
   130.550         125.023    322.087      43.515       8.531             6500.950               0.000               0.000           852448.860   0.88347 
   131.550         125.024    322.254      43.515       8.531             6500.556               0.000               0.000           858949.415   0.88347 
   132.550         125.024    322.421      43.515       8.531             6500.163               0.000               0.000           865449.579   0.88347 
   133.550         125.024    322.588      43.515       8.531             6499.773               0.000               0.000           871949.352   0.88347 
   134.550         125.025    322.755      43.515       8.531             6499.384               0.000               0.000           878448.736   0.88347 
   135.550         125.025    322.922      43.515       8.531             6498.997               0.000               0.000           884947.733   0.88347 
   136.550         125.026    323.089      43.515       8.531             6498.612               0.000               0.000           891446.344   0.88347 
   137.550         125.026    323.256      43.515       8.531             6498.228               0.000               0.000           897944.572   0.88347 
   138.550         125.026    323.423      43.515       8.531             6497.846               0.000               0.000           904442.418   0.88347 
   139.550         125.027    323.590      43.515       8.531             6497.466               0.000               0.000           910939.884   0.88347 
   140.550         125.027    323.757      43.515       8.531             6497.088               0.000               0.000           917436.972   0.88347 
   141.550         125.027    323.924      43.515       8.531             6496.711               0.000               0.000           923933.683   0.88347 
   142.550         125.028    324.091      43.515       8.531             6496.336               0.000               0.000           930430.019   0.88347 
   143.550         125.028    324.257      43.515       8.531             6495.963               0.000               0.000           936925.982   0.88347 
   144.550         125.028    324.424      43.515       8.531             6495.592               0.000               0.000           943421.575   0.88347 
   145.550         125.029    324.591      43.515       8.531             6495.223               0.000               0.000           949916.798   0.88347 
   146.550         125.029    324.757      43.515       8.531             6494.856               0.000               0.000           956411.654   0.88347 
   147.550         125.030    324.924      43.515       8.531             6494.491               0.000               0.000           962906.144   0.88347 
   148.550         125.030    325.091      43.515       8.531             6494.127               0.000               0.000           969400.271   0.88347 
   149.550         125.030    325.257      43.515       8.531             6493.766               0.000               0.000           975894.037   0.88347 
   150.550         125.031    325.424      43.515       8.531             6493.406               0.000               0.000           982387.443   0.88347 
   151.550         125.031    325.590      43.515       8.531             6493.048               0.000               0.000           988880.491   0.88347 
   152.550         125.031    325.757      43.515       8.531             6492.693               0.000               0.000           995373.184   0.88347 
   153.550         125.032    325.923      43.515       8.531             6492.339               0.000               0.000          1001865.523   0.88347 
   154.550         125.032    326.090      43.515       8.531             6491.987               0.000               0.000          1008357.510   0.88347 
   155.550         125.032    326.256      43.515       8.531             6491.638               0.000               0.000          1014849.148   0.88347 
   156.550         125.033    326.422      43.515       8.531             6491.290               0.000               0.000          1021340.438   0.88347 
   157.550         125.033    326.589      43.515       8.531             6490.945               0.000               0.000          1027831.382   0.88347 
   158.550         125.033    326.755      43.515       8.531             6490.601               0.000               0.000          1034321.984   0.88347 
   159.550         125.034    326.921      43.515       8.531             6490.260               0.000               0.000          1040812.243   0.88347 
   160.550         125.034    327.088      43.515       8.531             6489.921               0.000               0.000          1047302.164   0.88347 
   161.550         125.034    327.254      43.515       8.531             6489.583               0.000               0.000          1053791.747   0.88347 
   162.550         125.034    327.420      43.515       8.531             6489.248               0.000               0.000          1060280.996   0.88347 
   163.550         125.035    327.586      43.515       8.531             6488.916               0.000               0.000          1066769.911   0.88347 
   164.550         125.035    327.752      43.515       8.531             6488.585               0.000               0.000          1073258.496   0.88347 
   165.550         125.035    327.918      43.515       8.531             6488.256               0.000               0.000          1079746.753   0.88347 
   166.550         125.036    328.085      43.515       8.531             6487.930               0.000               0.000          1086234.683   0.88347 
   167.550         125.036    328.251      43.515       8.531             6487.606               0.000               0.000          1092722.289   0.88347 
   168.550         125.036    328.417      43.515       8.531             6487.284               0.000               0.000          1099209.573   0.88347 
   169.550         125.037    328.583      43.515       8.531             6486.965               0.000               0.000          1105696.538   0.88347 
   170.550         125.037    328.749      43.515       8.531             6486.647               0.000               0.000          1112183.185   0.88347 
   171.550         125.037    328.914      43.515       8.531             6486.332               0.000               0.000          1118669.518   0.88347 
   172.550         125.037    329.080      43.515       8.531             6486.020               0.000               0.000          1125155.537   0.88347 
   173.550         125.038    329.246      43.515       8.531             6485.709               0.000               0.000          1131641.246   0.88347 
   174.550         125.038    329.412      43.515       8.531             6485.401               0.000               0.000          1138126.647   0.88347 
   175.550         125.038    329.578      43.515       8.531             6485.095               0.000               0.000          1144611.742   0.88347 
   176.550         125.038    329.744      43.515       8.531             6484.792               0.000               0.000          1151096.534   0.88347 
   177.550         125.039    329.909      43.515       8.531             6484.491               0.000               0.000          1157581.025   0.88347 
   178.550         125.039    330.075      43.515       8.531             6484.192               0.000               0.000          1164065.217   0.88347 
   179.550         125.039    330.241      43.515       8.531             6483.896               0.000               0.000          1170549.113   0.88347 
   180.550         125.040    330.407      43.515       8.531             6483.602               0.000               0.000          1177032.715   0.88347 
   181.550         125.040    330.572      43.515       8.531             6483.311               0.000               0.000          1183516.026   0.88347 
   182.550         125.040    330.738      43.515       8.531             6483.022               0.000               0.000          1189999.047   0.88347 
   183.550         125.040    330.903      43.515       8.531             6482.735               0.000               0.000          1196481.783   0.88347 
   184.550         125.040    331.069      43.515       8.531             6482.451               0.000               0.000          1202964.234   0.88347 
   185.550         125.041    331.235      43.515       8.531             6482.170               0.000               0.000          1209446.404   0.88347 
   186.550         125.041    331.400      43.515       8.531             6481.891               0.000               0.000          1215928.295   0.88347 
   187.550         125.041    331.565      43.515       8.531             6481.614               0.000               0.000          1222409.909   0.88347 
   188.550         125.041    331.731      43.515       8.531             6481.341               0.000               0.000          1228891.250   0.88347 
   189.550         125.042    331.896      43.515       8.531             6481.069               0.000               0.000          1235372.319   0.88347 
   190.550         125.042    332.062      43.515       8.531             6480.801               0.000               0.000          1241853.120   0.88347 
   191.550         125.042    332.227      43.515       8.531             6480.534               0.000               0.000          1248333.654   0.88347 
   192.550         125.042    332.392      43.515       8.531             6480.271               0.000               0.000          1254813.925   0.88347 
   193.550         125.042    332.558      43.515       8.531             6480.010               0.000               0.000          1261293.935   0.88347 
   194.550         125.043    332.723      43.515       8.531             6479.752               0.000               0.000          1267773.687   0.88347 
   195.550         125.043    332.888      43.515       8.531             6479.496               0.000               0.000          1274253.183   0.88347 
   196.550         125.043    333.054      43.515       8.531             6479.243               0.000               0.000          1280732.426   0.88347 
   197.550         125.043    333.219      43.515       8.531             6478.993               0.000               0.000          1287211.419   0.88347 
   198.550         125.043    333.384      43.515       8.531             6478.745               0.000               0.000          1293690.165   0.88347 
   199.550         125.044    333.549      43.515       8.531             6478.501               0.000               0.000          1300168.665   0.88347 
   200.550         125.044    333.714      43.515       8.531             6478.259               0.000               0.000          1306646.924   0.88347 
   201.550         125.044    333.879      43.515       8.531             6478.019               0.000               0.000          1313124.943   0.88347 
   202.550         125.044    334.044      43.515       8.531             6477.783               0.000               0.000          1319602.726   0.88347 
   203.550         125.044    334.209      43.515       8.531             6477.549               0.000               0.000          1326080.275   0.88347 
   204.550         125.044    334.374      43.515       8.531             6477.318               0.000               0.000          1332557.594   0.88347 
   205.550         125.045    334.539      43.515       8.531             6477.090               0.000               0.000          1339034.684   0.88347 
   206.550         125.045    334.704      43.515       8.531             6476.865               0.000               0.000          1345511.549   0.88347 
   207.550         125.045    334.869      43.515       8.531             6476.642               0.000               0.000          1351988.191   0.88347 
   208.550         125.045    335.034      43.515       8.531             6476.423               0.000               0.000          1358464.614   0.88347 
   209.550         125.045    335.199      43.515       8.531             6476.206               0.000               0.000          1364940.820   0.88347 
   210.550         125.045    335.364      43.515       8.531             6475.992               0.000               0.000          1371416.812   0.88347 
   211.550         125.045    335.529      43.515       8.531             6475.781               0.000               0.000          1377892.594   0.88347 
   212.550         125.046    335.693      43.515       8.531             6475.573               0.000               0.000          1384368.167   0.88347 
   213.550         125.046    335.858      43.515       8.531             6475.368               0.000               0.000          1390843.535   0.88347 
   214.550         125.046    336.023      43.515       8.531             6475.166               0.000               0.000          1397318.702   0.88347 
   215.550         125.046    336.188      43.515       8.531             6474.967               0.000               0.000          1403793.669   0.88347 
   216.550         125.046    336.352      43.515       8.531             6474.771               0.000               0.000          1410268.441   0.88347 
   217.550         125.046    336.517      43.515       8.531             6474.578               0.000               0.000          1416743.019   0.88347 
   218.550         125.046    336.682      43.515       8.531             6474.388               0.000               0.000          1423217.407   0.88347 
   219.550         125.046    336.846      43.515       8.531             6474.201               0.000               0.000          1429691.608   0.88347 
   220.550         125.046    337.011      43.515       8.531             6474.017               0.000               0.000          1436165.626   0.88347 
   221.550         125.047    337.175      43.515       8.531             6473.836               0.000               0.000          1442639.462   0.88347 
   222.550         125.047    337.340      43.515       8.531             6473.659               0.000               0.000          1449113.121   0.88347 
   223.550         125.047    337.504      43.515       8.531             6473.484               0.000               0.000          1455586.604   0.88347 
   224.550         125.047    337.669      43.515       8.531             6473.312               0.000               0.000          1462059.917   0.88347 
   225.550         125.047    337.833      43.515       8.531             6473.144               0.000               0.000          1468533.061   0.88347 
   226.550         125.047    337.998      43.515       8.531             6472.979               0.000               0.000          1475006.039   0.88347 
   227.550         125.047    338.162      43.515       8.531             6472.817               0.000               0.000          1481478.856   0.88347 
   228.550         125.047    338.327      43.515       8.531             6472.658               0.000               0.000          1487951.514   0.88347 
   229.550         125.047    338.491      43.515       8.531             6472.502               0.000               0.000          1494424.016   0.88347 
   230.550         125.047    338.655      43.515       8.531             6472.349               0.000               0.000          1500896.365   0.88347 
   231.550         125.047    338.820      43.515       8.531             6472.200               0.000               0.000          1507368.565   0.88347 
   232.550         125.047    338.984      43.515       8.531             6472.054               0.000               0.000          1513840.619   0.88347 
   233.550         125.047    339.148      43.515       8.531             6471.911               0.000               0.000          1520312.531   0.88347 
   234.550         125.047    339.312      43.515       8.531             6471.772               0.000               0.000          1526784.303   0.88347 
   235.550         125.047    339.477      43.515       8.531             6471.636               0.000               0.000          1533255.938   0.88347 
   236.550         125.047    339.641      43.515       8.531             6471.503               0.000               0.000          1539727.441   0.88347 
   237.550         125.047    339.805      43.515       8.531             6471.373               0.000               0.000          1546198.815   0.88347 
   238.550         125.047    339.969      43.515       8.531             6471.247               0.000               0.000          1552670.062   0.88347 
   239.550         125.047    340.133      43.515       8.531             6471.124               0.000               0.000          1559141.186   0.88347 
   240.550         125.047    340.297      43.515       8.531             6471.005               0.000               0.000          1565612.191   0.88347 
   241.550         125.047    340.461      43.515       8.531             6470.889               0.000               0.000          1572083.080   0.88347 
   242.550         125.047    340.625      43.515       8.531             6470.776               0.000               0.000          1578553.856   0.88347 
   243.550         125.047    340.789      43.515       8.531             6470.667               0.000               0.000          1585024.522   0.88347 
   244.550         125.047    340.953      43.515       8.531             6470.561               0.000               0.000          1591495.083   0.88347 
   245.550         125.047    341.117      43.515       8.531             6470.459               0.000               0.000          1597965.542   0.88347 
   246.550         125.047    341.281      43.515       8.531             6470.360               0.000               0.000          1604435.902   0.88347 
   247.550         125.047    341.445      43.515       8.531             6470.264               0.000               0.000          1610906.166   0.88347 
   248.550         125.047    341.609      43.515       8.531             6470.172               0.000               0.000          1617376.338   0.88347 
   249.550         125.047    341.773      43.515       8.531             6470.084               0.000               0.000          1623846.422   0.88347 
   250.550         125.047    341.937      43.515       8.531             6469.999               0.000               0.000          1630316.422   0.88347 
   251.550         125.047    342.101      43.515       8.531             6469.918               0.000               0.000          1636786.340   0.88347 
   252.550         125.047    342.264      43.515       8.531             6469.840               0.000               0.000          1643256.180   0.88347 
   253.550         125.047    342.428      43.515       8.531             6469.766               0.000               0.000          1649725.946   0.88347 
   254.550         125.047    342.592      43.515       8.531             6469.696               0.000               0.000          1656195.641   0.88347 
   255.550         125.047    342.756      43.515       8.531             6469.629               0.000               0.000          1662665.270   0.88347 
   256.550         125.047    342.919      43.515       8.531             6469.565               0.000               0.000          1669134.835   0.88347 
   257.550         125.047    343.083      43.515       8.531             6469.506               0.000               0.000          1675604.341   0.88347 
   258.550         125.047    343.247      43.515       8.531             6469.450               0.000               0.000          1682073.791   0.88347 
   259.550         125.047    343.410      43.515       8.531             6469.397               0.000               0.000          1688543.188   0.88347 
   260.550         125.047    343.574      43.515       8.531             6469.349               0.000               0.000          1695012.537   0.88347 
   261.550         125.046    343.738      43.515       8.531             6469.304               0.000               0.000          1701481.841   0.88347 
   262.550         125.046    343.901      43.515       8.531             6469.263               0.000               0.000          1707951.104   0.88347 
   263.550         125.046    344.065      43.515       8.531             6469.225               0.000               0.000          1714420.329   0.88347 
   264.550         125.046    344.228      43.515       8.531             6469.192               0.000               0.000          1720889.520   0.88347 
   265.550         125.046    344.392      43.515       8.531             6469.162               0.000               0.000          1727358.682   0.88347 
   266.550         125.046    344.555      43.515       8.531             6469.136               0.000               0.000          1733827.818   0.88347 
   267.550         125.046    344.719      43.515       8.531             6469.113               0.000               0.000          1740296.931   0.88347 
   268.550         125.046    344.882      43.515       8.531             6469.095               0.000               0.000          1746766.026   0.88347 
   269.550         125.045    345.046      43.515       8.531             6469.080               0.000               0.000          1753235.107   0.88347 
   270.550         125.045    345.209      43.515       8.531             6469.070               0.000               0.000          1759704.176   0.88347 
   271.550         125.045    345.372      43.515       8.531             6469.063               0.000               0.000          1766173.239   0.88347 
   272.550         125.045    345.536      43.515       8.531             6469.060               0.000               0.000          1772642.298   0.88347 
   273.550         125.045    345.699      43.515       8.531             6469.061               0.000               0.000          1779111.359   0.88347 
   274.550         125.045    345.862      43.515       8.531             6469.065               0.000               0.000          1785580.424   0.88347 
   275.550         125.044    346.026      43.515       8.531             6469.074               0.000               0.000          1792049.499   0.88347 
   276.550         125.044    346.189      43.515       8.531             6469.087               0.000               0.000          1798518.585   0.88347 
   277.550         125.044    346.352      43.515       8.531             6469.104               0.000               0.000          1804987.689   0.88347 
   278.550         125.044    346.515      43.515       8.531             6469.124               0.000               0.000          1811456.813   0.88347 
   279.550         125.044    346.679      43.515       8.531             6469.149               0.000               0.000          1817925.962   0.88347 
   280.550         125.044    346.842      43.515       8.531             6469.178               0.000               0.000          1824395.140   0.88347 
   281.550         125.043    347.005      43.515       8.531             6469.210               0.000               0.000          1830864.350   0.88347 
   282.550         125.043    347.168      43.515       8.531             6469.247               0.000               0.000          1837333.598   0.88347 
   283.550         125.043    347.331      43.515       8.531             6469.288               0.000               0.000          1843802.886   0.88347 
   284.550         125.043    347.494      43.515       8.531             6469.333               0.000               0.000          1850272.219   0.88347 
   285.550         125.042    347.657      43.515       8.531             6469.382               0.000               0.000          1856741.601   0.88347 
   286.550         125.042    347.821      43.515       8.531             6469.435               0.000               0.000          1863211.036   0.88347 
   287.550         125.042    347.984      43.515       8.531             6469.493               0.000               0.000          1869680.528   0.88347 
   288.550         125.042    348.147      43.515       8.531             6469.554               0.000               0.000          1876150.082   0.88347 
   289.550         125.041    348.310      43.515       8.531             6469.620               0.000               0.000          1882619.702   0.88347 
   290.550         125.041    348.473      43.515       8.531             6469.689               0.000               0.000          1889089.391   0.88347 
   291.550         125.041    348.636      43.515       8.531             6469.763               0.000               0.000          1895559.155   0.88347 
   292.550         125.041    348.799      43.515       8.531             6469.842               0.000               0.000          1902028.996   0.88347 
   293.550         125.040    348.962      43.515       8.531             6469.924               0.000               0.000          1908498.920   0.88347 
   294.550         125.040    349.124      43.515       8.531             6470.011               0.000               0.000          1914968.931   0.88347 
   295.550         125.040    349.287      43.515       8.531             6470.102               0.000               0.000          1921439.033   0.88347 
   296.550         125.039    349.450      43.515       8.531             6470.197               0.000               0.000          1927909.229   0.88347 
   297.550         125.039    349.613      43.515       8.531             6470.296               0.000               0.000          1934379.526   0.88347 
   298.550         125.039    349.776      43.515       8.531             6470.400               0.000               0.000          1940849.926   0.88347 
   299.550         125.039    349.939      43.515       8.531             6470.508               0.000               0.000          1947320.435   0.88347 
   300.550         125.038    350.102      43.515       8.531             6470.621               0.000               0.000          1953791.056   0.88347 
   301.550         125.038    350.264      43.515       8.531             6470.738               0.000               0.000          1960261.793   0.88347 
   302.550         125.038    350.427      43.515       8.531             6470.859               0.000               0.000          1966732.652   0.88347 
   303.550         125.037    350.590      43.515       8.531             6470.985               0.000               0.000          1973203.637   0.88347 
   304.550         125.037    350.753      43.515       8.531             6471.115               0.000               0.000          1979674.752   0.88347 
   305.550         125.037    350.915      43.515       8.531             6471.249               0.000               0.000          1986146.001   0.88347 
   306.550         125.036    351.078      43.515       8.531             6471.388               0.000               0.000          1992617.390   0.88347 
   307.550         125.036    351.241      43.515       8.531             6471.532               0.000               0.000          1999088.922   0.88347 
   308.550         125.035    351.403      43.515       8.531             6471.680               0.000               0.000          2005560.601   0.88347 
   309.550         125.035    351.566      43.515       8.531             6471.832               0.000               0.000          2012032.433   0.88347 
   310.550         125.035    351.729      43.515       8.531             6471.989               0.000               0.000          2018504.422   0.88347 
   311.550         125.034    351.891      43.515       8.531             6472.150               0.000               0.000          2024976.573   0.88347 
   312.550         125.034    352.054      43.515       8.531             6472.316               0.000               0.000          2031448.889   0.88347 
   313.550         125.033    352.216      43.515       8.531             6472.487               0.000               0.000          2037921.376   0.88347 
   314.550         125.033    352.379      43.515       8.531             6472.662               0.000               0.000          2044394.038   0.88347 
   315.550         125.033    352.542      43.515       8.531             6472.842               0.000               0.000          2050866.880   0.88347 
   316.550         125.032    352.704      43.515       8.531             6473.026               0.000               0.000          2057339.906   0.88347 
   317.550         125.032    352.867      43.515       8.531             6473.215               0.000               0.000          2063813.121   0.88347 
   318.550         125.031    353.029      43.515       8.531             6473.409               0.000               0.000          2070286.529   0.88347 
   319.550         125.031    353.192      43.515       8.531             6473.607               0.000               0.000          2076760.136   0.88347 
   320.550         125.030    353.354      43.515       8.531             6473.810               0.000               0.000          2083233.946   0.88347 
   321.550         125.030    353.516      43.515       8.531             6474.017               0.000               0.000          2089707.963   0.88347 
   322.550         125.030    353.679      43.515       8.531             6474.230               0.000               0.000          2096182.193   0.88347 
   323.550         125.029    353.841      43.515       8.531             6474.447               0.000               0.000          2102656.640   0.88347 
   324.550         125.029    354.004      43.515       8.531             6474.669               0.000               0.000          2109131.309   0.88347 
   325.550         125.028    354.166      43.515       8.531             6474.895               0.000               0.000          2115606.204   0.88347 
   326.550         125.028    354.328      43.515       8.531             6475.127               0.000               0.000          2122081.331   0.88347 
   327.550         125.027    354.491      43.515       8.531             6475.363               0.000               0.000          2128556.694   0.88347 
   328.550         125.027    354.653      43.515       8.531             6475.604               0.000               0.000          2135032.298   0.88347 
   329.550         125.026    354.815      43.515       8.531             6475.850               0.000               0.000          2141508.148   0.88347 
   330.550         125.026    354.978      43.515       8.531             6476.100               0.000               0.000          2147984.248   0.88347 
   331.550         125.025    355.140      43.515       8.531             6476.356               0.000               0.000          2154460.604   0.88347 
   332.550         125.025    355.302      43.515       8.531             6476.616               0.000               0.000          2160937.220   0.88347 
   333.550         125.024    355.464      43.515       8.531             6476.882               0.000               0.000          2167414.102   0.88347 
   334.550         125.023    355.627      43.515       8.531             6477.152               0.000               0.000          2173891.254   0.88347 
   335.550         125.023    355.789      43.515       8.531             6477.427               0.000               0.000          2180368.681   0.88347 
   336.550         125.022    355.951      43.515       8.531             6477.707               0.000               0.000          2186846.388   0.88347 
   337.550         125.022    356.113      43.515       8.531             6477.992               0.000               0.000          2193324.380   0.88347 
   338.550         125.021    356.275      43.515       8.531             6478.282               0.000               0.000          2199802.662   0.88347 
   339.550         125.021    356.437      43.515       8.531             6478.577               0.000               0.000          2206281.240   0.88347 
   340.550         125.020    356.600      43.515       8.531             6478.877               0.000               0.000          2212760.117   0.88347 
   341.550         125.019    356.762      43.515       8.531             6479.183               0.000               0.000          2219239.300   0.88347 
   342.550         125.019    356.924      43.515       8.531             6479.493               0.000               0.000          2225718.793   0.88347 
   343.550         125.018    357.086      43.515       8.531             6479.808               0.000               0.000          2232198.600   0.88347 
   344.550         125.018    357.248      43.515       8.531             6480.128               0.000               0.000          2238678.729   0.88347 
   345.550         125.017    357.410      43.515       8.531             6480.454               0.000               0.000          2245159.182   0.88347 
   346.550         125.016    357.572      43.515       8.531             6480.784               0.000               0.000          2251639.967   0.88347 
   347.550         125.016    357.734      43.515       8.531             6481.120               0.000               0.000          2258121.087   0.88347 
   348.550         125.015    357.896      43.515       8.531             6481.461               0.000               0.000          2264602.547   0.88347 
   349.550         125.015    358.058      43.515       8.531             6481.807               0.000               0.000          2271084.354   0.88347 
   350.550         125.014    358.220      43.515       8.531             6482.158               0.000               0.000          2277566.512   0.88347 
   351.550         125.013    358.382      43.515       8.531             6482.514               0.000               0.000          2284049.027   0.88347 
   352.550         125.013    358.544      43.515       8.531             6482.876               0.000               0.000          2290531.903   0.88347 
   353.550         125.012    358.706      43.515       8.531             6483.243               0.000               0.000          2297015.146   0.88347 
   354.550         125.011    358.867      43.515       8.531             6483.615               0.000               0.000          2303498.761   0.88347 
   355.550         125.010    359.029      43.515       8.531             6483.992               0.000               0.000          2309982.753   0.88347 
   356.550         125.010    359.191      43.515       8.531             6484.375               0.000               0.000          2316467.128   0.88347 
   357.550         125.009    359.353      43.515       8.531             6484.763               0.000               0.000          2322951.892   0.88347 
   358.550         125.008    359.515      43.515       8.531             6485.157               0.000               0.000          2329437.048   0.88347 
   359.550         125.008    359.677      43.515       8.531             6485.555               0.000               0.000          2335922.604   0.88347 
   360.550         125.007    359.839      43.515       8.531             6485.959               0.000               0.000          2342408.563   0.88347 
   361.550         125.006    360.000      43.515       8.531             6486.369               0.000               0.000          2348894.932   0.88347 
   362.550         125.005    360.162      43.515       8.531             6486.784               0.000               0.000          2355381.715   0.88347 
   363.550         125.005    360.324      43.515       8.531             6487.204               0.000               0.000          2361868.919   0.88347 
   364.550         125.004    360.486      43.515       8.531             6487.630               0.000               0.000          2368356.549   0.88347 
   365.550         125.003    360.647      43.515       8.531             6488.061               0.000               0.000          2374844.610   0.88347 
   366.550         125.002    360.809      43.515       8.531             6488.497               0.000               0.000          2381333.107   0.88347 
   367.550         125.002    360.971      43.515       8.531             6488.939               0.000               0.000          2387822.046   0.88347 
   368.550         125.001    361.133      43.515       8.531             6489.387               0.000               0.000          2394311.434   0.88347 
   369.550         125.000    361.294      43.515       8.531             6489.840               0.000               0.000          2400801.274   0.88347 
   370.550         124.999    361.456      43.515       8.531             6490.299               0.000               0.000          2407291.573   0.88347 
   371.550         124.998    361.618      43.515       8.531             6490.763               0.000               0.000          2413782.336   0.88347 
   372.550         124.998    361.779      43.515       8.531             6491.233               0.000               0.000          2420273.569   0.88347 
   373.550         124.997    361.941      43.515       8.531             6491.708               0.000               0.000          2426765.277   0.88347 
   374.550         124.996    362.103      43.515       8.531             6492.189               0.000               0.000          2433257.466   0.88347 
   375.550         124.995    362.264      43.515       8.531             6492.676               0.000               0.000          2439750.142   0.88347 
   376.550         124.994    362.426      43.515       8.531             6493.168               0.000               0.000          2446243.310   0.88347 
   377.550         124.993    362.588      43.515       8.531             6493.666               0.000               0.000          2452736.976   0.88347 
   378.550         124.992    362.749      43.515       8.531             6494.170               0.000               0.000          2459231.146   0.88347 
   379.550         124.992    362.911      43.515       8.531             6494.679               0.000               0.000          2465725.825   0.88347 
   380.550         124.991    363.072      43.515       8.531             6495.194               0.000               0.000          2472221.020   0.88347 
   381.550         124.990    363.234      43.515       8.531             6495.715               0.000               0.000          2478716.734   0.88347 
   382.550         124.989    363.395      43.515       8.531             6496.242               0.000               0.000          2485212.976   0.88347 
   383.550         124.988    363.557      43.515       8.531             6496.774               0.000               0.000          2491709.750   0.88347 
   384.550         124.987    363.719      43.515       8.531             6497.312               0.000               0.000          2498207.062   0.88347 
   385.550         124.986    363.880      43.515       8.531             6497.856               0.000               0.000          2504704.918   0.88347 
   386.550         124.985    364.042      43.515       8.531             6498.406               0.000               0.000          2511203.323   0.88347 
   387.550         124.984    364.203      43.515       8.531             6498.961               0.000               0.000          2517702.284   0.88347 
   388.550         124.983    364.365      43.515       8.531             6499.523               0.000               0.000          2524201.807   0.88347 
   389.550         124.982    364.526      43.515       8.531             6500.090               0.000               0.000          2530701.897   0.88347 
   390.550         124.981    364.688      43.515       8.531             6500.663               0.000               0.000          2537202.560   0.88347 
   391.550         124.980    364.849      43.515       8.531             6501.242               0.000               0.000          2543703.802   0.88347 
   392.550         124.979    365.010      43.515       8.531             6501.827               0.000               0.000          2550205.630   0.88347 
   393.550         124.979    365.172      43.515       8.531             6502.418               0.000               0.000          2556708.048   0.88347 
   394.550         124.978    365.333      43.515       8.531             6503.015               0.000               0.000          2563211.064   0.88347 
   395.550         124.977    365.495      43.515       8.531             6503.619               0.000               0.000          2569714.682   0.88347 
   396.550         124.975    365.656      43.515       8.531             6504.227               0.000               0.000          2576218.910   0.88347 
   397.550         124.974    365.818      43.515       8.531             6504.843               0.000               0.000          2582723.752   0.88347 
   398.550         124.973    365.979      43.515       8.531             6505.464               0.000               0.000          2589229.216   0.88347 
   399.550         124.972    366.140      43.515       8.531             6506.091               0.000               0.000          2595735.307   0.88347 
   400.550         124.971    366.302      43.515       8.531             6506.724               0.000               0.000          2602242.031   0.88347 
   401.550         124.970    366.463      43.515       8.531             6507.363               0.000               0.000          2608749.394   0.88347 
   402.550         124.969    366.625      43.515       8.531             6508.009               0.000               0.000          2615257.403   0.88347 
   403.550         124.968    366.786      43.515       8.531             6508.660               0.000               0.000          2621766.063   0.88347 
   404.550         124.967    366.947      43.515       8.531             6509.318               0.000               0.000          2628275.381   0.88347 
   405.550         124.966    367.109      43.515       8.531             6509.982               0.000               0.000          2634785.364   0.88347 
   406.550         124.965    367.270      43.515       8.531             6510.652               0.000               0.000          2641296.016   0.88347 
   407.550         124.964    367.431      43.515       8.531             6511.329               0.000               0.000          2647807.344   0.88347 
   408.550         124.963    367.593      43.515       8.531             6512.011               0.000               0.000          2654319.355   0.88347 
   409.550         124.962    367.754      43.515       8.531             6512.700               0.000               0.000          2660832.055   0.88347 
   410.550         124.960    367.915      43.515       8.531             6513.395               0.000               0.000          2667345.450   0.88347 
   411.550         124.959    368.077      43.515       8.531             6514.096               0.000               0.000          2673859.547   0.88347 
   412.550         124.958    368.238      43.515       8.531             6514.804               0.000               0.000          2680374.351   0.88347 
   413.550         124.957    368.399      43.515       8.531             6515.518               0.000               0.000          2686889.869   0.88347 
   414.550         124.956    368.560      43.515       8.531             6516.239               0.000               0.000          2693406.108   0.88347 
   415.550         124.955    368.720      43.515       8.531             6516.965               0.000               0.000          2699923.073   0.88347 
   416.550         124.953    368.881      43.515       8.531             6517.698               0.000               0.000          2706440.772   0.88347 
   417.550         124.952    369.041      43.515       8.531             6518.438               0.000               0.000          2712959.209   0.88347 
   418.550         124.951    369.201      43.515       8.531             6519.184               0.000               0.000          2719478.393   0.88347 
   419.550         124.950    369.361      43.515       8.531             6519.936               0.000               0.000          2725998.330   0.88347 
   420.550         124.949    369.520      43.515       8.531             6520.695               0.000               0.000          2732519.025   0.88347 
   421.550         124.947    369.680      43.515       8.531             6521.460               0.000               0.000          2739040.485   0.88347 
   422.550         124.946    369.839      43.515       8.531             6522.232               0.000               0.000          2745562.717   0.88347 
   423.550         124.945    369.998      43.515       8.531             6523.011               0.000               0.000          2752085.728   0.88347 
   424.550         124.944    370.157      43.515       8.531             6523.795               0.000               0.000          2758609.523   0.88347 
   425.550         124.942    370.315      43.515       8.531             6524.587               0.000               0.000          2765134.110   0.88347 
   426.550         124.941    370.474      43.515       8.531             6525.385               0.000               0.000          2771659.495   0.88347 
   427.550         124.940    370.632      43.515       8.531             6526.190               0.000               0.000          2778185.685   0.88347 
   428.550         124.939    370.790      43.515       8.531             6527.001               0.000               0.000          2784712.685   0.88347 
   429.550         124.937    370.947      43.515       8.531             6527.819               0.000               0.000          2791240.504   0.88347 
   430.550         124.936    371.105      43.515       8.531             6528.643               0.000               0.000          2797769.147   0.88347 
   431.550         124.935    371.262      43.515       8.531             6529.474               0.000               0.000          2804298.621   0.88347 
   432.550         124.933    371.419      43.515       8.531             6530.312               0.000               0.000          2810828.934   0.88347 
   433.550         124.932    371.576      43.515       8.531             6531.157               0.000               0.000          2817360.090   0.88347 
   434.550         124.931    371.733      43.515       8.531             6532.008               0.000               0.000          2823892.098   0.88347 
   435.550         124.929    371.890      43.515       8.531             6532.866               0.000               0.000          2830424.964   0.88347 
   436.550         124.928    372.046      43.515       8.531             6533.731               0.000               0.000          2836958.695   0.88347 
   437.550         124.927    372.202      43.515       8.531             6534.603               0.000               0.000          2843493.298   0.88347 
   438.550         124.925    372.358      43.515       8.531             6535.481               0.000               0.000          2850028.779   0.88347 
   439.550         124.924    372.514      43.515       8.531             6536.366               0.000               0.000          2856565.145   0.88347 
   440.550         124.922    372.669      43.515       8.531             6537.258               0.000               0.000          2863102.404   0.88347 
   441.550         124.921    372.825      43.515       8.531             6538.157               0.000               0.000          2869640.561   0.88347 
   442.550         124.920    372.980      43.515       8.531             6539.063               0.000               0.000          2876179.625   0.88347 
   443.550         124.918    373.135      43.515       8.531             6539.976               0.000               0.000          2882719.601   0.88347 
   444.550         124.917    373.289      43.515       8.531             6540.896               0.000               0.000          2889260.496   0.88347 
   445.550         124.915    373.444      43.515       8.531             6541.822               0.000               0.000          2895802.319   0.88347 
   446.550         124.914    373.598      43.515       8.531             6542.756               0.000               0.000          2902345.075   0.88347 
   447.550         124.912    373.752      43.515       8.531             6543.697               0.000               0.000          2908888.772   0.88347 
   448.550         124.911    373.906      43.515       8.531             6544.644               0.000               0.000          2915433.416   0.88347 
   449.550         124.909    374.060      43.515       8.531             6545.599               0.000               0.000          2921979.015   0.88347 
   450.550         124.908    374.213      43.515       8.531             6546.561               0.000               0.000          2928525.576   0.88347 
   451.550         124.906    374.367      43.515       8.531             6547.530               0.000               0.000          2935073.106   0.88347 
   452.550         124.905    374.520      43.515       8.531             6548.506               0.000               0.000          2941621.612   0.88347 
   453.550         124.903    374.673      43.515       8.531             6549.489               0.000               0.000          2948171.100   0.88347 
   454.550         124.902    374.825      43.515       8.531             6550.479               0.000               0.000          2954721.579   0.88347 
   455.550         124.900    374.978      43.515       8.531             6551.476               0.000               0.000          2961273.055   0.88347 
   456.550         124.899    375.130      43.515       8.531             6552.481               0.000               0.000          2967825.536   0.88347 
   457.550         124.897    375.282      43.515       8.531             6553.492               0.000               0.000          2974379.028   0.88347 
   458.550         124.896    375.434      43.515       8.531             6554.511               0.000               0.000          2980933.539   0.88347 
   459.550         124.894    375.586      43.515       8.531             6555.537               0.000               0.000          2987489.076   0.88347 
   460.550         124.893    375.737      43.515       8.531             6556.571               0.000               0.000          2994045.647   0.88347 
   461.550         124.891    375.889      43.515       8.531             6557.611               0.000               0.000          3000603.258   0.88347 
   462.550         124.889    376.040      43.515       8.531             6558.659               0.000               0.000          3007161.917   0.88347 
   463.550         124.888    376.190      43.515       8.531             6559.714               0.000               0.000          3013721.631   0.88347 
   464.550         124.886    376.341      43.515       8.531             6560.777               0.000               0.000          3020282.409   0.88347 
   465.550         124.884    376.492      43.515       8.531             6561.847               0.000               0.000          3026844.256   0.88347 
   466.550         124.883    376.642      43.515       8.531             6562.924               0.000               0.000          3033407.180   0.88347 
   467.550         124.881    376.792      43.515       8.531             6564.009               0.000               0.000          3039971.189   0.88347 
   468.550         124.879    376.942      43.515       8.531             6565.101               0.000               0.000          3046536.290   0.88347 
   469.550         124.878    377.092      43.515       8.531             6566.201               0.000               0.000          3053102.491   0.88347 
   470.550         124.876    377.241      43.515       8.531             6567.308               0.000               0.000          3059669.799   0.88347 
   471.550         124.874    377.390      43.515       8.531             6568.423               0.000               0.000          3066238.222   0.88347 
   472.550         124.873    377.539      43.515       8.531             6569.545               0.000               0.000          3072807.767   0.88347 
   473.550         124.871    377.688      43.515       8.531             6570.674               0.000               0.000          3079378.441   0.88347 
   474.550         124.869    377.837      43.515       8.531             6571.811               0.000               0.000          3085950.252   0.88347 
   475.550         124.868    377.985      43.515       8.531             6572.956               0.000               0.000          3092523.209   0.88347 
   476.550         124.866    378.134      43.515       8.531             6574.109               0.000               0.000          3099097.317   0.88347 
   477.550         124.864    378.282      43.515       8.531             6575.269               0.000               0.000          3105672.586   0.88347 
   478.550         124.862    378.430      43.515       8.531             6576.436               0.000               0.000          3112249.022   0.88347 
   479.550         124.860    378.577      43.515       8.531             6577.611               0.000               0.000          3118826.633   0.88347 
   480.550         124.859    378.725      43.515       8.531             6578.794               0.000               0.000          3125405.427   0.88347 
   481.550         124.857    378.872      43.515       8.531             6579.985               0.000               0.000          3131985.412   0.88347 
   482.550         124.855    379.019      43.515       8.531             6581.183               0.000               0.000          3138566.595   0.88347 
   483.550         124.853    379.166      43.515       8.531             6582.389               0.000               0.000          3145148.985   0.88347 
   484.550         124.851    379.313      43.515       8.531             6583.603               0.000               0.000          3151732.588   0.88347 
   485.550         124.850    379.459      43.515       8.531             6584.825               0.000               0.000          3158317.413   0.88347 
   486.550         124.848    379.606      43.515       8.531             6586.054               0.000               0.000          3164903.467   0.88347 
   487.550         124.846    379.752      43.515       8.531             6587.292               0.000               0.000          3171490.759   0.88347 
   488.550         124.844    379.898      43.515       8.531             6588.537               0.000               0.000          3178079.295   0.88347 
   489.550         124.842    380.043      43.515       8.531             6589.790               0.000               0.000          3184669.085   0.88347 
   490.550         124.840    380.189      43.515       8.531             6591.051               0.000               0.000          3191260.136   0.88347 
   491.550         124.838    380.334      43.515       8.531             6592.320               0.000               0.000          3197852.456   0.88347 
   492.550         124.836    380.479      43.515       8.531             6593.596               0.000               0.000          3204446.052   0.88347 
   493.550         124.835    380.624      43.515       8.531             6594.881               0.000               0.000          3211040.933   0.88347 
   494.550         124.833    380.769      43.515       8.531             6596.174               0.000               0.000          3217637.107   0.88347 
   495.550         124.831    380.913      43.515       8.531             6597.475               0.000               0.000          3224234.582   0.88347 
   496.550         124.829    381.058      43.515       8.531             6598.783               0.000               0.000          3230833.365   0.88347 
   497.550         124.827    381.202      43.515       8.531             6600.100               0.000               0.000          3237433.466   0.88347 
   498.550         124.825    381.346      43.515       8.531             6601.425               0.000               0.000          3244034.891   0.88347 
   499.550         124.823    381.490      43.515       8.531             6602.758               0.000               0.000          3250637.649   0.88347 
   500.550         124.821    381.633      43.515       8.531             6604.099               0.000               0.000          3257241.749   0.88347 
   501.550         124.819    381.777      43.515       8.531             6605.449               0.000               0.000          3263847.198   0.88347 
   502.550         124.817    381.920      43.515       8.531             6606.806               0.000               0.000          3270454.004   0.88347 
   503.550         124.815    382.063      43.515       8.531             6608.172               0.000               0.000          3277062.176   0.88347 
   504.550         124.813    382.206      43.515       8.531             6609.546               0.000               0.000          3283671.722   0.88347 
   505.550         124.811    382.348      43.515       8.531             6610.928               0.000               0.000          3290282.649   0.88347 
   506.550         124.809    382.491      43.515       8.531             6612.318               0.000               0.000          3296894.968   0.88347 
   507.550         124.807    382.633      43.515       8.531             6613.717               0.000               0.000          3303508.685   0.88347 
   508.550         124.805    382.775      43.515       8.531             6615.124               0.000               0.000          3310123.808   0.88347 
   509.550         124.802    382.917      43.515       8.531             6616.539               0.000               0.000          3316740.348   0.88347 
   510.550         124.800    383.058      43.515       8.531             6617.963               0.000               0.000          3323358.311   0.88347 
   511.550         124.798    383.200      43.515       8.531             6619.395               0.000               0.000          3329977.705   0.88347 
   512.550         124.796    383.341      43.515       8.531             6620.835               0.000               0.000          3336598.541   0.88347 
   513.550         124.794    383.482      43.515       8.531             6622.284               0.000               0.000          3343220.825   0.88347 
   514.550         124.792    383.623      43.515       8.531             6623.742               0.000               0.000          3349844.567   0.88347 
   515.550         124.790    383.764      43.515       8.531             6625.207               0.000               0.000          3356469.774   0.88347 
   516.550         124.788    383.904      43.515       8.531             6626.682               0.000               0.000          3363096.456   0.88347 
   517.550         124.785    384.044      43.515       8.531             6628.164               0.000               0.000          3369724.620   0.88347 
   518.550         124.783    384.184      43.515       8.531             6629.656               0.000               0.000          3376354.276   0.88347 
   519.550         124.781    384.324      43.515       8.531             6631.156               0.000               0.000          3382985.432   0.88347 
   520.550         124.779    384.464      43.515       8.531             6632.664               0.000               0.000          3389618.096   0.88347 
   521.550         124.777    384.604      43.515       8.531             6634.181               0.000               0.000          3396252.277   0.88347 
   522.550         124.774    384.743      43.515       8.531             6635.707               0.000               0.000          3402887.984   0.88347 
   523.550         124.772    384.882      43.515       8.531             6637.241               0.000               0.000          3409525.226   0.88347 
   524.550         124.770    385.021      43.515       8.531             6638.785               0.000               0.000          3416164.010   0.88347 
   525.550         124.768    385.160      43.515       8.531             6640.336               0.000               0.000          3422804.346   0.88347 
   526.550         124.765    385.298      43.515       8.531             6641.897               0.000               0.000          3429446.243   0.88347 
   527.550         124.763    385.437      43.515       8.531             6643.466               0.000               0.000          3436089.709   0.88347 
   528.550         124.761    385.575      43.515       8.531             6645.044               0.000               0.000          3442734.754   0.88347 
   529.550         124.758    385.713      43.515       8.531             6646.631               0.000               0.000          3449381.385   0.88347 
   530.550         124.756    385.851      43.515       8.531             6648.227               0.000               0.000          3456029.611   0.88347 
   531.550         124.754    385.989      43.515       8.531             6649.831               0.000               0.000          3462679.443   0.88347 
   532.550         124.751    386.126      43.515       8.531             6651.445               0.000               0.000          3469330.888   0.88347 
   533.550         124.749    386.263      43.515       8.531             6653.067               0.000               0.000          3475983.955   0.88347 
   534.550         124.747    386.400      43.515       8.531             6654.698               0.000               0.000          3482638.653   0.88347 
   535.550         124.744    386.537      43.515       8.531             6656.339               0.000               0.000          3489294.992   0.88347 
   536.550         124.742    386.674      43.515       8.531             6657.988               0.000               0.000          3495952.980   0.88347 
   537.550         124.740    386.810      43.515       8.531             6659.646               0.000               0.000          3502612.626   0.88347 
   538.550         124.737    386.947      43.515       8.531             6661.313               0.000               0.000          3509273.939   0.88347 
   539.550         124.735    387.083      43.515       8.531             6662.990               0.000               0.000          3515936.929   0.88347 
   540.550         124.732    387.219      43.515       8.531             6664.675               0.000               0.000          3522601.604   0.88347 
   541.550         124.730    387.355      43.515       8.531             6666.370               0.000               0.000          3529267.974   0.88347 
   542.550         124.727    387.490      43.515       8.531             6668.073               0.000               0.000          3535936.047   0.88347 
   543.550         124.725    387.626      43.515       8.531             6669.786               0.000               0.000          3542605.833   0.88347 
   544.550         124.722    387.761      43.515       8.531             6671.508               0.000               0.000          3549277.341   0.88347 
   545.550         124.720    387.896      43.515       8.531             6673.239               0.000               0.000          3555950.580   0.88347 
   546.550         124.717    388.031      43.515       8.531             6674.980               0.000               0.000          3562625.560   0.88347 
   547.550         124.715    388.165      43.515       8.531             6676.729               0.000               0.000          3569302.289   0.88347 
   548.550         124.712    388.300      43.515       8.531             6678.488               0.000               0.000          3575980.777   0.88347 
   549.550         124.710    388.434      43.515       8.531             6680.257               0.000               0.000          3582661.034   0.88347 
   550.550         124.707    388.568      43.515       8.531             6682.034               0.000               0.000          3589343.068   0.88347 
   551.550         124.705    388.702      43.515       8.531             6683.821               0.000               0.000          3596026.889   0.88347 
   552.550         124.702    388.836      43.515       8.531             6685.618               0.000               0.000          3602712.507   0.88347 
   553.550         124.700    388.970      43.515       8.531             6687.423               0.000               0.000          3609399.930   0.88347 
   554.550         124.697    389.103      43.515       8.531             6689.239               0.000               0.000          3616089.169   0.88347 
   555.550         124.694    389.236      43.515       8.531             6691.063               0.000               0.000          3622780.232   0.88347 
   556.550         124.692    389.369      43.515       8.531             6692.897               0.000               0.000          3629473.129   0.88347 
   557.550         124.689    389.502      43.515       8.531             6694.741               0.000               0.000          3636167.870   0.88347 
   558.550         124.686    389.635      43.515       8.531             6696.594               0.000               0.000          3642864.465   0.88347 
   559.550         124.684    389.767      43.515       8.531             6698.457               0.000               0.000          3649562.922   0.88347 
   560.550         124.681    389.899      43.515       8.531             6700.330               0.000               0.000          3656263.252   0.88347 
   561.550         124.678    390.031      43.515       8.531             6702.212               0.000               0.000          3662965.463   0.88347 
   562.550         124.676    390.163      43.515       8.531             6704.103               0.000               0.000          3669669.567   0.88347 
   563.550         124.673    390.295      43.515       8.531             6706.005               0.000               0.000          3676375.572   0.88347 
   564.550         124.670    390.427      43.515       8.531             6707.916               0.000               0.000          3683083.488   0.88347 
   565.550         124.668    390.558      43.515       8.531             6709.837               0.000               0.000          3689793.324   0.88347 
   566.550         124.665    390.689      43.515       8.531             6711.767               0.000               0.000          3696505.092   0.88347 
   567.550         124.662    390.820      43.515       8.531             6713.708               0.000               0.000          3703218.799   0.88347 
   568.550         124.659    390.951      43.515       8.531             6715.658               0.000               0.000          3709934.457   0.88347 
   569.550         124.657    391.082      43.515       8.531             6717.618               0.000               0.000          3716652.075   0.88347 
   570.550         124.654    391.212      43.515       8.531             6719.588               0.000               0.000          3723371.663   0.88347 
   571.550         124.651    391.342      43.515       8.531             6721.568               0.000               0.000          3730093.231   0.88347 
   572.550         124.648    391.473      43.515       8.531             6723.557               0.000               0.000          3736816.788   0.88347 
   573.550         124.645    391.602      43.515       8.531             6725.557               0.000               0.000          3743542.345   0.88347 
   574.550         124.643    391.732      43.515       8.531             6727.567               0.000               0.000          3750269.912   0.88347 
   575.550         124.640    391.862      43.515       8.531             6729.587               0.000               0.000          3756999.499   0.88347 
   576.550         124.637    391.991      43.515       8.531             6731.616               0.000               0.000          3763731.115   0.88347 
   577.550         124.634    392.120      43.515       8.531             6733.656               0.000               0.000          3770464.771   0.88347 
   578.550         124.631    392.249      43.515       8.531             6735.706               0.000               0.000          3777200.477   0.88347 
   579.550         124.628    392.378      43.515       8.531             6737.766               0.000               0.000          3783938.243   0.88347 
   580.550         124.625    392.507      43.515       8.531             6739.836               0.000               0.000          3790678.079   0.88347 
   581.550         124.622    392.636      43.515       8.531             6741.917               0.000               0.000          3797419.996   0.88347 
   582.550         124.619    392.764      43.515       8.531             6744.007               0.000               0.000          3804164.003   0.88347 
   583.550         124.617    392.892      43.515       8.531             6746.108               0.000               0.000          3810910.111   0.88347 
   584.550         124.614    393.020      43.515       8.531             6748.219               0.000               0.000          3817658.330   0.88347 
   585.550         124.611    393.148      43.515       8.531             6750.340               0.000               0.000          3824408.670   0.88347 
   586.550         124.608    393.276      43.515       8.531             6752.472               0.000               0.000          3831161.142   0.88347 
   587.550         124.605    393.403      43.515       8.531             6754.614               0.000               0.000          3837915.756   0.88347 
   588.550         124.602    393.530      43.515       8.531             6756.766               0.000               0.000          3844672.523   0.88347 
   589.550         124.599    393.657      43.515       8.531             6758.929               0.000               0.000          3851431.452   0.88347 
   590.550         124.596    393.784      43.515       8.531             6761.102               0.000               0.000          3858192.554   0.88347 
   591.550         124.593    393.911      43.515       8.531             6763.286               0.000               0.000          3864955.841   0.88347 
   592.550         124.589    394.038      43.515       8.531             6765.481               0.000               0.000          3871721.321   0.88347 
   593.550         124.586    394.164      43.515       8.531             6767.685               0.000               0.000          3878489.006   0.88347 
   594.550         124.583    394.290      43.515       8.531             6769.901               0.000               0.000          3885258.907   0.88347 
   595.550         124.580    394.416      43.515       8.531             6772.126               0.000               0.000          3892031.033   0.88347 
   596.550         124.577    394.542      43.515       8.531             6774.363               0.000               0.000          3898805.396   0.88347 
   597.550         124.574    394.668      43.515       8.531             6776.610               0.000               0.000          3905582.007   0.88347 
   598.550         124.571    394.793      43.515       8.531             6778.868               0.000               0.000          3912360.875   0.88347 
   599.550         124.568    394.919      43.515       8.531             6781.137               0.000               0.000          3919142.011   0.88347 
   600.550         124.565    395.044      43.515       8.531             6783.416               0.000               0.000          3925925.427   0.88347 
   601.550         124.561    395.169      43.515       8.531             6785.706               0.000               0.000          3932711.133   0.88347 
   602.550         124.558    395.294      43.515       8.531             6788.007               0.000               0.000          3939499.140   0.88347 
   603.550         124.555    395.418      43.515       8.531             6790.318               0.000               0.000          3946289.458   0.88347 
   604.550         124.552    395.543      43.515       8.531             6792.641               0.000               0.000          3953082.099   0.88347 
   605.550         124.549    395.667      43.515       8.531             6794.974               0.000               0.000          3959877.073   0.88347 
   606.550         124.545    395.791      43.515       8.531             6797.319               0.000               0.000          3966674.392   0.88347 
   607.550         124.542    395.915      43.515       8.531             6799.674               0.000               0.000          3973474.066   0.88347 
   608.550         124.539    396.039      43.515       8.531             6802.040               0.000               0.000          3980276.107   0.88347 
   609.550         124.536    396.163      43.515       8.531             6804.418               0.000               0.000          3987080.524   0.88347 
   610.550         124.532    396.286      43.515       8.531             6806.806               0.000               0.000          3993887.330   0.88347 
   611.550         124.529    396.410      43.515       8.531             6809.205               0.000               0.000          4000696.536   0.88347 
   612.550         124.526    396.533      43.515       8.531             6811.616               0.000               0.000          4007508.152   0.88347 
   613.550         124.522    396.656      43.515       8.531             6814.038               0.000               0.000          4014322.189   0.88347 
   614.550         124.519    396.779      43.515       8.531             6816.470               0.000               0.000          4021138.660   0.88347 
   615.550         124.516    396.901      43.515       8.531             6818.914               0.000               0.000          4027957.574   0.88347 
   616.550         124.512    397.024      43.515       8.531             6821.370               0.000               0.000          4034778.944   0.88347 
   617.550         124.509    397.146      43.515       8.531             6823.836               0.000               0.000          4041602.780   0.88347 
   618.550         124.506    397.268      43.515       8.531             6826.314               0.000               0.000          4048429.094   0.88347 
   619.550         124.502    397.390      43.515       8.531             6828.803               0.000               0.000          4055257.898   0.88347 
   620.550         124.499    397.512      43.515       8.531             6831.304               0.000               0.000          4062089.201   0.88347 
   621.550         124.495    397.633      43.515       8.531             6833.816               0.000               0.000          4068923.017   0.88347 
   622.550         124.492    397.755      43.515       8.531             6836.339               0.000               0.000          4075759.356   0.88347 
   623.550         124.488    397.876      43.515       8.531             6838.874               0.000               0.000          4082598.230   0.88347 
   624.550         124.485    397.997      43.515       8.531             6841.420               0.000               0.000          4089439.650   0.88347 
   625.550         124.481    398.118      43.515       8.531             6843.978               0.000               0.000          4096283.628   0.88347 
   626.550         124.478    398.239      43.515       8.531             6846.547               0.000               0.000          4103130.176   0.88347 
   627.550         124.474    398.359      43.515       8.531             6849.128               0.000               0.000          4109979.304   0.88347 
   628.550         124.471    398.480      43.515       8.531             6851.721               0.000               0.000          4116831.025   0.88347 
   629.550         124.467    398.600      43.515       8.531             6854.325               0.000               0.000          4123685.350   0.88347 
   630.550         124.464    398.720      43.515       8.531             6856.941               0.000               0.000          4130542.291   0.88347 
   631.550         124.460    398.840      43.515       8.531             6859.569               0.000               0.000          4137401.860   0.88347 
   632.550         124.457    398.960      43.515       8.531             6862.208               0.000               0.000          4144264.068   0.88347 
   633.550         124.453    399.080      43.515       8.531             6864.860               0.000               0.000          4151128.928   0.88347 
   634.550         124.449    399.199      43.515       8.531             6867.523               0.000               0.000          4157996.451   0.88347 
   635.550         124.446    399.318      43.515       8.531             6870.197               0.000               0.000          4164866.648   0.88347 
   636.550         124.442    399.438      43.515       8.531             6872.884               0.000               0.000          4171739.532   0.88347 
   637.550         124.439    399.556      43.515       8.531             6875.583               0.000               0.000          4178615.115   0.88347 
   638.550         124.435    399.675      43.515       8.531             6878.294               0.000               0.000          4185493.409   0.88347 
   639.550         124.431    399.794      43.515       8.531             6881.016               0.000               0.000          4192374.425   0.88347 
   640.550         124.428    399.912      43.515       8.531             6883.751               0.000               0.000          4199258.176   0.88347 
   641.550         124.424    400.031      43.515       8.531             6886.498               0.000               0.000          4206144.674   0.88347 
   642.550         124.420    400.149      43.515       8.531             6889.257               0.000               0.000          4213033.931   0.88347 
   643.550         124.416    400.267      43.515       8.531             6892.028               0.000               0.000          4219925.958   0.88347 
   644.550         124.413    400.385      43.515       8.531             6894.811               0.000               0.000          4226820.769   0.88347 
   645.550         124.409    400.502      43.515       8.531             6897.606               0.000               0.000          4233718.376   0.88347 
   646.550         124.405    400.620      43.515       8.531             6900.414               0.000               0.000          4240618.789   0.88347 
   647.550         124.401    400.737      43.515       8.531             6903.234               0.000               0.000          4247522.023   0.88347 
   648.550         124.398    400.854      43.515       8.531             6906.066               0.000               0.000          4254428.089   0.88347 
   649.550         124.394    400.971      43.515       8.531             6908.911               0.000               0.000          4261337.000   0.88347 
   650.550         124.390    401.088      43.515       8.531             6911.767               0.000               0.000          4268248.767   0.88347 
   651.550         124.386    401.205      43.515       8.531             6914.637               0.000               0.000          4275163.404   0.88347 
   652.550         124.382    401.322      43.515       8.531             6917.519               0.000               0.000          4282080.923   0.88347 
   653.550         124.378    401.438      43.515       8.531             6920.413               0.000               0.000          4289001.336   0.88347 
   654.550         124.375    401.554      43.515       8.531             6923.320               0.000               0.000          4295924.656   0.88347 
   655.550         124.371    401.670      43.515       8.531             6926.239               0.000               0.000          4302850.895   0.88347 
   656.550         124.367    401.786      43.515       8.531             6929.171               0.000               0.000          4309780.066   0.88347 
   657.550         124.363    401.902      43.515       8.531             6932.116               0.000               0.000          4316712.182   0.88347 
   658.550         124.359    402.018      43.515       8.531             6935.073               0.000               0.000          4323647.255   0.88347 
   659.550         124.355    402.133      43.515       8.531             6938.043               0.000               0.000          4330585.298   0.88347 
   660.550         124.351    402.248      43.515       8.531             6941.026               0.000               0.000          4337526.324   0.88347 
   661.550         124.347    402.363      43.515       8.531             6944.021               0.000               0.000          4344470.346   0.88347 
   662.550         124.343    402.478      43.515       8.531             6947.030               0.000               0.000          4351417.375   0.88347 
   663.550         124.339    402.593      43.515       8.531             6950.051               0.000               0.000          4358367.426   0.88347 
   664.550         124.335    402.708      43.515       8.531             6953.085               0.000               0.000          4365320.512   0.88347 
   665.550         124.331    402.822      43.515       8.531             6956.132               0.000               0.000          4372276.644   0.88347 
   666.550         124.327    402.937      43.515       8.531             6959.192               0.000               0.000          4379235.836   0.88347 
   667.550         124.323    403.051      43.515       8.531             6962.265               0.000               0.000          4386198.101   0.88347 
   668.550         124.319    403.165      43.515       8.531             6965.351               0.000               0.000          4393163.453   0.88347 
   669.550         124.315    403.279      43.515       8.531             6968.451               0.000               0.000          4400131.903   0.88347 
   670.550         124.311    403.393      43.515       8.531             6971.563               0.000               0.000          4407103.466   0.88347 
   671.550         124.306    403.506      43.515       8.531             6974.688               0.000               0.000          4414078.154   0.88347 
   672.550         124.302    403.620      43.515       8.531             6977.827               0.000               0.000          4421055.981   0.88347 
   673.550         124.298    403.733      43.515       8.531             6980.979               0.000               0.000          4428036.960   0.88347 
   674.550         124.294    403.846      43.515       8.531             6984.144               0.000               0.000          4435021.104   0.88347 
   675.550         124.290    403.959      43.515       8.531             6987.323               0.000               0.000          4442008.427   0.88347 
   676.550         124.286    404.072      43.515       8.531             6990.514               0.000               0.000          4448998.941   0.88347 
   677.550         124.281    404.185      43.515       8.531             6993.720               0.000               0.000          4455992.661   0.88347 
   678.550         124.277    404.297      43.515       8.531             6996.938               0.000               0.000          4462989.599   0.88347 
   679.550         124.273    404.409      43.515       8.531             7000.170               0.000               0.000          4469989.770   0.88347 
   680.550         124.269    404.522      43.515       8.531             7003.416               0.000               0.000          4476993.186   0.88347 
   681.550         124.265    404.634      43.515       8.531             7006.675               0.000               0.000          4483999.861   0.88347 
   682.550         124.260    404.746      43.515       8.531             7009.948               0.000               0.000          4491009.810   0.88347 
   683.550         124.256    404.857      43.515       8.531             7013.235               0.000               0.000          4498023.044   0.88347 
   684.550         124.252    404.969      43.515       8.531             7016.535               0.000               0.000          4505039.579   0.88347 
   685.550         124.247    405.080      43.515       8.531             7019.849               0.000               0.000          4512059.428   0.88347 
   686.550         124.243    405.192      43.515       8.531             7023.176               0.000               0.000          4519082.605   0.88347 
   687.550         124.239    405.303      43.515       8.531             7026.518               0.000               0.000          4526109.122   0.88347 
   688.550         124.234    405.414      43.515       8.531             7029.873               0.000               0.000          4533138.996   0.88347 
   689.550         124.230    405.525      43.515       8.531             7033.242               0.000               0.000          4540172.238   0.88347 
   690.550         124.226    405.636      43.515       8.531             7036.625               0.000               0.000          4547208.863   0.88347 
   691.550         124.221    405.746      43.515       8.531             7040.022               0.000               0.000          4554248.886   0.88347 
   692.550         124.217    405.857      43.515       8.531             7043.434               0.000               0.000          4561292.319   0.88347 
   693.550         124.212    405.967      43.515       8.531             7046.859               0.000               0.000          4568339.178   0.88347 
   694.550         124.208    406.077      43.515       8.531             7050.298               0.000               0.000          4575389.476   0.88347 
   695.550         124.203    406.187      43.515       8.531             7053.751               0.000               0.000          4582443.227   0.88347 
   696.550         124.199    406.297      43.515       8.531             7057.219               0.000               0.000          4589500.446   0.88347 
   697.550         124.194    406.407      43.515       8.531             7060.700               0.000               0.000          4596561.146   0.88347 
   698.550         124.190    406.516      43.515       8.531             7064.196               0.000               0.000          4603625.342   0.88347 
   699.550         124.185    406.626      43.515       8.531             7067.707               0.000               0.000          4610693.049   0.88347 
   700.550         124.181    406.735      43.515       8.531             7071.231               0.000               0.000          4617764.280   0.88347 
   701.550         124.176    406.844      43.515       8.531             7074.770               0.000               0.000          4624839.051   0.88347 
   702.550         124.172    406.953      43.515       8.531             7078.324               0.000               0.000          4631917.374   0.88347 
   703.550         124.167    407.062      43.515       8.531             7081.892               0.000               0.000          4638999.266   0.88347 
   704.550         124.163    407.171      43.515       8.531             7085.474               0.000               0.000          4646084.740   0.88347 
   705.550         124.158    407.279      43.515       8.531             7089.071               0.000               0.000          4653173.812   0.88347 
   706.550         124.153    407.388      43.515       8.531             7092.683               0.000               0.000          4660266.494   0.88347 
   707.550         124.149    407.496      43.515       8.531             7096.309               0.000               0.000          4667362.804   0.88347 
   708.550         124.144    407.604      43.515       8.531             7099.950               0.000               0.000          4674462.754   0.88347 
   709.550         124.139    407.712      43.515       8.531             7103.606               0.000               0.000          4681566.359   0.88347 
   710.550         124.135    407.820      43.515       8.531             7107.276               0.000               0.000          4688673.636   0.88347 
   711.550         124.130    407.928      43.515       8.531             7110.962               0.000               0.000          4695784.597   0.88347 
   712.550         124.125    408.035      43.515       8.531             7114.662               0.000               0.000          4702899.259   0.88347 
   713.550         124.120    408.143      43.515       8.531             7118.377               0.000               0.000          4710017.636   0.88347 
   714.550         124.116    408.250      43.515       8.531             7122.107               0.000               0.000          4717139.743   0.88347 
   715.550         124.111    408.357      43.515       8.531             7125.852               0.000               0.000          4724265.596   0.88347 
   716.550         124.106    408.464      43.515       8.531             7129.612               0.000               0.000          4731395.208   0.88347 
   717.550         124.101    408.571      43.515       8.531             7133.388               0.000               0.000          4738528.596   0.88347 
   718.550         124.097    408.678      43.515       8.531             7137.178               0.000               0.000          4745665.774   0.88347 
   719.550         124.092    408.784      43.515       8.531             7140.984               0.000               0.000          4752806.757   0.88347 
   720.550         124.087    408.891      43.515       8.531             7144.805               0.000               0.000          4759951.562   0.88347 
   721.550         124.082    408.997      43.515       8.531             7148.641               0.000               0.000          4767100.203   0.88347 
   722.550         124.077    409.103      43.515       8.531             7152.492               0.000               0.000          4774252.695   0.88347 
   723.550         124.072    409.209      43.515       8.531             7156.359               0.000               0.000          4781409.054   0.88347 
   724.550         124.067    409.315      43.515       8.531             7160.241               0.000               0.000          4788569.295   0.88347 
   725.550         124.062    409.421      43.515       8.531             7164.139               0.000               0.000          4795733.434   0.88347 
   726.550         124.058    409.527      43.515       8.531             7168.052               0.000               0.000          4802901.487   0.88347 
   727.550         124.053    409.632      43.515       8.531             7171.981               0.000               0.000          4810073.468   0.88347 
   728.550         124.048    409.737      43.515       8.531             7175.926               0.000               0.000          4817249.394   0.88347 
   729.550         124.043    409.843      43.515       8.531             7179.886               0.000               0.000          4824429.280   0.88347 
   730.550         124.038    409.948      43.515       8.531             7183.862               0.000               0.000          4831613.142   0.88347 
   731.550         124.033    410.053      43.515       8.531             7187.853               0.000               0.000          4838800.995   0.88347 
   732.550         124.028    410.158      43.515       8.531             7191.861               0.000               0.000          4845992.856   0.88347 
   733.550         124.023    410.262      43.515       8.531             7195.884               0.000               0.000          4853188.740   0.88347 
   734.550         124.018    410.367      43.515       8.531             7199.924               0.000               0.000          4860388.664   0.88347 
   735.550         124.012    410.471      43.515       8.531             7203.979               0.000               0.000          4867592.643   0.88347 
   736.550         124.007    410.576      43.515       8.531             7208.050               0.000               0.000          4874800.693   0.88347 
   737.550         124.002    410.680      43.515       8.531             7212.137               0.000               0.000          4882012.830   0.88347 
   738.550         123.997    410.784      43.515       8.531             7216.241               0.000               0.000          4889229.071   0.88347 
   739.550         123.992    410.888      43.515       8.531             7220.360               0.000               0.000          4896449.431   0.88347 
   740.550         123.987    410.992      43.515       8.531             7224.496               0.000               0.000          4903673.927   0.88347 
   741.550         123.982    411.095      43.515       8.531             7228.648               0.000               0.000          4910902.575   0.88347 
   742.550         123.977    411.199      43.515       8.531             7232.816               0.000               0.000          4918135.391   0.88347 
   743.550         123.971    411.302      43.515       8.531             7237.001               0.000               0.000          4925372.392   0.88347 
   744.550         123.966    411.405      43.515       8.531             7241.202               0.000               0.000          4932613.594   0.88347 
   745.550         123.961    411.509      43.515       8.531             7245.420               0.000               0.000          4939859.014   0.88347 
   746.550         123.956    411.612      43.515       8.531             7249.654               0.000               0.000          4947108.668   0.88347 
   747.550         123.950    411.714      43.515       8.531             7253.904               0.000               0.000          4954362.572   0.88347 
   748.550         123.945    411.817      43.515       8.531             7258.172               0.000               0.000          4961620.744   0.88347 
   749.550         123.940    411.920      43.515       8.531             7262.456               0.000               0.000          4968883.200   0.88347 
   750.550         123.934    412.022      43.515       8.531             7266.756               0.000               0.000          4976149.956   0.88347 
   751.550         123.929    412.125      43.515       8.531             7271.074               0.000               0.000          4983421.030   0.88347 
   752.550         123.924    412.227      43.515       8.531             7275.408               0.000               0.000          4990696.438   0.88347 
   753.550         123.918    412.329      43.515       8.531             7279.759               0.000               0.000          4997976.198   0.88347 
   754.550         123.913    412.431      43.515       8.531             7284.128               0.000               0.000          5005260.325   0.88347 
   755.550         123.908    412.533      43.515       8.531             7288.513               0.000               0.000          5012548.838   0.88347 
   756.550         123.902    412.635      43.515       8.531             7292.915               0.000               0.000          5019841.753   0.88347 
   757.550         123.897    412.736      43.515       8.531             7297.334               0.000               0.000          5027139.087   0.88347 
   758.550         123.891    412.838      43.515       8.531             7301.771               0.000               0.000          5034440.858   0.88347 
   759.550         123.886    412.939      43.515       8.531             7306.224               0.000               0.000          5041747.082   0.88347 
   760.550         123.881    413.040      43.515       8.531             7310.695               0.000               0.000          5049057.777   0.88347 
   761.550         123.875    413.142      43.515       8.531             7315.183               0.000               0.000          5056372.960   0.88347 
   762.550         123.870    413.243      43.515       8.531             7319.689               0.000               0.000          5063692.649   0.88347 
   763.550         123.864    413.343      43.515       8.531             7324.212               0.000               0.000          5071016.861   0.88347 
   764.550         123.858    413.444      43.515       8.531             7328.753               0.000               0.000          5078345.614   0.88347 
   765.550         123.853    413.545      43.515       8.531             7333.311               0.000               0.000          5085678.924   0.88347 
   766.550         123.847    413.645      43.515       8.531             7337.886               0.000               0.000          5093016.811   0.88347 
   767.550         123.842    413.746      43.515       8.531             7342.480               0.000               0.000          5100359.290   0.88347 
   768.550         123.836    413.846      43.515       8.531             7347.090               0.000               0.000          5107706.381   0.88347 
   769.550         123.831    413.946      43.515       8.531             7351.719               0.000               0.000          5115058.100   0.88347 
   770.550         123.825    414.046      43.515       8.531             7356.366               0.000               0.000          5122414.466   0.88347 
   771.550         123.819    414.146      43.515       8.531             7361.030               0.000               0.000          5129775.496   0.88347 
   772.550         123.814    414.246      43.515       8.531             7365.713               0.000               0.000          5137141.209   0.88347 
   773.550         123.808    414.346      43.515       8.531             7370.413               0.000               0.000          5144511.622   0.88347 
   774.550         123.802    414.445      43.515       8.531             7375.132               0.000               0.000          5151886.754   0.88347 
   775.550         123.797    414.545      43.515       8.531             7379.868               0.000               0.000          5159266.622   0.88347 
   776.550         123.791    414.644      43.515       8.531             7384.623               0.000               0.000          5166651.245   0.88347 
   777.550         123.785    414.743      43.515       8.531             7389.396               0.000               0.000          5174040.640   0.88347 
   778.550         123.779    414.842      43.515       8.531             7394.187               0.000               0.000          5181434.828   0.88347 
   779.550         123.774    414.941      43.515       8.531             7398.997               0.000               0.000          5188833.824   0.88347 
   780.550         123.768    415.040      43.515       8.531             7403.825               0.000               0.000          5196237.649   0.88347 
   781.550         123.762    415.139      43.515       8.531             7408.671               0.000               0.000          5203646.320   0.88347 
   782.550         123.756    415.238      43.515       8.531             7413.536               0.000               0.000          5211059.857   0.88347 
   783.550         123.750    415.336      43.515       8.531             7418.420               0.000               0.000          5218478.277   0.88347 
   784.550         123.744    415.435      43.515       8.531             7423.322               0.000               0.000          5225901.599   0.88347 
   785.550         123.739    415.533      43.515       8.531             7428.243               0.000               0.000          5233329.842   0.88347 
   786.550         123.733    415.631      43.515       8.531             7433.183               0.000               0.000          5240763.025   0.88347 
   787.550         123.727    415.729      43.515       8.531             7438.141               0.000               0.000          5248201.166   0.88347 
   788.550         123.721    415.827      43.515       8.531             7443.119               0.000               0.000          5255644.285   0.88347 
   789.550         123.715    415.925      43.515       8.531             7448.115               0.000               0.000          5263092.400   0.88347 
   790.550         123.709    416.023      43.515       8.531             7453.131               0.000               0.000          5270545.530   0.88347 
   791.550         123.703    416.121      43.515       8.531             7458.165               0.000               0.000          5278003.695   0.88347 
   792.550         123.697    416.218      43.515       8.531             7463.219               0.000               0.000          5285466.914   0.88347 
   793.550         123.691    416.316      43.515       8.531             7468.291               0.000               0.000          5292935.205   0.88347 
   794.550         123.685    416.413      43.515       8.531             7473.384               0.000               0.000          5300408.589   0.88347 
   795.550         123.679    416.510      43.515       8.531             7478.495               0.000               0.000          5307887.084   0.88347 
   796.550         123.673    416.607      43.515       8.531             7483.626               0.000               0.000          5315370.710   0.88347 
   797.550         123.667    416.704      43.515       8.531             7488.776               0.000               0.000          5322859.486   0.88347 
   798.550         123.661    416.801      43.515       8.531             7493.946               0.000               0.000          5330353.432   0.88347 
   799.550         123.654    416.898      43.515       8.531             7499.135               0.000               0.000          5337852.567   0.88347 
   800.550         123.648    416.995      43.515       8.531             7504.344               0.000               0.000          5345356.911   0.88347 
   801.550         123.642    417.091      43.515       8.531             7509.573               0.000               0.000          5352866.484   0.88347 
   802.550         123.636    417.188      43.515       8.531             7514.822               0.000               0.000          5360381.306   0.88347 
   803.550         123.630    417.284      43.515       8.531             7520.090               0.000               0.000          5367901.396   0.88347 
   804.550         123.624    417.380      43.515       8.531             7525.378               0.000               0.000          5375426.774   0.88347 
   805.550         123.617    417.477      43.515       8.531             7530.686               0.000               0.000          5382957.460   0.88347 
   806.550         123.611    417.573      43.515       8.531             7536.015               0.000               0.000          5390493.475   0.88347 
   807.550         123.605    417.669      43.515       8.531             7541.363               0.000               0.000          5398034.838   0.88347 
   808.550         123.599    417.764      43.515       8.531             7546.732               0.000               0.000          5405581.570   0.88347 
   809.550         123.592    417.860      43.515       8.531             7552.121               0.000               0.000          5413133.691   0.88347 
   810.550         123.586    417.956      43.515       8.531             7557.530               0.000               0.000          5420691.221   0.88347 
   811.550         123.580    418.051      43.515       8.531             7562.959               0.000               0.000          5428254.180   0.88347 
   812.550         123.573    418.147      43.515       8.531             7568.409               0.000               0.000          5435822.589   0.88347 
   813.550         123.567    418.242      43.515       8.531             7573.880               0.000               0.000          5443396.469   0.88347 
   814.550         123.561    418.337      43.515       8.531             7579.371               0.000               0.000          5450975.840   0.88347 
   815.550         123.554    418.432      43.515       8.531             7584.883               0.000               0.000          5458560.723   0.88347 
   816.550         123.548    418.527      43.515       8.531             7590.415               0.000               0.000          5466151.139   0.88347 
   817.550         123.542    418.622      43.515       8.531             7595.969               0.000               0.000          5473747.107   0.88347 
   818.550         123.535    418.717      43.515       8.531             7601.543               0.000               0.000          5481348.650   0.88347 
   819.550         123.529    418.812      43.515       8.531             7607.138               0.000               0.000          5488955.788   0.88347 
   820.550         123.522    418.907      43.515       8.531             7612.754               0.000               0.000          5496568.542   0.88347 
   821.550         123.516    419.001      43.515       8.531             7618.391               0.000               0.000          5504186.933   0.88347 
   822.550         123.509    419.096      43.515       8.531             7624.049               0.000               0.000          5511810.982   0.88347 
   823.550         123.503    419.190      43.515       8.531             7629.729               0.000               0.000          5519440.711   0.88347 
   824.550         123.496    419.284      43.515       8.531             7635.430               0.000               0.000          5527076.141   0.88347 
   825.550         123.490    419.378      43.515       8.531             7641.152               0.000               0.000          5534717.293   0.88347 
   826.550         123.483    419.472      43.515       8.531             7646.896               0.000               0.000          5542364.189   0.88347 
   827.550         123.476    419.566      43.515       8.531             7652.661               0.000               0.000          5550016.850   0.88347 
   828.550         123.470    419.660      43.515       8.531             7658.448               0.000               0.000          5557675.298   0.88347 
   829.550         123.463    419.754      43.515       8.531             7664.256               0.000               0.000          5565339.554   0.88347 
   830.550         123.456    419.848      43.515       8.531             7670.086               0.000               0.000          5573009.641   0.88347 
   831.550         123.450    419.941      43.515       8.531             7675.938               0.000               0.000          5580685.579   0.88347 
   832.550         123.443    420.035      43.515       8.531             7681.812               0.000               0.000          5588367.391   0.88347 
   833.550         123.436    420.128      43.515       8.531             7687.708               0.000               0.000          5596055.099   0.88347 
   834.550         123.430    420.222      43.515       8.531             7679.719               0.000               0.000          5603734.819   0.88347 
   835.550         123.423    420.315      43.515       8.531             7685.699               0.000               0.000          5611420.517   0.88347 
   836.550         123.416    420.409      43.515       8.531             7691.704               0.000               0.000          5619112.221   0.88347 
   837.550         123.409    420.502      43.515       8.531             7697.734               0.000               0.000          5626809.955   0.88347 
   838.550         123.403    420.596      43.515       8.531             7703.790               0.000               0.000          5634513.745   0.88347 
   839.550         123.396    420.689      43.515       8.531             7709.871               0.000               0.000          5642223.616   0.88347 
   840.550         123.389    420.782      43.515       8.531             7715.979               0.000               0.000          5649939.595   0.88347 
   841.550         123.382    420.875      43.515       8.531             7722.113               0.000               0.000          5657661.708   0.88347 
   842.550         123.375    420.968      43.515       8.531             7728.272               0.000               0.000          5665389.980   0.88347 
   843.550         123.368    421.061      43.515       8.531             7734.458               0.000               0.000          5673124.437   0.88347 
   844.550         123.362    421.154      43.515       8.531             7740.670               0.000               0.000          5680865.107   0.88347 
   845.550         123.355    421.246      43.515       8.531             7746.908               0.000               0.000          5688612.015   0.88347 
   846.550         123.348    421.339      43.515       8.531             7753.173               0.000               0.000          5696365.188   0.88347 
   847.550         123.341    421.431      43.515       8.531             7759.464               0.000               0.000          5704124.652   0.88347 
   848.550         123.334    421.524      43.515       8.531             7765.782               0.000               0.000          5711890.434   0.88347 
   849.550         123.327    421.616      43.515       8.531             7772.127               0.000               0.000          5719662.560   0.88347 
   850.550         123.320    421.708      43.515       8.531             7778.498               0.000               0.000          5727441.059   0.88347 
   851.550         123.313    421.801      43.515       8.531             7784.897               0.000               0.000          5735225.956   0.88347 
   852.550         123.306    421.893      43.515       8.531             7791.323               0.000               0.000          5743017.279   0.88347 
   853.550         123.299    421.985      43.515       8.531             7797.776               0.000               0.000          5750815.055   0.88347 
   854.550         123.292    422.076      43.515       8.531             7804.256               0.000               0.000          5758619.311   0.88347 
   855.550         123.284    422.168      43.515       8.531             7810.764               0.000               0.000          5766430.075   0.88347 
   856.550         123.277    422.260      43.515       8.531             7817.299               0.000               0.000          5774247.374   0.88347 
   857.550         123.270    422.352      43.515       8.531             7823.862               0.000               0.000          5782071.236   0.88347 
   858.550         123.263    422.443      43.515       8.531             7830.453               0.000               0.000          5789901.689   0.88347 
   859.550         123.256    422.535      43.515       8.531             7837.071               0.000               0.000          5797738.760   0.88347 
   860.550         123.249    422.626      43.515       8.531             7843.718               0.000               0.000          5805582.478   0.88347 
   861.550         123.242    422.717      43.515       8.531             7850.393               0.000               0.000          5813432.871   0.88347 
   862.550         123.234    422.808      43.515       8.531             7857.096               0.000               0.000          5821289.967   0.88347 
   863.550         123.227    422.900      43.515       8.531             7863.827               0.000               0.000          5829153.794   0.88347 
   864.550         123.220    422.991      43.515       8.531             7870.587               0.000               0.000          5837024.380   0.88347 
   865.550         123.213    423.082      43.515       8.531             7877.375               0.000               0.000          5844901.755   0.88347 
   866.550         123.205    423.172      43.515       8.531             7884.192               0.000               0.000          5852785.947   0.88347 
   867.550         123.198    423.263      43.515       8.531             7891.038               0.000               0.000          5860676.985   0.88347 
   868.550         123.191    423.354      43.515       8.531             7897.912               0.000               0.000          5868574.897   0.88347 
   869.550         123.183    423.444      43.515       8.531             7904.816               0.000               0.000          5876479.713   0.88347 
   870.550         123.176    423.535      43.515       8.531             7911.749               0.000               0.000          5884391.461   0.88347 
   871.550         123.169    423.626      43.515       8.531             7918.711               0.000               0.000          5892310.172   0.88347 
   872.550         123.161    423.716      43.515       8.531             7925.702               0.000               0.000          5900235.875   0.88347 
   873.550         123.154    423.806      43.515       8.531             7932.723               0.000               0.000          5908168.598   0.88347 
   874.550         123.146    423.896      43.515       8.531             7939.774               0.000               0.000          5916108.372   0.88347 
   875.550         123.139    423.987      43.515       8.531             7946.854               0.000               0.000          5924055.226   0.88347 
   876.550         123.131    424.077      43.515       8.531             7953.965               0.000               0.000          5932009.191   0.88347 
   877.550         123.124    424.167      43.515       8.531             7961.105               0.000               0.000          5939970.296   0.88347 
   878.550         123.116    424.257      43.515       8.531             7968.275               0.000               0.000          5947938.571   0.88347 
   879.550         123.109    424.346      43.515       8.531             7975.476               0.000               0.000          5955914.046   0.88347 
   880.550         123.101    424.436      43.515       8.531             7982.707               0.000               0.000          5963896.753   0.88347 
   881.550         123.094    424.526      43.515       8.531             7989.968               0.000               0.000          5971886.721   0.88347 
   882.550         123.086    424.615      43.515       8.531             7997.260               0.000               0.000          5979883.981   0.88347 
   883.550         123.078    424.705      43.515       8.531             8004.583               0.000               0.000          5987888.564   0.88347 
   884.550         123.071    424.794      43.515       8.531             8011.936               0.000               0.000          5995900.500   0.88347 
   885.550         123.063    424.884      43.515       8.531             8019.321               0.000               0.000          6003919.821   0.88347 
   886.550         123.056    424.973      43.515       8.531             8026.737               0.000               0.000          6011946.558   0.88347 
   887.550         123.048    425.062      43.515       8.531             8034.183               0.000               0.000          6019980.741   0.88347 
   888.550         123.040    425.152      43.515       8.531             8041.662               0.000               0.000          6028022.403   0.88347 
   889.550         123.032    425.241      43.515       8.531             8049.171               0.000               0.000          6036071.574   0.88347 
   890.550         123.025    425.330      43.515       8.531             8056.713               0.000               0.000          6044128.287   0.88347 
   891.550         123.017    425.419      43.515       8.531             8064.286               0.000               0.000          6052192.573   0.88347 
   892.550         123.009    425.508      43.515       8.531             8071.891               0.000               0.000          6060264.464   0.88347 
   893.550         123.001    425.597      43.515       8.531             8079.528               0.000               0.000          6068343.992   0.88347 
   894.550         122.994    425.685      43.515       8.531             8087.197               0.000               0.000          6076431.190   0.88347 
   895.550         122.986    425.774      43.515       8.531             8094.899               0.000               0.000          6084526.088   0.88347 
   896.550         122.978    425.863      43.515       8.531             8102.633               0.000               0.000          6092628.721   0.88347 
   897.550         122.970    425.951      43.515       8.531             8110.399               0.000               0.000          6100739.120   0.88347 
   898.550         122.962    426.040      43.515       8.531             8118.198               0.000               0.000          6108857.318   0.88347 
   899.550         122.954    426.128      43.515       8.531             8126.030               0.000               0.000          6116983.348   0.88347 
   900.550         122.946    426.216      43.515       8.531             8133.895               0.000               0.000          6125117.243   0.88347 
   901.550         122.938    426.305      43.515       8.531             8141.793               0.000               0.000          6133259.035   0.88347 
   902.550         122.930    426.393      43.515       8.531             8149.724               0.000               0.000          6141408.759   0.88347 
   903.550         122.922    426.481      43.515       8.531             8157.688               0.000               0.000          6149566.447   0.88347 
   904.550         122.914    426.569      43.515       8.531             8165.686               0.000               0.000          6157732.134   0.88347 
   905.550         122.906    426.657      43.515       8.531             8173.718               0.000               0.000          6165905.852   0.88347 
   906.550         122.898    426.745      43.515       8.531             8181.783               0.000               0.000          6174087.635   0.88347 
   907.550         122.890    426.833      43.515       8.531             8189.883               0.000               0.000          6182277.517   0.88347 
   908.550         122.882    426.921      43.515       8.531             8198.016               0.000               0.000          6190475.533   0.88347 
   909.550         122.874    427.009      43.515       8.531             8206.183               0.000               0.000          6198681.717   0.88347 
   910.550         122.866    427.097      43.515       8.531             8214.385               0.000               0.000          6206896.102   0.88347 
   911.550         122.858    427.184      43.515       8.531             8222.622               0.000               0.000          6215118.724   0.88347 
   912.550         122.850    427.272      43.515       8.531             8230.893               0.000               0.000          6223349.616   0.88347 
   913.550         122.841    427.359      43.515       8.531             8239.198               0.000               0.000          6231588.815   0.88347 
   914.550         122.833    427.447      43.515       8.531             8247.539               0.000               0.000          6239836.354   0.88347 
   915.550         122.825    427.534      43.515       8.531             8255.915               0.000               0.000          6248092.268   0.88347 
   916.550         122.817    427.622      43.515       8.531             8264.325               0.000               0.000          6256356.594   0.88347 
   917.550         122.809    427.709      43.515       8.531             8272.772               0.000               0.000          6264629.365   0.88347 
   918.550         122.800    427.796      43.515       8.531             8281.253               0.000               0.000          6272910.619   0.88347 
   919.550         122.792    427.884      43.515       8.531             8289.771               0.000               0.000          6281200.389   0.88347 
   920.550         122.784    427.971      43.515       8.531             8298.324               0.000               0.000          6289498.713   0.88347 
   921.550         122.775    428.058      43.515       8.531             8306.913               0.000               0.000          6297805.626   0.88347 
   922.550         122.767    428.145      43.515       8.531             8315.538               0.000               0.000          6306121.164   0.88347 
   923.550         122.759    428.232      43.515       8.531             8324.199               0.000               0.000          6314445.363   0.88347 
   924.550         122.750    428.319      43.515       8.531             8332.897               0.000               0.000          6322778.260   0.88347 
   925.550         122.742    428.406      43.515       8.531             8341.631               0.000               0.000          6331119.892   0.88347 
   926.550         122.733    428.493      43.515       8.531             8350.402               0.000               0.000          6339470.294   0.88347 
   927.550         122.725    428.579      43.515       8.531             8359.210               0.000               0.000          6347829.504   0.88347 
   928.550         122.716    428.666      43.515       8.531             8368.055               0.000               0.000          6356197.559   0.88347 
   929.550         122.708    428.753      43.515       8.531             8376.937               0.000               0.000          6364574.496   0.88347 
   930.550         122.699    428.840      43.515       8.531             8385.856               0.000               0.000          6372960.353   0.88347 
   931.550         122.691    428.926      43.515       8.531             8394.813               0.000               0.000          6381355.166   0.88347 
   932.550         122.682    429.013      43.515       8.531             8403.807               0.000               0.000          6389758.973   0.88347 
   933.550         122.674    429.099      43.515       8.531             8412.840               0.000               0.000          6398171.813   0.88347 
   934.550         122.665    429.186      43.515       8.531             8421.910               0.000               0.000          6406593.722   0.88347 
   935.550         122.657    429.272      43.515       8.531             8431.018               0.000               0.000          6415024.740   0.88347 
   936.550         122.648    429.359      43.515       8.531             8440.164               0.000               0.000          6423464.904   0.88347 
   937.550         122.639    429.445      43.515       8.531             8449.349               0.000               0.000          6431914.253   0.88347 
   938.550         122.631    429.531      43.515       8.531             8458.572               0.000               0.000          6440372.826   0.88347 
   939.550         122.622    429.617      43.515       8.531             8467.835               0.000               0.000          6448840.660   0.88347 
   940.550         122.613    429.704      43.515       8.531             8477.136               0.000               0.000          6457317.796   0.88347 
   941.550         122.605    429.790      43.515       8.531             8486.476               0.000               0.000          6465804.272   0.88347 
   942.550         122.596    429.876      43.515       8.531             8495.855               0.000               0.000          6474300.127   0.88347 
   943.550         122.587    429.962      43.515       8.531             8505.274               0.000               0.000          6482805.401   0.88347 
   944.550         122.578    430.048      43.515       8.531             8514.732               0.000               0.000          6491320.133   0.88347 
   945.550         122.569    430.134      43.515       8.531             8524.230               0.000               0.000          6499844.363   0.88347 
   946.550         122.561    430.220      43.515       8.531             8533.768               0.000               0.000          6508378.131   0.88347 
   947.550         122.552    430.306      43.515       8.531             8543.346               0.000               0.000          6516921.478   0.88347 
   948.550         122.543    430.392      43.515       8.531             8552.964               0.000               0.000          6525474.442   0.88347 
   949.550         122.534    430.478      43.515       8.531             8562.623               0.000               0.000          6534037.065   0.88347 
   950.550         122.525    430.564      43.515       8.531             8572.322               0.000               0.000          6542609.387   0.88347 
   951.550         122.516    430.649      43.515       8.531             8582.062               0.000               0.000          6551191.449   0.88347 
   952.550         122.507    430.735      43.515       8.531             8591.843               0.000               0.000          6559783.292   0.88347 
   953.550         122.498    430.821      43.515       8.531             8601.665               0.000               0.000          6568384.957   0.88347 
   954.550         122.489    430.907      43.515       8.531             8611.528               0.000               0.000          6576996.485   0.88347 
   955.550         122.480    430.992      43.515       8.531             8621.433               0.000               0.000          6585617.918   0.88347 
   956.550         122.471    431.078      43.515       8.531             8631.379               0.000               0.000          6594249.297   0.88347 
   957.550         122.462    431.163      43.515       8.531             8641.367               0.000               0.000          6602890.665   0.88347 
   958.550         122.453    431.249      43.515       8.531             8651.397               0.000               0.000          6611542.062   0.88347 
   959.550         122.444    431.335      43.515       8.531             8661.469               0.000               0.000          6620203.531   0.88347 
   960.550         122.435    431.420      43.515       8.531             8671.584               0.000               0.000          6628875.115   0.88347 
   961.550         122.426    431.506      43.515       8.531             8681.741               0.000               0.000          6637556.856   0.88347 
   962.550         122.417    431.591      43.515       8.531             8691.941               0.000               0.000          6646248.797   0.88347 
   963.550         122.408    431.676      43.515       8.531             8702.183               0.000               0.000          6654950.980   0.88347 
   964.550         122.398    431.762      43.515       8.531             8712.469               0.000               0.000          6663663.449   0.88347 
   965.550         122.389    431.847      43.515       8.531             8722.798               0.000               0.000          6672386.246   0.88347 
   966.550         122.380    431.933      43.515       8.531             8733.170               0.000               0.000          6681119.416   0.88347 
   967.550         122.371    432.018      43.515       8.531             8743.586               0.000               0.000          6689863.002   0.88347 
   968.550         122.361    432.103      43.515       8.531             8754.045               0.000               0.000          6698617.047   0.88347 
   969.550         122.352    432.189      43.515       8.531             8764.549               0.000               0.000          6707381.596   0.88347 
   970.550         122.343    432.274      43.515       8.531             8775.097               0.000               0.000          6716156.693   0.88347 
   971.550         122.334    432.359      43.515       8.531             8785.689               0.000               0.000          6724942.382   0.88347 
   972.550         122.324    432.444      43.515       8.531             8796.326               0.000               0.000          6733738.708   0.88347 
   973.550         122.315    432.530      43.515       8.531             8807.007               0.000               0.000          6742545.715   0.88347 
   974.550         122.305    432.615      43.515       8.531             8817.733               0.000               0.000          6751363.448   0.88347 
   975.550         122.296    432.700      43.515       8.531             8828.505               0.000               0.000          6760191.953   0.88347 
   976.550         122.287    432.785      43.515       8.531             8839.322               0.000               0.000          6769031.275   0.88347 
   977.550         122.277    432.870      43.515       8.531             8850.184               0.000               0.000          6777881.459   0.88347 
   978.550         122.268    432.955      43.515       8.531             8861.092               0.000               0.000          6786742.551   0.88347 
   979.550         122.258    433.041      43.515       8.531             8872.046               0.000               0.000          6795614.596   0.88347 
   980.550         122.249    433.126      43.515       8.531             8883.046               0.000               0.000          6804497.642   0.88347 
   981.550         122.239    433.211      43.515       8.531             8894.092               0.000               0.000          6813391.734   0.88347 
   982.550         122.230    433.296      43.515       8.531             8905.185               0.000               0.000          6822296.918   0.88347 
   983.550         122.220    433.381      43.515       8.531             8916.324               0.000               0.000          6831213.242   0.88347 
   984.550         122.210    433.466      43.515       8.531             8927.510               0.000               0.000          6840140.753   0.88347 
   985.550         122.201    433.551      43.515       8.531             8938.744               0.000               0.000          6849079.496   0.88347 
   986.550         122.191    433.636      43.515       8.531             8950.024               0.000               0.000          6858029.521   0.88347 
   987.550         122.181    433.721      43.515       8.531             8961.353               0.000               0.000          6866990.873   0.88347 
   988.550         122.172    433.806      43.515       8.531             8972.728               0.000               0.000          6875963.602   0.88347 
   989.550         122.162    433.891      43.515       8.531             8984.152               0.000               0.000          6884947.754   0.88347 
   990.550         122.152    433.976      43.515       8.531             8995.624               0.000               0.000          6893943.378   0.88347 
   991.550         122.143    434.061      43.515       8.531             9007.144               0.000               0.000          6902950.522   0.88347 
   992.550         122.133    434.146      43.515       8.531             9018.713               0.000               0.000          6911969.235   0.88347 
   993.550         122.123    434.231      43.515       8.531             9030.330               0.000               0.000          6920999.566   0.88347 
   994.550         122.113    434.316      43.515       8.531             9041.997               0.000               0.000          6930041.562   0.88347 
   995.550         122.103    434.401      43.515       8.531             9053.712               0.000               0.000          6939095.275   0.88347 
   996.550         122.094    434.486      43.515       8.531             9065.477               0.000               0.000          6948160.752   0.88347 
   997.550         122.084    434.571      43.515       8.531             9077.292               0.000               0.000          6957238.044   0.88347 
   998.550         122.074    434.656      43.515       8.531             9089.156               0.000               0.000          6966327.200   0.88347 
   999.550         122.064    434.741      43.515       8.531             9101.071               0.000               0.000          6975428.271   0.88347 
  1000.550         122.054    434.826      43.515       8.531             9113.035               0.000               0.000          6984541.306   0.88347 
  1001.550         122.044    434.911      43.515       8.531             9125.050               0.000               0.000          6993666.356   0.88347 
  1002.550         122.034    434.996      43.515       8.531             9137.116               0.000               0.000          7002803.472   0.88347 
  1003.550         122.024    435.081      43.515       8.531             9149.233               0.000               0.000          7011952.705   0.88347 
  1004.550         122.014    435.166      43.515       8.531             9161.400               0.000               0.000          7021114.105   0.88347 
  1005.550         122.004    435.251      43.515       8.531             9173.619               0.000               0.000          7030287.724   0.88347 
  1006.550         121.994    435.336      43.515       8.531             9185.890               0.000               0.000          7039473.614   0.88347 
  1007.550         121.984    435.421      43.515       8.531             9198.212               0.000               0.000          7048671.826   0.88347 
  1008.550         121.974    435.506      43.515       8.531             9210.587               0.000               0.000          7057882.413   0.88347 
  1009.550         121.964    435.591      43.515       8.531             9223.013               0.000               0.000          7067105.426   0.88347 
  1010.550         121.954    435.676      43.515       8.531             9235.492               0.000               0.000          7076340.918   0.88347 
  1011.550         121.943    435.761      43.515       8.531             9248.024               0.000               0.000          7085588.942   0.88347 
  1012.550         121.933    435.846      43.515       8.531             9260.609               0.000               0.000          7094849.551   0.88347 
  1013.550         121.923    435.931      43.515       8.531             9273.247               0.000               0.000          7104122.797   0.88347 
  1014.550         121.913    436.016      43.515       8.531             9285.938               0.000               0.000          7113408.735   0.88347 
  1015.550         121.903    436.102      43.515       8.531             9298.683               0.000               0.000          7122707.417   0.88347 
  1016.550         121.892    436.187      43.515       8.531             9311.481               0.000               0.000          7132018.899   0.88347 
  1017.550         121.882    436.272      43.515       8.531             9324.334               0.000               0.000          7141343.232   0.88347 
  1018.550         121.872    436.357      43.515       8.531             9337.241               0.000               0.000          7150680.473   0.88347 
  1019.550         121.861    436.442      43.515       8.531             9350.203               0.000               0.000          7160030.676   0.88347 
  1020.550         121.851    436.527      43.515       8.531             9363.219               0.000               0.000          7169393.895   0.88347 
  1021.550         121.841    436.613      43.515       8.531             9376.290               0.000               0.000          7178770.185   0.88347 
  1022.550         121.830    436.698      43.515       8.531             9389.417               0.000               0.000          7188159.603   0.88347 
  1023.550         121.820    436.783      43.515       8.531             9402.599               0.000               0.000          7197562.202   0.88347 
  1024.550         121.809    436.869      43.515       8.531             9415.837               0.000               0.000          7206978.040   0.88347 
  1025.550         121.799    436.954      43.515       8.531             9429.131               0.000               0.000          7216407.171   0.88347 
  1026.550         121.788    437.039      43.515       8.531             9442.482               0.000               0.000          7225849.653   0.88347 
  1027.550         121.778    437.125      43.515       8.531             9455.889               0.000               0.000          7235305.541   0.88347 
  1028.550         121.767    437.210      43.515       8.531             9469.352               0.000               0.000          7244774.894   0.88347 
  1029.550         121.757    437.296      43.515       8.531             9482.873               0.000               0.000          7254257.766   0.88347 
  1030.550         121.746    437.381      43.515       8.531             9496.450               0.000               0.000          7263754.217   0.88347 
  1031.550         121.736    437.467      43.515       8.531             9510.086               0.000               0.000          7273264.302   0.88347 
  1032.550         121.725    437.552      43.515       8.531             9523.779               0.000               0.000          7282788.081   0.88347 
  1033.550         121.714    437.638      43.515       8.531             9537.530               0.000               0.000          7292325.611   0.88347 
  1034.550         121.704    437.723      43.515       8.531             9551.339               0.000               0.000          7301876.950   0.88347 
  1035.550         121.693    437.809      43.515       8.531             9565.207               0.000               0.000          7311442.157   0.88347 
  1036.550         121.682    437.895      43.515       8.531             9579.134               0.000               0.000          7321021.291   0.88347 
  1037.550         121.672    437.980      43.515       8.531             9593.119               0.000               0.000          7330614.410   0.88347 
  1038.550         121.661    438.066      43.515       8.531             9607.164               0.000               0.000          7340221.574   0.88347 
  1039.550         121.650    438.152      43.515       8.531             9621.269               0.000               0.000          7349842.843   0.88347 
  1040.550         121.639    438.238      43.515       8.531             9635.433               0.000               0.000          7359478.276   0.88347 
  1041.550         121.629    438.324      43.515       8.531             9649.658               0.000               0.000          7369127.934   0.88347 
  1042.550         121.618    438.410      43.515       8.531             9663.942               0.000               0.000          7378791.876   0.88347 
  1043.550         121.607    438.496      43.515       8.531             9678.288               0.000               0.000          7388470.164   0.88347 
  1044.550         121.596    438.582      43.515       8.531             9692.694               0.000               0.000          7398162.858   0.88347 
  1045.550         121.585    438.668      43.515       8.531             9707.162               0.000               0.000          7407870.020   0.88347 
  1046.550         121.574    438.754      43.515       8.531             9721.691               0.000               0.000          7417591.710   0.88347 
  1047.550         121.563    438.840      43.515       8.531             9736.281               0.000               0.000          7427327.992   0.88347 
  1048.550         121.552    438.926      43.515       8.531             9750.934               0.000               0.000          7437078.926   0.88347 
  1049.550         121.541    439.013      43.515       8.531             9765.649               0.000               0.000          7446844.574   0.88347 
  1050.550         121.530    439.099      43.515       8.531             9780.426               0.000               0.000          7456625.001   0.88347 
  1051.550         121.519    439.186      43.515       8.531             9795.267               0.000               0.000          7466420.267   0.88347 
  1052.550         121.508    439.272      43.515       8.531             9810.170               0.000               0.000          7476230.437   0.88347 
  1053.550         121.497    439.358      43.515       8.531             9825.137               0.000               0.000          7486055.574   0.88347 
  1054.550         121.486    439.445      43.515       8.531             9840.167               0.000               0.000          7495895.740   0.88347 
  1055.550         121.475    439.532      43.515       8.531             9855.261               0.000               0.000          7505751.002   0.88347 
  1056.550         121.464    439.618      43.515       8.531             9870.420               0.000               0.000          7515621.421   0.88347 
  1057.550         121.453    439.705      43.515       8.531             9885.643               0.000               0.000          7525507.064   0.88347 
  1058.550         121.441    439.792      43.515       8.531             9900.931               0.000               0.000          7535407.995   0.88347 
  1059.550         121.430    439.879      43.515       8.531             9916.284               0.000               0.000          7545324.279   0.88347 
  1060.550         121.419    439.966      43.515       8.531             9931.702               0.000               0.000          7555255.980   0.88347 
  1061.550         121.408    440.053      43.515       8.531             9947.186               0.000               0.000          7565203.166   0.88347 
  1062.550         121.396    440.140      43.515       8.531             9962.736               0.000               0.000          7575165.902   0.88347 
  1063.550         121.385    440.227      43.515       8.531             9978.352               0.000               0.000          7585144.254   0.88347 
  1064.550         121.374    440.314      43.515       8.531             9994.035               0.000               0.000          7595138.289   0.88347 
  1065.550         121.362    440.402      43.515       8.531            10009.785               0.000               0.000          7605148.074   0.88347 
  1066.550         121.351    440.489      43.515       8.531            10025.601               0.000               0.000          7615173.675   0.88347 
  1067.550         121.340    440.576      43.515       8.531            10041.486               0.000               0.000          7625215.161   0.88347 
  1068.550         121.328    440.664      43.515       8.531            10057.438               0.000               0.000          7635272.599   0.88347 
  1069.550         121.317    440.751      43.515       8.531            10073.458               0.000               0.000          7645346.057   0.88347 
  1070.550         121.305    440.839      43.515       8.531            10089.546               0.000               0.000          7655435.603   0.88347 
  1071.550         121.294    440.927      43.515       8.531            10105.703               0.000               0.000          7665541.306   0.88347 
  1072.550         121.282    441.015      43.515       8.531            10121.930               0.000               0.000          7675663.236   0.88347 
  1073.550         121.271    441.103      43.515       8.531            10138.225               0.000               0.000          7685801.461   0.88347 
  1074.550         121.259    441.191      43.515       8.531            10154.590               0.000               0.000          7695956.051   0.88347 
  1075.550         121.248    441.279      43.515       8.531            10171.025               0.000               0.000          7706127.076   0.88347 
  1076.550         121.236    441.367      43.515       8.531            10187.530               0.000               0.000          7716314.606   0.88347 
  1077.550         121.225    441.455      43.515       8.531            10204.106               0.000               0.000          7726518.712   0.88347 
  1078.550         121.213    441.544      43.515       8.531            10220.753               0.000               0.000          7736739.465   0.88347 
  1079.550         121.201    441.632      43.515       8.531            10237.471               0.000               0.000          7746976.936   0.88347 
  1080.550         121.190    441.720      43.515       8.531            10254.260               0.000               0.000          7757231.196   0.88347 
  1081.550         121.178    441.809      43.515       8.531            10271.121               0.000               0.000          7767502.317   0.88347 
  1082.550         121.166    441.898      43.515       8.531            10288.055               0.000               0.000          7777790.371   0.88347 
  1083.550         121.154    441.987      43.515       8.531            10305.060               0.000               0.000          7788095.431   0.88347 
  1084.550         121.143    442.076      43.515       8.531            10322.139               0.000               0.000          7798417.570   0.88347 
  1085.550         121.131    442.165      43.515       8.531            10339.291               0.000               0.000          7808756.861   0.88347 
  1086.550         121.119    442.254      43.515       8.531            10356.516               0.000               0.000          7819113.377   0.88347 
  1087.550         121.107    442.343      43.515       8.531            10373.815               0.000               0.000          7829487.193   0.88347 
  1088.550         121.095    442.432      43.515       8.531            10391.189               0.000               0.000          7839878.381   0.88347 
  1089.550         121.083    442.522      43.515       8.531            10408.636               0.000               0.000          7850287.018   0.88347 
  1090.550         121.072    442.611      43.515       8.531            10426.159               0.000               0.000          7860713.177   0.88347 
  1091.550         121.060    442.701      43.515       8.531            10443.757               0.000               0.000          7871156.933   0.88347 
  1092.550         121.048    442.790      43.515       8.531            10461.430               0.000               0.000          7881618.363   0.88347 
  1093.550         121.036    442.880      43.515       8.531            10479.179               0.000               0.000          7892097.542   0.88347 
  1094.550         121.024    442.970      43.515       8.531            10497.004               0.000               0.000          7902594.546   0.88347 
  1095.550         121.012    443.060      43.515       8.531            10514.906               0.000               0.000          7913109.453   0.88347 
  1096.550         121.000    443.150      43.515       8.531            10532.885               0.000               0.000          7923642.337   0.88347 
  1097.550         120.988    443.241      43.515       8.531            10550.941               0.000               0.000          7934193.278   0.88347 
  1098.550         120.975    443.331      43.515       8.531            10569.074               0.000               0.000          7944762.353   0.88347 
  1099.550         120.963    443.422      43.515       8.531            10587.286               0.000               0.000          7955349.639   0.88347 
  1100.550         120.951    443.512      43.515       8.531            10605.576               0.000               0.000          7965955.214   0.88347 
  1101.550         120.939    443.603      43.515       8.531            10623.944               0.000               0.000          7976579.158   0.88347 
  1102.550         120.927    443.694      43.515       8.531            10642.392               0.000               0.000          7987221.550   0.88347 
  1103.550         120.915    443.785      43.515       8.531            10660.919               0.000               0.000          7997882.469   0.88347 
  1104.550         120.902    443.876      43.515       8.531            10679.525               0.000               0.000          8008561.994   0.88347 
  1105.550         120.890    443.967      43.515       8.531            10698.212               0.000               0.000          8019260.206   0.88347 
  1106.550         120.878    444.059      43.515       8.531            10716.979               0.000               0.000          8029977.185   0.88347 
  1107.550         120.866    444.150      43.515       8.531            10735.827               0.000               0.000          8040713.012   0.88347 
  1108.550         120.853    444.242      43.515       8.531            10754.756               0.000               0.000          8051467.768   0.88347 
  1109.550         120.841    444.334      43.515       8.531            10773.767               0.000               0.000          8062241.535   0.88347 
  1110.550         120.829    444.426      43.515       8.531            10792.860               0.000               0.000          8073034.395   0.88347 
  1111.550         120.816    444.518      43.515       8.531            10812.035               0.000               0.000          8083846.430   0.88347 
  1112.550         120.804    444.610      43.515       8.531            10831.293               0.000               0.000          8094677.723   0.88347 
  1113.550         120.791    444.702      43.515       8.531            10850.634               0.000               0.000          8105528.357   0.88347 
  1114.550         120.779    444.795      43.515       8.531            10870.058               0.000               0.000          8116398.415   0.88347 
  1115.550         120.766    444.887      43.515       8.531            10889.567               0.000               0.000          8127287.982   0.88347 
  1116.550         120.754    444.980      43.515       8.531            10909.159               0.000               0.000          8138197.141   0.88347 
  1117.550         120.741    445.073      43.515       8.531            10928.836               0.000               0.000          8149125.977   0.88347 
  1118.550         120.729    445.166      43.515       8.531            10948.598               0.000               0.000          8160074.576   0.88347 
  1119.550         120.716    445.259      43.515       8.531            10968.446               0.000               0.000          8171043.022   0.88347 
  1120.550         120.704    445.353      43.515       8.531            10988.379               0.000               0.000          8182031.401   0.88347 
  1121.550         120.691    445.446      43.515       8.531            11008.399               0.000               0.000          8193039.800   0.88347 
  1122.550         120.678    445.540      43.515       8.531            11028.505               0.000               0.000          8204068.306   0.88347 
  1123.550         120.666    445.634      43.515       8.531            11048.699               0.000               0.000          8215117.004   0.88347 
  1124.550         120.653    445.728      43.515       8.531            11068.979               0.000               0.000          8226185.984   0.88347 
  1125.550         120.640    445.822      43.515       8.531            11089.348               0.000               0.000          8237275.331   0.88347 
  1126.550         120.627    445.916      43.515       8.531            11109.804               0.000               0.000          8248385.136   0.88347 
  1127.550         120.615    446.011      43.515       8.531            11130.350               0.000               0.000          8259515.485   0.88347 
  1128.550         120.602    446.105      43.515       8.531            11150.984               0.000               0.000          8270666.469   0.88347 
  1129.550         120.589    446.200      43.515       8.531            11171.708               0.000               0.000          8281838.177   0.88347 
  1130.550         120.576    446.295      43.515       8.531            11192.521               0.000               0.000          8293030.699   0.88347 
  1131.550         120.563    446.390      43.515       8.531            11213.425               0.000               0.000          8304244.124   0.88347 
  1132.550         120.550    446.485      43.515       8.531            11234.420               0.000               0.000          8315478.544   0.88347 
  1133.550         120.537    446.581      43.515       8.531            11255.506               0.000               0.000          8326734.050   0.88347 
  1134.550         120.525    446.677      43.515       8.531            11276.683               0.000               0.000          8338010.733   0.88347 
  1135.550         120.512    446.772      43.515       8.531            11297.952               0.000               0.000          8349308.685   0.88347 
  1136.550         120.499    446.868      43.515       8.531            11319.314               0.000               0.000          8360627.999   0.88347 
  1137.550         120.486    446.965      43.515       8.531            11340.768               0.000               0.000          8371968.768   0.88347 
  1138.550         120.473    447.061      43.515       8.531            11362.316               0.000               0.000          8383331.084   0.88347 
  1139.550         120.459    447.157      43.515       8.531            11383.958               0.000               0.000          8394715.042   0.88347 
  1140.550         120.446    447.254      43.515       8.531            11405.693               0.000               0.000          8406120.735   0.88347 
  1141.550         120.433    447.351      43.515       8.531            11427.523               0.000               0.000          8417548.258   0.88347 
  1142.550         120.420    447.448      43.515       8.531            11449.449               0.000               0.000          8428997.707   0.88347 
  1143.550         120.407    447.545      43.515       8.531            11471.469               0.000               0.000          8440469.176   0.88347 
  1144.550         120.394    447.643      43.515       8.531            11493.586               0.000               0.000          8451962.762   0.88347 
  1145.550         120.381    447.741      43.515       8.531            11515.799               0.000               0.000          8463478.560   0.88347 
  1146.550         120.367    447.838      43.515       8.531            11538.108               0.000               0.000          8475016.668   0.88347 
  1147.550         120.354    447.937      43.515       8.531            11560.515               0.000               0.000          8486577.184   0.88347 
  1148.550         120.341    448.035      43.515       8.531            11583.020               0.000               0.000          8498160.203   0.88347 
  1149.550         120.328    448.133      43.515       8.531            11605.623               0.000               0.000          8509765.826   0.88347 
  1150.550         120.314    448.232      43.515       8.531            11628.324               0.000               0.000          8521394.150   0.88347 
  1151.550         120.301    448.331      43.515       8.531            11651.124               0.000               0.000          8533045.274   0.88347 
  1152.550         120.288    448.430      43.515       8.531            11674.024               0.000               0.000          8544719.299   0.88347 
  1153.550         120.274    448.529      43.515       8.531            11697.025               0.000               0.000          8556416.323   0.88347 
  1154.550         120.261    448.629      43.515       8.531            11720.125               0.000               0.000          8568136.449   0.88347 
  1155.550         120.247    448.728      43.515       8.531            11743.327               0.000               0.000          8579879.775   0.88347 
  1156.550         120.234    448.828      43.515       8.531            11766.630               0.000               0.000          8591646.405   0.88347 
  1157.550         120.220    448.928      43.515       8.531            11790.034               0.000               0.000          8603436.439   0.88347 
  1158.550         120.207    449.029      43.515       8.531            11813.542               0.000               0.000          8615249.981   0.88347 
  1159.550         120.193    449.129      43.515       8.531            11837.152               0.000               0.000          8627087.133   0.88347 
  1160.550         120.180    449.230      43.515       8.531            11860.865               0.000               0.000          8638947.998   0.88347 
  1161.550         120.166    449.331      43.515       8.531            11884.683               0.000               0.000          8650832.680   0.88347 
  1162.550         120.152    449.432      43.515       8.531            11908.604               0.000               0.000          8662741.284   0.88347 
  1163.550         120.139    449.534      43.515       8.531            11932.631               0.000               0.000          8674673.915   0.88347 
  1164.550         120.125    449.636      43.515       8.531            11956.762               0.000               0.000          8686630.677   0.88347 
  1165.550         120.111    449.737      43.515       8.531            11981.000               0.000               0.000          8698611.677   0.88347 
  1166.550         120.098    449.840      43.515       8.531            12005.344               0.000               0.000          8710617.021   0.88347 
  1167.550         120.084    449.942      43.515       8.531            12029.795               0.000               0.000          8722646.816   0.88347 
  1168.550         120.070    450.045      43.515       8.531            12054.353               0.000               0.000          8734701.169   0.88347 
  1169.550         120.056    450.148      43.515       8.531            12079.019               0.000               0.000          8746780.187   0.88347 
  1170.550         120.043    450.251      43.515       8.531            12103.793               0.000               0.000          8758883.980   0.88347 
  1171.550         120.029    450.354      43.515       8.531            12128.676               0.000               0.000          8771012.656   0.88347 
  1172.550         120.015    450.458      43.515       8.531            12153.668               0.000               0.000          8783166.324   0.88347 
  1173.550         120.001    450.561      43.515       8.531            12178.771               0.000               0.000          8795345.095   0.88347 
  1174.550         119.987    450.666      43.515       8.531            12203.983               0.000               0.000          8807549.078   0.88347 
  1175.550         119.973    450.770      43.515       8.531            12229.307               0.000               0.000          8819778.385   0.88347 
  1176.550         119.959    450.875      43.515       8.531            12254.742               0.000               0.000          8832033.128   0.88347 
  1177.550         119.945    450.979      43.515       8.531            12280.289               0.000               0.000          8844313.417   0.88347 
  1178.550         119.931    451.084      43.515       8.531            12305.949               0.000               0.000          8856619.366   0.88347 
  1179.550         119.917    451.190      43.515       8.531            12331.722               0.000               0.000          8868951.088   0.88347 
  1180.550         119.903    451.295      43.515       8.531            12357.608               0.000               0.000          8881308.695   0.88347 
  1181.550         119.889    451.401      43.515       8.531            12383.608               0.000               0.000          8893692.304   0.88347 
  1182.550         119.875    451.508      43.515       8.531            12409.723               0.000               0.000          8906102.027   0.88347 
  1183.550         119.861    451.614      43.515       8.531            12435.954               0.000               0.000          8918537.981   0.88347 
  1184.550         119.847    451.721      43.515       8.531            12462.300               0.000               0.000          8931000.280   0.88347 
  1185.550         119.832    451.828      43.515       8.531            12488.762               0.000               0.000          8943489.042   0.88347 
  1186.550         119.818    451.935      43.515       8.531            12515.341               0.000               0.000          8956004.384   0.88347 
  1187.550         119.804    452.042      43.515       8.531            12542.038               0.000               0.000          8968546.422   0.88347 
  1188.550         119.790    452.150      43.515       8.531            12568.853               0.000               0.000          8981115.274   0.88347 
  1189.550         119.775    452.258      43.515       8.531            12595.786               0.000               0.000          8993711.060   0.88347 
  1190.550         119.761    452.367      43.515       8.531            12622.838               0.000               0.000          9006333.899   0.88347 
  1191.550         119.747    452.475      43.515       8.531            12650.010               0.000               0.000          9018983.909   0.88347 
  1192.550         119.732    452.584      43.515       8.531            12677.303               0.000               0.000          9031661.212   0.88347 
  1193.550         119.718    452.693      43.515       8.531            12704.716               0.000               0.000          9044365.928   0.88347 
  1194.550         119.704    452.803      43.515       8.531            12732.251               0.000               0.000          9057098.178   0.88347 
  1195.550         119.689    452.913      43.515       8.531            12759.907               0.000               0.000          9069858.085   0.88347 
  1196.550         119.675    453.023      43.515       8.531            12787.686               0.000               0.000          9082645.772   0.88347 
  1197.550         119.660    453.133      43.515       8.531            12815.589               0.000               0.000          9095461.360   0.88347 
  1198.550         119.646    453.244      43.515       8.531            12843.615               0.000               0.000          9108304.975   0.88347 
  1199.550         119.631    453.355      43.515       8.531            12871.765               0.000               0.000          9121176.740   0.88347 
  1200.550         119.617    453.466      43.515       8.531            12900.041               0.000               0.000          9134076.781   0.88347 
  1201.550         119.602    453.578      43.515       8.531            12928.442               0.000               0.000          9147005.222   0.88347 
  1202.550         119.587    453.690      43.515       8.531            12956.969               0.000               0.000          9159962.191   0.88347 
  1203.550         119.573    453.802      43.515       8.531            12985.623               0.000               0.000          9172947.814   0.88347 
  1204.550         119.558    453.914      43.515       8.531            13014.404               0.000               0.000          9185962.218   0.88347 
  1205.550         119.543    454.027      43.515       8.531            13043.313               0.000               0.000          9199005.531   0.88347 
  1206.550         119.529    454.140      43.515       8.531            13072.351               0.000               0.000          9212077.882   0.88347 
  1207.550         119.514    454.253      43.515       8.531            13101.518               0.000               0.000          9225179.400   0.88347 
  1208.550         119.499    454.367      43.515       8.531            13130.815               0.000               0.000          9238310.216   0.88347 
  1209.550         119.484    454.481      43.515       8.531            13160.243               0.000               0.000          9251470.458   0.88347 
  1210.550         119.469    454.595      43.515       8.531            13189.801               0.000               0.000          9264660.259   0.88347 
  1211.550         119.455    454.710      43.515       8.531            13219.491               0.000               0.000          9277879.750   0.88347 
  1212.550         119.440    454.825      43.515       8.531            13249.314               0.000               0.000          9291129.064   0.88347 
  1213.550         119.425    454.940      43.515       8.531            13279.270               0.000               0.000          9304408.334   0.88347 
  1214.550         119.410    455.056      43.515       8.531            13309.359               0.000               0.000          9317717.693   0.88347 
  1215.550         119.395    455.172      43.515       8.531            13339.582               0.000               0.000          9331057.275   0.88347 
  1216.550         119.380    455.288      43.515       8.531            13369.941               0.000               0.000          9344427.217   0.88347 
  1217.550         119.365    455.405      43.515       8.531            13400.435               0.000               0.000          9357827.652   0.88347 
  1218.550         119.350    455.522      43.515       8.531            13431.066               0.000               0.000          9371258.717   0.88347 
  1219.550         119.335    455.639      43.515       8.531            13461.833               0.000               0.000          9384720.550   0.88347 
  1220.550         119.320    455.756      43.515       8.531            13492.738               0.000               0.000          9398213.288   0.88347 
  1221.550         119.305    455.874      43.515       8.531            13523.781               0.000               0.000          9411737.069   0.88347 
  1222.550         119.290    455.993      43.515       8.531            13554.963               0.000               0.000          9425292.032   0.88347 
  1223.550         119.274    456.111      43.515       8.531            13586.285               0.000               0.000          9438878.316   0.88347 
  1224.550         119.259    456.230      43.515       8.531            13617.747               0.000               0.000          9452496.063   0.88347 
  1225.550         119.244    456.350      43.515       8.531            13649.349               0.000               0.000          9466145.412   0.88347 
  1226.550         119.229    456.469      43.515       8.531            13681.094               0.000               0.000          9479826.506   0.88347 
  1227.550         119.214    456.589      43.515       8.531            13712.981               0.000               0.000          9493539.487   0.88347 
  1228.550         119.198    456.710      43.515       8.531            13745.011               0.000               0.000          9507284.497   0.88347 
  1229.550         119.183    456.830      43.515       8.531            13777.184               0.000               0.000          9521061.681   0.88347 
  1230.550         119.168    456.951      43.515       8.531            13809.502               0.000               0.000          9534871.184   0.88347 
  1231.550         119.152    457.073      43.515       8.531            13841.965               0.000               0.000          9548713.149   0.88347 
  1232.550         119.137    457.195      43.515       8.531            13874.574               0.000               0.000          9562587.723   0.88347 
  1233.550         119.121    457.317      43.515       8.531            13907.330               0.000               0.000          9576495.052   0.88347 
  1234.550         119.106    457.439      43.515       8.531            13940.232               0.000               0.000          9590435.284   0.88347 
  1235.550         119.090    457.562      43.515       8.531            13973.283               0.000               0.000          9604408.567   0.88347 
  1236.550         119.075    457.686      43.515       8.531            14006.482               0.000               0.000          9618415.049   0.88347 
  1237.550         119.059    457.809      43.515       8.531            14039.831               0.000               0.000          9632454.880   0.88347 
  1238.550         119.044    457.933      43.515       8.531            14073.330               0.000               0.000          9646528.210   0.88347 
  1239.550         119.028    458.058      43.515       8.531            14106.980               0.000               0.000          9660635.190   0.88347 
  1240.550         119.013    458.183      43.515       8.531            14140.781               0.000               0.000          9674775.970   0.88347 
  1241.550         118.997    458.308      43.515       8.531            14174.735               0.000               0.000          9688950.705   0.88347 
  1242.550         118.981    458.434      43.515       8.531            14208.841               0.000               0.000          9703159.546   0.88347 
  1243.550         118.966    458.560      43.515       8.531            14243.102               0.000               0.000          9717402.648   0.88347 
  1244.550         118.950    458.686      43.515       8.531            14277.517               0.000               0.000          9731680.166   0.88347 
  1245.550         118.934    458.813      43.515       8.531            14312.088               0.000               0.000          9745992.254   0.88347 
  1246.550         118.919    458.940      43.515       8.531            14346.815               0.000               0.000          9760339.068   0.88347 
  1247.550         118.903    459.068      43.515       8.531            14381.698               0.000               0.000          9774720.767   0.88347 
  1248.550         118.887    459.196      43.515       8.531            14416.739               0.000               0.000          9789137.506   0.88347 
  1249.550         118.871    459.324      43.515       8.531            14451.939               0.000               0.000          9803589.445   0.88347 
  1250.550         118.855    459.453      43.515       8.531            14487.298               0.000               0.000          9818076.743   0.88347 
  1251.550         118.839    459.582      43.515       8.531            14522.817               0.000               0.000          9832599.560   0.88347 
  1252.550         118.823    459.712      43.515       8.531            14558.497               0.000               0.000          9847158.057   0.88347 
  1253.550         118.807    459.842      43.515       8.531            14594.338               0.000               0.000          9861752.395   0.88347 
  1254.550         118.791    459.972      43.515       8.531            14630.341               0.000               0.000          9876382.736   0.88347 
  1255.550         118.775    460.103      43.515       8.531            14666.508               0.000               0.000          9891049.244   0.88347 
  1256.550         118.759    460.235      43.515       8.531            14702.839               0.000               0.000          9905752.083   0.88347 
  1257.550         118.743    460.367      43.515       8.531            14739.334               0.000               0.000          9920491.417   0.88347 
  1258.550         118.727    460.499      43.515       8.531            14775.995               0.000               0.000          9935267.412   0.88347 
  1259.550         118.711    460.631      43.515       8.531            14812.822               0.000               0.000          9950080.234   0.88347 
  1260.550         118.695    460.765      43.515       8.531            14849.817               0.000               0.000          9964930.051   0.88347 
  1261.550         118.679    460.898      43.515       8.531            14886.980               0.000               0.000          9979817.031   0.88347 
  1262.550         118.663    461.032      43.515       8.531            14924.311               0.000               0.000          9994741.342   0.88347 
  1263.550         118.646    461.167      43.515       8.531            14961.812               0.000               0.000         10009703.154   0.88347 
  1264.550         118.630    461.301      43.515       8.531            14999.484               0.000               0.000         10024702.638   0.88347 
  1265.550         118.614    461.437      43.515       8.531            15037.327               0.000               0.000         10039739.965   0.88347 
  1266.550         118.598    461.573      43.515       8.531            15075.342               0.000               0.000         10054815.307   0.88347 
  1267.550         118.581    461.709      43.515       8.531            15113.530               0.000               0.000         10069928.838   0.88347 
  1268.550         118.565    461.845      43.515       8.531            15151.893               0.000               0.000         10085080.730   0.88347 
  1269.550         118.549    461.983      43.515       8.531            15190.430               0.000               0.000         10100271.160   0.88347 
  1270.550         118.532    462.120      43.515       8.531            15229.142               0.000               0.000         10115500.302   0.88347 
  1271.550         118.516    462.258      43.515       8.531            15268.031               0.000               0.000         10130768.334   0.88347 
  1272.550         118.499    462.397      43.515       8.531            15307.098               0.000               0.000         10146075.432   0.88347 
  1273.550         118.483    462.536      43.515       8.531            15346.343               0.000               0.000         10161421.774   0.88347 
  1274.550         118.466    462.675      43.515       8.531            15385.767               0.000               0.000         10176807.541   0.88347 
  1275.550         118.450    462.815      43.515       8.531            15425.371               0.000               0.000         10192232.912   0.88347 
  1276.550         118.433    462.956      43.515       8.531            15465.156               0.000               0.000         10207698.067   0.88347 
  1277.550         118.417    463.097      43.515       8.531            15505.122               0.000               0.000         10223203.190   0.88347 
  1278.550         118.400    463.238      43.515       8.531            15545.272               0.000               0.000         10238748.461   0.88347 
  1279.550         118.383    463.380      43.515       8.531            15585.605               0.000               0.000         10254334.066   0.88347 
  1280.550         118.367    463.523      43.515       8.531            15626.122               0.000               0.000         10269960.188   0.88347 
  1281.550         118.350    463.666      43.515       8.531            15666.825               0.000               0.000         10285627.013   0.88347 
  1282.550         118.333    463.809      43.515       8.531            15707.715               0.000               0.000         10301334.728   0.88347 
  1283.550         118.316    463.953      43.515       8.531            15748.791               0.000               0.000         10317083.519   0.88347 
  1284.550         118.300    464.097      43.515       8.531            15790.056               0.000               0.000         10332873.575   0.88347 
  1285.550         118.283    464.242      43.515       8.531            15831.510               0.000               0.000         10348705.085   0.88347 
  1286.550         118.266    464.388      43.515       8.531            15873.154               0.000               0.000         10364578.240   0.88347 
  1287.550         118.249    464.534      43.515       8.531            15914.990               0.000               0.000         10380493.229   0.88347 
  1288.550         118.232    464.680      43.515       8.531            15957.017               0.000               0.000         10396450.246   0.88347 
  1289.550         118.215    464.827      43.515       8.531            15999.237               0.000               0.000         10412449.483   0.88347 
  1290.550         118.198    464.975      43.515       8.531            16041.651               0.000               0.000         10428491.134   0.88347 
  1291.550         118.181    465.123      43.515       8.531            16084.260               0.000               0.000         10444575.393   0.88347 
  1292.550         118.164    465.271      43.515       8.531            16127.064               0.000               0.000         10460702.458   0.88347 
  1293.550         118.147    465.421      43.515       8.531            16170.066               0.000               0.000         10476872.524   0.88347 
  1294.550         118.130    465.570      43.515       8.531            16213.265               0.000               0.000         10493085.789   0.88347 
  1295.550         118.113    465.720      43.515       8.531            16256.663               0.000               0.000         10509342.452   0.88347 
  1296.550         118.096    465.871      43.515       8.531            16300.261               0.000               0.000         10525642.714   0.88347 
  1297.550         118.079    466.022      43.515       8.531            16344.060               0.000               0.000         10541986.774   0.88347 
  1298.550         118.062    466.174      43.515       8.531            16388.060               0.000               0.000         10558374.834   0.88347 
  1299.550         118.044    466.326      43.515       8.531            16432.264               0.000               0.000         10574807.097   0.88347 
  1300.550         118.027    466.479      43.515       8.531            16476.670               0.000               0.000         10591283.768   0.88347 
  1301.550         118.010    466.633      43.515       8.531            16521.282               0.000               0.000         10607805.050   0.88347 
  1302.550         117.993    466.787      43.515       8.531            16566.100               0.000               0.000         10624371.150   0.88347 
  1303.550         117.975    466.941      43.515       8.531            16611.124               0.000               0.000         10640982.274   0.88347 
  1304.550         117.958    467.096      43.515       8.531            16656.356               0.000               0.000         10657638.630   0.88347 
  1305.550         117.940    467.252      43.515       8.531            16701.798               0.000               0.000         10674340.428   0.88347 
  1306.550         117.923    467.408      43.515       8.531            16747.449               0.000               0.000         10691087.877   0.88347 
  1307.550         117.906    467.565      43.515       8.531            16793.311               0.000               0.000         10707881.188   0.88347 
  1308.550         117.888    467.723      43.515       8.531            16839.385               0.000               0.000         10724720.573   0.88347 
  1309.550         117.871    467.881      43.515       8.531            16885.673               0.000               0.000         10741606.246   0.88347 
  1310.550         117.853    468.039      43.515       8.531            16932.174               0.000               0.000         10758538.420   0.88347 
  1311.550         117.836    468.198      43.515       8.531            16978.891               0.000               0.000         10775517.311   0.88347 
  1312.550         117.818    468.358      43.515       8.531            17025.824               0.000               0.000         10792543.135   0.88347 
  1313.550         117.800    468.519      43.515       8.531            17072.974               0.000               0.000         10809616.109   0.88347 
  1314.550         117.783    468.680      43.515       8.531            17120.344               0.000               0.000         10826736.453   0.88347 
  1315.550         117.765    468.841      43.515       8.531            17167.932               0.000               0.000         10843904.385   0.88347 
  1316.550         117.747    469.003      43.515       8.531            17215.741               0.000               0.000         10861120.126   0.88347 
  1317.550         117.730    469.166      43.515       8.531            17263.773               0.000               0.000         10878383.899   0.88347 
  1318.550         117.712    469.329      43.515       8.531            17312.027               0.000               0.000         10895695.925   0.88347 
  1319.550         117.694    469.493      43.515       8.531            17360.505               0.000               0.000         10913056.430   0.88347 
  1320.550         117.676    469.658      43.515       8.531            17409.208               0.000               0.000         10930465.638   0.88347 
  1321.550         117.659    469.823      43.515       8.531            17458.137               0.000               0.000         10947923.775   0.88347 
  1322.550         117.641    469.989      43.515       8.531            17507.294               0.000               0.000         10965431.069   0.88347 
  1323.550         117.623    470.155      43.515       8.531            17556.679               0.000               0.000         10982987.748   0.88347 
  1324.550         117.605    470.322      43.515       8.531            17606.295               0.000               0.000         11000594.043   0.88347 
  1325.550         117.587    470.490      43.515       8.531            17656.140               0.000               0.000         11018250.183   0.88347 
  1326.550         117.569    470.658      43.515       8.531            17706.218               0.000               0.000         11035956.402   0.88347 
  1327.550         117.551    470.827      43.515       8.531            17756.529               0.000               0.000         11053712.931   0.88347 
  1328.550         117.533    470.997      43.515       8.531            17807.075               0.000               0.000         11071520.006   0.88347 
  1329.550         117.515    471.167      43.515       8.531            17857.856               0.000               0.000         11089377.862   0.88347 
  1330.550         117.497    471.338      43.515       8.531            17908.873               0.000               0.000         11107286.735   0.88347 
  1331.550         117.479    471.510      43.515       8.531            17960.129               0.000               0.000         11125246.864   0.88347 
  1332.550         117.460    471.682      43.515       8.531            18011.623               0.000               0.000         11143258.487   0.88347 
  1333.550         117.442    471.855      43.515       8.531            18063.358               0.000               0.000         11161321.845   0.88347 
  1334.550         117.424    472.028      43.515       8.531            18115.334               0.000               0.000         11179437.179   0.88347 
  1335.550         117.406    472.202      43.515       8.531            18167.553               0.000               0.000         11197604.733   0.88347 
  1336.550         117.388    472.377      43.515       8.531            18220.016               0.000               0.000         11215824.749   0.88347 
  1337.550         117.369    472.553      43.515       8.531            18272.725               0.000               0.000         11234097.474   0.88347 
  1338.550         117.351    472.729      43.515       8.531            18325.679               0.000               0.000         11252423.153   0.88347 
  1339.550         117.333    472.906      43.515       8.531            18378.882               0.000               0.000         11270802.035   0.88347 
  1340.550         117.314    473.083      43.515       8.531            18432.333               0.000               0.000         11289234.368   0.88347 
  1341.550         117.296    473.261      43.515       8.531            18486.035               0.000               0.000         11307720.403   0.88347 
  1342.550         117.277    473.440      43.515       8.531            18539.988               0.000               0.000         11326260.391   0.88347 
  1343.550         117.259    473.620      43.515       8.531            18594.194               0.000               0.000         11344854.585   0.88347 
  1344.550         117.240    473.800      43.515       8.531            18648.654               0.000               0.000         11363503.239   0.88347 
  1345.550         117.222    473.981      43.515       8.531            18703.369               0.000               0.000         11382206.608   0.88347 
  1346.550         117.203    474.162      43.515       8.531            18758.341               0.000               0.000         11400964.950   0.88347 
  1347.550         117.185    474.344      43.515       8.531            18813.572               0.000               0.000         11419778.521   0.88347 
  1348.550         117.166    474.527      43.515       8.531            18869.061               0.000               0.000         11438647.582   0.88347 
  1349.550         117.147    474.710      43.515       8.531            18924.811               0.000               0.000         11457572.393   0.88347 
  1350.550         117.129    474.894      43.515       8.531            18980.823               0.000               0.000         11476553.216   0.88347 
  1351.550         117.110    475.079      43.515       8.531            19037.098               0.000               0.000         11495590.314   0.88347 
  1352.550         117.091    475.264      43.515       8.531            19093.638               0.000               0.000         11514683.952   0.88347 
  1353.550         117.072    475.450      43.515       8.531            19150.444               0.000               0.000         11533834.396   0.88347 
  1354.550         117.054    475.637      43.515       8.531            19207.517               0.000               0.000         11553041.913   0.88347 
  1355.550         117.035    475.825      43.515       8.531            19264.859               0.000               0.000         11572306.772   0.88347 
  1356.550         117.016    476.013      43.515       8.531            19322.471               0.000               0.000         11591629.242   0.88347 
  1357.550         116.997    476.202      43.515       8.531            19380.354               0.000               0.000         11611009.597   0.88347 
  1358.550         116.978    476.391      43.515       8.531            19438.510               0.000               0.000         11630448.107   0.88347 
  1359.550         116.959    476.581      43.515       8.531            19496.941               0.000               0.000         11649945.048   0.88347 
  1360.550         116.940    476.772      43.515       8.531            19555.647               0.000               0.000         11669500.695   0.88347 
  1361.550         116.921    476.964      43.515       8.531            19614.630               0.000               0.000         11689115.325   0.88347 
  1362.550         116.902    477.156      43.515       8.531            19673.892               0.000               0.000         11708789.217   0.88347 
  1363.550         116.883    477.349      43.515       8.531            19733.433               0.000               0.000         11728522.650   0.88347 
  1364.550         116.864    477.543      43.515       8.531            19793.256               0.000               0.000         11748315.907   0.88347 
  1365.550         116.845    477.737      43.515       8.531            19853.362               0.000               0.000         11768169.268   0.88347 
  1366.550         116.826    477.932      43.515       8.531            19913.751               0.000               0.000         11788083.020   0.88347 
  1367.550         116.807    478.128      43.515       8.531            19974.427               0.000               0.000         11808057.447   0.88347 
  1368.550         116.787    478.325      43.515       8.531            20035.389               0.000               0.000         11828092.836   0.88347 
  1369.550         116.768    478.522      43.515       8.531            20096.640               0.000               0.000         11848189.477   0.88347 
  1370.550         116.749    478.720      43.515       8.531            20158.182               0.000               0.000         11868347.658   0.88347 
  1371.550         116.730    478.919      43.515       8.531            20220.014               0.000               0.000         11888567.672   0.88347 
  1372.550         116.710    479.118      43.515       8.531            20282.140               0.000               0.000         11908849.813   0.88347 
  1373.550         116.691    479.318      43.515       8.531            20344.560               0.000               0.000         11929194.373   0.88347 
  1374.550         116.671    479.519      43.515       8.531            20407.277               0.000               0.000         11949601.649   0.88347 
  1375.550         116.652    479.721      43.515       8.531            20470.290               0.000               0.000         11970071.940   0.88347 
  1376.550         116.633    479.923      43.515       8.531            20533.603               0.000               0.000         11990605.543   0.88347 
  1377.550         116.613    480.127      43.515       8.531            20597.217               0.000               0.000         12011202.760   0.88347 
  1378.550         116.594    480.331      43.515       8.531            20661.132               0.000               0.000         12031863.892   0.88347 
  1379.550         116.574    480.535      43.515       8.531            20725.352               0.000               0.000         12052589.243   0.88347 
  1380.550         116.554    480.741      43.515       8.531            20789.876               0.000               0.000         12073379.120   0.88347 
  1381.550         116.535    480.947      43.515       8.531            20854.708               0.000               0.000         12094233.827   0.88347 
  1382.550         116.515    481.154      43.515       8.531            20919.847               0.000               0.000         12115153.674   0.88347 
  1383.550         116.495    481.362      43.515       8.531            20985.297               0.000               0.000         12136138.971   0.88347 
  1384.550         116.476    481.570      43.515       8.531            21051.058               0.000               0.000         12157190.029   0.88347 
  1385.550         116.456    481.780      43.515       8.531            21117.132               0.000               0.000         12178307.162   0.88347 
  1386.550         116.436    481.990      43.515       8.531            21183.522               0.000               0.000         12199490.683   0.88347 
  1387.550         116.416    482.201      43.515       8.531            21250.227               0.000               0.000         12220740.910   0.88347 
  1388.550         116.397    482.412      43.515       8.531            21317.250               0.000               0.000         12242058.161   0.88347 
  1389.550         116.377    482.625      43.515       8.531            21384.593               0.000               0.000         12263442.754   0.88347 
  1390.550         116.357    482.838      43.515       8.531            21452.258               0.000               0.000         12284895.012   0.88347 
  1391.550         116.337    483.052      43.515       8.531            21520.245               0.000               0.000         12306415.256   0.88347 
  1392.550         116.317    483.267      43.515       8.531            21588.556               0.000               0.000         12328003.813   0.88347 
  1393.550         116.297    483.483      43.515       8.531            21657.194               0.000               0.000         12349661.007   0.88347 
  1394.550         116.277    483.699      43.515       8.531            21726.160               0.000               0.000         12371387.167   0.88347 
  1395.550         116.257    483.916      43.515       8.531            21795.455               0.000               0.000         12393182.622   0.88347 
  1396.550         116.237    484.135      43.515       8.531            21865.081               0.000               0.000         12415047.703   0.88347 
  1397.550         116.217    484.353      43.515       8.531            21935.041               0.000               0.000         12436982.744   0.88347 
  1398.550         116.197    484.573      43.515       8.531            22005.335               0.000               0.000         12458988.079   0.88347 
  1399.550         116.176    484.794      43.515       8.531            22075.965               0.000               0.000         12481064.044   0.88347 
  1400.550         116.156    485.015      43.515       8.531            22146.933               0.000               0.000         12503210.977   0.88347 
  1401.550         116.136    485.237      43.515       8.531            22218.242               0.000               0.000         12525429.219   0.88347 
  1402.550         116.116    485.460      43.515       8.531            22289.891               0.000               0.000         12547719.110   0.88347 
  1403.550         116.095    485.684      43.515       8.531            22361.884               0.000               0.000         12570080.994   0.88347 
  1404.550         116.075    485.909      43.515       8.531            22434.222               0.000               0.000         12592515.216   0.88347 
  1405.550         116.055    486.135      43.515       8.531            22506.907               0.000               0.000         12615022.123   0.88347 
  1406.550         116.034    486.361      43.515       8.531            22579.940               0.000               0.000         12637602.063   0.88347 
  1407.550         116.014    486.588      43.515       8.531            22653.324               0.000               0.000         12660255.387   0.88347 
  1408.550         115.993    486.816      43.515       8.531            22727.060               0.000               0.000         12682982.447   0.88347 
  1409.550         115.973    487.045      43.515       8.531            22801.149               0.000               0.000         12705783.596   0.88347 
  1410.550         115.952    487.275      43.515       8.531            22875.595               0.000               0.000         12728659.191   0.88347 
  1411.550         115.932    487.506      43.515       8.531            22950.398               0.000               0.000         12751609.589   0.88347 
  1412.550         115.911    487.738      43.515       8.531            23025.560               0.000               0.000         12774635.150   0.88347 
  1413.550         115.891    487.970      43.515       8.531            23101.084               0.000               0.000         12797736.234   0.88347 
  1414.550         115.870    488.203      43.515       8.531            23176.971               0.000               0.000         12820913.205   0.88347 
  1415.550         115.849    488.438      43.515       8.531            23253.223               0.000               0.000         12844166.427   0.88347 
  1416.550         115.829    488.673      43.515       8.531            23329.841               0.000               0.000         12867496.268   0.88347 
  1417.550         115.808    488.909      43.515       8.531            23406.828               0.000               0.000         12890903.096   0.88347 
  1418.550         115.787    489.146      43.515       8.531            23484.186               0.000               0.000         12914387.282   0.88347 
  1419.550         115.766    489.383      43.515       8.531            23561.916               0.000               0.000         12937949.198   0.88347 
  1420.550         115.745    489.622      43.515       8.531            23640.020               0.000               0.000         12961589.218   0.88347 
  1421.550         115.725    489.862      43.515       8.531            23718.501               0.000               0.000         12985307.719   0.88347 
  1422.550         115.704    490.102      43.515       8.531            23797.360               0.000               0.000         13009105.079   0.88347 
  1423.550         115.683    490.343      43.515       8.531            23876.599               0.000               0.000         13032981.678   0.88347 
  1424.550         115.662    490.586      43.515       8.531            23956.220               0.000               0.000         13056937.898   0.88347 
  1425.550         115.641    490.829      43.515       8.531            24036.225               0.000               0.000         13080974.122   0.88347 
  1426.550         115.620    491.073      43.515       8.531            24116.616               0.000               0.000         13105090.738   0.88347 
  1427.550         115.599    491.318      43.515       8.531            24197.394               0.000               0.000         13129288.132   0.88347 
  1428.550         115.578    491.564      43.515       8.531            24278.563               0.000               0.000         13153566.695   0.88347 
  1429.550         115.556    491.811      43.515       8.531            24360.123               0.000               0.000         13177926.819   0.88347 
  1430.550         115.535    492.059      43.515       8.531            24442.078               0.000               0.000         13202368.896   0.88347 
  1431.550         115.514    492.307      43.515       8.531            24524.428               0.000               0.000         13226893.324   0.88347 
  1432.550         115.493    492.557      43.515       8.531            24607.176               0.000               0.000         13251500.500   0.88347 
  1433.550         115.472    492.808      43.515       8.531            24690.324               0.000               0.000         13276190.824   0.88347 
  1434.550         115.450    493.059      43.515       8.531            24773.874               0.000               0.000         13300964.698   0.88347 
  1435.550         115.429    493.312      43.515       8.531            24857.828               0.000               0.000         13325822.526   0.88347 
  1436.550         115.408    493.566      43.515       8.531            24942.187               0.000               0.000         13350764.713   0.88347 
  1437.550         115.386    493.820      43.515       8.531            25026.955               0.000               0.000         13375791.669   0.88347 
  1438.550         115.365    494.076      43.515       8.531            25112.133               0.000               0.000         13400903.802   0.88347 
  1439.550         115.343    494.333      43.515       8.531            25197.724               0.000               0.000         13426101.526   0.88347 
  1440.550         115.322    494.590      43.515       8.531            25283.728               0.000               0.000         13451385.254   0.88347 
  1441.550         115.300    494.849      43.515       8.531            25370.149               0.000               0.000         13476755.403   0.88347 
  1442.550         115.279    495.109      43.515       8.531            25456.989               0.000               0.000         13502212.392   0.88347 
  1443.550         115.257    495.370      43.515       8.531            25544.249               0.000               0.000         13527756.640   0.88347 
  1444.550         115.236    495.660      43.515       8.531            27014.814               0.000               0.000         13554771.455   0.88347 
  1445.550         115.214    495.952      43.515       8.531            27110.553               0.000               0.000         13581882.008   0.88347 
  1446.550         115.192    496.244      43.515       8.531            27206.761               0.000               0.000         13609088.769   0.88347 
  1447.550         115.171    496.538      43.515       8.531            27303.440               0.000               0.000         13636392.209   0.88347 
  1448.550         115.149    496.833      43.515       8.531            27400.594               0.000               0.000         13663792.802   0.88347 
  1449.550         115.127    497.129      43.515       8.531            27498.224               0.000               0.000         13691291.026   0.88347 
  1450.550         115.105    497.426      43.515       8.531            27596.333               0.000               0.000         13718887.360   0.88347 
  1451.550         115.083    497.724      43.515       8.531            27694.924               0.000               0.000         13746582.284   0.88347 
  1452.550         115.061    498.024      43.515       8.531            27793.999               0.000               0.000         13774376.283   0.88347 
  1453.550         115.040    498.324      43.515       8.531            27893.560               0.000               0.000         13802269.842   0.88347 
  1454.550         115.018    498.626      43.515       8.531            27993.609               0.000               0.000         13830263.451   0.88347 
  1455.550         114.996    498.929      43.515       8.531            28094.150               0.000               0.000         13858357.601   0.88347 
  1456.550         114.974    499.233      43.515       8.531            28195.184               0.000               0.000         13886552.785   0.88347 
  1457.550         114.952    499.539      43.515       8.531            28296.714               0.000               0.000         13914849.499   0.88347 
  1458.550         114.929    499.845      43.515       8.531            28398.743               0.000               0.000         13943248.241   0.88347 
  1459.550         114.907    500.153      43.515       8.531            28501.272               0.000               0.000         13971749.513   0.88347 
  1460.550         114.885    500.462      43.515       8.531            28604.305               0.000               0.000         14000353.819   0.88347 
  1461.550         114.863    500.773      43.515       8.531            28707.844               0.000               0.000         14029061.663   0.88347 
  1462.550         114.841    501.084      43.515       8.531            28811.891               0.000               0.000         14057873.554   0.88347 
  1463.550         114.818    501.397      43.515       8.531            28916.450               0.000               0.000         14086790.003   0.88347 
  1464.550         114.796    501.711      43.515       8.531            29021.521               0.000               0.000         14115811.525   0.88347 
  1465.550         114.774    502.026      43.515       8.531            29127.109               0.000               0.000         14144938.634   0.88347 
  1466.550         114.751    502.343      43.515       8.531            29233.215               0.000               0.000         14174171.849   0.88347 
  1467.550         114.729    502.661      43.515       8.531            29339.842               0.000               0.000         14203511.691   0.88347 
  1468.550         114.707    502.980      43.515       8.531            29446.993               0.000               0.000         14232958.684   0.88347 
  1469.550         114.684    503.300      43.515       8.531            29554.670               0.000               0.000         14262513.355   0.88347 
  1470.550         114.662    503.621      43.515       8.531            29662.876               0.000               0.000         14292176.231   0.88347 
  1471.550         114.639    503.944      43.515       8.531            29771.614               0.000               0.000         14321947.845   0.88347 
  1472.550         114.617    504.268      43.515       8.531            29880.885               0.000               0.000         14351828.730   0.88347 
  1473.550         114.594    504.593      43.515       8.531            29990.693               0.000               0.000         14381819.422   0.88347 
  1474.550         114.571    504.920      43.515       8.531            30101.040               0.000               0.000         14411920.462   0.88347 
  1475.550         114.549    505.248      43.515       8.531            30211.929               0.000               0.000         14442132.391   0.88347 
  1476.550         114.526    505.577      43.515       8.531            30323.362               0.000               0.000         14472455.753   0.88347 
  1477.550         114.503    505.908      43.515       8.531            30435.342               0.000               0.000         14502891.095   0.88347 
  1478.550         114.480    506.239      43.515       8.531            30547.873               0.000               0.000         14533438.968   0.88347 
  1479.550         114.458    506.572      43.515       8.531            30660.955               0.000               0.000         14564099.923   0.88347 
  1480.550         114.435    506.907      43.515       8.531            30774.593               0.000               0.000         14594874.516   0.88347 
  1481.550         114.412    507.243      43.515       8.531            30888.789               0.000               0.000         14625763.304   0.88347 
  1482.550         114.389    507.580      43.515       8.531            31003.545               0.000               0.000         14656766.849   0.88347 
  1483.550         114.366    507.918      43.515       8.531            31118.864               0.000               0.000         14687885.713   0.88347 
  1484.550         114.343    508.258      43.515       8.531            31234.749               0.000               0.000         14719120.462   0.88347 
  1485.550         114.320    508.599      43.515       8.531            31351.203               0.000               0.000         14750471.664   0.88347 
  1486.550         114.297    508.941      43.515       8.531            31468.228               0.000               0.000         14781939.892   0.88347 
  1487.550         114.274    509.285      43.515       8.531            31585.827               0.000               0.000         14813525.719   0.88347 
  1488.550         114.251    509.630      43.515       8.531            31704.003               0.000               0.000         14845229.722   0.88347 
  1489.550         114.228    509.976      43.515       8.531            31822.758               0.000               0.000         14877052.480   0.88347 
  1490.550         114.204    510.324      43.515       8.531            31942.096               0.000               0.000         14908994.576   0.88347 
  1491.550         114.181    510.673      43.515       8.531            32062.019               0.000               0.000         14941056.596   0.88347 
  1492.550         114.158    511.023      43.515       8.531            32182.530               0.000               0.000         14973239.126   0.88347 
  1493.550         114.135    511.375      43.515       8.531            32303.632               0.000               0.000         15005542.758   0.88347 
  1494.550         114.111    511.729      43.515       8.531            32425.327               0.000               0.000         15037968.085   0.88347 
  1495.550         114.088    512.083      43.515       8.531            32547.618               0.000               0.000         15070515.703   0.88347 
  1496.550         114.065    512.439      43.515       8.531            32670.509               0.000               0.000         15103186.212   0.88347 
  1497.550         114.041    512.796      43.515       8.531            32794.001               0.000               0.000         15135980.213   0.88347 
  1498.550         114.018    513.155      43.515       8.531            32918.099               0.000               0.000         15168898.312   0.88347 
  1499.550         113.994    513.516      43.515       8.531            33042.803               0.000               0.000         15201941.115   0.88347 
  1500.550         113.971    513.878      43.515       8.531            33168.119               0.000               0.000         15235109.234   0.88347 
  1501.550         113.947    514.242      43.515       8.531            33294.047               0.000               0.000         15268403.281   0.88347 
  1502.550         113.923    514.607      43.515       8.531            33420.592               0.000               0.000         15301823.873   0.88347 
  1503.550         113.900    514.975      43.515       8.531            33547.756               0.000               0.000         15335371.629   0.88347 
  1504.550         113.876    515.344      43.515       8.531            33675.541               0.000               0.000         15369047.170   0.88347 
  1505.550         113.852    515.715      43.515       8.531            33803.952               0.000               0.000         15402851.122   0.88347 
  1506.550         113.828    516.087      43.515       8.531            33932.990               0.000               0.000         15436784.112   0.88347 
  1507.550         113.805    516.462      43.515       8.531            34062.659               0.000               0.000         15470846.771   0.88347 
  1508.550         113.781    516.839      43.515       8.531            34192.961               0.000               0.000         15505039.733   0.88347 
  1509.550         113.757    517.217      43.515       8.531            34323.900               0.000               0.000         15539363.633   0.88347 
  1510.550         113.733    517.597      43.515       8.531            34455.478               0.000               0.000         15573819.111   0.88347 
  1511.550         113.709    517.979      43.515       8.531            34587.698               0.000               0.000         15608406.809   0.88347 
  1512.550         113.685    518.363      43.515       8.531            34720.564               0.000               0.000         15643127.373   0.88347 
  1513.550         113.661    518.748      43.515       8.531            34854.078               0.000               0.000         15677981.451   0.88347 
  1514.550         113.637    519.136      43.515       8.531            34988.243               0.000               0.000         15712969.694   0.88347 
  1515.550         113.613    519.525      43.515       8.531            35123.061               0.000               0.000         15748092.755   0.88347 
  1516.550         113.589    519.917      43.515       8.531            35258.537               0.000               0.000         15783351.292   0.88347 
  1517.550         113.565    520.310      43.515       8.531            35394.673               0.000               0.000         15818745.965   0.88347 
  1518.550         113.540    520.705      43.515       8.531            35531.472               0.000               0.000         15854277.437   0.88347 
  1519.550         113.516    521.102      43.515       8.531            35668.937               0.000               0.000         15889946.374   0.88347 
  1520.550         113.492    521.501      43.515       8.531            35807.070               0.000               0.000         15925753.444   0.88347 
  1521.550         113.468    521.902      43.515       8.531            35945.876               0.000               0.000         15961699.320   0.88347 
  1522.550         113.443    522.305      43.515       8.531            36085.357               0.000               0.000         15997784.677   0.88347 
  1523.550         113.419    522.710      43.515       8.531            36225.515               0.000               0.000         16034010.192   0.88347 
  1524.550         113.394    523.117      43.515       8.531            36366.354               0.000               0.000         16070376.546   0.88347 
  1525.550         113.370    523.525      43.515       8.531            36507.878               0.000               0.000         16106884.424   0.88347 
  1526.550         113.345    523.936      43.515       8.531            36650.088               0.000               0.000         16143534.512   0.88347 
  1527.550         113.321    524.349      43.515       8.531            36792.988               0.000               0.000         16180327.500   0.88347 
  1528.550         113.296    524.764      43.515       8.531            36936.581               0.000               0.000         16217264.081   0.88347 
  1529.550         113.272    525.180      43.515       8.531            37080.871               0.000               0.000         16254344.952   0.88347 
  1530.550         113.247    525.599      43.515       8.531            37225.859               0.000               0.000         16291570.810   0.88347 
  1531.550         113.222    526.020      43.515       8.531            37371.549               0.000               0.000         16328942.360   0.88347 
  1532.550         113.198    526.443      43.515       8.531            37517.945               0.000               0.000         16366460.305   0.88347 
  1533.550         113.173    526.868      43.515       8.531            37665.049               0.000               0.000         16404125.353   0.88347 
  1534.550         113.148    527.295      43.515       8.531            37812.864               0.000               0.000         16441938.217   0.88347 
  1535.550         113.123    527.724      43.515       8.531            37961.393               0.000               0.000         16479899.610   0.88347 
  1536.550         113.098    528.155      43.515       8.531            38110.640               0.000               0.000         16518010.249   0.88347 
  1537.550         113.073    528.588      43.515       8.531            38260.607               0.000               0.000         16556270.856   0.88347 
  1538.550         113.048    529.023      43.515       8.531            38411.297               0.000               0.000         16594682.153   0.88347 
  1539.550         113.023    529.460      43.515       8.531            38562.714               0.000               0.000         16633244.867   0.88347 
  1540.550         112.998    529.900      43.515       8.531            38714.861               0.000               0.000         16671959.728   0.88347 
  1541.550         112.973    530.341      43.515       8.531            38867.740               0.000               0.000         16710827.469   0.88347 
  1542.550         112.948    530.785      43.515       8.531            39021.356               0.000               0.000         16749848.824   0.88347 
  1543.550         112.923    531.231      43.515       8.531            39175.710               0.000               0.000         16789024.534   0.88347 
  1544.550         112.898    531.679      43.515       8.531            39330.805               0.000               0.000         16828355.339   0.88347 
  1545.550         112.873    532.129      43.515       8.531            39486.646               0.000               0.000         16867841.986   0.88347 
  1546.550         112.847    532.581      43.515       8.531            39643.235               0.000               0.000         16907485.221   0.88347 
  1547.550         112.822    533.036      43.515       8.531            39800.575               0.000               0.000         16947285.796   0.88347 
  1548.550         112.797    533.492      43.515       8.531            39958.669               0.000               0.000         16987244.465   0.88347 
  1549.550         112.771    533.951      43.515       8.531            40117.521               0.000               0.000         17027361.986   0.88347 
  1550.550         112.746    534.413      43.515       8.531            40277.133               0.000               0.000         17067639.118   0.88347 
  1551.550         112.720    534.876      43.515       8.531            40437.508               0.000               0.000         17108076.626   0.88347 
  1552.550         112.695    535.342      43.515       8.531            40598.649               0.000               0.000         17148675.275   0.88347 
  1553.550         112.669    535.811      43.515       8.531            40760.561               0.000               0.000         17189435.836   0.88347 
  1554.550         112.644    536.281      43.515       8.531            40923.245               0.000               0.000         17230359.081   0.88347 
  1555.550         112.618    536.755      43.515       8.531            41086.704               0.000               0.000         17271445.785   0.88347 
  1556.550         112.593    537.230      43.515       8.531            41250.943               0.000               0.000         17312696.728   0.88347 
  1557.550         112.567    537.708      43.515       8.531            41415.963               0.000               0.000         17354112.691   0.88347 
  1558.550         112.541    538.188      43.515       8.531            41581.768               0.000               0.000         17395694.460   0.88347 
  1559.550         112.515    538.671      43.515       8.531            41748.362               0.000               0.000         17437442.821   0.88347 
  1560.550         112.490    539.156      43.515       8.531            41915.746               0.000               0.000         17479358.567   0.88347 
  1561.550         112.464    539.644      43.515       8.531            42083.924               0.000               0.000         17521442.491   0.88347 
  1562.550         112.438    540.134      43.515       8.531            42252.900               0.000               0.000         17563695.391   0.88347 
  1563.550         112.412    540.627      43.515       8.531            42422.675               0.000               0.000         17606118.067   0.88347 
  1564.550         112.386    541.122      43.515       8.531            42593.255               0.000               0.000         17648711.321   0.88347 
  1565.550         112.360    541.619      43.515       8.531            42764.640               0.000               0.000         17691475.961   0.88347 
  1566.550         112.334    542.119      43.515       8.531            42936.834               0.000               0.000         17734412.795   0.88347 
  1567.550         112.308    542.622      43.515       8.531            43109.841               0.000               0.000         17777522.637   0.88347 
  1568.550         112.282    543.127      43.515       8.531            43283.664               0.000               0.000         17820806.300   0.88347 
  1569.550         112.255    543.635      43.515       8.531            43458.304               0.000               0.000         17864264.605   0.88347 
  1570.550         112.229    544.145      43.515       8.531            43633.766               0.000               0.000         17907898.371   0.88347 
  1571.550         112.203    544.658      43.515       8.531            43810.053               0.000               0.000         17951708.423   0.88347 
  1572.550         112.177    545.173      43.515       8.531            43987.167               0.000               0.000         17995695.590   0.88347 
  1573.550         112.150    545.691      43.515       8.531            44165.111               0.000               0.000         18039860.701   0.88347 
  1574.550         112.124    546.212      43.515       8.531            44343.888               0.000               0.000         18084204.589   0.88347 
  1575.550         112.098    546.735      43.515       8.531            44523.502               0.000               0.000         18128728.092   0.88347 
  1576.550         112.071    547.261      43.515       8.531            44703.956               0.000               0.000         18173432.047   0.88347 
  1577.550         112.045    547.789      43.515       8.531            44885.251               0.000               0.000         18218317.298   0.88347 
  1578.550         112.018    548.320      43.515       8.531            45067.392               0.000               0.000         18263384.690   0.88347 
  1579.550         111.991    548.854      43.515       8.531            45250.381               0.000               0.000         18308635.071   0.88347 
  1580.550         111.965    549.390      43.515       8.531            45434.220               0.000               0.000         18354069.291   0.88347 
  1581.550         111.938    549.930      43.515       8.531            45618.914               0.000               0.000         18399688.206   0.88347 
  1582.550         111.911    550.471      43.515       8.531            45804.465               0.000               0.000         18445492.670   0.88347 
  1583.550         111.885    551.016      43.515       8.531            45990.875               0.000               0.000         18491483.546   0.88347 
  1584.550         111.858    551.563      43.515       8.531            46178.148               0.000               0.000         18537661.694   0.88347 
  1585.550         111.831    552.113      43.515       8.531            46366.287               0.000               0.000         18584027.980   0.88347 
  1586.550         111.804    552.666      43.515       8.531            46555.294               0.000               0.000         18630583.274   0.88347 
  1587.550         111.777    553.221      43.515       8.531            46745.171               0.000               0.000         18677328.445   0.88347 
  1588.550         111.750    553.779      43.515       8.531            46935.923               0.000               0.000         18724264.369   0.88347 
  1589.550         111.723    554.340      43.515       8.531            47127.552               0.000               0.000         18771391.921   0.88347 
  1590.550         111.696    554.903      43.515       8.531            47320.060               0.000               0.000         18818711.981   0.88347 
  1591.550         111.669    555.468      43.515       8.531            47513.451               0.000               0.000         18866225.432   0.88347 
  1592.550         111.642    556.035      43.515       8.531            47707.727               0.000               0.000         18913933.159   0.88347 
  1593.550         111.615    556.605      43.515       8.531            47902.890               0.000               0.000         18961836.049   0.88347 
  1594.550         111.588    557.178      43.515       8.531            48098.944               0.000               0.000         19009934.994   0.88347 
  1595.550         111.560    557.752      43.515       8.531            48295.892               0.000               0.000         19058230.885   0.88347 
  1596.550         111.533    558.329      43.515       8.531            48493.735               0.000               0.000         19106724.620   0.88347 
  1597.550         111.506    558.909      43.515       8.531            48692.477               0.000               0.000         19155417.096   0.88347 
  1598.550         111.478    559.491      43.515       8.531            48892.120               0.000               0.000         19204309.216   0.88347 
  1599.550         111.451    560.075      43.515       8.531            49092.667               0.000               0.000         19253401.883   0.88347 
  1600.550         111.424    560.662      43.515       8.531            49294.120               0.000               0.000         19302696.003   0.88347 
  1601.550         111.396    561.251      43.515       8.531            49496.482               0.000               0.000         19352192.485   0.88347 
  1602.550         111.369    561.843      43.515       8.531            49699.756               0.000               0.000         19401892.242   0.88347 
  1603.550         111.341    562.437      43.515       8.531            49903.944               0.000               0.000         19451796.186   0.88347 
  1604.550         111.313    563.034      43.515       8.531            50109.049               0.000               0.000         19501905.235   0.88347 
  1605.550         111.286    563.633      43.515       8.531            50315.073               0.000               0.000         19552220.308   0.88347 
  1606.550         111.258    564.235      43.515       8.531            50522.018               0.000               0.000         19602742.326   0.88347 
  1607.550         111.230    564.839      43.515       8.531            50729.887               0.000               0.000         19653472.213   0.88347 
  1608.550         111.202    565.445      43.515       8.531            50938.683               0.000               0.000         19704410.896   0.88347 
  1609.550         111.174    566.054      43.515       8.531            51148.407               0.000               0.000         19755559.304   0.88347 
  1610.550         111.147    566.666      43.515       8.531            51359.063               0.000               0.000         19806918.366   0.88347 
  1611.550         111.119    567.280      43.515       8.531            51570.652               0.000               0.000         19858489.018   0.88347 
  1612.550         111.091    567.896      43.515       8.531            51783.176               0.000               0.000         19910272.194   0.88347 
  1613.550         111.063    568.515      43.515       8.531            51996.639               0.000               0.000         19962268.833   0.88347 
  1614.550         111.035    569.137      43.515       8.531            52211.042               0.000               0.000         20014479.875   0.88347 
  1615.550         111.006    569.761      43.515       8.531            52426.387               0.000               0.000         20066906.261   0.88347 
  1616.550         110.978    570.388      43.515       8.531            52642.676               0.000               0.000         20119548.938   0.88347 
  1617.550         110.950    571.017      43.515       8.531            52859.912               0.000               0.000         20172408.850   0.88347 
  1618.550         110.922    571.648      43.515       8.531            53078.097               0.000               0.000         20225486.947   0.88347 
  1619.550         110.894    572.283      43.515       8.531            53297.233               0.000               0.000         20278784.180   0.88347 
  1620.550         110.865    572.919      43.515       8.531            53517.322               0.000               0.000         20332301.502   0.88347 
  1621.550         110.837    573.559      43.515       8.531            53738.365               0.000               0.000         20386039.867   0.88347 
  1622.550         110.808    574.200      43.515       8.531            53960.365               0.000               0.000         20440000.232   0.88347 
  1623.550         110.780    574.843      43.515       8.531            54183.323               0.000               0.000         20494183.556   0.88347 
  1624.550         110.751    575.487      43.515       8.531            54407.243               0.000               0.000         20548590.798   0.88347 
  1625.550         110.723    576.133      43.515       8.531            54632.124               0.000               0.000         20603222.922   0.88347 
  1626.550         110.694    576.781      43.515       8.531            54857.969               0.000               0.000         20658080.892   0.88347 
  1627.550         110.666    577.431      43.515       8.531            55084.781               0.000               0.000         20713165.672   0.88347 
  1628.550         110.637    578.082      43.515       8.531            55312.559               0.000               0.000         20768478.232   0.88347 
  1629.550         110.608    578.735      43.515       8.531            55541.307               0.000               0.000         20824019.539   0.88347 
  1630.550         110.579    579.390      43.515       8.531            55771.026               0.000               0.000         20879790.565   0.88347 
  1631.550         110.551    580.046      43.515       8.531            56001.717               0.000               0.000         20935792.282   0.88347 
  1632.550         110.522    580.704      43.515       8.531            56233.382               0.000               0.000         20992025.664   0.88347 
  1633.550         110.493    581.364      43.515       8.531            56466.022               0.000               0.000         21048491.685   0.88347 
  1634.550         110.464    582.026      43.515       8.531            56699.638               0.000               0.000         21105191.324   0.88347 
  1635.550         110.435    582.689      43.515       8.531            56934.233               0.000               0.000         21162125.556   0.88347 
  1636.550         110.406    583.354      43.515       8.531            57169.807               0.000               0.000         21219295.363   0.88347 
  1637.550         110.377    584.020      43.515       8.531            57406.361               0.000               0.000         21276701.724   0.88347 
  1638.550         110.348    584.689      43.515       8.531            57643.897               0.000               0.000         21334345.621   0.88347 
  1639.550         110.318    585.359      43.515       8.531            57882.416               0.000               0.000         21392228.037   0.88347 
  1640.550         110.289    586.030      43.515       8.531            58121.919               0.000               0.000         21450349.956   0.88347 
  1641.550         110.260    586.704      43.515       8.531            58362.407               0.000               0.000         21508712.363   0.88347 
  1642.550         110.230    587.379      43.515       8.531            58603.881               0.000               0.000         21567316.244   0.88347 
  1643.550         110.201    588.056      43.515       8.531            58846.341               0.000               0.000         21626162.585   0.88347 
  1644.550         110.172    588.734      43.515       8.531            59089.789               0.000               0.000         21685252.375   0.88347 
  1645.550         110.142    589.414      43.515       8.531            59334.226               0.000               0.000         21744586.601   0.88347 
  1646.550         110.113    590.096      43.515       8.531            59579.652               0.000               0.000         21804166.253   0.88347 
  1647.550         110.083    590.780      43.515       8.531            59826.067               0.000               0.000         21863992.320   0.88347 
  1648.550         110.053    591.465      43.515       8.531            60073.473               0.000               0.000         21924065.794   0.88347 
  1649.550         110.024    592.152      43.515       8.531            60321.870               0.000               0.000         21984387.664   0.88347 
  1650.550         109.994    592.841      43.515       8.531            60571.258               0.000               0.000         22044958.922   0.88347 
  1651.550         109.964    593.531      43.515       8.531            60821.638               0.000               0.000         22105780.560   0.88347 
  1652.550         109.935    594.223      43.515       8.531            61073.014               0.000               0.000         22166853.574   0.88347 
  1653.550         109.905    594.917      43.515       8.531            61325.387               0.000               0.000         22228178.961   0.88347 
  1654.550         109.875    595.612      43.515       8.531            61578.762               0.000               0.000         22289757.723   0.88347 
  1655.550         109.845    596.308      43.515       8.531            61833.141               0.000               0.000         22351590.864   0.88347 
  1656.550         109.815    597.007      43.515       8.531            62088.528               0.000               0.000         22413679.392   0.88347 
  1657.550         109.785    597.707      43.515       8.531            62344.925               0.000               0.000         22476024.317   0.88347 
  1658.550         109.755    598.408      43.515       8.531            62602.337               0.000               0.000         22538626.654   0.88347 
  1659.550         109.725    599.111      43.515       8.531            62860.765               0.000               0.000         22601487.418   0.88347 
  1660.550         109.694    599.816      43.515       8.531            63120.213               0.000               0.000         22664607.632   0.88347 
  1661.550         109.664    600.522      43.515       8.531            63380.685               0.000               0.000         22727988.317   0.88347 
  1662.550         109.634    601.230      43.515       8.531            63642.183               0.000               0.000         22791630.500   0.88347 
  1663.550         109.603    601.940      43.515       8.531            63904.711               0.000               0.000         22855535.211   0.88347 
  1664.550         109.573    602.651      43.515       8.531            64168.272               0.000               0.000         22919703.483   0.88347 
  1665.550         109.543    603.364      43.515       8.531            64432.868               0.000               0.000         22984136.351   0.88347 
  1666.550         109.512    604.078      43.515       8.531            64698.503               0.000               0.000         23048834.854   0.88347 
  1667.550         109.482    604.794      43.515       8.531            64965.181               0.000               0.000         23113800.036   0.88347 
  1668.550         109.451    605.511      43.515       8.531            65232.904               0.000               0.000         23179032.940   0.88347 
  1669.550         109.420    606.230      43.515       8.531            65501.675               0.000               0.000         23244534.615   0.88347 
  1670.550         109.390    606.950      43.515       8.531            65771.498               0.000               0.000         23310306.113   0.88347 
  1671.550         109.359    607.673      43.515       8.531            66042.376               0.000               0.000         23376348.489   0.88347 
  1672.550         109.328    608.396      43.515       8.531            66314.312               0.000               0.000         23442662.801   0.88347 
  1673.550         109.297    609.121      43.515       8.531            66587.308               0.000               0.000         23509250.109   0.88347 
  1674.550         109.267    609.848      43.515       8.531            66861.369               0.000               0.000         23576111.478   0.88347 
  1675.550         109.236    610.577      43.515       8.531            67136.497               0.000               0.000         23643247.975   0.88347 
  1676.550         109.205    611.307      43.515       8.531            67412.696               0.000               0.000         23710660.671   0.88347 
  1677.550         109.174    612.038      43.515       8.531            67689.968               0.000               0.000         23778350.639   0.88347 
  1678.550         109.142    612.771      43.515       8.531            67968.317               0.000               0.000         23846318.956   0.88347 
  1679.550         109.111    613.506      43.515       8.531            68247.746               0.000               0.000         23914566.701   0.88347 
  1680.550         109.080    614.242      43.515       8.531            68528.258               0.000               0.000         23983094.959   0.88347 
  1681.550         109.049    614.980      43.515       8.531            68809.856               0.000               0.000         24051904.815   0.88347 
  1682.550         109.018    615.719      43.515       8.531            69092.544               0.000               0.000         24120997.359   0.88347 
  1683.550         108.986    616.460      43.515       8.531            69376.324               0.000               0.000         24190373.682   0.88347 
  1684.550         108.955    617.203      43.515       8.531            69661.199               0.000               0.000         24260034.882   0.88347 
  1685.550         108.923    617.947      43.515       8.531            69947.174               0.000               0.000         24329982.056   0.88347 
  1686.550         108.892    618.693      43.515       8.531            70234.251               0.000               0.000         24400216.306   0.88347 
  1687.550         108.860    619.440      43.515       8.531            70522.432               0.000               0.000         24470738.739   0.88347 
  1688.550         108.829    620.189      43.515       8.531            70811.722               0.000               0.000         24541550.461   0.88347 
  1689.550         108.797    620.939      43.515       8.531            71102.124               0.000               0.000         24612652.585   0.88347 
  1690.550         108.765    621.692      43.515       8.531            71393.640               0.000               0.000         24684046.225   0.88347 
  1691.550         108.734    622.445      43.515       8.531            71686.274               0.000               0.000         24755732.498   0.88347 
  1692.550         108.702    623.201      43.515       8.531            71980.029               0.000               0.000         24827712.527   0.88347 
  1693.550         108.670    623.957      43.515       8.531            72274.908               0.000               0.000         24899987.435   0.88347 
  1694.550         108.638    624.716      43.515       8.531            72570.914               0.000               0.000         24972558.349   0.88347 
  1695.550         108.606    625.476      43.515       8.531            72868.051               0.000               0.000         25045426.399   0.88347 
  1696.550         108.574    626.237      43.515       8.531            73166.321               0.000               0.000         25118592.720   0.88347 
  1697.550         108.542    627.000      43.515       8.531            73465.728               0.000               0.000         25192058.448   0.88347 
  1698.550         108.510    627.765      43.515       8.531            73766.275               0.000               0.000         25265824.724   0.88347 
  1699.550         108.478    628.531      43.515       8.531            74067.966               0.000               0.000         25339892.689   0.88347 
  1700.550         108.446    629.299      43.515       8.531            74370.802               0.000               0.000         25414263.492   0.88347 
  1701.550         108.413    630.068      43.515       8.531            74674.788               0.000               0.000         25488938.280   0.88347 
  1702.550         108.381    630.839      43.515       8.531            74979.928               0.000               0.000         25563918.208   0.88347 
  1703.550         108.349    631.612      43.515       8.531            75286.222               0.000               0.000         25639204.430   0.88347 
  1704.550         108.316    632.386      43.515       8.531            75593.676               0.000               0.000         25714798.106   0.88347 
  1705.550         108.284    633.161      43.515       8.531            75902.293               0.000               0.000         25790700.399   0.88347 
  1706.550         108.251    633.938      43.515       8.531            76212.075               0.000               0.000         25866912.474   0.88347 
  1707.550         108.218    634.717      43.515       8.531            76523.026               0.000               0.000         25943435.500   0.88347 
  1708.550         108.186    635.497      43.515       8.531            76835.148               0.000               0.000         26020270.648   0.88347 
  1709.550         108.153    636.279      43.515       8.531            77148.446               0.000               0.000         26097419.094   0.88347 
  1710.550         108.120    637.062      43.515       8.531            77462.922               0.000               0.000         26174882.017   0.88347 
  1711.550         108.087    637.846      43.515       8.531            77778.580               0.000               0.000         26252660.597   0.88347 
  1712.550         108.055    638.633      43.515       8.531            78095.423               0.000               0.000         26330756.020   0.88347 
  1713.550         108.022    639.420      43.515       8.531            78413.454               0.000               0.000         26409169.475   0.88347 
  1714.550         107.989    640.210      43.515       8.531            78732.677               0.000               0.000         26487902.151   0.88347 
  1715.550         107.956    641.000      43.515       8.531            79053.094               0.000               0.000         26566955.245   0.88347 
  1716.550         107.922    641.793      43.515       8.531            79374.709               0.000               0.000         26646329.954   0.88347 
  1717.550         107.889    642.586      43.515       8.531            79697.525               0.000               0.000         26726027.479   0.88347 
  1718.550         107.856    643.382      43.515       8.531            80021.546               0.000               0.000         26806049.025   0.88347 
  1719.550         107.823    644.178      43.515       8.531            80346.774               0.000               0.000         26886395.799   0.88347 
  1720.550         107.790    644.977      43.515       8.531            80673.214               0.000               0.000         26967069.013   0.88347 
  1721.550         107.756    645.776      43.515       8.531            81000.868               0.000               0.000         27048069.880   0.88347 
  1722.550         107.723    646.578      43.515       8.531            81329.739               0.000               0.000         27129399.619   0.88347 
  1723.550         107.689    647.380      43.515       8.531            81659.832               0.000               0.000         27211059.451   0.88347 
  1724.550         107.656    648.184      43.515       8.531            81991.149               0.000               0.000         27293050.599   0.88347 
  1725.550         107.622    648.990      43.515       8.531            82323.693               0.000               0.000         27375374.292   0.88347 
  1726.550         107.588    649.797      43.515       8.531            82657.469               0.000               0.000         27458031.761   0.88347 
  1727.550         107.555    650.606      43.515       8.531            82992.478               0.000               0.000         27541024.239   0.88347 
  1728.550         107.521    651.416      43.515       8.531            83328.726               0.000               0.000         27624352.965   0.88347 
  1729.550         107.487    652.227      43.515       8.531            83666.215               0.000               0.000         27708019.180   0.88347 
  1730.550         107.453    653.040      43.515       8.531            84004.948               0.000               0.000         27792024.129   0.88347 
  1731.550         107.419    653.855      43.515       8.531            84344.930               0.000               0.000         27876369.058   0.88347 
  1732.550         107.385    654.671      43.515       8.531            84686.162               0.000               0.000         27961055.220   0.88347 
  1733.550         107.351    655.488      43.515       8.531            85028.650               0.000               0.000         28046083.870   0.88347 
  1734.550         107.317    656.308      43.515       8.531            85372.395               0.000               0.000         28131456.266   0.88347 
  1735.550         107.283    657.128      43.515       8.531            85717.403               0.000               0.000         28217173.669   0.88347 
  1736.550         107.248    657.950      43.515       8.531            86063.676               0.000               0.000         28303237.344   0.88347 
  1737.550         107.214    658.774      43.515       8.531            86411.217               0.000               0.000         28389648.561   0.88347 
  1738.550         107.180    659.600      43.515       8.531            86760.031               0.000               0.000         28476408.592   0.88347 
  1739.550         107.145    660.426      43.515       8.531            87110.120               0.000               0.000         28563518.712   0.88347 
  1740.550         107.111    661.255      43.515       8.531            87461.489               0.000               0.000         28650980.200   0.88347 
  1741.550         107.076    662.085      43.515       8.531            87814.140               0.000               0.000         28738794.340   0.88347 
  1742.550         107.042    662.916      43.515       8.531            88168.078               0.000               0.000         28826962.418   0.88347 
  1743.550         107.007    663.749      43.515       8.531            88523.306               0.000               0.000         28915485.723   0.88347 
  1744.550         106.972    664.584      43.515       8.531            88879.827               0.000               0.000         29004365.551   0.88347 
  1745.550         106.938    665.420      43.515       8.531            89237.646               0.000               0.000         29093603.196   0.88347 
  1746.550         106.903    666.257      43.515       8.531            89596.766               0.000               0.000         29183199.962   0.88347 
  1747.550         106.868    667.096      43.515       8.531            89957.190               0.000               0.000         29273157.152   0.88347 
  1748.550         106.833    667.937      43.515       8.531            90318.922               0.000               0.000         29363476.074   0.88347 
  1749.550         106.798    668.779      43.515       8.531            90681.967               0.000               0.000         29454158.041   0.88347 
  1750.550         106.763    669.622      43.515       8.531            91046.327               0.000               0.000         29545204.368   0.88347 
  1751.550         106.728    670.467      43.515       8.531            91412.008               0.000               0.000         29636616.376   0.88347 
  1752.550         106.692    671.313      43.515       8.531            91779.011               0.000               0.000         29728395.387   0.88347 
  1753.550         106.657    672.161      43.515       8.531            92147.342               0.000               0.000         29820542.729   0.88347 
  1754.550         106.622    673.011      43.515       8.531            92517.003               0.000               0.000         29913059.732   0.88347 
  1755.550         106.586    673.862      43.515       8.531            92888.000               0.000               0.000         30005947.731   0.88347 
  1756.550         106.551    674.714      43.515       8.531            93260.335               0.000               0.000         30099208.067   0.88347 
  1757.550         106.515    675.569      43.515       8.531            93634.013               0.000               0.000         30192842.080   0.88347 
  1758.550         106.480    676.425      43.515       8.531            94009.038               0.000               0.000         30286851.118   0.88347 
  1759.550         106.444    677.282      43.515       8.531            94385.414               0.000               0.000         30381236.531   0.88347 
  1760.550         106.408    678.142      43.515       8.531            94763.144               0.000               0.000         30475999.676   0.88347 
  1761.550         106.373    679.003      43.515       8.531            95142.233               0.000               0.000         30571141.909   0.88347 
  1762.550         106.337    679.866      43.515       8.531            95522.685               0.000               0.000         30666664.594   0.88347 
  1763.550         106.301    680.730      43.515       8.531            95904.504               0.000               0.000         30762569.098   0.88347 
  1764.550         106.265    681.597      43.515       8.531            96287.695               0.000               0.000         30858856.792   0.88347 
  1765.550         106.229    682.464      43.515       8.531            96672.260               0.000               0.000         30955529.053   0.88347 
  1766.550         106.193    683.334      43.515       8.531            97058.205               0.000               0.000         31052587.258   0.88347 
  1767.550         106.157    684.205      43.515       8.531            97445.535               0.000               0.000         31150032.793   0.88347 
  1768.550         106.120    685.078      43.515       8.531            97834.252               0.000               0.000         31247867.045   0.88347 
  1769.550         106.084    685.953      43.515       8.531            98224.362               0.000               0.000         31346091.407   0.88347 
  1770.550         106.048    686.829      43.515       8.531            98615.869               0.000               0.000         31444707.276   0.88347 
  1771.550         106.011    687.707      43.515       8.531            99008.778               0.000               0.000         31543716.054   0.88347 
  1772.550         105.975    688.586      43.515       8.531            99403.092               0.000               0.000         31643119.146   0.88347 
  1773.550         105.938    689.467      43.515       8.531            99798.817               0.000               0.000         31742917.963   0.88347 
  1774.550         105.902    690.350      43.515       8.531           100195.956               0.000               0.000         31843113.919   0.88347 
  1775.550         105.865    691.234      43.515       8.531           100594.515               0.000               0.000         31943708.434   0.88347 
  1776.550         105.828    692.120      43.515       8.531           100994.497               0.000               0.000         32044702.931   0.88347 
  1777.550         105.791    693.008      43.515       8.531           101395.909               0.000               0.000         32146098.840   0.88347 
  1778.550         105.754    693.897      43.515       8.531           101798.753               0.000               0.000         32247897.593   0.88347 
  1779.550         105.718    694.788      43.515       8.531           102203.037               0.000               0.000         32350100.630   0.88347 
  1780.550         105.681    695.682      43.515       8.531           102608.763               0.000               0.000         32452709.393   0.88347 
  1781.550         105.643    696.579      43.515       8.531           103015.937               0.000               0.000         32555725.329   0.88347 
  1782.550         105.606    697.478      43.515       8.531           103424.564               0.000               0.000         32659149.894   0.88347 
  1783.550         105.569    698.379      43.515       8.531           103834.649               0.000               0.000         32762984.543   0.88347 
  1784.550         105.532    699.283      43.515       8.531           104246.198               0.000               0.000         32867230.741   0.88347 
  1785.550         105.494    700.190      43.515       8.531           104659.214               0.000               0.000         32971889.955   0.88347 
  1786.550         105.457    701.098      43.515       8.531           105073.704               0.000               0.000         33076963.659   0.88347 
  1787.550         105.419    702.010      43.515       8.531           105489.673               0.000               0.000         33182453.331   0.88347 
  1788.550         105.382    702.923      43.515       8.531           105907.126               0.000               0.000         33288360.457   0.88347 
  1789.550         105.344    703.839      43.515       8.531           106326.068               0.000               0.000         33394686.525   0.88347 
  1790.550         105.307    704.757      43.515       8.531           106746.505               0.000               0.000         33501433.030   0.88347 
  1791.550         105.269    705.678      43.515       8.531           107168.443               0.000               0.000         33608601.473   0.88347 
  1792.550         105.231    706.601      43.515       8.531           107591.887               0.000               0.000         33716193.360   0.88347 
  1793.550         105.193    707.527      43.515       8.531           108016.843               0.000               0.000         33824210.203   0.88347 
  1794.550         105.155    708.455      43.515       8.531           108443.316               0.000               0.000         33932653.519   0.88347 
  1795.550         105.117    709.385      43.515       8.531           108871.313               0.000               0.000         34041524.831   0.88347 
  1796.550         105.079    710.318      43.515       8.531           109300.839               0.000               0.000         34150825.671   0.88347 
  1797.550         105.041    711.253      43.515       8.531           109731.901               0.000               0.000         34260557.572   0.88347 
  1798.550         105.002    712.190      43.515       8.531           110164.504               0.000               0.000         34370722.075   0.88347 
  1799.550         104.964    713.130      43.515       8.531           110598.655               0.000               0.000         34481320.730   0.88347 
  1800.550         104.926    714.072      43.515       8.531           111034.361               0.000               0.000         34592355.091   0.88347 
  1801.550         104.887    715.023      43.515       8.531           111471.629               0.000               0.000         34703826.720   0.88347 
  1802.550         104.849    715.981      43.515       8.531           111910.468               0.000               0.000         34815737.188   0.88347 
  1803.550         104.810    716.947      43.515       8.531           112350.886               0.000               0.000         34928088.074   0.88347 
  1804.550         104.771    717.922      43.515       8.531           112792.890               0.000               0.000         35040880.963   0.88347 
  1805.550         104.733    718.904      43.515       8.531           113236.489               0.000               0.000         35154117.452   0.88347 
  1806.550         104.694    719.895      43.515       8.531           113681.691               0.000               0.000         35267799.143   0.88347 
  1807.550         104.655    720.894      43.515       8.531           114128.504               0.000               0.000         35381927.647   0.88347 
  1808.550         104.616    721.902      43.515       8.531           114576.938               0.000               0.000         35496504.585   0.88347 
  1809.550         104.577    722.918      43.515       8.531           115027.000               0.000               0.000         35611531.585   0.88347 
  1810.550         104.538    723.943      43.515       8.531           115478.701               0.000               0.000         35727010.286   0.88347 
  1811.550         104.498    724.977      43.515       8.531           115932.049               0.000               0.000         35842942.335   0.88347 
  1812.550         104.459    726.020      43.515       8.531           116387.054               0.000               0.000         35959329.389   0.88347 
  1813.550         104.420    727.072      43.515       8.531           116843.724               0.000               0.000         36076173.113   0.88347 
  1814.550         104.380    728.133      43.515       8.531           117302.070               0.000               0.000         36193475.182   0.88347 
  1815.550         104.341    729.203      43.515       8.531           117762.100               0.000               0.000         36311237.283   0.88347 
  1816.550         104.301    730.283      43.515       8.531           118223.826               0.000               0.000         36429461.109   0.88347 
  1817.550         104.262    731.373      43.515       8.531           118687.259               0.000               0.000         36548148.368   0.88347 
  1818.550         104.222    732.472      43.515       8.531           119152.406               0.000               0.000         36667300.773   0.88347 
  1819.550         104.182    733.582      43.515       8.531           119619.279               0.000               0.000         36786920.052   0.88347 
  1820.550         104.142    734.697      43.515       8.531           120087.890               0.000               0.000         36907007.943   0.88347 
  1821.550         104.102    735.816      43.515       8.531           120558.249               0.000               0.000         37027566.192   0.88347 
  1822.550         104.062    736.938      43.515       8.531           121030.367               0.000               0.000         37148596.558   0.88347 
  1823.550         104.022    738.064      43.515       8.531           121504.255               0.000               0.000         37270100.813   0.88347 
  1824.550         103.982    739.192      43.515       8.531           121979.925               0.000               0.000         37392080.738   0.88347 
  1825.550         103.942    740.324      43.515       8.531           122457.388               0.000               0.000         37514538.126   0.88347 
  1826.550         103.901    741.459      43.515       8.531           122936.657               0.000               0.000         37637474.782   0.88347 
  1827.550         103.861    742.597      43.515       8.531           123417.744               0.000               0.000         37760892.526   0.88347 
  1828.550         103.820    743.738      43.515       8.531           123900.661               0.000               0.000         37884793.187   0.88347 
  1829.550         103.780    744.882      43.515       8.531           124385.421               0.000               0.000         38009178.608   0.88347 
  1830.550         103.739    746.030      43.515       8.531           124872.037               0.000               0.000         38134050.645   0.88347 
  1831.550         103.698    747.180      43.515       8.531           125360.521               0.000               0.000         38259411.166   0.88347 
  1832.550         103.657    748.334      43.515       8.531           125850.888               0.000               0.000         38385262.054   0.88347 
  1833.550         103.616    749.490      43.515       8.531           126343.150               0.000               0.000         38511605.203   0.88347 
  1834.550         103.575    750.650      43.515       8.531           126837.321               0.000               0.000         38638442.524   0.88347 
  1835.550         103.534    751.813      43.515       8.531           127333.417               0.000               0.000         38765775.941   0.88347 
  1836.550         103.493    752.979      43.515       8.531           127831.451               0.000               0.000         38893607.392   0.88347 
  1837.550         103.452    754.148      43.515       8.531           128331.437               0.000               0.000         39021938.829   0.88347 
  1838.550         103.411    755.317      43.515       8.531           128833.392               0.000               0.000         39150772.221   0.88347 
  1839.550         103.369    756.488      43.515       8.531           129337.331               0.000               0.000         39280109.552   0.88347 
  1840.550         103.328    757.660      43.515       8.531           129843.266               0.000               0.000         39409952.818   0.88347 
  1841.550         103.286    758.832      43.515       8.531           130351.216               0.000               0.000         39540304.035   0.88347 
  1842.550         103.244    760.005      43.515       8.531           130861.198               0.000               0.000         39671165.233   0.88347 
  1843.550         103.203    761.180      43.515       8.531           131373.225               0.000               0.000         39802538.458   0.88347 
  1844.550         103.161    762.354      43.515       8.531           131887.318               0.000               0.000         39934425.776   0.88347 
  1845.550         103.119    763.530      43.515       8.531           132403.491               0.000               0.000         40066829.267   0.88347 
  1846.550         103.077    764.707      43.515       8.531           132921.761               0.000               0.000         40199751.027   0.88347 
  1847.550         103.035    765.884      43.515       8.531           133442.148               0.000               0.000         40333193.175   0.88347 
  1848.550         102.993    767.063      43.515       8.531           133964.668               0.000               0.000         40467157.843   0.88347 
  1849.550         102.951    768.242      43.515       8.531           134489.340               0.000               0.000         40601647.183   0.88347 
  1850.550         102.908    769.421      43.515       8.531           135016.184               0.000               0.000         40736663.368   0.88347 
  1851.550         102.866    770.602      43.515       8.531           135545.218               0.000               0.000         40872208.585   0.88347 
  1852.550         102.823    771.783      43.515       8.531           136076.461               0.000               0.000         41008285.047   0.88347 
  1853.550         102.781    772.965      43.515       8.531           136609.934               0.000               0.000         41144894.981   0.88347 
  1854.550         102.738    774.148      43.515       8.531           137145.658               0.000               0.000         41282040.639   0.88347 
  1855.550         102.695    775.331      43.515       8.531           137683.652               0.000               0.000         41419724.291   0.88347 
  1856.550         102.652    776.515      43.515       8.531           138223.936               0.000               0.000         41557948.227   0.88347 
  1857.550         102.609    777.698      43.515       8.531           138766.534               0.000               0.000         41696714.760   0.88347 
  1858.550         102.566    778.882      43.515       8.531           139311.466               0.000               0.000         41836026.226   0.88347 
  1859.550         102.523    780.066      43.515       8.531           139858.756               0.000               0.000         41975884.982   0.88347 
  1860.550         102.480    781.250      43.515       8.531           140408.425               0.000               0.000         42116293.407   0.88347 
  1861.550         102.437    782.434      43.515       8.531           140960.496               0.000               0.000         42257253.903   0.88347 
  1862.550         102.393    783.619      43.515       8.531           141514.994               0.000               0.000         42398768.897   0.88347 
  1863.550         102.350    784.804      43.515       8.531           142071.943               0.000               0.000         42540840.840   0.88347 
