#_______________________________________________________________________________
#    ######   ####     ##             #####   #####     ##    #    #    ## 
#    #       #        #  #            #    #  #    #   #  #   ##  ##   #  #
#    #####    ####   ######           #    #  #####   ######  # ## #  ######
#    #            #  #    #           #    #  #    #  #    #  #    #  #    #
#____######__#####___#____#___________#####___#____#__#____#__#____#__#____#____
#
#              ESA Debris Risk Assessment and Mitigation Analysis
#
#                      ---- DRAMA ( SESAM 2.1.5 ) ----
#                                      ESA 2018
#
#                              aerothermal history file
#-------------------------------------------------------------------------------
# Filename      : PySara.GRAS-GEU-internal.46aa8e19-07c1-48bf-b6d2-ea51e79d4295_AeroThermalHistory.txt
# RunID         : PySara
# ObjectID      : 46aa8e19-07c1-48bf-b6d2-ea51e79d4295
# ObjectName    : GRAS-GEU-internal
# ReferenceArea : 0.048843 [m^2]
# Content       : This file contains the aerothermal data of the object,
#                 computed by the DRAMA 3 Re-entry Analysis.
# Documentation : DRAMA Software User Manual, section OPERATIONS MANUAL / Normal operation / SARA / SARA Simulation Output / Re-entry simulation output
# Note          : The convective heat and the integrated heat values in this file take into account the visibility factor
#
#-------------------------------------------------------------------------------------------------------------------------------------------------------------------
#  Time [s]  Altitude [km]   Temp [K]   Mass [kg]   Thick [mm]  Convective Heat [W]  Radiative Heat [W]  Oxidation Heat [W]  Integrated Heat [J] VisibilityFactor [-]
#-------------------------------------------------------------------------------------------------------------------------------------------------------------------
  2805.750          60.763    300.000       0.670       0.910            23755.278               0.000               0.000                0.000   1.00000 
  2805.850          60.744    304.431       0.670       0.910            23479.378               0.000               0.000             2347.938   1.00000 
  2806.300          60.659    323.319       0.670       0.910            22246.939               0.000               0.000            12359.060   1.00000 
  2807.300          60.469    360.455       0.670       0.910            19698.773               0.000               0.000            32057.834   1.00000 
  2808.300          60.281    393.066       0.670       0.910            17336.649               0.000               0.000            49394.482   1.00000 
  2809.300          60.093    421.758       0.670       0.910            15301.553               0.000               0.000            64696.035   1.00000 
  2810.300          59.905    447.044       0.670       0.910            13542.254               0.000               0.000            78238.289   1.00000 
  2811.300          59.717    469.359       0.670       0.910            12016.401               0.000               0.000            90254.691   1.00000 
  2812.300          59.529    489.076       0.670       0.910            10688.844               0.000               0.000           100943.535   1.00000 
  2813.300          59.340    506.512       0.670       0.910             9530.322               0.000               0.000           110473.857   1.00000 
  2814.300          59.150    521.942       0.670       0.910             8516.383               0.000               0.000           118990.240   1.00000 
  2815.300          58.960    535.602       0.670       0.910             7626.525               0.000               0.000           126616.765   1.00000 
  2816.300          58.768    547.698       0.670       0.910             6843.487               0.000               0.000           133460.252   1.00000 
  2817.300          58.575    558.407       0.670       0.910             6152.697               0.000               0.000           139612.949   1.00000 
  2818.300          58.381    567.885       0.670       0.910             5541.803               0.000               0.000           145154.753   1.00000 
  2819.300          58.185    576.270       0.670       0.910             5000.305               0.000               0.000           150155.057   1.00000 
  2820.300          57.988    583.679       0.670       0.910             4519.248               0.000               0.000           154674.305   1.00000 
  2821.300          57.789    590.218       0.670       0.910             4090.972               0.000               0.000           158765.277   1.00000 
  2822.300          57.588    595.980       0.670       0.910             3708.905               0.000               0.000           162474.182   1.00000 
  2823.300          57.386    601.045       0.670       0.910             3367.392               0.000               0.000           165841.574   1.00000 
  2824.300          57.181    605.488       0.670       0.910             3061.553               0.000               0.000           168903.127   1.00000 
  2825.300          56.975    609.371       0.670       0.910             2787.170               0.000               0.000           171690.297   1.00000 
  2826.300          56.767    612.752       0.670       0.910             2540.580               0.000               0.000           174230.876   1.00000 
  2827.300          56.557    615.682       0.670       0.910             2318.600               0.000               0.000           176549.477   1.00000 
  2828.300          56.345    618.205       0.670       0.910             2118.457               0.000               0.000           178667.934   1.00000 
  2829.300          56.130    620.361       0.670       0.910             1937.727               0.000               0.000           180605.661   1.00000 
  2830.300          55.914    622.188       0.670       0.910             1774.287               0.000               0.000           182379.948   1.00000 
  2831.300          55.696    623.717       0.670       0.910             1626.276               0.000               0.000           184006.224   1.00000 
  2832.300          55.476    624.978       0.670       0.910             1492.055               0.000               0.000           185498.279   1.00000 
  2833.300          55.254    625.995       0.670       0.910             1370.181               0.000               0.000           186868.460   1.00000 
  2834.300          55.029    626.793       0.670       0.910             1259.380               0.000               0.000           188127.840   1.00000 
  2835.300          54.803    627.393       0.670       0.910             1158.526               0.000               0.000           189286.367   1.00000 
  2836.300          54.575    627.813       0.670       0.910             1066.624               0.000               0.000           190352.991   1.00000 
  2837.300          54.345    628.071       0.670       0.910              982.793               0.000               0.000           191335.784   1.00000 
  2838.300          54.112    628.182       0.670       0.910              906.248               0.000               0.000           192242.032   1.00000 
  2839.300          53.878    628.160       0.670       0.910              836.291               0.000               0.000           193078.323   1.00000 
  2840.300          53.642    628.018       0.670       0.910              772.299               0.000               0.000           193850.622   1.00000 
  2841.300          53.405    627.767       0.670       0.910              713.713               0.000               0.000           194564.335   1.00000 
  2842.300          53.165    627.418       0.670       0.910              660.034               0.000               0.000           195224.369   1.00000 
  2843.300          52.923    626.979       0.670       0.910              610.815               0.000               0.000           195835.184   1.00000 
  2844.300          52.680    626.460       0.670       0.910              565.651               0.000               0.000           196400.835   1.00000 
  2845.300          52.435    625.869       0.670       0.910              524.181               0.000               0.000           196925.016   1.00000 
  2846.300          52.189    625.212       0.670       0.910              486.079               0.000               0.000           197411.095   1.00000 
  2847.300          51.941    624.496       0.670       0.910              451.049               0.000               0.000           197862.144   1.00000 
  2848.300          51.691    623.726       0.670       0.910              418.825               0.000               0.000           198280.968   1.00000 
  2849.300          51.440    622.909       0.670       0.910              389.165               0.000               0.000           198670.134   1.00000 
  2850.300          51.188    622.048       0.670       0.910              361.853               0.000               0.000           199031.987   1.00000 
  2851.300          50.934    621.150       0.670       0.910              336.688               0.000               0.000           199368.675   1.00000 
  2852.300          50.678    620.216       0.670       0.910              313.492               0.000               0.000           199682.166   1.00000 
  2853.300          50.422    619.252       0.670       0.910              292.099               0.000               0.000           199974.266   1.00000 
  2854.300          50.164    618.260       0.670       0.910              272.362               0.000               0.000           200246.628   1.00000 
  2855.300          49.905    617.244       0.670       0.910              254.145               0.000               0.000           200500.773   1.00000 
  2856.300          49.646    616.206       0.670       0.910              237.320               0.000               0.000           200738.093   1.00000 
  2857.300          49.385    615.150       0.670       0.910              221.770               0.000               0.000           200959.863   1.00000 
  2858.300          49.123    614.076       0.670       0.910              207.386               0.000               0.000           201167.249   1.00000 
  2859.300          48.861    612.988       0.670       0.910              194.070               0.000               0.000           201361.319   1.00000 
  2860.300          48.597    611.887       0.670       0.910              181.733               0.000               0.000           201543.051   1.00000 
  2861.300          48.333    610.776       0.670       0.910              170.294               0.000               0.000           201713.345   1.00000 
  2862.300          48.069    609.655       0.670       0.910              159.680               0.000               0.000           201873.025   1.00000 
  2863.300          47.804    608.526       0.670       0.910              149.823               0.000               0.000           202022.848   1.00000 
  2864.300          47.538    607.391       0.670       0.910              140.663               0.000               0.000           202163.512   1.00000 
  2865.300          47.272    606.250       0.670       0.910              132.145               0.000               0.000           202295.657   1.00000 
  2866.300          47.006    605.105       0.670       0.910              124.218               0.000               0.000           202419.874   1.00000 
  2867.300          46.740    603.956       0.670       0.910              116.835               0.000               0.000           202536.709   1.00000 
  2868.300          46.474    602.805       0.670       0.910              109.955               0.000               0.000           202646.664   1.00000 
  2869.300          46.207    601.653       0.670       0.910              103.539               0.000               0.000           202750.203   1.00000 
  2870.300          45.941    600.500       0.670       0.910               97.552               0.000               0.000           202847.755   1.00000 
  2871.300          45.675    599.347       0.670       0.910               91.963               0.000               0.000           202939.719   1.00000 
  2872.300          45.409    598.194       0.670       0.910               86.742               0.000               0.000           203026.460   1.00000 
  2873.300          45.143    597.042       0.670       0.910               81.861               0.000               0.000           203108.322   1.00000 
  2874.300          44.878    595.892       0.670       0.910               77.298               0.000               0.000           203185.619   1.00000 
  2875.300          44.613    594.744       0.670       0.910               73.029               0.000               0.000           203258.648   1.00000 
  2876.300          44.349    593.599       0.670       0.910               69.035               0.000               0.000           203327.683   1.00000 
  2877.300          44.086    592.456       0.670       0.910               65.300               0.000               0.000           203392.983   1.00000 
  2878.300          43.823    591.317       0.670       0.910               61.805               0.000               0.000           203454.788   1.00000 
  2879.300          43.562    590.181       0.670       0.910               58.536               0.000               0.000           203513.324   1.00000 
  2880.300          43.301    589.049       0.670       0.910               55.477               0.000               0.000           203568.801   1.00000 
  2881.300          43.041    587.922       0.670       0.910               52.615               0.000               0.000           203621.415   1.00000 
  2882.300          42.782    586.799       0.670       0.910               49.935               0.000               0.000           203671.351   1.00000 
  2883.300          42.525    585.680       0.670       0.910               47.427               0.000               0.000           203718.778   1.00000 
  2884.300          42.269    584.567       0.670       0.910               45.078               0.000               0.000           203763.855   1.00000 
  2885.300          42.014    583.458       0.670       0.910               42.877               0.000               0.000           203806.733   1.00000 
  2885.500          41.963    583.238       0.670       0.910               42.244               0.000               0.000           203815.181   1.00000 
  2885.729          41.905    582.987       0.670       0.910               41.778               0.000               0.000           203824.730   1.00000 
  2885.754          41.899    582.958       0.670       0.910               41.673               0.000               0.000           203825.804   1.00000 
  2885.775          41.894    582.936       0.670       0.910               41.629               0.000               0.000           203826.662   1.00000 
  2885.807          41.885    582.900       0.670       0.910               20.817               0.000               0.000           203827.325   1.00000 
  2885.839          41.877    582.863       0.670       0.910               20.813               0.000               0.000           203827.988   1.00000 
  2885.890          41.864    582.805       0.670       0.910               20.833               0.000               0.000           203829.055   1.00000 
  2885.948          41.850    582.739       0.670       0.910               20.856               0.000               0.000           203830.268   1.00000 
  2885.973          41.843    582.711       0.670       0.910               20.868               0.000               0.000           203830.780   1.00000 
  2885.978          41.842    582.706       0.670       0.910               20.866               0.000               0.000           203830.884   1.00000 
  2885.983          41.841    582.700       0.670       0.910               20.872               0.000               0.000           203830.988   1.00000 
  2886.005          41.835    582.675       0.670       0.910               20.876               0.000               0.000           203831.457   1.00000 
  2886.037          41.827    582.638       0.670       0.910               20.879               0.000               0.000           203832.134   1.00000 
  2886.089          41.814    582.579       0.670       0.910               20.899               0.000               0.000           203833.216   1.00000 
  2886.117          41.807    582.547       0.670       0.910               20.912               0.000               0.000           203833.804   1.00000 
  2886.156          41.797    582.503       0.670       0.910               20.921               0.000               0.000           203834.617   1.00000 
  2886.206          41.784    582.447       0.670       0.910               20.924               0.000               0.000           203835.656   1.00000 
  2886.274          41.766    582.369       0.670       0.910               20.950               0.000               0.000           203837.094   1.00000 
  2886.345          41.748    582.289       0.670       0.910               20.978               0.000               0.000           203838.575   1.00000 
  2886.372          41.742    582.259       0.670       0.910               20.991               0.000               0.000           203839.133   1.00000 
  2886.389          41.737    582.240       0.670       0.910               20.996               0.000               0.000           203839.495   1.00000 
  2886.415          41.731    582.210       0.670       0.910               20.998               0.000               0.000           203840.049   1.00000 
  2886.460          41.719    582.159       0.670       0.910               21.015               0.000               0.000           203840.995   1.00000 
  2886.487          41.712    582.129       0.670       0.910               21.027               0.000               0.000           203841.548   1.00000 
  2886.524          41.703    582.087       0.670       0.910               21.035               0.000               0.000           203842.329   1.00000 
  2886.572          41.691    582.033       0.670       0.910               21.037               0.000               0.000           203843.336   1.00000 
  2886.638          41.673    581.958       0.670       0.910               21.063               0.000               0.000           203844.743   1.00000 
  2886.708          41.656    581.880       0.670       0.910               21.090               0.000               0.000           203846.201   1.00000 
  2886.739          41.647    581.844       0.670       0.910               21.105               0.000               0.000           203846.871   1.00000 
  2886.762          41.642    581.819       0.670       0.910               21.114               0.000               0.000           203847.346   1.00000 
  2886.778          41.638    581.801       0.670       0.910               21.118               0.000               0.000           203847.683   1.00000 
  2886.802          41.631    581.773       0.670       0.910               21.120               0.000               0.000           203848.205   1.00000 
  2886.845          41.620    581.724       0.670       0.910               21.136               0.000               0.000           203849.115   1.00000 
  2886.883          41.610    581.682       0.670       0.910               21.151               0.000               0.000           203849.914   1.00000 
  2886.892          41.608    581.672       0.670       0.910               21.155               0.000               0.000           203850.089   1.00000 
  2886.899          41.607    581.664       0.670       0.910               21.158               0.000               0.000           203850.240   1.00000 
  2886.906          41.605    581.656       0.670       0.910               21.160               0.000               0.000           203850.391   1.00000 
  2886.913          41.603    581.648       0.670       0.910               21.162               0.000               0.000           203850.541   1.00000 
  2886.920          41.601    581.640       0.670       0.910               21.164               0.000               0.000           203850.692   1.00000 
  2886.927          41.599    581.632       0.670       0.910               21.167               0.000               0.000           203850.843   1.00000 
  2886.934          41.597    581.624       0.670       0.910               21.169               0.000               0.000           203850.993   1.00000 
  2886.941          41.596    581.616       0.670       0.910               21.171               0.000               0.000           203851.144   1.00000 
  2886.948          41.594    581.608       0.670       0.910               21.173               0.000               0.000           203851.295   1.00000 
  2886.956          41.592    581.600       0.670       0.910               21.176               0.000               0.000           203851.446   1.00000 
  2886.963          41.590    581.592       0.670       0.910               21.178               0.000               0.000           203851.596   1.00000 
  2886.970          41.588    581.584       0.670       0.910               21.180               0.000               0.000           203851.747   1.00000 
  2886.977          41.586    581.576       0.670       0.910               21.182               0.000               0.000           203851.898   1.00000 
  2886.984          41.585    581.568       0.670       0.910               21.185               0.000               0.000           203852.049   1.00000 
  2886.991          41.583    581.560       0.670       0.910               21.187               0.000               0.000           203852.200   1.00000 
  2886.998          41.581    581.552       0.670       0.910               21.189               0.000               0.000           203852.351   1.00000 
  2887.005          41.579    581.544       0.670       0.910               21.191               0.000               0.000           203852.501   1.00000 
  2887.013          41.577    581.536       0.670       0.910               21.194               0.000               0.000           203852.652   1.00000 
  2887.020          41.575    581.528       0.670       0.910               21.196               0.000               0.000           203852.803   1.00000 
  2887.027          41.573    581.520       0.670       0.910               21.198               0.000               0.000           203852.954   1.00000 
  2887.034          41.572    581.512       0.670       0.910               21.201               0.000               0.000           203853.105   1.00000 
  2887.039          41.570    581.507       0.670       0.910               21.197               0.000               0.000           203853.208   1.00000 
  2887.044          41.569    581.501       0.670       0.910               21.203               0.000               0.000           203853.310   1.00000 
  2887.056          41.566    581.488       0.670       0.910               21.207               0.000               0.000           203853.564   1.00000 
  2887.060          41.565    581.483       0.670       0.910               21.204               0.000               0.000           203853.661   1.00000 
  2887.065          41.564    581.478       0.670       0.910               21.210               0.000               0.000           203853.759   1.00000 
  2887.076          41.561    581.465       0.670       0.910               21.214               0.000               0.000           203854.004   1.00000 
  2887.081          41.560    581.459       0.670       0.910               21.211               0.000               0.000           203854.102   1.00000 
  2887.085          41.558    581.454       0.670       0.910               21.217               0.000               0.000           203854.199   1.00000 
  2887.097          41.555    581.441       0.670       0.910               21.221               0.000               0.000           203854.444   1.00000 
  2887.102          41.554    581.436       0.670       0.910               21.218               0.000               0.000           203854.541   1.00000 
  2887.106          41.553    581.431       0.670       0.910               21.223               0.000               0.000           203854.638   1.00000 
  2887.117          41.550    581.419       0.670       0.910               21.227               0.000               0.000           203854.867   1.00000 
  2887.125          41.548    581.410       0.670       0.910               21.229               0.000               0.000           203855.033   1.00000 
  2887.139          41.545    581.394       0.670       0.910               21.230               0.000               0.000           203855.331   1.00000 
  2887.168          41.537    581.361       0.670       0.910               21.241               0.000               0.000           203855.957   1.00000 
  2887.186          41.532    581.341       0.670       0.910               21.249               0.000               0.000           203856.338   1.00000 
  2887.195          41.530    581.331       0.670       0.910               21.251               0.000               0.000           203856.530   1.00000 
  2887.211          41.526    581.313       0.670       0.910               21.253               0.000               0.000           203856.867   1.00000 
  2887.243          41.518    581.277       0.670       0.910               21.264               0.000               0.000           203857.544   1.00000 
  2887.353          41.489    581.154       0.670       0.910               21.285               0.000               0.000           203859.886   1.00000 
  2887.463          41.461    581.031       0.670       0.910               21.277               0.000               0.000           203862.227   1.00000 
  2887.958          41.332    580.476       0.670       0.910               21.446               0.000               0.000           203872.844   1.00000 
  2888.158          41.280    580.253       0.670       0.910               21.534               0.000               0.000           203877.151   1.00000 
  2888.338          41.233    580.052       0.670       0.910               21.600               0.000               0.000           203881.039   1.00000 
  2888.500          41.190    579.872       0.670       0.910               21.660               0.000               0.000           203884.548   1.00000 
  2888.646          41.152    579.710       0.670       0.910               21.713               0.000               0.000           203887.714   1.00000 
  2888.824          41.105    579.513       0.670       0.910               21.774               0.000               0.000           203891.590   1.00000 
  2888.869          41.093    579.464       0.670       0.910               21.788               0.000               0.000           203892.565   1.00000 
  2888.923          41.079    579.403       0.670       0.910               21.785               0.000               0.000           203893.753   1.00000 
  2889.169          41.014    579.132       0.670       0.910               21.861               0.000               0.000           203899.120   1.00000 
  2890.169          40.747    578.028       0.670       0.910               22.162               0.000               0.000           203921.282   1.00000 
  2891.169          40.478    576.933       0.670       0.910               22.465               0.000               0.000           203943.747   1.00000 
  2892.169          40.207    575.848       0.670       0.910               22.736               0.000               0.000           203966.483   1.00000 
  2893.169          39.933    574.772       0.670       0.910               22.970               0.000               0.000           203989.453   1.00000 
  2894.169          39.658    573.704       0.670       0.910               23.165               0.000               0.000           204012.618   1.00000 
  2895.169          39.381    572.645       0.670       0.910               23.320               0.000               0.000           204035.938   1.00000 
  2896.169          39.102    571.594       0.670       0.910               23.431               0.000               0.000           204059.369   1.00000 
  2897.169          38.823    570.551       0.670       0.910               23.498               0.000               0.000           204082.867   1.00000 
  2898.169          38.543    569.516       0.670       0.910               23.519               0.000               0.000           204106.386   1.00000 
  2899.169          38.263    568.489       0.670       0.910               23.493               0.000               0.000           204129.879   1.00000 
  2900.169          37.984    567.469       0.670       0.910               23.420               0.000               0.000           204153.299   1.00000 
  2901.169          37.704    566.456       0.670       0.910               23.299               0.000               0.000           204176.598   1.00000 
  2902.169          37.426    565.451       0.670       0.910               23.131               0.000               0.000           204199.729   1.00000 
  2903.169          37.148    564.452       0.670       0.910               22.917               0.000               0.000           204222.647   1.00000 
  2904.169          36.871    563.460       0.670       0.910               22.658               0.000               0.000           204245.305   1.00000 
  2905.169          36.597    562.475       0.670       0.910               22.355               0.000               0.000           204267.659   1.00000 
  2906.169          36.324    561.496       0.670       0.910               22.010               0.000               0.000           204289.669   1.00000 
  2907.169          36.053    560.523       0.670       0.910               21.626               0.000               0.000           204311.296   1.00000 
  2908.169          35.784    559.556       0.670       0.910               21.206               0.000               0.000           204332.502   1.00000 
  2909.169          35.518    558.595       0.670       0.910               20.753               0.000               0.000           204353.255   1.00000 
  2910.169          35.254    557.639       0.670       0.910               20.270               0.000               0.000           204373.524   1.00000 
  2911.169          34.994    556.690       0.670       0.910               19.760               0.000               0.000           204393.285   1.00000 
  2912.169          34.737    555.746       0.670       0.910               19.229               0.000               0.000           204412.514   1.00000 
  2913.169          34.482    554.807       0.670       0.910               18.678               0.000               0.000           204431.192   1.00000 
  2914.169          34.231    553.873       0.670       0.910               18.113               0.000               0.000           204449.304   1.00000 
  2915.169          33.984    552.945       0.670       0.910               17.536               0.000               0.000           204466.840   1.00000 
  2916.169          33.740    552.021       0.670       0.910               16.952               0.000               0.000           204483.792   1.00000 
  2917.169          33.500    551.103       0.670       0.910               16.365               0.000               0.000           204500.157   1.00000 
  2918.169          33.263    550.190       0.670       0.910               15.777               0.000               0.000           204515.934   1.00000 
  2919.169          33.030    549.281       0.670       0.910               15.193               0.000               0.000           204531.128   1.00000 
  2920.169          32.801    548.378       0.670       0.910               14.616               0.000               0.000           204545.743   1.00000 
  2921.169          32.575    547.479       0.670       0.910               14.047               0.000               0.000           204559.790   1.00000 
  2922.169          32.353    546.585       0.670       0.910               13.489               0.000               0.000           204573.279   1.00000 
  2923.169          32.135    545.696       0.670       0.910               12.944               0.000               0.000           204586.223   1.00000 
  2924.169          31.921    544.812       0.670       0.910               12.414               0.000               0.000           204598.637   1.00000 
  2925.169          31.710    543.932       0.670       0.910               11.900               0.000               0.000           204610.537   1.00000 
  2926.169          31.503    543.057       0.670       0.910               11.404               0.000               0.000           204621.941   1.00000 
  2927.169          31.300    542.186       0.670       0.910               10.926               0.000               0.000           204632.867   1.00000 
  2928.169          31.099    541.321       0.670       0.910               10.468               0.000               0.000           204643.335   1.00000 
  2929.169          30.903    540.460       0.670       0.910               10.029               0.000               0.000           204653.364   1.00000 
  2930.169          30.710    539.604       0.670       0.910                9.610               0.000               0.000           204662.973   1.00000 
  2931.169          30.520    538.752       0.670       0.910                9.210               0.000               0.000           204672.184   1.00000 
  2932.169          30.333    537.905       0.670       0.910                8.830               0.000               0.000           204681.014   1.00000 
  2933.169          30.149    537.063       0.670       0.910                8.469               0.000               0.000           204689.482   1.00000 
  2934.169          29.969    536.226       0.670       0.910                8.126               0.000               0.000           204697.608   1.00000 
  2935.169          29.791    535.393       0.670       0.910                7.801               0.000               0.000           204705.408   1.00000 
  2936.169          29.617    534.564       0.670       0.910                7.492               0.000               0.000           204712.901   1.00000 
  2937.169          29.445    533.741       0.670       0.910                7.201               0.000               0.000           204720.101   1.00000 
  2938.169          29.276    532.922       0.670       0.910                6.924               0.000               0.000           204727.026   1.00000 
  2939.169          29.110    532.107       0.670       0.910                6.663               0.000               0.000           204733.688   1.00000 
  2940.169          28.946    531.297       0.670       0.910                6.415               0.000               0.000           204740.104   1.00000 
  2941.169          28.785    530.492       0.670       0.910                6.181               0.000               0.000           204746.284   1.00000 
  2942.169          28.626    529.691       0.670       0.910                5.958               0.000               0.000           204752.242   1.00000 
  2943.169          28.470    528.894       0.670       0.910                5.748               0.000               0.000           204757.990   1.00000 
  2944.169          28.316    528.102       0.670       0.910                5.548               0.000               0.000           204763.538   1.00000 
  2945.169          28.165    527.315       0.670       0.910                5.359               0.000               0.000           204768.897   1.00000 
  2946.169          28.015    526.532       0.670       0.910                5.179               0.000               0.000           204774.076   1.00000 
  2947.169          27.868    525.753       0.670       0.910                5.008               0.000               0.000           204779.084   1.00000 
  2948.169          27.723    524.978       0.670       0.910                4.846               0.000               0.000           204783.930   1.00000 
  2949.169          27.580    524.208       0.670       0.910                4.692               0.000               0.000           204788.622   1.00000 
  2950.169          27.439    523.442       0.670       0.910                4.545               0.000               0.000           204793.166   1.00000 
  2951.169          27.299    522.681       0.670       0.910                4.405               0.000               0.000           204797.571   1.00000 
  2952.169          27.162    521.923       0.670       0.910                4.271               0.000               0.000           204801.842   1.00000 
  2953.169          27.027    521.170       0.670       0.910                4.144               0.000               0.000           204805.986   1.00000 
  2954.169          26.893    520.421       0.670       0.910                4.023               0.000               0.000           204810.009   1.00000 
  2955.169          26.761    519.676       0.670       0.910                3.907               0.000               0.000           204813.916   1.00000 
  2956.169          26.631    518.935       0.670       0.910                3.796               0.000               0.000           204817.711   1.00000 
  2957.169          26.502    518.199       0.670       0.910                3.690               0.000               0.000           204821.401   1.00000 
  2958.169          26.375    517.466       0.670       0.910                3.588               0.000               0.000           204824.989   1.00000 
  2959.169          26.249    516.737       0.670       0.910                3.491               0.000               0.000           204828.480   1.00000 
  2960.169          26.125    516.013       0.670       0.910                3.397               0.000               0.000           204831.877   1.00000 
  2961.169          26.003    515.292       0.670       0.910                3.308               0.000               0.000           204835.185   1.00000 
  2962.169          25.882    514.575       0.670       0.910                3.222               0.000               0.000           204838.407   1.00000 
  2963.169          25.762    513.862       0.670       0.910                3.139               0.000               0.000           204841.546   1.00000 
  2964.169          25.644    513.153       0.670       0.910                3.060               0.000               0.000           204844.606   1.00000 
  2965.169          25.527    512.448       0.670       0.910                2.984               0.000               0.000           204847.590   1.00000 
  2966.169          25.411    511.746       0.670       0.910                2.910               0.000               0.000           204850.500   1.00000 
  2967.169          25.297    511.048       0.670       0.910                2.840               0.000               0.000           204853.340   1.00000 
  2968.169          25.184    510.354       0.670       0.910                2.772               0.000               0.000           204856.112   1.00000 
  2969.169          25.072    509.664       0.670       0.910                2.706               0.000               0.000           204858.818   1.00000 
  2970.169          24.961    508.977       0.670       0.910                2.643               0.000               0.000           204861.461   1.00000 
  2971.169          24.852    508.294       0.670       0.910                2.582               0.000               0.000           204864.043   1.00000 
  2972.169          24.743    507.615       0.670       0.910                2.523               0.000               0.000           204866.565   1.00000 
  2973.169          24.636    506.939       0.670       0.910                2.466               0.000               0.000           204869.032   1.00000 
  2974.169          24.530    506.266       0.670       0.910                2.411               0.000               0.000           204871.443   1.00000 
  2975.169          24.425    505.597       0.670       0.910                2.358               0.000               0.000           204873.801   1.00000 
  2976.169          24.320    504.932       0.670       0.910                2.307               0.000               0.000           204876.108   1.00000 
  2977.169          24.217    504.270       0.670       0.910                2.257               0.000               0.000           204878.365   1.00000 
  2978.169          24.115    503.611       0.670       0.910                2.210               0.000               0.000           204880.575   1.00000 
  2979.169          24.014    502.956       0.670       0.910                2.163               0.000               0.000           204882.738   1.00000 
  2980.169          23.913    502.304       0.670       0.910                2.118               0.000               0.000           204884.856   1.00000 
  2981.169          23.814    501.656       0.670       0.910                2.075               0.000               0.000           204886.931   1.00000 
  2982.169          23.716    501.010       0.670       0.910                2.033               0.000               0.000           204888.964   1.00000 
  2983.169          23.618    500.369       0.670       0.910                1.992               0.000               0.000           204890.956   1.00000 
  2984.169          23.521    499.730       0.670       0.910                1.953               0.000               0.000           204892.908   1.00000 
  2985.169          23.425    499.094       0.670       0.910                1.914               0.000               0.000           204894.823   1.00000 
  2986.169          23.330    498.462       0.670       0.910                1.877               0.000               0.000           204896.700   1.00000 
  2987.169          23.236    497.833       0.670       0.910                1.841               0.000               0.000           204898.541   1.00000 
  2988.169          23.142    497.207       0.670       0.910                1.806               0.000               0.000           204900.346   1.00000 
  2989.169          23.050    496.584       0.670       0.910                1.772               0.000               0.000           204902.118   1.00000 
  2990.169          22.958    495.964       0.670       0.910                1.739               0.000               0.000           204903.857   1.00000 
  2991.169          22.867    495.348       0.670       0.910                1.707               0.000               0.000           204905.563   1.00000 
  2992.169          22.776    494.734       0.670       0.910                1.675               0.000               0.000           204907.239   1.00000 
  2993.169          22.686    494.123       0.670       0.910                1.645               0.000               0.000           204908.883   1.00000 
  2994.169          22.597    493.516       0.670       0.910                1.615               0.000               0.000           204910.498   1.00000 
  2995.169          22.509    492.911       0.670       0.910                1.586               0.000               0.000           204912.085   1.00000 
  2996.169          22.421    492.309       0.670       0.910                1.558               0.000               0.000           204913.643   1.00000 
  2997.169          22.334    491.710       0.670       0.910                1.531               0.000               0.000           204915.174   1.00000 
  2998.169          22.248    491.114       0.670       0.910                1.504               0.000               0.000           204916.678   1.00000 
  2999.169          22.162    490.521       0.670       0.910                1.478               0.000               0.000           204918.157   1.00000 
  3000.169          22.077    489.931       0.670       0.910                1.453               0.000               0.000           204919.610   1.00000 
  3001.169          21.993    489.343       0.670       0.910                1.428               0.000               0.000           204921.038   1.00000 
  3002.169          21.909    488.758       0.670       0.910                1.404               0.000               0.000           204922.442   1.00000 
  3003.169          21.826    488.176       0.670       0.910                1.381               0.000               0.000           204923.823   1.00000 
  3004.169          21.743    487.597       0.670       0.910                1.358               0.000               0.000           204925.181   1.00000 
  3005.169          21.661    487.021       0.670       0.910                1.335               0.000               0.000           204926.516   1.00000 
  3006.169          21.580    486.447       0.670       0.910                1.314               0.000               0.000           204927.830   1.00000 
  3007.169          21.499    485.876       0.670       0.910                1.292               0.000               0.000           204929.122   1.00000 
  3008.169          21.419    485.307       0.670       0.910                1.271               0.000               0.000           204930.393   1.00000 
  3009.169          21.339    484.742       0.670       0.910                1.251               0.000               0.000           204931.644   1.00000 
  3010.169          21.260    484.178       0.670       0.910                1.231               0.000               0.000           204932.875   1.00000 
  3011.169          21.181    483.618       0.670       0.910                1.212               0.000               0.000           204934.087   1.00000 
  3012.169          21.103    483.060       0.670       0.910                1.193               0.000               0.000           204935.279   1.00000 
  3013.169          21.025    482.504       0.670       0.910                1.174               0.000               0.000           204936.453   1.00000 
  3014.169          20.948    481.951       0.670       0.910                1.156               0.000               0.000           204937.609   1.00000 
  3015.169          20.872    481.401       0.670       0.910                1.138               0.000               0.000           204938.747   1.00000 
  3016.169          20.796    480.853       0.670       0.910                1.121               0.000               0.000           204939.867   1.00000 
  3017.169          20.720    480.307       0.670       0.910                1.103               0.000               0.000           204940.971   1.00000 
  3018.169          20.645    479.764       0.670       0.910                1.087               0.000               0.000           204942.058   1.00000 
  3019.169          20.570    479.224       0.670       0.910                1.070               0.000               0.000           204943.128   1.00000 
  3020.169          20.496    478.686       0.670       0.910                1.054               0.000               0.000           204944.182   1.00000 
  3021.169          20.423    478.150       0.670       0.910                1.039               0.000               0.000           204945.221   1.00000 
  3022.169          20.349    477.616       0.670       0.910                1.023               0.000               0.000           204946.245   1.00000 
  3023.169          20.277    477.085       0.670       0.910                1.008               0.000               0.000           204947.253   1.00000 
  3024.169          20.204    476.557       0.670       0.910                0.994               0.000               0.000           204948.247   1.00000 
  3025.169          20.133    476.030       0.670       0.910                0.979               0.000               0.000           204949.226   1.00000 
  3026.169          20.061    475.506       0.670       0.910                0.965               0.000               0.000           204950.191   1.00000 
  3027.169          19.990    474.984       0.670       0.910                0.951               0.000               0.000           204951.142   1.00000 
  3028.169          19.920    474.465       0.670       0.910                0.938               0.000               0.000           204952.080   1.00000 
  3029.169          19.850    473.948       0.670       0.910                0.924               0.000               0.000           204953.005   1.00000 
  3030.169          19.780    473.433       0.670       0.910                0.911               0.000               0.000           204953.916   1.00000 
  3031.169          19.711    472.920       0.670       0.910                0.898               0.000               0.000           204954.814   1.00000 
  3032.169          19.642    472.409       0.670       0.910                0.886               0.000               0.000           204955.700   1.00000 
  3033.169          19.573    471.901       0.670       0.910                0.874               0.000               0.000           204956.574   1.00000 
  3034.169          19.505    471.395       0.670       0.910                0.862               0.000               0.000           204957.435   1.00000 
  3035.169          19.438    470.890       0.670       0.910                0.850               0.000               0.000           204958.285   1.00000 
  3036.169          19.370    470.388       0.670       0.910                0.838               0.000               0.000           204959.123   1.00000 
  3037.169          19.304    469.889       0.670       0.910                0.827               0.000               0.000           204959.950   1.00000 
  3038.169          19.237    469.391       0.670       0.910                0.815               0.000               0.000           204960.765   1.00000 
  3039.169          19.171    468.895       0.670       0.910                0.804               0.000               0.000           204961.569   1.00000 
  3040.169          19.105    468.402       0.670       0.910                0.794               0.000               0.000           204962.363   1.00000 
  3041.169          19.040    467.910       0.670       0.910                0.783               0.000               0.000           204963.146   1.00000 
  3042.169          18.975    467.421       0.670       0.910                0.773               0.000               0.000           204963.919   1.00000 
  3043.169          18.910    466.933       0.670       0.910                0.762               0.000               0.000           204964.681   1.00000 
  3044.169          18.846    466.448       0.670       0.910                0.752               0.000               0.000           204965.434   1.00000 
  3045.169          18.782    465.964       0.670       0.910                0.743               0.000               0.000           204966.176   1.00000 
  3046.169          18.719    465.483       0.670       0.910                0.733               0.000               0.000           204966.909   1.00000 
  3047.169          18.655    465.004       0.670       0.910                0.724               0.000               0.000           204967.633   1.00000 
  3048.169          18.592    464.526       0.670       0.910                0.714               0.000               0.000           204968.347   1.00000 
  3049.169          18.530    464.051       0.670       0.910                0.705               0.000               0.000           204969.052   1.00000 
  3050.169          18.468    463.577       0.670       0.910                0.696               0.000               0.000           204969.749   1.00000 
  3051.169          18.406    463.106       0.670       0.910                0.687               0.000               0.000           204970.436   1.00000 
  3052.169          18.344    462.636       0.670       0.910                0.679               0.000               0.000           204971.115   1.00000 
  3053.169          18.283    462.168       0.670       0.910                0.670               0.000               0.000           204971.785   1.00000 
  3054.169          18.222    461.702       0.670       0.910                0.662               0.000               0.000           204972.448   1.00000 
  3055.169          18.162    461.238       0.670       0.910                0.654               0.000               0.000           204973.102   1.00000 
  3056.169          18.102    460.776       0.670       0.910                0.646               0.000               0.000           204973.748   1.00000 
  3057.169          18.042    460.316       0.670       0.910                0.638               0.000               0.000           204974.386   1.00000 
  3058.169          17.982    459.857       0.670       0.910                0.630               0.000               0.000           204975.016   1.00000 
  3059.169          17.923    459.401       0.670       0.910                0.623               0.000               0.000           204975.639   1.00000 
  3060.169          17.864    458.946       0.670       0.910                0.615               0.000               0.000           204976.254   1.00000 
  3061.169          17.805    458.493       0.670       0.910                0.608               0.000               0.000           204976.862   1.00000 
  3062.169          17.746    458.042       0.670       0.910                0.601               0.000               0.000           204977.463   1.00000 
  3063.169          17.688    457.592       0.670       0.910                0.594               0.000               0.000           204978.057   1.00000 
  3064.169          17.630    457.145       0.670       0.910                0.587               0.000               0.000           204978.644   1.00000 
  3065.169          17.573    456.699       0.670       0.910                0.580               0.000               0.000           204979.225   1.00000 
  3066.169          17.516    456.255       0.670       0.910                0.574               0.000               0.000           204979.798   1.00000 
  3067.169          17.459    455.812       0.670       0.910                0.567               0.000               0.000           204980.365   1.00000 
  3068.169          17.402    455.372       0.670       0.910                0.561               0.000               0.000           204980.926   1.00000 
  3069.169          17.345    454.933       0.670       0.910                0.554               0.000               0.000           204981.480   1.00000 
  3070.169          17.289    454.496       0.670       0.910                0.548               0.000               0.000           204982.028   1.00000 
  3071.169          17.233    454.060       0.670       0.910                0.542               0.000               0.000           204982.570   1.00000 
  3072.169          17.178    453.626       0.670       0.910                0.536               0.000               0.000           204983.106   1.00000 
  3073.169          17.122    453.194       0.670       0.910                0.530               0.000               0.000           204983.636   1.00000 
  3074.169          17.067    452.764       0.670       0.910                0.524               0.000               0.000           204984.161   1.00000 
  3075.169          17.012    452.335       0.670       0.910                0.519               0.000               0.000           204984.679   1.00000 
  3076.169          16.957    451.908       0.670       0.910                0.513               0.000               0.000           204985.193   1.00000 
  3077.169          16.903    451.482       0.670       0.910                0.508               0.000               0.000           204985.700   1.00000 
  3078.169          16.849    451.059       0.670       0.910                0.502               0.000               0.000           204986.202   1.00000 
  3079.169          16.795    450.636       0.670       0.910                0.497               0.000               0.000           204986.699   1.00000 
  3080.169          16.741    450.216       0.670       0.910                0.492               0.000               0.000           204987.191   1.00000 
  3081.169          16.688    449.797       0.670       0.910                0.487               0.000               0.000           204987.678   1.00000 
  3082.169          16.635    449.379       0.670       0.910                0.482               0.000               0.000           204988.159   1.00000 
  3083.169          16.582    448.964       0.670       0.910                0.477               0.000               0.000           204988.636   1.00000 
  3084.169          16.529    448.549       0.670       0.910                0.472               0.000               0.000           204989.108   1.00000 
  3085.169          16.477    448.137       0.670       0.910                0.467               0.000               0.000           204989.575   1.00000 
  3086.169          16.424    447.726       0.670       0.910                0.462               0.000               0.000           204990.037   1.00000 
  3087.169          16.372    447.316       0.670       0.910                0.458               0.000               0.000           204990.495   1.00000 
  3088.169          16.320    446.908       0.670       0.910                0.453               0.000               0.000           204990.949   1.00000 
  3089.169          16.269    446.502       0.670       0.910                0.449               0.000               0.000           204991.397   1.00000 
  3090.169          16.217    446.097       0.670       0.910                0.444               0.000               0.000           204991.842   1.00000 
  3091.169          16.166    445.694       0.670       0.910                0.440               0.000               0.000           204992.282   1.00000 
  3092.169          16.115    445.292       0.670       0.910                0.436               0.000               0.000           204992.718   1.00000 
  3093.169          16.065    444.891       0.670       0.910                0.432               0.000               0.000           204993.150   1.00000 
  3094.169          16.014    444.492       0.670       0.910                0.428               0.000               0.000           204993.577   1.00000 
  3095.169          15.964    444.095       0.670       0.910                0.424               0.000               0.000           204994.001   1.00000 
  3096.169          15.914    443.699       0.670       0.910                0.420               0.000               0.000           204994.421   1.00000 
  3097.169          15.864    443.305       0.670       0.910                0.416               0.000               0.000           204994.837   1.00000 
  3098.169          15.814    442.912       0.670       0.910                0.412               0.000               0.000           204995.249   1.00000 
  3099.169          15.764    442.520       0.670       0.910                0.408               0.000               0.000           204995.657   1.00000 
  3100.169          15.715    442.130       0.670       0.910                0.405               0.000               0.000           204996.061   1.00000 
  3101.169          15.666    441.742       0.670       0.910                0.401               0.000               0.000           204996.462   1.00000 
  3102.169          15.617    441.355       0.670       0.910                0.397               0.000               0.000           204996.860   1.00000 
  3103.169          15.568    440.969       0.670       0.910                0.394               0.000               0.000           204997.254   1.00000 
  3104.169          15.520    440.585       0.670       0.910                0.390               0.000               0.000           204997.644   1.00000 
  3105.169          15.471    440.202       0.670       0.910                0.387               0.000               0.000           204998.031   1.00000 
  3106.169          15.423    439.820       0.670       0.910                0.384               0.000               0.000           204998.415   1.00000 
  3107.169          15.375    439.440       0.670       0.910                0.380               0.000               0.000           204998.795   1.00000 
  3108.169          15.327    439.062       0.670       0.910                0.377               0.000               0.000           204999.172   1.00000 
  3109.169          15.280    438.684       0.670       0.910                0.374               0.000               0.000           204999.546   1.00000 
  3110.169          15.232    438.309       0.670       0.910                0.371               0.000               0.000           204999.917   1.00000 
  3111.169          15.185    437.934       0.670       0.910                0.368               0.000               0.000           205000.285   1.00000 
  3112.169          15.138    437.561       0.670       0.910                0.365               0.000               0.000           205000.650   1.00000 
  3113.169          15.091    437.189       0.670       0.910                0.362               0.000               0.000           205001.011   1.00000 
  3114.169          15.044    436.819       0.670       0.910                0.359               0.000               0.000           205001.370   1.00000 
  3115.169          14.997    436.450       0.670       0.910                0.356               0.000               0.000           205001.726   1.00000 
  3116.169          14.951    436.082       0.670       0.910                0.353               0.000               0.000           205002.079   1.00000 
  3117.169          14.904    435.716       0.670       0.910                0.350               0.000               0.000           205002.430   1.00000 
  3118.169          14.858    435.351       0.670       0.910                0.348               0.000               0.000           205002.778   1.00000 
  3119.169          14.812    434.987       0.670       0.910                0.345               0.000               0.000           205003.122   1.00000 
  3120.169          14.766    434.625       0.670       0.910                0.342               0.000               0.000           205003.465   1.00000 
  3121.169          14.721    434.264       0.670       0.910                0.340               0.000               0.000           205003.805   1.00000 
  3122.169          14.675    433.904       0.670       0.910                0.337               0.000               0.000           205004.142   1.00000 
  3123.169          14.630    433.545       0.670       0.910                0.335               0.000               0.000           205004.476   1.00000 
  3124.169          14.585    433.188       0.670       0.910                0.332               0.000               0.000           205004.808   1.00000 
  3125.169          14.540    432.832       0.670       0.910                0.330               0.000               0.000           205005.138   1.00000 
  3126.169          14.495    432.478       0.670       0.910                0.327               0.000               0.000           205005.465   1.00000 
  3127.169          14.450    432.125       0.670       0.910                0.325               0.000               0.000           205005.790   1.00000 
  3128.169          14.405    431.773       0.670       0.910                0.323               0.000               0.000           205006.113   1.00000 
  3129.169          14.361    431.422       0.670       0.910                0.320               0.000               0.000           205006.433   1.00000 
  3130.169          14.317    431.072       0.670       0.910                0.318               0.000               0.000           205006.751   1.00000 
  3131.169          14.272    430.724       0.670       0.910                0.316               0.000               0.000           205007.067   1.00000 
  3132.169          14.228    430.377       0.670       0.910                0.314               0.000               0.000           205007.381   1.00000 
  3133.169          14.185    430.032       0.670       0.910                0.311               0.000               0.000           205007.692   1.00000 
  3134.169          14.141    429.687       0.670       0.910                0.309               0.000               0.000           205008.002   1.00000 
  3135.169          14.097    429.344       0.670       0.910                0.307               0.000               0.000           205008.309   1.00000 
  3136.169          14.054    429.002       0.670       0.910                0.305               0.000               0.000           205008.614   1.00000 
  3137.169          14.010    428.661       0.670       0.910                0.303               0.000               0.000           205008.917   1.00000 
  3138.169          13.967    428.322       0.670       0.910                0.301               0.000               0.000           205009.218   1.00000 
  3139.169          13.924    427.983       0.670       0.910                0.299               0.000               0.000           205009.518   1.00000 
  3140.169          13.881    427.646       0.670       0.910                0.297               0.000               0.000           205009.815   1.00000 
  3141.169          13.838    427.311       0.670       0.910                0.295               0.000               0.000           205010.110   1.00000 
  3142.169          13.796    426.976       0.670       0.910                0.293               0.000               0.000           205010.404   1.00000 
  3143.169          13.753    426.642       0.670       0.910                0.292               0.000               0.000           205010.695   1.00000 
  3144.169          13.711    426.310       0.670       0.910                0.290               0.000               0.000           205010.985   1.00000 
  3145.169          13.668    425.979       0.670       0.910                0.288               0.000               0.000           205011.273   1.00000 
  3146.169          13.626    425.649       0.670       0.910                0.286               0.000               0.000           205011.559   1.00000 
  3147.169          13.584    425.320       0.670       0.910                0.284               0.000               0.000           205011.843   1.00000 
  3148.169          13.542    424.993       0.670       0.910                0.283               0.000               0.000           205012.126   1.00000 
  3149.169          13.500    424.666       0.670       0.910                0.281               0.000               0.000           205012.407   1.00000 
  3150.169          13.459    424.341       0.670       0.910                0.279               0.000               0.000           205012.686   1.00000 
  3151.169          13.417    424.017       0.670       0.910                0.278               0.000               0.000           205012.963   1.00000 
  3152.169          13.376    423.694       0.670       0.910                0.276               0.000               0.000           205013.239   1.00000 
  3153.169          13.334    423.372       0.670       0.910                0.274               0.000               0.000           205013.514   1.00000 
  3154.169          13.293    423.052       0.670       0.910                0.273               0.000               0.000           205013.786   1.00000 
  3155.169          13.252    422.732       0.670       0.910                0.271               0.000               0.000           205014.057   1.00000 
  3156.169          13.211    422.414       0.670       0.910                0.270               0.000               0.000           205014.327   1.00000 
  3157.169          13.170    422.097       0.670       0.910                0.268               0.000               0.000           205014.595   1.00000 
  3158.169          13.129    421.781       0.670       0.910                0.266               0.000               0.000           205014.861   1.00000 
  3159.169          13.089    421.466       0.670       0.910                0.265               0.000               0.000           205015.126   1.00000 
  3160.169          13.048    421.152       0.670       0.910                0.263               0.000               0.000           205015.390   1.00000 
  3161.169          13.008    420.839       0.670       0.910                0.262               0.000               0.000           205015.652   1.00000 
  3162.169          12.967    420.528       0.670       0.910                0.261               0.000               0.000           205015.912   1.00000 
  3163.169          12.927    420.217       0.670       0.910                0.259               0.000               0.000           205016.171   1.00000 
  3164.169          12.887    419.908       0.670       0.910                0.258               0.000               0.000           205016.429   1.00000 
  3165.169          12.847    419.599       0.670       0.910                0.256               0.000               0.000           205016.686   1.00000 
  3166.169          12.807    419.292       0.670       0.910                0.255               0.000               0.000           205016.941   1.00000 
  3167.169          12.768    418.986       0.670       0.910                0.254               0.000               0.000           205017.194   1.00000 
  3168.169          12.728    418.681       0.670       0.910                0.252               0.000               0.000           205017.446   1.00000 
  3169.169          12.688    418.377       0.670       0.910                0.251               0.000               0.000           205017.697   1.00000 
  3170.169          12.649    418.074       0.670       0.910                0.250               0.000               0.000           205017.947   1.00000 
  3171.169          12.610    417.772       0.670       0.910                0.248               0.000               0.000           205018.195   1.00000 
  3172.169          12.570    417.472       0.670       0.910                0.247               0.000               0.000           205018.442   1.00000 
  3173.169          12.531    417.172       0.670       0.910                0.246               0.000               0.000           205018.688   1.00000 
  3174.169          12.492    416.873       0.670       0.910                0.245               0.000               0.000           205018.933   1.00000 
  3175.169          12.453    416.576       0.670       0.910                0.243               0.000               0.000           205019.176   1.00000 
  3176.169          12.414    416.279       0.670       0.910                0.242               0.000               0.000           205019.418   1.00000 
  3177.169          12.376    415.984       0.670       0.910                0.241               0.000               0.000           205019.659   1.00000 
  3178.169          12.337    415.689       0.670       0.910                0.240               0.000               0.000           205019.899   1.00000 
  3179.169          12.298    415.396       0.670       0.910                0.239               0.000               0.000           205020.137   1.00000 
  3180.169          12.260    415.104       0.670       0.910                0.237               0.000               0.000           205020.375   1.00000 
  3181.169          12.221    414.812       0.670       0.910                0.236               0.000               0.000           205020.611   1.00000 
  3182.169          12.183    414.522       0.670       0.910                0.235               0.000               0.000           205020.846   1.00000 
  3183.169          12.145    414.233       0.670       0.910                0.234               0.000               0.000           205021.080   1.00000 
  3184.169          12.107    413.944       0.670       0.910                0.233               0.000               0.000           205021.313   1.00000 
  3185.169          12.069    413.657       0.670       0.910                0.232               0.000               0.000           205021.544   1.00000 
  3186.169          12.031    413.371       0.670       0.910                0.231               0.000               0.000           205021.775   1.00000 
  3187.169          11.993    413.086       0.670       0.910                0.230               0.000               0.000           205022.005   1.00000 
  3188.169          11.956    412.802       0.670       0.910                0.228               0.000               0.000           205022.233   1.00000 
  3189.169          11.918    412.518       0.670       0.910                0.227               0.000               0.000           205022.460   1.00000 
  3190.169          11.880    412.236       0.670       0.910                0.226               0.000               0.000           205022.687   1.00000 
  3191.169          11.843    411.955       0.670       0.910                0.225               0.000               0.000           205022.912   1.00000 
  3192.169          11.806    411.675       0.670       0.910                0.224               0.000               0.000           205023.137   1.00000 
  3193.169          11.768    411.396       0.670       0.910                0.223               0.000               0.000           205023.360   1.00000 
  3194.169          11.731    411.117       0.670       0.910                0.222               0.000               0.000           205023.582   1.00000 
  3195.169          11.694    410.840       0.670       0.910                0.221               0.000               0.000           205023.803   1.00000 
  3196.169          11.657    410.564       0.670       0.910                0.220               0.000               0.000           205024.024   1.00000 
  3197.169          11.620    410.289       0.670       0.910                0.219               0.000               0.000           205024.243   1.00000 
  3198.169          11.583    410.014       0.670       0.910                0.218               0.000               0.000           205024.461   1.00000 
  3199.169          11.547    409.741       0.670       0.910                0.217               0.000               0.000           205024.679   1.00000 
  3200.169          11.510    409.469       0.670       0.910                0.216               0.000               0.000           205024.895   1.00000 
  3201.169          11.474    409.197       0.670       0.910                0.216               0.000               0.000           205025.111   1.00000 
  3202.169          11.437    408.927       0.670       0.910                0.215               0.000               0.000           205025.326   1.00000 
  3203.169          11.401    408.657       0.670       0.910                0.214               0.000               0.000           205025.539   1.00000 
  3204.169          11.364    408.388       0.670       0.910                0.213               0.000               0.000           205025.752   1.00000 
  3205.169          11.328    408.121       0.670       0.910                0.212               0.000               0.000           205025.964   1.00000 
  3206.169          11.292    407.854       0.670       0.910                0.211               0.000               0.000           205026.175   1.00000 
  3207.169          11.256    407.588       0.670       0.910                0.210               0.000               0.000           205026.385   1.00000 
  3208.169          11.220    407.324       0.670       0.910                0.209               0.000               0.000           205026.594   1.00000 
  3209.169          11.184    407.060       0.670       0.910                0.208               0.000               0.000           205026.803   1.00000 
  3210.169          11.148    406.797       0.670       0.910                0.207               0.000               0.000           205027.010   1.00000 
  3211.169          11.113    406.535       0.670       0.910                0.207               0.000               0.000           205027.217   1.00000 
  3212.169          11.077    406.274       0.670       0.910                0.206               0.000               0.000           205027.422   1.00000 
  3213.169          11.041    406.013       0.670       0.910                0.205               0.000               0.000           205027.627   1.00000 
  3214.169          11.006    405.754       0.670       0.910                0.204               0.000               0.000           205027.831   1.00000 
  3215.169          10.970    405.496       0.670       0.910                0.203               0.000               0.000           205028.035   1.00000 
  3216.169          10.935    405.238       0.670       0.910                0.202               0.000               0.000           205028.237   1.00000 
  3217.169          10.900    404.982       0.670       0.910                0.202               0.000               0.000           205028.439   1.00000 
  3218.169          10.865    404.726       0.670       0.910                0.201               0.000               0.000           205028.640   1.00000 
  3219.169          10.830    404.471       0.670       0.910                0.200               0.000               0.000           205028.840   1.00000 
  3220.169          10.795    404.217       0.670       0.910                0.199               0.000               0.000           205029.039   1.00000 
  3221.169          10.760    403.964       0.670       0.910                0.198               0.000               0.000           205029.237   1.00000 
  3222.169          10.725    403.712       0.670       0.910                0.198               0.000               0.000           205029.435   1.00000 
  3223.169          10.690    403.461       0.670       0.910                0.197               0.000               0.000           205029.632   1.00000 
  3224.169          10.655    403.211       0.670       0.910                0.196               0.000               0.000           205029.828   1.00000 
  3225.169          10.621    402.961       0.670       0.910                0.195               0.000               0.000           205030.023   1.00000 
  3226.169          10.586    402.713       0.670       0.910                0.195               0.000               0.000           205030.218   1.00000 
  3227.169          10.552    402.465       0.670       0.910                0.194               0.000               0.000           205030.412   1.00000 
  3228.169          10.517    402.218       0.670       0.910                0.193               0.000               0.000           205030.605   1.00000 
  3229.169          10.483    401.972       0.670       0.910                0.192               0.000               0.000           205030.797   1.00000 
  3230.169          10.449    401.727       0.670       0.910                0.192               0.000               0.000           205030.989   1.00000 
  3231.169          10.414    401.483       0.670       0.910                0.191               0.000               0.000           205031.180   1.00000 
  3232.169          10.380    401.239       0.670       0.910                0.190               0.000               0.000           205031.370   1.00000 
  3233.169          10.346    400.997       0.670       0.910                0.189               0.000               0.000           205031.559   1.00000 
  3234.169          10.312    400.755       0.670       0.910                0.189               0.000               0.000           205031.748   1.00000 
  3235.169          10.278    400.514       0.670       0.910                0.188               0.000               0.000           205031.936   1.00000 
  3236.169          10.245    400.274       0.670       0.910                0.187               0.000               0.000           205032.123   1.00000 
  3237.169          10.211    400.035       0.670       0.910                0.187               0.000               0.000           205032.310   1.00000 
  3238.169          10.177    399.797       0.670       0.910                0.186               0.000               0.000           205032.496   1.00000 
  3239.169          10.143    399.559       0.670       0.910                0.185               0.000               0.000           205032.681   1.00000 
  3240.169          10.110    399.322       0.670       0.910                0.184               0.000               0.000           205032.865   1.00000 
  3241.169          10.076    399.086       0.670       0.910                0.184               0.000               0.000           205033.049   1.00000 
  3242.169          10.043    398.851       0.670       0.910                0.183               0.000               0.000           205033.232   1.00000 
  3243.169          10.010    398.617       0.670       0.910                0.182               0.000               0.000           205033.415   1.00000 
  3244.169           9.977    398.384       0.670       0.910                0.182               0.000               0.000           205033.597   1.00000 
  3245.169           9.943    398.151       0.670       0.910                0.181               0.000               0.000           205033.778   1.00000 
  3246.169           9.910    397.919       0.670       0.910                0.180               0.000               0.000           205033.958   1.00000 
  3247.169           9.877    397.688       0.670       0.910                0.180               0.000               0.000           205034.138   1.00000 
  3248.169           9.844    397.458       0.670       0.910                0.179               0.000               0.000           205034.317   1.00000 
  3249.169           9.811    397.228       0.670       0.910                0.178               0.000               0.000           205034.495   1.00000 
  3250.169           9.778    397.000       0.670       0.910                0.178               0.000               0.000           205034.673   1.00000 
  3251.169           9.746    396.772       0.670       0.910                0.177               0.000               0.000           205034.850   1.00000 
  3252.169           9.713    396.545       0.670       0.910                0.177               0.000               0.000           205035.027   1.00000 
  3253.169           9.680    396.318       0.670       0.910                0.176               0.000               0.000           205035.203   1.00000 
  3254.169           9.648    396.093       0.670       0.910                0.175               0.000               0.000           205035.378   1.00000 
  3255.169           9.615    395.868       0.670       0.910                0.175               0.000               0.000           205035.553   1.00000 
  3256.169           9.583    395.644       0.670       0.910                0.174               0.000               0.000           205035.727   1.00000 
  3257.169           9.551    395.421       0.670       0.910                0.173               0.000               0.000           205035.900   1.00000 
  3258.169           9.518    395.198       0.670       0.910                0.173               0.000               0.000           205036.073   1.00000 
  3259.169           9.486    394.976       0.670       0.910                0.172               0.000               0.000           205036.245   1.00000 
  3260.169           9.454    394.755       0.670       0.910                0.171               0.000               0.000           205036.416   1.00000 
  3261.169           9.422    394.535       0.670       0.910                0.171               0.000               0.000           205036.587   1.00000 
  3262.169           9.390    394.316       0.670       0.910                0.170               0.000               0.000           205036.758   1.00000 
  3263.169           9.358    394.097       0.670       0.910                0.170               0.000               0.000           205036.927   1.00000 
  3264.169           9.326    393.879       0.670       0.910                0.169               0.000               0.000           205037.096   1.00000 
  3265.169           9.294    393.662       0.670       0.910                0.168               0.000               0.000           205037.265   1.00000 
  3266.169           9.262    393.445       0.670       0.910                0.168               0.000               0.000           205037.433   1.00000 
  3267.169           9.231    393.229       0.670       0.910                0.167               0.000               0.000           205037.600   1.00000 
  3268.169           9.199    393.014       0.670       0.910                0.167               0.000               0.000           205037.767   1.00000 
  3269.169           9.168    392.800       0.670       0.910                0.166               0.000               0.000           205037.933   1.00000 
  3270.169           9.136    392.586       0.670       0.910                0.166               0.000               0.000           205038.098   1.00000 
  3271.169           9.105    392.373       0.670       0.910                0.165               0.000               0.000           205038.263   1.00000 
  3272.169           9.073    392.161       0.670       0.910                0.164               0.000               0.000           205038.427   1.00000 
  3273.169           9.042    391.949       0.670       0.910                0.164               0.000               0.000           205038.591   1.00000 
  3274.169           9.011    391.739       0.670       0.910                0.163               0.000               0.000           205038.754   1.00000 
  3275.169           8.980    391.529       0.670       0.910                0.163               0.000               0.000           205038.917   1.00000 
  3276.169           8.948    391.319       0.670       0.910                0.162               0.000               0.000           205039.079   1.00000 
  3277.169           8.917    391.111       0.670       0.910                0.162               0.000               0.000           205039.241   1.00000 
  3278.169           8.886    390.903       0.670       0.910                0.161               0.000               0.000           205039.401   1.00000 
  3279.169           8.856    390.695       0.670       0.910                0.160               0.000               0.000           205039.562   1.00000 
  3280.169           8.825    390.489       0.670       0.910                0.160               0.000               0.000           205039.722   1.00000 
  3281.169           8.794    390.283       0.670       0.910                0.159               0.000               0.000           205039.881   1.00000 
  3282.169           8.763    390.077       0.670       0.910                0.159               0.000               0.000           205040.040   1.00000 
  3283.169           8.732    389.873       0.670       0.910                0.158               0.000               0.000           205040.198   1.00000 
  3284.169           8.702    389.669       0.670       0.910                0.158               0.000               0.000           205040.356   1.00000 
  3285.169           8.671    389.466       0.670       0.910                0.157               0.000               0.000           205040.513   1.00000 
  3286.169           8.641    389.263       0.670       0.910                0.157               0.000               0.000           205040.669   1.00000 
  3287.169           8.610    389.061       0.670       0.910                0.156               0.000               0.000           205040.825   1.00000 
  3288.169           8.580    388.860       0.670       0.910                0.155               0.000               0.000           205040.981   1.00000 
  3289.169           8.550    388.660       0.670       0.910                0.155               0.000               0.000           205041.136   1.00000 
  3290.169           8.520    388.460       0.670       0.910                0.154               0.000               0.000           205041.290   1.00000 
  3291.169           8.489    388.260       0.670       0.910                0.154               0.000               0.000           205041.444   1.00000 
  3292.169           8.459    388.062       0.670       0.910                0.153               0.000               0.000           205041.597   1.00000 
  3293.169           8.429    387.864       0.670       0.910                0.153               0.000               0.000           205041.750   1.00000 
  3294.169           8.399    387.667       0.670       0.910                0.152               0.000               0.000           205041.903   1.00000 
  3295.169           8.369    387.470       0.670       0.910                0.152               0.000               0.000           205042.055   1.00000 
  3296.169           8.339    387.274       0.670       0.910                0.151               0.000               0.000           205042.206   1.00000 
  3297.169           8.310    387.079       0.670       0.910                0.151               0.000               0.000           205042.357   1.00000 
  3298.169           8.280    386.884       0.670       0.910                0.150               0.000               0.000           205042.507   1.00000 
  3299.169           8.250    386.690       0.670       0.910                0.150               0.000               0.000           205042.657   1.00000 
  3300.169           8.220    386.496       0.670       0.910                0.149               0.000               0.000           205042.806   1.00000 
  3301.169           8.191    386.303       0.670       0.910                0.149               0.000               0.000           205042.955   1.00000 
  3302.169           8.161    386.111       0.670       0.910                0.148               0.000               0.000           205043.103   1.00000 
  3303.169           8.132    385.920       0.670       0.910                0.148               0.000               0.000           205043.251   1.00000 
  3304.169           8.103    385.729       0.670       0.910                0.147               0.000               0.000           205043.398   1.00000 
  3305.169           8.073    385.538       0.670       0.910                0.147               0.000               0.000           205043.545   1.00000 
  3306.169           8.044    385.349       0.670       0.910                0.146               0.000               0.000           205043.692   1.00000 
  3307.169           8.015    385.159       0.670       0.910                0.146               0.000               0.000           205043.838   1.00000 
  3308.169           7.985    384.971       0.670       0.910                0.145               0.000               0.000           205043.983   1.00000 
  3309.169           7.956    384.783       0.670       0.910                0.145               0.000               0.000           205044.128   1.00000 
  3310.169           7.927    384.596       0.670       0.910                0.144               0.000               0.000           205044.272   1.00000 
  3311.169           7.898    384.409       0.670       0.910                0.144               0.000               0.000           205044.416   1.00000 
  3312.169           7.869    384.223       0.670       0.910                0.144               0.000               0.000           205044.560   1.00000 
  3313.169           7.840    384.037       0.670       0.910                0.143               0.000               0.000           205044.703   1.00000 
  3314.169           7.812    383.852       0.670       0.910                0.143               0.000               0.000           205044.845   1.00000 
  3315.169           7.783    383.668       0.670       0.910                0.142               0.000               0.000           205044.988   1.00000 
  3316.169           7.754    383.484       0.670       0.910                0.142               0.000               0.000           205045.129   1.00000 
  3317.169           7.725    383.301       0.670       0.910                0.141               0.000               0.000           205045.270   1.00000 
  3318.169           7.697    383.118       0.670       0.910                0.141               0.000               0.000           205045.411   1.00000 
  3319.169           7.668    382.936       0.670       0.910                0.140               0.000               0.000           205045.551   1.00000 
  3320.169           7.640    382.755       0.670       0.910                0.140               0.000               0.000           205045.691   1.00000 
  3321.169           7.611    382.574       0.670       0.910                0.139               0.000               0.000           205045.831   1.00000 
  3322.169           7.583    382.394       0.670       0.910                0.139               0.000               0.000           205045.969   1.00000 
  3323.169           7.555    382.214       0.670       0.910                0.138               0.000               0.000           205046.108   1.00000 
  3324.169           7.526    382.035       0.670       0.910                0.138               0.000               0.000           205046.246   1.00000 
  3325.169           7.498    381.856       0.670       0.910                0.138               0.000               0.000           205046.383   1.00000 
  3326.169           7.470    381.678       0.670       0.910                0.137               0.000               0.000           205046.521   1.00000 
  3327.169           7.442    381.501       0.670       0.910                0.137               0.000               0.000           205046.657   1.00000 
  3328.169           7.414    381.324       0.670       0.910                0.136               0.000               0.000           205046.794   1.00000 
  3329.169           7.386    381.148       0.670       0.910                0.136               0.000               0.000           205046.929   1.00000 
  3330.169           7.358    380.972       0.670       0.910                0.135               0.000               0.000           205047.065   1.00000 
  3331.169           7.330    380.797       0.670       0.910                0.135               0.000               0.000           205047.200   1.00000 
  3332.169           7.302    380.622       0.670       0.910                0.135               0.000               0.000           205047.334   1.00000 
  3333.169           7.274    380.448       0.670       0.910                0.134               0.000               0.000           205047.468   1.00000 
  3334.169           7.246    380.274       0.670       0.910                0.134               0.000               0.000           205047.602   1.00000 
  3335.169           7.219    380.101       0.670       0.910                0.133               0.000               0.000           205047.735   1.00000 
  3336.169           7.191    379.928       0.670       0.910                0.133               0.000               0.000           205047.868   1.00000 
  3337.169           7.163    379.756       0.670       0.910                0.132               0.000               0.000           205048.001   1.00000 
  3338.169           7.136    379.585       0.670       0.910                0.132               0.000               0.000           205048.133   1.00000 
  3339.169           7.108    379.414       0.670       0.910                0.132               0.000               0.000           205048.264   1.00000 
  3340.169           7.081    379.244       0.670       0.910                0.131               0.000               0.000           205048.395   1.00000 
  3341.169           7.054    379.074       0.670       0.910                0.131               0.000               0.000           205048.526   1.00000 
  3342.169           7.026    378.904       0.670       0.910                0.130               0.000               0.000           205048.657   1.00000 
  3343.169           6.999    378.735       0.670       0.910                0.130               0.000               0.000           205048.787   1.00000 
  3344.169           6.972    378.567       0.670       0.910                0.130               0.000               0.000           205048.916   1.00000 
  3345.169           6.944    378.399       0.670       0.910                0.129               0.000               0.000           205049.045   1.00000 
  3346.169           6.917    378.232       0.670       0.910                0.129               0.000               0.000           205049.174   1.00000 
  3347.169           6.890    378.065       0.670       0.910                0.128               0.000               0.000           205049.302   1.00000 
  3348.169           6.863    377.899       0.670       0.910                0.128               0.000               0.000           205049.430   1.00000 
  3349.169           6.836    377.733       0.670       0.910                0.128               0.000               0.000           205049.558   1.00000 
  3350.169           6.809    377.568       0.670       0.910                0.127               0.000               0.000           205049.685   1.00000 
  3351.169           6.782    377.403       0.670       0.910                0.127               0.000               0.000           205049.812   1.00000 
  3352.169           6.756    377.239       0.670       0.910                0.126               0.000               0.000           205049.938   1.00000 
  3353.169           6.729    377.075       0.670       0.910                0.126               0.000               0.000           205050.064   1.00000 
  3354.169           6.702    376.912       0.670       0.910                0.126               0.000               0.000           205050.190   1.00000 
  3355.169           6.675    376.749       0.670       0.910                0.125               0.000               0.000           205050.315   1.00000 
  3356.169           6.649    376.587       0.670       0.910                0.125               0.000               0.000           205050.440   1.00000 
  3357.169           6.622    376.425       0.670       0.910                0.124               0.000               0.000           205050.565   1.00000 
  3358.169           6.595    376.264       0.670       0.910                0.124               0.000               0.000           205050.689   1.00000 
  3359.169           6.569    376.103       0.670       0.910                0.124               0.000               0.000           205050.812   1.00000 
  3360.169           6.543    375.943       0.670       0.910                0.123               0.000               0.000           205050.936   1.00000 
  3361.169           6.516    375.783       0.670       0.910                0.123               0.000               0.000           205051.059   1.00000 
  3362.169           6.490    375.624       0.670       0.910                0.123               0.000               0.000           205051.181   1.00000 
  3363.169           6.463    375.465       0.670       0.910                0.122               0.000               0.000           205051.303   1.00000 
  3364.169           6.437    375.307       0.670       0.910                0.122               0.000               0.000           205051.425   1.00000 
  3365.169           6.411    375.149       0.670       0.910                0.121               0.000               0.000           205051.547   1.00000 
  3366.169           6.385    374.991       0.670       0.910                0.121               0.000               0.000           205051.668   1.00000 
  3367.169           6.359    374.834       0.670       0.910                0.121               0.000               0.000           205051.789   1.00000 
  3368.169           6.333    374.678       0.670       0.910                0.120               0.000               0.000           205051.909   1.00000 
  3369.169           6.306    374.522       0.670       0.910                0.120               0.000               0.000           205052.029   1.00000 
  3370.169           6.280    374.366       0.670       0.910                0.120               0.000               0.000           205052.149   1.00000 
  3371.169           6.255    374.211       0.670       0.910                0.119               0.000               0.000           205052.268   1.00000 
  3372.169           6.229    374.057       0.670       0.910                0.119               0.000               0.000           205052.387   1.00000 
  3373.169           6.203    373.902       0.670       0.910                0.119               0.000               0.000           205052.506   1.00000 
  3374.169           6.177    373.749       0.670       0.910                0.118               0.000               0.000           205052.624   1.00000 
  3375.169           6.151    373.595       0.670       0.910                0.118               0.000               0.000           205052.742   1.00000 
  3376.169           6.125    373.443       0.670       0.910                0.118               0.000               0.000           205052.860   1.00000 
  3377.169           6.100    373.290       0.670       0.910                0.117               0.000               0.000           205052.977   1.00000 
  3378.169           6.074    373.138       0.670       0.910                0.117               0.000               0.000           205053.094   1.00000 
  3379.169           6.049    372.987       0.670       0.910                0.117               0.000               0.000           205053.210   1.00000 
  3380.169           6.023    372.836       0.670       0.910                0.116               0.000               0.000           205053.326   1.00000 
  3381.169           5.998    372.686       0.670       0.910                0.116               0.000               0.000           205053.442   1.00000 
  3382.169           5.972    372.535       0.670       0.910                0.116               0.000               0.000           205053.558   1.00000 
  3383.169           5.947    372.386       0.670       0.910                0.115               0.000               0.000           205053.673   1.00000 
  3384.169           5.921    372.237       0.670       0.910                0.115               0.000               0.000           205053.788   1.00000 
  3385.169           5.896    372.088       0.670       0.910                0.115               0.000               0.000           205053.902   1.00000 
  3386.169           5.871    371.940       0.670       0.910                0.114               0.000               0.000           205054.017   1.00000 
  3387.169           5.845    371.792       0.670       0.910                0.114               0.000               0.000           205054.130   1.00000 
  3388.169           5.820    371.644       0.670       0.910                0.114               0.000               0.000           205054.244   1.00000 
  3389.169           5.795    371.497       0.670       0.910                0.113               0.000               0.000           205054.357   1.00000 
  3390.169           5.770    371.351       0.670       0.910                0.113               0.000               0.000           205054.470   1.00000 
  3391.169           5.745    371.204       0.670       0.910                0.113               0.000               0.000           205054.583   1.00000 
  3392.169           5.720    371.059       0.670       0.910                0.112               0.000               0.000           205054.695   1.00000 
  3393.169           5.695    370.913       0.670       0.910                0.112               0.000               0.000           205054.807   1.00000 
  3394.169           5.670    370.768       0.670       0.910                0.112               0.000               0.000           205054.918   1.00000 
  3395.169           5.645    370.624       0.670       0.910                0.111               0.000               0.000           205055.029   1.00000 
  3396.169           5.620    370.480       0.670       0.910                0.111               0.000               0.000           205055.140   1.00000 
  3397.169           5.595    370.336       0.670       0.910                0.111               0.000               0.000           205055.251   1.00000 
  3398.169           5.571    370.193       0.670       0.910                0.110               0.000               0.000           205055.361   1.00000 
  3399.169           5.546    370.050       0.670       0.910                0.110               0.000               0.000           205055.471   1.00000 
  3400.169           5.521    369.908       0.670       0.910                0.110               0.000               0.000           205055.581   1.00000 
  3401.169           5.496    369.766       0.670       0.910                0.109               0.000               0.000           205055.690   1.00000 
  3402.169           5.472    369.624       0.670       0.910                0.109               0.000               0.000           205055.799   1.00000 
  3403.169           5.447    369.483       0.670       0.910                0.109               0.000               0.000           205055.908   1.00000 
  3404.169           5.423    369.343       0.670       0.910                0.108               0.000               0.000           205056.017   1.00000 
  3405.169           5.398    369.202       0.670       0.910                0.108               0.000               0.000           205056.125   1.00000 
  3406.169           5.374    369.062       0.670       0.910                0.108               0.000               0.000           205056.233   1.00000 
  3407.169           5.349    368.923       0.670       0.910                0.108               0.000               0.000           205056.340   1.00000 
  3408.169           5.325    368.784       0.670       0.910                0.107               0.000               0.000           205056.447   1.00000 
  3409.169           5.301    368.645       0.670       0.910                0.107               0.000               0.000           205056.554   1.00000 
  3410.169           5.276    368.507       0.670       0.910                0.107               0.000               0.000           205056.661   1.00000 
  3411.169           5.252    368.369       0.670       0.910                0.106               0.000               0.000           205056.767   1.00000 
  3412.169           5.228    368.231       0.670       0.910                0.106               0.000               0.000           205056.873   1.00000 
  3413.169           5.204    368.094       0.670       0.910                0.106               0.000               0.000           205056.979   1.00000 
  3414.169           5.179    367.957       0.670       0.910                0.105               0.000               0.000           205057.084   1.00000 
  3415.169           5.155    367.821       0.670       0.910                0.105               0.000               0.000           205057.190   1.00000 
  3416.169           5.131    367.685       0.670       0.910                0.105               0.000               0.000           205057.294   1.00000 
  3417.169           5.107    367.550       0.670       0.910                0.105               0.000               0.000           205057.399   1.00000 
  3418.169           5.083    367.415       0.670       0.910                0.104               0.000               0.000           205057.503   1.00000 
  3419.169           5.059    367.280       0.670       0.910                0.104               0.000               0.000           205057.607   1.00000 
  3420.169           5.035    367.145       0.670       0.910                0.104               0.000               0.000           205057.711   1.00000 
  3421.169           5.011    367.011       0.670       0.910                0.103               0.000               0.000           205057.814   1.00000 
  3422.169           4.987    366.878       0.670       0.910                0.103               0.000               0.000           205057.918   1.00000 
  3423.169           4.964    366.745       0.670       0.910                0.103               0.000               0.000           205058.020   1.00000 
  3424.169           4.940    366.612       0.670       0.910                0.103               0.000               0.000           205058.123   1.00000 
  3425.169           4.916    366.479       0.670       0.910                0.102               0.000               0.000           205058.225   1.00000 
  3426.169           4.892    366.347       0.670       0.910                0.102               0.000               0.000           205058.327   1.00000 
  3427.169           4.869    366.215       0.670       0.910                0.102               0.000               0.000           205058.429   1.00000 
  3428.169           4.845    366.084       0.670       0.910                0.101               0.000               0.000           205058.531   1.00000 
  3429.169           4.822    365.953       0.670       0.910                0.101               0.000               0.000           205058.632   1.00000 
  3430.169           4.798    365.822       0.670       0.910                0.101               0.000               0.000           205058.733   1.00000 
  3431.169           4.774    365.692       0.670       0.910                0.101               0.000               0.000           205058.833   1.00000 
  3432.169           4.751    365.562       0.670       0.910                0.100               0.000               0.000           205058.934   1.00000 
  3433.169           4.727    365.433       0.670       0.910                0.100               0.000               0.000           205059.034   1.00000 
  3434.169           4.704    365.304       0.670       0.910                0.100               0.000               0.000           205059.134   1.00000 
  3435.169           4.681    365.175       0.670       0.910                0.100               0.000               0.000           205059.233   1.00000 
  3436.169           4.657    365.047       0.670       0.910                0.099               0.000               0.000           205059.332   1.00000 
  3437.169           4.634    364.919       0.670       0.910                0.099               0.000               0.000           205059.432   1.00000 
  3438.169           4.611    364.791       0.670       0.910                0.099               0.000               0.000           205059.530   1.00000 
  3439.169           4.587    364.664       0.670       0.910                0.099               0.000               0.000           205059.629   1.00000 
  3440.169           4.564    364.537       0.670       0.910                0.098               0.000               0.000           205059.727   1.00000 
  3441.169           4.541    364.410       0.670       0.910                0.098               0.000               0.000           205059.825   1.00000 
  3442.169           4.518    364.284       0.670       0.910                0.098               0.000               0.000           205059.923   1.00000 
  3443.169           4.495    364.158       0.670       0.910                0.097               0.000               0.000           205060.020   1.00000 
  3444.169           4.472    364.033       0.670       0.910                0.097               0.000               0.000           205060.117   1.00000 
  3445.169           4.449    363.907       0.670       0.910                0.097               0.000               0.000           205060.214   1.00000 
  3446.169           4.426    363.783       0.670       0.910                0.097               0.000               0.000           205060.311   1.00000 
  3447.169           4.403    363.658       0.670       0.910                0.096               0.000               0.000           205060.407   1.00000 
  3448.169           4.380    363.534       0.670       0.910                0.096               0.000               0.000           205060.504   1.00000 
  3449.169           4.357    363.410       0.670       0.910                0.096               0.000               0.000           205060.600   1.00000 
  3450.169           4.334    363.287       0.670       0.910                0.096               0.000               0.000           205060.695   1.00000 
  3451.169           4.311    363.164       0.670       0.910                0.095               0.000               0.000           205060.791   1.00000 
  3452.169           4.288    363.041       0.670       0.910                0.095               0.000               0.000           205060.886   1.00000 
  3453.169           4.265    362.919       0.670       0.910                0.095               0.000               0.000           205060.981   1.00000 
  3454.169           4.243    362.797       0.670       0.910                0.095               0.000               0.000           205061.076   1.00000 
  3455.169           4.220    362.675       0.670       0.910                0.094               0.000               0.000           205061.170   1.00000 
  3456.169           4.197    362.554       0.670       0.910                0.094               0.000               0.000           205061.264   1.00000 
  3457.169           4.175    362.433       0.670       0.910                0.094               0.000               0.000           205061.358   1.00000 
  3458.169           4.152    362.312       0.670       0.910                0.094               0.000               0.000           205061.452   1.00000 
  3459.169           4.129    362.192       0.670       0.910                0.093               0.000               0.000           205061.545   1.00000 
  3460.169           4.107    362.072       0.670       0.910                0.093               0.000               0.000           205061.639   1.00000 
  3461.169           4.084    361.952       0.670       0.910                0.093               0.000               0.000           205061.732   1.00000 
  3462.169           4.062    361.833       0.670       0.910                0.093               0.000               0.000           205061.824   1.00000 
  3463.169           4.039    361.714       0.670       0.910                0.093               0.000               0.000           205061.917   1.00000 
  3464.169           4.017    361.595       0.670       0.910                0.092               0.000               0.000           205062.009   1.00000 
  3465.169           3.994    361.477       0.670       0.910                0.092               0.000               0.000           205062.101   1.00000 
  3466.169           3.972    361.359       0.670       0.910                0.092               0.000               0.000           205062.193   1.00000 
  3467.169           3.950    361.242       0.670       0.910                0.092               0.000               0.000           205062.285   1.00000 
  3468.169           3.927    361.124       0.670       0.910                0.091               0.000               0.000           205062.376   1.00000 
  3469.169           3.905    361.007       0.670       0.910                0.091               0.000               0.000           205062.467   1.00000 
  3470.169           3.883    360.891       0.670       0.910                0.091               0.000               0.000           205062.558   1.00000 
  3471.169           3.861    360.774       0.670       0.910                0.091               0.000               0.000           205062.648   1.00000 
  3472.169           3.838    360.658       0.670       0.910                0.090               0.000               0.000           205062.739   1.00000 
  3473.169           3.816    360.543       0.670       0.910                0.090               0.000               0.000           205062.829   1.00000 
  3474.169           3.794    360.427       0.670       0.910                0.090               0.000               0.000           205062.919   1.00000 
  3475.169           3.772    360.312       0.670       0.910                0.090               0.000               0.000           205063.009   1.00000 
  3476.169           3.750    360.198       0.670       0.910                0.090               0.000               0.000           205063.098   1.00000 
  3477.169           3.728    360.083       0.670       0.910                0.089               0.000               0.000           205063.188   1.00000 
  3478.169           3.706    359.969       0.670       0.910                0.089               0.000               0.000           205063.277   1.00000 
  3479.169           3.684    359.856       0.670       0.910                0.089               0.000               0.000           205063.365   1.00000 
  3480.169           3.662    359.742       0.670       0.910                0.089               0.000               0.000           205063.454   1.00000 
  3481.169           3.640    359.629       0.670       0.910                0.088               0.000               0.000           205063.543   1.00000 
  3482.169           3.618    359.517       0.670       0.910                0.088               0.000               0.000           205063.631   1.00000 
  3483.169           3.596    359.404       0.670       0.910                0.088               0.000               0.000           205063.719   1.00000 
  3484.169           3.574    359.292       0.670       0.910                0.088               0.000               0.000           205063.806   1.00000 
  3485.169           3.552    359.180       0.670       0.910                0.088               0.000               0.000           205063.894   1.00000 
  3486.169           3.530    359.069       0.670       0.910                0.087               0.000               0.000           205063.981   1.00000 
  3487.169           3.508    358.958       0.670       0.910                0.087               0.000               0.000           205064.068   1.00000 
  3488.169           3.487    358.847       0.670       0.910                0.087               0.000               0.000           205064.155   1.00000 
  3489.169           3.465    358.736       0.670       0.910                0.087               0.000               0.000           205064.242   1.00000 
  3490.169           3.443    358.626       0.670       0.910                0.086               0.000               0.000           205064.328   1.00000 
  3491.169           3.422    358.516       0.670       0.910                0.086               0.000               0.000           205064.415   1.00000 
  3492.169           3.400    358.406       0.670       0.910                0.086               0.000               0.000           205064.501   1.00000 
  3493.169           3.378    358.297       0.670       0.910                0.086               0.000               0.000           205064.586   1.00000 
  3494.169           3.357    358.188       0.670       0.910                0.086               0.000               0.000           205064.672   1.00000 
  3495.169           3.335    358.080       0.670       0.910                0.085               0.000               0.000           205064.757   1.00000 
  3496.169           3.313    357.971       0.670       0.910                0.085               0.000               0.000           205064.843   1.00000 
  3497.169           3.292    357.863       0.670       0.910                0.085               0.000               0.000           205064.928   1.00000 
  3498.169           3.270    357.755       0.670       0.910                0.085               0.000               0.000           205065.012   1.00000 
  3499.169           3.249    357.648       0.670       0.910                0.085               0.000               0.000           205065.097   1.00000 
  3500.169           3.227    357.541       0.670       0.910                0.084               0.000               0.000           205065.181   1.00000 
  3501.169           3.206    357.434       0.670       0.910                0.084               0.000               0.000           205065.266   1.00000 
  3502.169           3.185    357.327       0.670       0.910                0.084               0.000               0.000           205065.350   1.00000 
  3503.169           3.163    357.221       0.670       0.910                0.084               0.000               0.000           205065.433   1.00000 
  3504.169           3.142    357.115       0.670       0.910                0.084               0.000               0.000           205065.517   1.00000 
  3505.169           3.121    357.010       0.670       0.910                0.083               0.000               0.000           205065.600   1.00000 
  3506.169           3.099    356.904       0.670       0.910                0.083               0.000               0.000           205065.683   1.00000 
  3507.169           3.078    356.799       0.670       0.910                0.083               0.000               0.000           205065.766   1.00000 
  3508.169           3.057    356.695       0.670       0.910                0.083               0.000               0.000           205065.849   1.00000 
  3509.169           3.035    356.590       0.670       0.910                0.083               0.000               0.000           205065.932   1.00000 
  3510.169           3.014    356.486       0.670       0.910                0.082               0.000               0.000           205066.014   1.00000 
  3511.169           2.993    356.382       0.670       0.910                0.082               0.000               0.000           205066.096   1.00000 
  3512.169           2.972    356.279       0.670       0.910                0.082               0.000               0.000           205066.178   1.00000 
  3513.169           2.951    356.175       0.670       0.910                0.082               0.000               0.000           205066.260   1.00000 
  3514.169           2.930    356.072       0.670       0.910                0.082               0.000               0.000           205066.342   1.00000 
  3515.169           2.908    355.970       0.670       0.910                0.081               0.000               0.000           205066.423   1.00000 
  3516.169           2.887    355.867       0.670       0.910                0.081               0.000               0.000           205066.504   1.00000 
  3517.169           2.866    355.765       0.670       0.910                0.081               0.000               0.000           205066.585   1.00000 
  3518.169           2.845    355.664       0.670       0.910                0.081               0.000               0.000           205066.666   1.00000 
  3519.169           2.824    355.562       0.670       0.910                0.081               0.000               0.000           205066.747   1.00000 
  3520.169           2.803    355.461       0.670       0.910                0.080               0.000               0.000           205066.827   1.00000 
  3521.169           2.782    355.360       0.670       0.910                0.080               0.000               0.000           205066.908   1.00000 
  3522.169           2.761    355.259       0.670       0.910                0.080               0.000               0.000           205066.988   1.00000 
  3523.169           2.740    355.159       0.670       0.910                0.080               0.000               0.000           205067.068   1.00000 
  3524.169           2.719    355.059       0.670       0.910                0.080               0.000               0.000           205067.147   1.00000 
  3525.169           2.699    354.959       0.670       0.910                0.080               0.000               0.000           205067.227   1.00000 
  3526.169           2.678    354.860       0.670       0.910                0.079               0.000               0.000           205067.306   1.00000 
  3527.169           2.657    354.761       0.670       0.910                0.079               0.000               0.000           205067.386   1.00000 
  3528.169           2.636    354.662       0.670       0.910                0.079               0.000               0.000           205067.464   1.00000 
  3529.169           2.615    354.563       0.670       0.910                0.079               0.000               0.000           205067.543   1.00000 
  3530.169           2.594    354.465       0.670       0.910                0.079               0.000               0.000           205067.622   1.00000 
  3531.169           2.574    354.367       0.670       0.910                0.078               0.000               0.000           205067.700   1.00000 
  3532.169           2.553    354.269       0.670       0.910                0.078               0.000               0.000           205067.779   1.00000 
  3533.169           2.532    354.172       0.670       0.910                0.078               0.000               0.000           205067.857   1.00000 
  3534.169           2.511    354.075       0.670       0.910                0.078               0.000               0.000           205067.935   1.00000 
  3535.169           2.491    353.978       0.670       0.910                0.078               0.000               0.000           205068.012   1.00000 
  3536.169           2.470    353.881       0.670       0.910                0.078               0.000               0.000           205068.090   1.00000 
  3537.169           2.449    353.785       0.670       0.910                0.077               0.000               0.000           205068.167   1.00000 
  3538.169           2.429    353.689       0.670       0.910                0.077               0.000               0.000           205068.245   1.00000 
  3539.169           2.408    353.593       0.670       0.910                0.077               0.000               0.000           205068.322   1.00000 
  3540.169           2.388    353.498       0.670       0.910                0.077               0.000               0.000           205068.398   1.00000 
  3541.169           2.367    353.403       0.670       0.910                0.077               0.000               0.000           205068.475   1.00000 
  3542.169           2.346    353.308       0.670       0.910                0.077               0.000               0.000           205068.552   1.00000 
  3543.169           2.326    353.213       0.670       0.910                0.076               0.000               0.000           205068.628   1.00000 
  3544.169           2.305    353.119       0.670       0.910                0.076               0.000               0.000           205068.704   1.00000 
  3545.169           2.285    353.025       0.670       0.910                0.076               0.000               0.000           205068.780   1.00000 
  3546.169           2.264    352.931       0.670       0.910                0.076               0.000               0.000           205068.856   1.00000 
  3547.169           2.244    352.838       0.670       0.910                0.076               0.000               0.000           205068.932   1.00000 
  3548.169           2.224    352.745       0.670       0.910                0.075               0.000               0.000           205069.007   1.00000 
  3549.169           2.203    352.652       0.670       0.910                0.075               0.000               0.000           205069.082   1.00000 
  3550.169           2.183    352.559       0.670       0.910                0.075               0.000               0.000           205069.158   1.00000 
  3551.169           2.162    352.467       0.670       0.910                0.075               0.000               0.000           205069.233   1.00000 
  3552.169           2.142    352.375       0.670       0.910                0.075               0.000               0.000           205069.307   1.00000 
  3553.169           2.122    352.283       0.670       0.910                0.075               0.000               0.000           205069.382   1.00000 
  3554.169           2.101    352.191       0.670       0.910                0.074               0.000               0.000           205069.457   1.00000 
  3555.169           2.081    352.100       0.670       0.910                0.074               0.000               0.000           205069.531   1.00000 
  3556.169           2.061    352.009       0.670       0.910                0.074               0.000               0.000           205069.605   1.00000 
  3557.169           2.040    351.918       0.670       0.910                0.074               0.000               0.000           205069.679   1.00000 
  3558.169           2.020    351.828       0.670       0.910                0.074               0.000               0.000           205069.753   1.00000 
  3559.169           2.000    351.738       0.670       0.910                0.074               0.000               0.000           205069.827   1.00000 
  3560.169           1.980    351.648       0.670       0.910                0.074               0.000               0.000           205069.900   1.00000 
  3561.169           1.959    351.558       0.670       0.910                0.073               0.000               0.000           205069.973   1.00000 
  3562.169           1.939    351.469       0.670       0.910                0.073               0.000               0.000           205070.047   1.00000 
  3563.169           1.919    351.380       0.670       0.910                0.073               0.000               0.000           205070.120   1.00000 
  3564.169           1.899    351.291       0.670       0.910                0.073               0.000               0.000           205070.193   1.00000 
  3565.169           1.879    351.203       0.670       0.910                0.073               0.000               0.000           205070.265   1.00000 
  3566.169           1.858    351.115       0.670       0.910                0.073               0.000               0.000           205070.338   1.00000 
  3567.169           1.838    351.027       0.670       0.910                0.072               0.000               0.000           205070.410   1.00000 
  3568.169           1.818    350.939       0.670       0.910                0.072               0.000               0.000           205070.483   1.00000 
  3569.169           1.798    350.852       0.670       0.910                0.072               0.000               0.000           205070.555   1.00000 
  3570.169           1.778    350.765       0.670       0.910                0.072               0.000               0.000           205070.627   1.00000 
  3571.169           1.758    350.678       0.670       0.910                0.072               0.000               0.000           205070.698   1.00000 
  3572.169           1.738    350.591       0.670       0.910                0.072               0.000               0.000           205070.770   1.00000 
  3573.169           1.718    350.505       0.670       0.910                0.071               0.000               0.000           205070.842   1.00000 
  3574.169           1.698    350.419       0.670       0.910                0.071               0.000               0.000           205070.913   1.00000 
  3575.169           1.678    350.333       0.670       0.910                0.071               0.000               0.000           205070.984   1.00000 
  3576.169           1.658    350.248       0.670       0.910                0.071               0.000               0.000           205071.055   1.00000 
  3577.169           1.638    350.162       0.670       0.910                0.071               0.000               0.000           205071.126   1.00000 
  3578.169           1.618    350.077       0.670       0.910                0.071               0.000               0.000           205071.197   1.00000 
  3579.169           1.598    349.993       0.670       0.910                0.071               0.000               0.000           205071.267   1.00000 
  3580.169           1.578    349.908       0.670       0.910                0.070               0.000               0.000           205071.338   1.00000 
  3581.169           1.558    349.824       0.670       0.910                0.070               0.000               0.000           205071.408   1.00000 
  3582.169           1.538    349.740       0.670       0.910                0.070               0.000               0.000           205071.478   1.00000 
  3583.169           1.518    349.657       0.670       0.910                0.070               0.000               0.000           205071.548   1.00000 
  3584.169           1.498    349.573       0.670       0.910                0.070               0.000               0.000           205071.618   1.00000 
  3585.169           1.478    349.490       0.670       0.910                0.070               0.000               0.000           205071.688   1.00000 
  3586.169           1.458    349.408       0.670       0.910                0.070               0.000               0.000           205071.757   1.00000 
  3587.169           1.438    349.325       0.670       0.910                0.069               0.000               0.000           205071.827   1.00000 
  3588.169           1.419    349.243       0.670       0.910                0.069               0.000               0.000           205071.896   1.00000 
  3589.169           1.399    349.161       0.670       0.910                0.069               0.000               0.000           205071.965   1.00000 
  3590.169           1.379    349.079       0.670       0.910                0.069               0.000               0.000           205072.034   1.00000 
  3591.169           1.359    348.998       0.670       0.910                0.069               0.000               0.000           205072.103   1.00000 
  3592.169           1.339    348.916       0.670       0.910                0.069               0.000               0.000           205072.171   1.00000 
  3593.169           1.319    348.836       0.670       0.910                0.069               0.000               0.000           205072.240   1.00000 
  3594.169           1.300    348.755       0.670       0.910                0.068               0.000               0.000           205072.308   1.00000 
  3595.169           1.280    348.675       0.670       0.910                0.068               0.000               0.000           205072.377   1.00000 
  3596.169           1.260    348.595       0.670       0.910                0.068               0.000               0.000           205072.445   1.00000 
  3597.169           1.240    348.515       0.670       0.910                0.068               0.000               0.000           205072.513   1.00000 
  3598.169           1.221    348.435       0.670       0.910                0.068               0.000               0.000           205072.581   1.00000 
  3599.169           1.201    348.356       0.670       0.910                0.068               0.000               0.000           205072.648   1.00000 
  3600.169           1.181    348.277       0.670       0.910                0.068               0.000               0.000           205072.716   1.00000 
  3601.169           1.161    348.198       0.670       0.910                0.067               0.000               0.000           205072.783   1.00000 
  3602.169           1.142    348.120       0.670       0.910                0.067               0.000               0.000           205072.851   1.00000 
  3603.169           1.122    348.041       0.670       0.910                0.067               0.000               0.000           205072.918   1.00000 
  3604.169           1.102    347.964       0.670       0.910                0.067               0.000               0.000           205072.985   1.00000 
  3605.169           1.083    347.886       0.670       0.910                0.067               0.000               0.000           205073.052   1.00000 
  3606.169           1.063    347.808       0.670       0.910                0.067               0.000               0.000           205073.118   1.00000 
  3607.169           1.043    347.731       0.670       0.910                0.067               0.000               0.000           205073.185   1.00000 
  3608.169           1.024    347.655       0.670       0.910                0.066               0.000               0.000           205073.251   1.00000 
  3609.169           1.004    347.578       0.670       0.910                0.066               0.000               0.000           205073.318   1.00000 
  3610.169           0.984    347.502       0.670       0.910                0.066               0.000               0.000           205073.384   1.00000 
  3611.169           0.965    347.426       0.670       0.910                0.066               0.000               0.000           205073.450   1.00000 
  3612.169           0.945    347.350       0.670       0.910                0.066               0.000               0.000           205073.516   1.00000 
  3613.169           0.926    347.274       0.670       0.910                0.066               0.000               0.000           205073.582   1.00000 
  3614.169           0.906    347.199       0.670       0.910                0.066               0.000               0.000           205073.648   1.00000 
  3615.169           0.886    347.124       0.670       0.910                0.066               0.000               0.000           205073.713   1.00000 
  3616.169           0.867    347.049       0.670       0.910                0.065               0.000               0.000           205073.779   1.00000 
  3617.169           0.847    346.975       0.670       0.910                0.065               0.000               0.000           205073.844   1.00000 
  3618.169           0.828    346.901       0.670       0.910                0.065               0.000               0.000           205073.909   1.00000 
  3619.169           0.808    346.827       0.670       0.910                0.065               0.000               0.000           205073.974   1.00000 
  3620.169           0.789    346.753       0.670       0.910                0.065               0.000               0.000           205074.039   1.00000 
  3621.169           0.769    346.680       0.670       0.910                0.065               0.000               0.000           205074.104   1.00000 
  3622.169           0.750    346.607       0.670       0.910                0.065               0.000               0.000           205074.168   1.00000 
  3623.169           0.730    346.534       0.670       0.910                0.065               0.000               0.000           205074.233   1.00000 
  3624.169           0.711    346.462       0.670       0.910                0.064               0.000               0.000           205074.297   1.00000 
  3625.169           0.691    346.389       0.670       0.910                0.064               0.000               0.000           205074.362   1.00000 
  3626.169           0.671    346.317       0.670       0.910                0.064               0.000               0.000           205074.426   1.00000 
  3627.169           0.652    346.246       0.670       0.910                0.064               0.000               0.000           205074.490   1.00000 
  3628.169           0.632    346.174       0.670       0.910                0.064               0.000               0.000           205074.554   1.00000 
  3629.169           0.613    346.103       0.670       0.910                0.064               0.000               0.000           205074.617   1.00000 
  3630.169           0.594    346.032       0.670       0.910                0.064               0.000               0.000           205074.681   1.00000 
  3631.169           0.574    345.961       0.670       0.910                0.064               0.000               0.000           205074.745   1.00000 
  3632.169           0.555    345.891       0.670       0.910                0.063               0.000               0.000           205074.808   1.00000 
  3633.169           0.535    345.821       0.670       0.910                0.063               0.000               0.000           205074.871   1.00000 
  3634.169           0.516    345.751       0.670       0.910                0.063               0.000               0.000           205074.935   1.00000 
  3635.169           0.496    345.682       0.670       0.910                0.063               0.000               0.000           205074.998   1.00000 
  3636.169           0.477    345.612       0.670       0.910                0.063               0.000               0.000           205075.060   1.00000 
  3637.169           0.457    345.543       0.670       0.910                0.063               0.000               0.000           205075.123   1.00000 
  3638.169           0.438    345.475       0.670       0.910                0.063               0.000               0.000           205075.186   1.00000 
  3639.169           0.418    345.406       0.670       0.910                0.063               0.000               0.000           205075.249   1.00000 
  3640.169           0.399    345.338       0.670       0.910                0.062               0.000               0.000           205075.311   1.00000 
  3641.169           0.379    345.270       0.670       0.910                0.062               0.000               0.000           205075.373   1.00000 
  3642.169           0.360    345.202       0.670       0.910                0.062               0.000               0.000           205075.436   1.00000 
  3643.169           0.341    345.135       0.670       0.910                0.062               0.000               0.000           205075.498   1.00000 
  3644.169           0.321    345.068       0.670       0.910                0.062               0.000               0.000           205075.560   1.00000 
  3645.169           0.302    345.001       0.670       0.910                0.062               0.000               0.000           205075.621   1.00000 
  3646.169           0.282    344.935       0.670       0.910                0.062               0.000               0.000           205075.683   1.00000 
  3647.169           0.263    344.868       0.670       0.910                0.062               0.000               0.000           205075.745   1.00000 
  3648.169           0.244    344.803       0.670       0.910                0.062               0.000               0.000           205075.806   1.00000 
  3649.169           0.224    344.737       0.670       0.910                0.061               0.000               0.000           205075.868   1.00000 
  3650.169           0.205    344.671       0.670       0.910                0.061               0.000               0.000           205075.929   1.00000 
  3651.169           0.185    344.606       0.670       0.910                0.061               0.000               0.000           205075.990   1.00000 
  3652.169           0.166    344.541       0.670       0.910                0.061               0.000               0.000           205076.051   1.00000 
  3653.169           0.147    344.477       0.670       0.910                0.061               0.000               0.000           205076.112   1.00000 
  3654.169           0.127    344.413       0.670       0.910                0.061               0.000               0.000           205076.173   1.00000 
  3655.169           0.108    344.349       0.670       0.910                0.061               0.000               0.000           205076.234   1.00000 
  3656.169           0.088    344.285       0.670       0.910                0.061               0.000               0.000           205076.294   1.00000 
  3657.169           0.069    344.221       0.670       0.910                0.060               0.000               0.000           205076.355   1.00000 
  3658.169           0.050    344.158       0.670       0.910                0.060               0.000               0.000           205076.415   1.00000 
  3659.169           0.030    344.095       0.670       0.910                0.060               0.000               0.000           205076.475   1.00000 
  3660.169           0.011    344.033       0.670       0.910                0.060               0.000               0.000           205076.536   1.00000 
  3661.169           0.000    343.970       0.670       0.910                0.060               0.000               0.000           205076.596   1.00000 
