#_______________________________________________________________________________
#    ######   ####     ##             #####   #####     ##    #    #    ## 
#    #       #        #  #            #    #  #    #   #  #   ##  ##   #  #
#    #####    ####   ######           #    #  #####   ######  # ## #  ######
#    #            #  #    #           #    #  #    #  #    #  #    #  #    #
#____######__#####___#____#___________#####___#____#__#____#__#____#__#____#____
#
#              ESA Debris Risk Assessment and Mitigation Analysis
#
#                      ---- DRAMA ( SESAM 2.1.5 ) ----
#                                      ESA 2018
#
#                              aerothermal history file
#-------------------------------------------------------------------------------
# Filename      : PySara.SheWallZ1.e33ba8a5-64be-479d-97b6-eaea89d23437_AeroThermalHistory.txt
# RunID         : PySara
# ObjectID      : e33ba8a5-64be-479d-97b6-eaea89d23437
# ObjectName    : SheWallZ1
# ReferenceArea : 0.082 [m^2]
# Content       : This file contains the aerothermal data of the object,
#                 computed by the DRAMA 3 Re-entry Analysis.
# Documentation : DRAMA Software User Manual, section OPERATIONS MANUAL / Normal operation / SARA / SARA Simulation Output / Re-entry simulation output
# Note          : The convective heat and the integrated heat values in this file take into account the visibility factor
#
#-------------------------------------------------------------------------------------------------------------------------------------------------------------------
#  Time [s]  Altitude [km]   Temp [K]   Mass [kg]   Thick [mm]  Convective Heat [W]  Radiative Heat [W]  Oxidation Heat [W]  Integrated Heat [J] VisibilityFactor [-]
#-------------------------------------------------------------------------------------------------------------------------------------------------------------------
  2750.200          70.465    300.000       5.000      12.129           348138.262               0.000               0.000                0.000   1.00000 
  2750.300          70.452    307.885       5.000      12.129           347203.458               0.000               0.000            34720.346   1.00000 
  2750.750          70.389    342.799       5.000      12.129           342882.296               0.000               0.000           189017.379   1.00000 
  2751.750          70.251    416.972       5.000      12.129           333097.983               0.000               0.000           522115.362   1.00000 
  2752.750          70.113    485.600       5.000      12.129           322785.946               0.000               0.000           844901.308   1.00000 
  2753.750          69.976    545.255       5.000      12.129           312683.376               0.000               0.000          1157584.684   1.00000 
  2754.750          69.838    601.844       5.000      12.129           302796.647               0.000               0.000          1460381.331   1.00000 
  2755.750          69.700    654.711       5.000      12.129           293130.543               0.000               0.000          1753511.874   1.00000 
  2756.750          69.562    701.233       5.000      12.129           283688.532               0.000               0.000          2037200.406   1.00000 
  2757.750          69.423    743.967       5.000      12.129           274472.838               0.000               0.000          2311673.243   1.00000 
  2758.750          69.284    791.637       5.000      12.129           265484.634               0.000               0.000          2577157.877   1.00000 
  2759.750          69.144    837.643       5.000      12.129           256724.121               0.000               0.000          2833881.998   1.00000 
  2760.750          69.002    850.000       4.578      11.004           248190.638               0.000               0.000          3082072.636   1.00000 
  2761.750          68.860    850.000       4.011       9.524           239017.285               0.000               0.000          3321089.921   1.00000 
  2762.750          68.716    850.000       3.469       8.146           228618.357               0.000               0.000          3549708.277   1.00000 
  2763.750          68.572    850.000       2.957       6.872           216779.562               0.000               0.000          3766487.839   1.00000 
  2764.750          68.428    850.000       2.478       5.707           203319.306               0.000               0.000          3969807.145   1.00000 
  2765.750          68.283    850.000       2.038       4.654           188055.231               0.000               0.000          4157862.376   1.00000 
  2766.750          68.138    850.000       1.640       3.719           170831.624               0.000               0.000          4328694.000   1.00000 
  2767.750          67.994    850.000       1.291       2.909           151574.983               0.000               0.000          4480268.983   1.00000 
  2768.750          67.852    850.000       0.995       2.229           130396.740               0.000               0.000          4610665.723   1.00000 
  2769.750          67.713    850.000       0.755       1.685           107759.339               0.000               0.000          4718425.062   1.00000 
  2770.750          67.578    850.000       0.573       1.275            84679.076               0.000               0.000          4803104.138   1.00000 
  2771.750          67.448    850.000       0.446       0.990            62805.607               0.000               0.000          4865909.745   1.00000 
  2772.750          67.325    850.000       0.366       0.810            44057.560               0.000               0.000          4909967.305   1.00000 
  2773.750          67.210    850.000       0.321       0.711            29736.569               0.000               0.000          4939703.875   1.00000 
  2774.750          67.101    850.000       0.301       0.667            19863.676               0.000               0.000          4959567.551   1.00000 
  2775.750          66.997    850.000       0.297       0.658            13487.079               0.000               0.000          4973054.630   1.00000 
  2776.750          66.897    842.751       0.297       0.658             9460.235               0.000               0.000          4982514.865   1.00000 
  2777.750          66.798    828.768       0.297       0.658             6855.494               0.000               0.000          4989370.358   1.00000 
  2778.750          66.701    811.418       0.297       0.658             5106.308               0.000               0.000          4994476.667   1.00000 
  2779.750          66.603    792.889       0.297       0.658             3892.278               0.000               0.000          4998368.945   1.00000 
  2780.750          66.505    774.251       0.297       0.658             3025.857               0.000               0.000          5001394.802   1.00000 
  2781.750          66.405    756.074       0.297       0.658             2392.581               0.000               0.000          5003787.383   1.00000 
  2782.750          66.303    738.749       0.297       0.658             1920.051               0.000               0.000          5005707.435   1.00000 
  2783.750          66.200    722.730       0.297       0.658             1561.041               0.000               0.000          5007268.476   1.00000 
  2784.750          66.094    708.760       0.297       0.658             1283.904               0.000               0.000          5008552.380   1.00000 
  2785.750          65.985    696.306       0.297       0.658             1066.927               0.000               0.000          5009619.307   1.00000 
  2786.750          65.874    684.462       0.297       0.658              894.893               0.000               0.000          5010514.200   1.00000 
  2787.750          65.759    673.107       0.297       0.658              756.938               0.000               0.000          5011271.139   1.00000 
  2788.750          65.642    662.199       0.297       0.658              645.172               0.000               0.000          5011916.311   1.00000 
  2789.750          65.522    651.691       0.297       0.658              553.778               0.000               0.000          5012470.089   1.00000 
  2790.750          65.399    641.576       0.297       0.658              478.406               0.000               0.000          5012948.495   1.00000 
  2791.750          65.272    631.829       0.297       0.658              415.763               0.000               0.000          5013364.257   1.00000 
  2792.750          65.142    622.440       0.297       0.658              363.327               0.000               0.000          5013727.584   1.00000 
  2793.750          65.009    613.397       0.297       0.658              319.146               0.000               0.000          5014046.730   1.00000 
  2794.750          64.872    604.688       0.297       0.658              281.693               0.000               0.000          5014328.423   1.00000 
  2795.750          64.733    596.291       0.297       0.658              249.766               0.000               0.000          5014578.188   1.00000 
  2796.750          64.590    588.194       0.297       0.658              222.410               0.000               0.000          5014800.598   1.00000 
  2797.750          64.443    580.390       0.297       0.658              198.859               0.000               0.000          5014999.457   1.00000 
  2798.750          64.294    572.871       0.297       0.658              178.493               0.000               0.000          5015177.950   1.00000 
  2799.750          64.141    565.624       0.297       0.658              160.809               0.000               0.000          5015338.759   1.00000 
  2800.750          63.984    558.741       0.297       0.658              145.396               0.000               0.000          5015484.155   1.00000 
  2801.750          63.825    552.192       0.297       0.658              131.913               0.000               0.000          5015616.068   1.00000 
  2802.750          63.662    545.958       0.297       0.658              120.081               0.000               0.000          5015736.149   1.00000 
  2803.750          63.497    540.057       0.297       0.658              109.663               0.000               0.000          5015845.812   1.00000 
  2804.750          63.328    534.457       0.297       0.658              100.466               0.000               0.000          5015946.278   1.00000 
  2805.750          63.156    529.133       0.297       0.658               92.324               0.000               0.000          5016038.603   1.00000 
  2806.750          62.982    524.048       0.297       0.658               85.098               0.000               0.000          5016123.701   1.00000 
  2807.750          62.804    519.181       0.297       0.658               78.671               0.000               0.000          5016202.371   1.00000 
  2808.750          62.624    514.516       0.297       0.658               72.941               0.000               0.000          5016275.312   1.00000 
  2809.750          62.440    510.040       0.297       0.658               67.822               0.000               0.000          5016343.134   1.00000 
  2810.750          62.254    505.704       0.297       0.658               63.240               0.000               0.000          5016406.374   1.00000 
  2811.750          62.066    501.486       0.297       0.658               59.133               0.000               0.000          5016465.506   1.00000 
  2812.750          61.875    497.382       0.297       0.658               55.445               0.000               0.000          5016520.951   1.00000 
  2813.750          61.682    493.386       0.297       0.658               52.128               0.000               0.000          5016573.079   1.00000 
  2814.750          61.486    489.496       0.297       0.658               49.141               0.000               0.000          5016622.220   1.00000 
  2815.750          61.288    485.690       0.297       0.658               46.447               0.000               0.000          5016668.668   1.00000 
  2816.750          61.088    481.964       0.297       0.658               44.015               0.000               0.000          5016712.682   1.00000 
  2817.750          60.886    478.316       0.297       0.658               41.815               0.000               0.000          5016754.498   1.00000 
  2818.750          60.682    474.743       0.297       0.658               39.824               0.000               0.000          5016794.321   1.00000 
  2818.822          60.667    474.492       0.297       0.658               39.471               0.000               0.000          5016797.155   1.00000 
  2818.872          60.657    474.315       0.297       0.658               39.372               0.000               0.000          5016799.149   1.00000 
  2818.901          60.651    474.217       0.297       0.658               39.315               0.000               0.000          5016800.253   1.00000 
  2818.922          60.646    474.143       0.297       0.658               39.274               0.000               0.000          5016801.096   1.00000 
  2818.938          60.643    474.087       0.297       0.658               19.629               0.000               0.000          5016801.405   1.00000 
  2818.955          60.640    474.027       0.297       0.658               19.633               0.000               0.000          5016801.735   1.00000 
  2819.030          60.624    473.759       0.297       0.658               19.651               0.000               0.000          5016803.221   1.00000 
  2819.371          60.554    472.554       0.297       0.658               19.733               0.000               0.000          5016809.940   1.00000 
  2820.371          60.343    469.046       0.297       0.658               19.985               0.000               0.000          5016829.925   1.00000 
  2821.371          60.127    465.633       0.297       0.658               20.272               0.000               0.000          5016850.196   1.00000 
  2822.371          59.906    462.313       0.297       0.658               20.568               0.000               0.000          5016870.765   1.00000 
  2823.371          59.680    459.080       0.297       0.658               20.873               0.000               0.000          5016891.637   1.00000 
  2824.371          59.450    455.934       0.297       0.658               21.182               0.000               0.000          5016912.819   1.00000 
  2825.371          59.215    452.870       0.297       0.658               21.491               0.000               0.000          5016934.310   1.00000 
  2826.371          58.975    449.885       0.297       0.658               21.798               0.000               0.000          5016956.108   1.00000 
  2827.371          58.732    446.987       0.297       0.658               22.099               0.000               0.000          5016978.207   1.00000 
  2828.371          58.485    444.170       0.297       0.658               22.391               0.000               0.000          5017000.598   1.00000 
  2829.371          58.235    441.432       0.297       0.658               22.670               0.000               0.000          5017023.268   1.00000 
  2830.371          57.981    438.769       0.297       0.658               22.932               0.000               0.000          5017046.201   1.00000 
  2831.371          57.725    436.179       0.297       0.658               23.175               0.000               0.000          5017069.376   1.00000 
  2832.371          57.466    433.660       0.297       0.658               23.396               0.000               0.000          5017092.772   1.00000 
  2833.371          57.205    431.207       0.297       0.658               23.591               0.000               0.000          5017116.363   1.00000 
  2834.371          56.941    428.821       0.297       0.658               23.758               0.000               0.000          5017140.122   1.00000 
  2835.371          56.676    426.499       0.297       0.658               23.895               0.000               0.000          5017164.016   1.00000 
  2836.371          56.409    424.238       0.297       0.658               23.999               0.000               0.000          5017188.015   1.00000 
  2837.371          56.141    422.037       0.297       0.658               24.068               0.000               0.000          5017212.083   1.00000 
  2838.371          55.871    419.893       0.297       0.658               24.102               0.000               0.000          5017236.186   1.00000 
  2839.371          55.601    417.803       0.297       0.658               24.100               0.000               0.000          5017260.285   1.00000 
  2840.371          55.331    415.766       0.297       0.658               24.059               0.000               0.000          5017284.345   1.00000 
  2841.371          55.060    413.779       0.297       0.658               23.982               0.000               0.000          5017308.326   1.00000 
  2842.371          54.790    411.840       0.297       0.658               23.866               0.000               0.000          5017332.193   1.00000 
  2843.371          54.519    409.947       0.297       0.658               23.714               0.000               0.000          5017355.907   1.00000 
  2844.371          54.249    408.099       0.297       0.658               23.526               0.000               0.000          5017379.432   1.00000 
  2845.371          53.980    406.292       0.297       0.658               23.303               0.000               0.000          5017402.735   1.00000 
  2846.371          53.712    404.526       0.297       0.658               23.047               0.000               0.000          5017425.782   1.00000 
  2847.371          53.444    402.799       0.297       0.658               22.759               0.000               0.000          5017448.541   1.00000 
  2848.371          53.178    401.110       0.297       0.658               22.442               0.000               0.000          5017470.983   1.00000 
  2849.371          52.914    399.456       0.297       0.658               22.096               0.000               0.000          5017493.079   1.00000 
  2850.371          52.651    397.837       0.297       0.658               21.726               0.000               0.000          5017514.805   1.00000 
  2851.371          52.391    396.251       0.297       0.658               21.332               0.000               0.000          5017536.137   1.00000 
  2852.371          52.132    394.697       0.297       0.658               20.918               0.000               0.000          5017557.055   1.00000 
  2853.371          51.875    393.174       0.297       0.658               20.485               0.000               0.000          5017577.540   1.00000 
  2854.371          51.621    391.680       0.297       0.658               20.037               0.000               0.000          5017597.577   1.00000 
  2855.371          51.369    390.215       0.297       0.658               19.575               0.000               0.000          5017617.152   1.00000 
  2856.371          51.119    388.777       0.297       0.658               19.102               0.000               0.000          5017636.254   1.00000 
  2857.371          50.872    387.365       0.297       0.658               18.621               0.000               0.000          5017654.875   1.00000 
  2858.371          50.628    385.979       0.297       0.658               18.134               0.000               0.000          5017673.009   1.00000 
  2859.371          50.387    384.618       0.297       0.658               17.643               0.000               0.000          5017690.652   1.00000 
  2860.371          50.148    383.280       0.297       0.658               17.150               0.000               0.000          5017707.802   1.00000 
  2861.371          49.912    381.965       0.297       0.658               16.658               0.000               0.000          5017724.460   1.00000 
  2862.371          49.679    380.672       0.297       0.658               16.167               0.000               0.000          5017740.627   1.00000 
  2863.371          49.449    379.401       0.297       0.658               15.681               0.000               0.000          5017756.308   1.00000 
  2864.371          49.222    378.150       0.297       0.658               15.200               0.000               0.000          5017771.508   1.00000 
  2865.371          48.998    376.919       0.297       0.658               14.726               0.000               0.000          5017786.234   1.00000 
  2866.371          48.777    375.708       0.297       0.658               14.260               0.000               0.000          5017800.494   1.00000 
  2867.371          48.559    374.515       0.297       0.658               13.803               0.000               0.000          5017814.297   1.00000 
  2868.371          48.344    373.341       0.297       0.658               13.357               0.000               0.000          5017827.655   1.00000 
  2869.371          48.131    372.185       0.297       0.658               12.922               0.000               0.000          5017840.577   1.00000 
  2870.371          47.922    371.046       0.297       0.658               12.499               0.000               0.000          5017853.076   1.00000 
  2871.371          47.715    369.924       0.297       0.658               12.088               0.000               0.000          5017865.163   1.00000 
  2872.371          47.512    368.818       0.297       0.658               11.689               0.000               0.000          5017876.853   1.00000 
  2873.371          47.311    367.728       0.297       0.658               11.304               0.000               0.000          5017888.157   1.00000 
  2874.371          47.113    366.654       0.297       0.658               10.931               0.000               0.000          5017899.088   1.00000 
  2875.371          46.917    365.595       0.297       0.658               10.572               0.000               0.000          5017909.660   1.00000 
  2876.371          46.724    364.552       0.297       0.658               10.226               0.000               0.000          5017919.886   1.00000 
  2877.371          46.534    363.522       0.297       0.658                9.893               0.000               0.000          5017929.779   1.00000 
  2878.371          46.347    362.507       0.297       0.658                9.572               0.000               0.000          5017939.351   1.00000 
  2879.371          46.162    361.505       0.297       0.658                9.264               0.000               0.000          5017948.615   1.00000 
  2880.371          45.979    360.517       0.297       0.658                8.968               0.000               0.000          5017957.584   1.00000 
  2881.371          45.799    359.542       0.297       0.658                8.685               0.000               0.000          5017966.268   1.00000 
  2882.371          45.621    358.580       0.297       0.658                8.413               0.000               0.000          5017974.681   1.00000 
  2883.371          45.446    357.631       0.297       0.658                8.152               0.000               0.000          5017982.833   1.00000 
  2884.371          45.273    356.694       0.297       0.658                7.902               0.000               0.000          5017990.734   1.00000 
  2885.371          45.102    355.769       0.297       0.658                7.662               0.000               0.000          5017998.396   1.00000 
  2886.371          44.933    354.856       0.297       0.658                7.433               0.000               0.000          5018005.829   1.00000 
  2887.371          44.767    353.954       0.297       0.658                7.213               0.000               0.000          5018013.042   1.00000 
  2888.371          44.602    353.064       0.297       0.658                7.002               0.000               0.000          5018020.044   1.00000 
  2889.371          44.440    352.185       0.297       0.658                6.801               0.000               0.000          5018026.844   1.00000 
  2890.371          44.279    351.317       0.297       0.658                6.607               0.000               0.000          5018033.452   1.00000 
  2891.371          44.121    350.460       0.297       0.658                6.422               0.000               0.000          5018039.874   1.00000 
  2892.371          43.964    349.613       0.297       0.658                6.244               0.000               0.000          5018046.118   1.00000 
  2893.371          43.809    348.776       0.297       0.658                6.074               0.000               0.000          5018052.192   1.00000 
  2894.371          43.657    347.950       0.297       0.658                5.911               0.000               0.000          5018058.103   1.00000 
  2895.371          43.505    347.134       0.297       0.658                5.754               0.000               0.000          5018063.857   1.00000 
  2896.371          43.356    346.327       0.297       0.658                5.604               0.000               0.000          5018069.461   1.00000 
  2897.371          43.208    345.530       0.297       0.658                5.459               0.000               0.000          5018074.920   1.00000 
  2898.371          43.062    344.742       0.297       0.658                5.320               0.000               0.000          5018080.240   1.00000 
  2899.371          42.918    343.964       0.297       0.658                5.187               0.000               0.000          5018085.426   1.00000 
  2900.371          42.775    343.194       0.297       0.658                5.058               0.000               0.000          5018090.484   1.00000 
  2901.371          42.634    342.433       0.297       0.658                4.935               0.000               0.000          5018095.419   1.00000 
  2902.371          42.495    341.681       0.297       0.658                4.816               0.000               0.000          5018100.235   1.00000 
  2903.371          42.357    340.938       0.297       0.658                4.701               0.000               0.000          5018104.936   1.00000 
  2904.371          42.220    340.202       0.297       0.658                4.591               0.000               0.000          5018109.526   1.00000 
  2905.371          42.085    339.475       0.297       0.658                4.484               0.000               0.000          5018114.010   1.00000 
  2906.371          41.951    338.756       0.297       0.658                4.382               0.000               0.000          5018118.392   1.00000 
  2907.371          41.819    338.044       0.297       0.658                4.283               0.000               0.000          5018122.675   1.00000 
  2908.371          41.688    337.341       0.297       0.658                4.187               0.000               0.000          5018126.861   1.00000 
  2909.371          41.558    336.644       0.297       0.658                4.095               0.000               0.000          5018130.956   1.00000 
  2910.371          41.430    335.956       0.297       0.658                4.005               0.000               0.000          5018134.961   1.00000 
  2911.371          41.303    335.274       0.297       0.658                3.919               0.000               0.000          5018138.880   1.00000 
  2912.371          41.177    334.600       0.297       0.658                3.836               0.000               0.000          5018142.716   1.00000 
  2913.371          41.053    333.933       0.297       0.658                3.755               0.000               0.000          5018146.471   1.00000 
  2914.371          40.930    333.272       0.297       0.658                3.677               0.000               0.000          5018150.148   1.00000 
  2915.371          40.808    332.618       0.297       0.658                3.601               0.000               0.000          5018153.749   1.00000 
  2916.371          40.687    331.971       0.297       0.658                3.528               0.000               0.000          5018157.276   1.00000 
  2917.371          40.567    331.331       0.297       0.658                3.457               0.000               0.000          5018160.733   1.00000 
  2918.371          40.448    330.696       0.297       0.658                3.388               0.000               0.000          5018164.121   1.00000 
  2919.371          40.331    330.069       0.297       0.658                3.321               0.000               0.000          5018167.442   1.00000 
  2920.371          40.215    329.447       0.297       0.658                3.256               0.000               0.000          5018170.698   1.00000 
  2921.371          40.099    328.831       0.297       0.658                3.193               0.000               0.000          5018173.892   1.00000 
  2922.371          39.985    328.221       0.297       0.658                3.132               0.000               0.000          5018177.024   1.00000 
  2923.371          39.872    327.617       0.297       0.658                3.073               0.000               0.000          5018180.097   1.00000 
  2924.371          39.760    327.019       0.297       0.658                3.015               0.000               0.000          5018183.113   1.00000 
  2925.371          39.649    326.426       0.297       0.658                2.959               0.000               0.000          5018186.072   1.00000 
  2926.371          39.539    325.839       0.297       0.658                2.905               0.000               0.000          5018188.977   1.00000 
  2927.371          39.430    325.258       0.297       0.658                2.852               0.000               0.000          5018191.829   1.00000 
  2928.371          39.321    324.681       0.297       0.658                2.801               0.000               0.000          5018194.630   1.00000 
  2929.371          39.214    324.110       0.297       0.658                2.750               0.000               0.000          5018197.380   1.00000 
  2930.371          39.108    323.545       0.297       0.658                2.701               0.000               0.000          5018200.082   1.00000 
  2931.371          39.003    322.984       0.297       0.658                2.654               0.000               0.000          5018202.735   1.00000 
  2932.371          38.898    322.428       0.297       0.658                2.608               0.000               0.000          5018205.343   1.00000 
  2933.371          38.795    321.877       0.297       0.658                2.562               0.000               0.000          5018207.905   1.00000 
  2934.371          38.692    321.331       0.297       0.658                2.518               0.000               0.000          5018210.424   1.00000 
  2935.371          38.590    320.790       0.297       0.658                2.475               0.000               0.000          5018212.899   1.00000 
  2936.371          38.490    320.253       0.297       0.658                2.433               0.000               0.000          5018215.332   1.00000 
  2937.371          38.389    319.721       0.297       0.658                2.393               0.000               0.000          5018217.725   1.00000 
  2938.371          38.290    319.194       0.297       0.658                2.353               0.000               0.000          5018220.078   1.00000 
  2939.371          38.192    318.671       0.297       0.658                2.314               0.000               0.000          5018222.391   1.00000 
  2940.371          38.094    318.152       0.297       0.658                2.276               0.000               0.000          5018224.667   1.00000 
  2941.371          37.997    317.638       0.297       0.658                2.239               0.000               0.000          5018226.906   1.00000 
  2942.371          37.901    317.128       0.297       0.658                2.203               0.000               0.000          5018229.109   1.00000 
  2943.371          37.806    316.622       0.297       0.658                2.167               0.000               0.000          5018231.276   1.00000 
  2944.371          37.712    316.120       0.297       0.658                2.133               0.000               0.000          5018233.409   1.00000 
  2945.371          37.618    315.622       0.297       0.658                2.099               0.000               0.000          5018235.508   1.00000 
  2946.371          37.525    315.128       0.297       0.658                2.066               0.000               0.000          5018237.574   1.00000 
  2947.371          37.433    314.638       0.297       0.658                2.034               0.000               0.000          5018239.607   1.00000 
  2948.371          37.341    314.152       0.297       0.658                2.002               0.000               0.000          5018241.610   1.00000 
  2949.371          37.250    313.670       0.297       0.658                1.972               0.000               0.000          5018243.581   1.00000 
  2950.371          37.160    313.191       0.297       0.658                1.941               0.000               0.000          5018245.523   1.00000 
  2951.371          37.070    312.717       0.297       0.658                1.912               0.000               0.000          5018247.435   1.00000 
  2952.371          36.982    312.245       0.297       0.658                1.883               0.000               0.000          5018249.318   1.00000 
  2953.371          36.893    311.778       0.297       0.658                1.855               0.000               0.000          5018251.173   1.00000 
  2954.371          36.806    311.313       0.297       0.658                1.827               0.000               0.000          5018253.000   1.00000 
  2955.371          36.719    310.853       0.297       0.658                1.800               0.000               0.000          5018254.801   1.00000 
  2956.371          36.633    310.396       0.297       0.658                1.774               0.000               0.000          5018256.575   1.00000 
  2957.371          36.547    309.942       0.297       0.658                1.748               0.000               0.000          5018258.323   1.00000 
  2958.371          36.462    309.491       0.297       0.658                1.723               0.000               0.000          5018260.046   1.00000 
  2959.371          36.378    309.044       0.297       0.658                1.698               0.000               0.000          5018261.744   1.00000 
  2960.371          36.294    308.600       0.297       0.658                1.674               0.000               0.000          5018263.418   1.00000 
  2961.371          36.211    308.159       0.297       0.658                1.650               0.000               0.000          5018265.068   1.00000 
  2962.371          36.128    307.721       0.297       0.658                1.627               0.000               0.000          5018266.695   1.00000 
  2963.371          36.046    307.286       0.297       0.658                1.604               0.000               0.000          5018268.299   1.00000 
  2964.371          35.965    306.854       0.297       0.658                1.582               0.000               0.000          5018269.881   1.00000 
  2965.371          35.884    306.426       0.297       0.658                1.560               0.000               0.000          5018271.441   1.00000 
  2966.371          35.803    306.000       0.297       0.658                1.538               0.000               0.000          5018272.979   1.00000 
  2967.371          35.723    305.577       0.297       0.658                1.517               0.000               0.000          5018274.497   1.00000 
  2968.371          35.644    305.157       0.297       0.658                1.497               0.000               0.000          5018275.994   1.00000 
  2969.371          35.565    304.740       0.297       0.658                1.477               0.000               0.000          5018277.470   1.00000 
  2970.371          35.487    304.326       0.297       0.658                1.457               0.000               0.000          5018278.927   1.00000 
  2971.371          35.409    303.914       0.297       0.658                1.437               0.000               0.000          5018280.364   1.00000 
  2972.371          35.332    303.505       0.297       0.658                1.418               0.000               0.000          5018281.782   1.00000 
  2973.371          35.255    303.099       0.297       0.658                1.399               0.000               0.000          5018283.182   1.00000 
  2974.371          35.179    302.696       0.297       0.658                1.381               0.000               0.000          5018284.563   1.00000 
  2975.371          35.103    302.295       0.297       0.658                1.363               0.000               0.000          5018285.926   1.00000 
  2976.371          35.028    301.896       0.297       0.658                1.345               0.000               0.000          5018287.271   1.00000 
  2977.371          34.953    301.501       0.297       0.658                1.328               0.000               0.000          5018288.599   1.00000 
  2978.371          34.878    301.107       0.297       0.658                1.311               0.000               0.000          5018289.910   1.00000 
  2979.371          34.804    300.716       0.297       0.658                1.294               0.000               0.000          5018291.205   1.00000 
  2980.371          34.731    300.328       0.297       0.658                1.278               0.000               0.000          5018292.483   1.00000 
  2981.371          34.658    299.942       0.297       0.658                1.262               0.000               0.000          5018293.744   1.00000 
  2982.371          34.585    299.558       0.297       0.658                1.246               0.000               0.000          5018294.990   1.00000 
  2983.371          34.513    299.177       0.297       0.658                1.230               0.000               0.000          5018296.221   1.00000 
  2984.371          34.441    298.798       0.297       0.658                1.215               0.000               0.000          5018297.436   1.00000 
  2985.371          34.370    298.422       0.297       0.658                1.200               0.000               0.000          5018298.636   1.00000 
  2986.371          34.299    298.047       0.297       0.658                1.185               0.000               0.000          5018299.821   1.00000 
  2987.371          34.228    297.675       0.297       0.658                1.171               0.000               0.000          5018300.993   1.00000 
  2988.371          34.158    297.305       0.297       0.658                1.157               0.000               0.000          5018302.149   1.00000 
  2989.371          34.088    296.937       0.297       0.658                1.143               0.000               0.000          5018303.292   1.00000 
  2990.371          34.018    296.571       0.297       0.658                1.129               0.000               0.000          5018304.422   1.00000 
  2991.371          33.949    296.208       0.297       0.658                1.116               0.000               0.000          5018305.537   1.00000 
  2992.371          33.881    295.846       0.297       0.658                1.103               0.000               0.000          5018306.640   1.00000 
  2993.371          33.812    295.487       0.297       0.658                1.090               0.000               0.000          5018307.730   1.00000 
  2994.371          33.744    295.130       0.297       0.658                1.077               0.000               0.000          5018308.807   1.00000 
  2995.371          33.677    294.774       0.297       0.658                1.064               0.000               0.000          5018309.871   1.00000 
  2996.371          33.609    294.421       0.297       0.658                1.052               0.000               0.000          5018310.923   1.00000 
  2997.371          33.543    294.070       0.297       0.658                1.040               0.000               0.000          5018311.963   1.00000 
  2998.371          33.476    293.720       0.297       0.658                1.028               0.000               0.000          5018312.991   1.00000 
  2999.371          33.410    293.373       0.297       0.658                1.016               0.000               0.000          5018314.007   1.00000 
  3000.371          33.344    293.027       0.297       0.658                1.005               0.000               0.000          5018315.011   1.00000 
  3001.371          33.278    292.683       0.297       0.658                0.993               0.000               0.000          5018316.005   1.00000 
  3002.371          33.213    292.341       0.297       0.658                0.982               0.000               0.000          5018316.987   1.00000 
  3003.371          33.148    292.002       0.297       0.658                0.971               0.000               0.000          5018317.958   1.00000 
  3004.371          33.084    291.663       0.297       0.658                0.960               0.000               0.000          5018318.918   1.00000 
  3005.371          33.019    291.327       0.297       0.658                0.950               0.000               0.000          5018319.867   1.00000 
  3006.371          32.956    290.993       0.297       0.658                0.939               0.000               0.000          5018320.807   1.00000 
  3007.371          32.892    290.660       0.297       0.658                0.929               0.000               0.000          5018321.735   1.00000 
  3008.371          32.829    290.329       0.297       0.658                0.919               0.000               0.000          5018322.654   1.00000 
  3009.371          32.766    290.000       0.297       0.658                0.909               0.000               0.000          5018323.563   1.00000 
  3010.371          32.703    289.673       0.297       0.658                0.899               0.000               0.000          5018324.461   1.00000 
  3011.371          32.641    289.347       0.297       0.658                0.889               0.000               0.000          5018325.350   1.00000 
  3012.371          32.578    289.023       0.297       0.658                0.879               0.000               0.000          5018326.230   1.00000 
  3013.371          32.517    288.700       0.297       0.658                0.870               0.000               0.000          5018327.100   1.00000 
  3014.371          32.455    288.380       0.297       0.658                0.861               0.000               0.000          5018327.960   1.00000 
  3015.371          32.394    288.061       0.297       0.658                0.852               0.000               0.000          5018328.812   1.00000 
  3016.371          32.333    287.743       0.297       0.658                0.843               0.000               0.000          5018329.655   1.00000 
  3017.371          32.272    287.428       0.297       0.658                0.834               0.000               0.000          5018330.488   1.00000 
  3018.371          32.212    287.113       0.297       0.658                0.825               0.000               0.000          5018331.313   1.00000 
  3019.371          32.152    286.801       0.297       0.658                0.816               0.000               0.000          5018332.130   1.00000 
  3020.371          32.092    286.490       0.297       0.658                0.808               0.000               0.000          5018332.938   1.00000 
  3021.371          32.032    286.181       0.297       0.658                0.800               0.000               0.000          5018333.737   1.00000 
  3022.371          31.973    285.873       0.297       0.658                0.791               0.000               0.000          5018334.529   1.00000 
  3023.371          31.914    285.567       0.297       0.658                0.783               0.000               0.000          5018335.312   1.00000 
  3024.371          31.855    285.262       0.297       0.658                0.775               0.000               0.000          5018336.087   1.00000 
  3025.371          31.797    284.959       0.297       0.658                0.767               0.000               0.000          5018336.855   1.00000 
  3026.371          31.738    284.658       0.297       0.658                0.760               0.000               0.000          5018337.614   1.00000 
  3027.371          31.680    284.358       0.297       0.658                0.752               0.000               0.000          5018338.366   1.00000 
  3028.371          31.623    284.059       0.297       0.658                0.745               0.000               0.000          5018339.111   1.00000 
  3029.371          31.565    283.763       0.297       0.658                0.737               0.000               0.000          5018339.848   1.00000 
  3030.371          31.508    283.467       0.297       0.658                0.730               0.000               0.000          5018340.578   1.00000 
  3031.371          31.451    283.174       0.297       0.658                0.723               0.000               0.000          5018341.301   1.00000 
  3032.371          31.394    282.881       0.297       0.658                0.716               0.000               0.000          5018342.016   1.00000 
  3033.371          31.338    282.591       0.297       0.658                0.709               0.000               0.000          5018342.725   1.00000 
  3034.371          31.281    282.301       0.297       0.658                0.702               0.000               0.000          5018343.427   1.00000 
  3035.371          31.225    282.014       0.297       0.658                0.695               0.000               0.000          5018344.122   1.00000 
  3036.371          31.170    281.727       0.297       0.658                0.688               0.000               0.000          5018344.810   1.00000 
  3037.371          31.114    281.443       0.297       0.658                0.682               0.000               0.000          5018345.492   1.00000 
  3038.371          31.059    281.159       0.297       0.658                0.675               0.000               0.000          5018346.167   1.00000 
  3039.371          31.004    280.877       0.297       0.658                0.669               0.000               0.000          5018346.836   1.00000 
  3040.371          30.949    280.597       0.297       0.658                0.663               0.000               0.000          5018347.498   1.00000 
  3041.371          30.894    280.318       0.297       0.658                0.656               0.000               0.000          5018348.155   1.00000 
  3042.371          30.840    280.040       0.297       0.658                0.650               0.000               0.000          5018348.805   1.00000 
  3043.371          30.786    279.764       0.297       0.658                0.644               0.000               0.000          5018349.449   1.00000 
  3044.371          30.732    279.490       0.297       0.658                0.638               0.000               0.000          5018350.087   1.00000 
  3045.371          30.678    279.216       0.297       0.658                0.632               0.000               0.000          5018350.720   1.00000 
  3046.371          30.624    278.944       0.297       0.658                0.626               0.000               0.000          5018351.346   1.00000 
  3047.371          30.571    278.674       0.297       0.658                0.621               0.000               0.000          5018351.967   1.00000 
  3048.371          30.518    278.404       0.297       0.658                0.615               0.000               0.000          5018352.582   1.00000 
  3049.371          30.465    278.137       0.297       0.658                0.610               0.000               0.000          5018353.191   1.00000 
  3050.371          30.412    277.870       0.297       0.658                0.604               0.000               0.000          5018353.795   1.00000 
  3051.371          30.360    277.605       0.297       0.658                0.599               0.000               0.000          5018354.394   1.00000 
  3052.371          30.308    277.341       0.297       0.658                0.593               0.000               0.000          5018354.987   1.00000 
  3053.371          30.256    277.079       0.297       0.658                0.588               0.000               0.000          5018355.575   1.00000 
  3054.371          30.204    276.818       0.297       0.658                0.583               0.000               0.000          5018356.158   1.00000 
  3055.371          30.152    276.558       0.297       0.658                0.578               0.000               0.000          5018356.736   1.00000 
  3056.371          30.101    276.299       0.297       0.658                0.573               0.000               0.000          5018357.308   1.00000 
  3057.371          30.050    276.042       0.297       0.658                0.568               0.000               0.000          5018357.876   1.00000 
  3058.371          29.999    275.786       0.297       0.658                0.563               0.000               0.000          5018358.438   1.00000 
  3059.371          29.948    275.532       0.297       0.658                0.558               0.000               0.000          5018358.996   1.00000 
  3060.371          29.898    275.278       0.297       0.658                0.553               0.000               0.000          5018359.549   1.00000 
  3061.371          29.847    275.026       0.297       0.658                0.548               0.000               0.000          5018360.097   1.00000 
  3062.371          29.797    274.775       0.297       0.658                0.543               0.000               0.000          5018360.640   1.00000 
  3063.371          29.747    274.526       0.297       0.658                0.539               0.000               0.000          5018361.179   1.00000 
  3064.371          29.697    274.277       0.297       0.658                0.534               0.000               0.000          5018361.713   1.00000 
  3065.371          29.648    274.030       0.297       0.658                0.530               0.000               0.000          5018362.243   1.00000 
  3066.371          29.598    273.784       0.297       0.658                0.525               0.000               0.000          5018362.768   1.00000 
  3067.371          29.549    273.540       0.297       0.658                0.521               0.000               0.000          5018363.288   1.00000 
  3068.371          29.500    273.296       0.297       0.658                0.516               0.000               0.000          5018363.805   1.00000 
  3069.371          29.452    273.054       0.297       0.658                0.512               0.000               0.000          5018364.317   1.00000 
  3070.371          29.403    272.813       0.297       0.658                0.508               0.000               0.000          5018364.824   1.00000 
  3071.371          29.355    272.573       0.297       0.658                0.504               0.000               0.000          5018365.328   1.00000 
  3072.371          29.306    272.334       0.297       0.658                0.499               0.000               0.000          5018365.827   1.00000 
  3073.371          29.258    272.097       0.297       0.658                0.495               0.000               0.000          5018366.323   1.00000 
  3074.371          29.211    271.860       0.297       0.658                0.491               0.000               0.000          5018366.814   1.00000 
  3075.371          29.163    271.625       0.297       0.658                0.487               0.000               0.000          5018367.301   1.00000 
  3076.371          29.116    271.391       0.297       0.658                0.483               0.000               0.000          5018367.784   1.00000 
  3077.371          29.068    271.158       0.297       0.658                0.479               0.000               0.000          5018368.263   1.00000 
  3078.371          29.021    270.926       0.297       0.658                0.475               0.000               0.000          5018368.739   1.00000 
  3079.371          28.975    270.695       0.297       0.658                0.472               0.000               0.000          5018369.210   1.00000 
  3080.371          28.928    270.466       0.297       0.658                0.468               0.000               0.000          5018369.678   1.00000 
  3081.371          28.881    270.237       0.297       0.658                0.464               0.000               0.000          5018370.142   1.00000 
  3082.371          28.835    270.010       0.297       0.658                0.460               0.000               0.000          5018370.602   1.00000 
  3083.371          28.789    269.783       0.297       0.658                0.457               0.000               0.000          5018371.059   1.00000 
  3084.371          28.743    269.558       0.297       0.658                0.453               0.000               0.000          5018371.512   1.00000 
  3085.371          28.697    269.334       0.297       0.658                0.449               0.000               0.000          5018371.961   1.00000 
  3086.371          28.652    269.111       0.297       0.658                0.446               0.000               0.000          5018372.407   1.00000 
  3087.371          28.606    268.889       0.297       0.658                0.442               0.000               0.000          5018372.849   1.00000 
  3088.371          28.561    268.668       0.297       0.658                0.439               0.000               0.000          5018373.288   1.00000 
  3089.371          28.516    268.448       0.297       0.658                0.435               0.000               0.000          5018373.724   1.00000 
  3090.371          28.471    268.229       0.297       0.658                0.432               0.000               0.000          5018374.156   1.00000 
  3091.371          28.427    268.011       0.297       0.658                0.429               0.000               0.000          5018374.585   1.00000 
  3092.371          28.382    267.794       0.297       0.658                0.425               0.000               0.000          5018375.010   1.00000 
  3093.371          28.338    267.579       0.297       0.658                0.422               0.000               0.000          5018375.432   1.00000 
  3094.371          28.294    267.364       0.297       0.658                0.419               0.000               0.000          5018375.851   1.00000 
  3095.371          28.250    267.150       0.297       0.658                0.416               0.000               0.000          5018376.267   1.00000 
  3096.371          28.206    266.937       0.297       0.658                0.413               0.000               0.000          5018376.680   1.00000 
  3097.371          28.162    266.725       0.297       0.658                0.409               0.000               0.000          5018377.089   1.00000 
  3098.371          28.119    266.514       0.297       0.658                0.406               0.000               0.000          5018377.495   1.00000 
  3099.371          28.075    266.305       0.297       0.658                0.403               0.000               0.000          5018377.899   1.00000 
  3100.371          28.032    266.096       0.297       0.658                0.400               0.000               0.000          5018378.299   1.00000 
  3101.371          27.989    265.888       0.297       0.658                0.397               0.000               0.000          5018378.696   1.00000 
  3102.371          27.946    265.681       0.297       0.658                0.394               0.000               0.000          5018379.091   1.00000 
  3103.371          27.904    265.475       0.297       0.658                0.391               0.000               0.000          5018379.482   1.00000 
  3104.371          27.861    265.270       0.297       0.658                0.389               0.000               0.000          5018379.871   1.00000 
  3105.371          27.819    265.066       0.297       0.658                0.386               0.000               0.000          5018380.256   1.00000 
  3106.371          27.777    264.862       0.297       0.658                0.383               0.000               0.000          5018380.639   1.00000 
  3107.371          27.735    264.660       0.297       0.658                0.380               0.000               0.000          5018381.019   1.00000 
  3108.371          27.693    264.459       0.297       0.658                0.377               0.000               0.000          5018381.396   1.00000 
  3109.371          27.651    264.258       0.297       0.658                0.374               0.000               0.000          5018381.771   1.00000 
  3110.371          27.609    264.059       0.297       0.658                0.372               0.000               0.000          5018382.143   1.00000 
  3111.371          27.568    263.860       0.297       0.658                0.369               0.000               0.000          5018382.512   1.00000 
  3112.371          27.527    263.662       0.297       0.658                0.366               0.000               0.000          5018382.878   1.00000 
  3113.371          27.486    263.465       0.297       0.658                0.364               0.000               0.000          5018383.242   1.00000 
  3114.371          27.445    263.269       0.297       0.658                0.361               0.000               0.000          5018383.603   1.00000 
  3115.371          27.404    263.074       0.297       0.658                0.359               0.000               0.000          5018383.962   1.00000 
  3116.371          27.363    262.880       0.297       0.658                0.356               0.000               0.000          5018384.318   1.00000 
  3117.371          27.323    262.686       0.297       0.658                0.354               0.000               0.000          5018384.671   1.00000 
  3118.371          27.283    262.494       0.297       0.658                0.351               0.000               0.000          5018385.022   1.00000 
  3119.371          27.242    262.302       0.297       0.658                0.349               0.000               0.000          5018385.371   1.00000 
  3120.371          27.202    262.111       0.297       0.658                0.346               0.000               0.000          5018385.717   1.00000 
  3121.371          27.163    261.921       0.297       0.658                0.344               0.000               0.000          5018386.061   1.00000 
  3122.371          27.123    261.732       0.297       0.658                0.341               0.000               0.000          5018386.402   1.00000 
  3123.371          27.083    261.544       0.297       0.658                0.339               0.000               0.000          5018386.741   1.00000 
  3124.371          27.044    261.356       0.297       0.658                0.337               0.000               0.000          5018387.078   1.00000 
  3125.371          27.004    261.170       0.297       0.658                0.334               0.000               0.000          5018387.412   1.00000 
  3126.371          26.965    260.984       0.297       0.658                0.332               0.000               0.000          5018387.744   1.00000 
  3127.371          26.926    260.799       0.297       0.658                0.330               0.000               0.000          5018388.074   1.00000 
  3128.371          26.887    260.614       0.297       0.658                0.327               0.000               0.000          5018388.401   1.00000 
  3129.371          26.849    260.431       0.297       0.658                0.325               0.000               0.000          5018388.726   1.00000 
  3130.371          26.810    260.248       0.297       0.658                0.323               0.000               0.000          5018389.049   1.00000 
  3131.371          26.772    260.066       0.297       0.658                0.321               0.000               0.000          5018389.370   1.00000 
  3132.371          26.733    259.885       0.297       0.658                0.319               0.000               0.000          5018389.689   1.00000 
  3133.371          26.695    259.705       0.297       0.658                0.317               0.000               0.000          5018390.005   1.00000 
  3134.371          26.657    259.525       0.297       0.658                0.314               0.000               0.000          5018390.320   1.00000 
  3135.371          26.619    259.346       0.297       0.658                0.312               0.000               0.000          5018390.632   1.00000 
  3136.371          26.581    259.168       0.297       0.658                0.310               0.000               0.000          5018390.942   1.00000 
  3137.371          26.543    258.991       0.297       0.658                0.308               0.000               0.000          5018391.251   1.00000 
  3138.371          26.506    258.814       0.297       0.658                0.306               0.000               0.000          5018391.557   1.00000 
  3139.371          26.469    258.638       0.297       0.658                0.304               0.000               0.000          5018391.861   1.00000 
  3140.371          26.431    258.463       0.297       0.658                0.302               0.000               0.000          5018392.163   1.00000 
  3141.371          26.394    258.289       0.297       0.658                0.300               0.000               0.000          5018392.463   1.00000 
  3142.371          26.357    258.115       0.297       0.658                0.298               0.000               0.000          5018392.761   1.00000 
  3143.371          26.320    257.942       0.297       0.658                0.296               0.000               0.000          5018393.057   1.00000 
  3144.371          26.283    257.770       0.297       0.658                0.294               0.000               0.000          5018393.351   1.00000 
  3145.371          26.247    257.598       0.297       0.658                0.292               0.000               0.000          5018393.644   1.00000 
  3146.371          26.210    257.427       0.297       0.658                0.290               0.000               0.000          5018393.934   1.00000 
  3147.371          26.174    257.257       0.297       0.658                0.289               0.000               0.000          5018394.223   1.00000 
  3148.371          26.137    257.088       0.297       0.658                0.287               0.000               0.000          5018394.510   1.00000 
  3149.371          26.101    256.919       0.297       0.658                0.285               0.000               0.000          5018394.795   1.00000 
  3150.371          26.065    256.751       0.297       0.658                0.283               0.000               0.000          5018395.078   1.00000 
  3151.371          26.029    256.583       0.297       0.658                0.281               0.000               0.000          5018395.359   1.00000 
  3152.371          25.994    256.417       0.297       0.658                0.279               0.000               0.000          5018395.638   1.00000 
  3153.371          25.958    256.251       0.297       0.658                0.278               0.000               0.000          5018395.916   1.00000 
  3154.371          25.922    256.085       0.297       0.658                0.276               0.000               0.000          5018396.192   1.00000 
  3155.371          25.887    255.921       0.297       0.658                0.274               0.000               0.000          5018396.466   1.00000 
  3156.371          25.851    255.757       0.297       0.658                0.273               0.000               0.000          5018396.739   1.00000 
  3157.371          25.816    255.593       0.297       0.658                0.271               0.000               0.000          5018397.010   1.00000 
  3158.371          25.781    255.431       0.297       0.658                0.269               0.000               0.000          5018397.279   1.00000 
  3159.371          25.746    255.268       0.297       0.658                0.267               0.000               0.000          5018397.546   1.00000 
  3160.371          25.711    255.107       0.297       0.658                0.266               0.000               0.000          5018397.812   1.00000 
  3161.371          25.676    254.946       0.297       0.658                0.264               0.000               0.000          5018398.076   1.00000 
  3162.371          25.642    254.786       0.297       0.658                0.262               0.000               0.000          5018398.339   1.00000 
  3163.371          25.607    254.626       0.297       0.658                0.261               0.000               0.000          5018398.599   1.00000 
  3164.371          25.573    254.467       0.297       0.658                0.259               0.000               0.000          5018398.859   1.00000 
  3165.371          25.538    254.309       0.297       0.658                0.258               0.000               0.000          5018399.116   1.00000 
  3166.371          25.504    254.151       0.297       0.658                0.256               0.000               0.000          5018399.373   1.00000 
  3167.371          25.470    253.994       0.297       0.658                0.255               0.000               0.000          5018399.627   1.00000 
  3168.371          25.436    253.838       0.297       0.658                0.253               0.000               0.000          5018399.880   1.00000 
  3169.371          25.402    253.682       0.297       0.658                0.251               0.000               0.000          5018400.132   1.00000 
  3170.371          25.368    253.527       0.297       0.658                0.250               0.000               0.000          5018400.382   1.00000 
  3171.371          25.334    253.372       0.297       0.658                0.248               0.000               0.000          5018400.630   1.00000 
  3172.371          25.301    253.218       0.297       0.658                0.247               0.000               0.000          5018400.877   1.00000 
  3173.371          25.267    253.064       0.297       0.658                0.245               0.000               0.000          5018401.122   1.00000 
  3174.371          25.234    252.912       0.297       0.658                0.244               0.000               0.000          5018401.366   1.00000 
  3175.371          25.201    252.759       0.297       0.658                0.243               0.000               0.000          5018401.609   1.00000 
  3176.371          25.167    252.607       0.297       0.658                0.241               0.000               0.000          5018401.850   1.00000 
  3177.371          25.134    252.456       0.297       0.658                0.240               0.000               0.000          5018402.090   1.00000 
  3178.371          25.101    252.306       0.297       0.658                0.238               0.000               0.000          5018402.328   1.00000 
  3179.371          25.068    252.155       0.297       0.658                0.237               0.000               0.000          5018402.565   1.00000 
  3180.371          25.036    252.006       0.297       0.658                0.235               0.000               0.000          5018402.800   1.00000 
  3181.371          25.003    251.857       0.297       0.658                0.234               0.000               0.000          5018403.034   1.00000 
  3182.371          24.970    251.709       0.297       0.658                0.233               0.000               0.000          5018403.267   1.00000 
  3183.371          24.938    251.561       0.297       0.658                0.231               0.000               0.000          5018403.498   1.00000 
  3184.371          24.905    251.413       0.297       0.658                0.230               0.000               0.000          5018403.728   1.00000 
  3185.371          24.873    251.267       0.297       0.658                0.229               0.000               0.000          5018403.957   1.00000 
  3186.371          24.841    251.120       0.297       0.658                0.227               0.000               0.000          5018404.184   1.00000 
  3187.371          24.808    250.975       0.297       0.658                0.226               0.000               0.000          5018404.410   1.00000 
  3188.371          24.776    250.829       0.297       0.658                0.225               0.000               0.000          5018404.635   1.00000 
  3189.371          24.744    250.685       0.297       0.658                0.223               0.000               0.000          5018404.859   1.00000 
  3190.371          24.712    250.541       0.297       0.658                0.222               0.000               0.000          5018405.081   1.00000 
  3191.371          24.681    250.397       0.297       0.658                0.221               0.000               0.000          5018405.302   1.00000 
  3192.371          24.649    250.254       0.297       0.658                0.220               0.000               0.000          5018405.521   1.00000 
  3193.371          24.617    250.111       0.297       0.658                0.218               0.000               0.000          5018405.740   1.00000 
  3194.371          24.586    249.969       0.297       0.658                0.217               0.000               0.000          5018405.957   1.00000 
  3195.371          24.554    249.828       0.297       0.658                0.216               0.000               0.000          5018406.173   1.00000 
  3196.371          24.523    249.687       0.297       0.658                0.215               0.000               0.000          5018406.387   1.00000 
  3197.371          24.491    249.546       0.297       0.658                0.213               0.000               0.000          5018406.601   1.00000 
  3198.371          24.460    249.406       0.297       0.658                0.212               0.000               0.000          5018406.813   1.00000 
  3199.371          24.429    249.266       0.297       0.658                0.211               0.000               0.000          5018407.024   1.00000 
  3200.371          24.398    249.127       0.297       0.658                0.210               0.000               0.000          5018407.234   1.00000 
  3201.371          24.367    248.989       0.297       0.658                0.209               0.000               0.000          5018407.443   1.00000 
  3202.371          24.336    248.851       0.297       0.658                0.208               0.000               0.000          5018407.650   1.00000 
  3203.371          24.305    248.713       0.297       0.658                0.206               0.000               0.000          5018407.857   1.00000 
  3204.371          24.274    248.576       0.297       0.658                0.205               0.000               0.000          5018408.062   1.00000 
  3205.371          24.244    248.439       0.297       0.658                0.204               0.000               0.000          5018408.266   1.00000 
  3206.371          24.213    248.303       0.297       0.658                0.203               0.000               0.000          5018408.469   1.00000 
  3207.371          24.183    248.167       0.297       0.658                0.202               0.000               0.000          5018408.671   1.00000 
  3208.371          24.152    248.032       0.297       0.658                0.201               0.000               0.000          5018408.872   1.00000 
  3209.371          24.122    247.897       0.297       0.658                0.200               0.000               0.000          5018409.071   1.00000 
  3210.371          24.092    247.763       0.297       0.658                0.199               0.000               0.000          5018409.270   1.00000 
  3211.371          24.061    247.629       0.297       0.658                0.197               0.000               0.000          5018409.467   1.00000 
  3212.371          24.031    247.495       0.297       0.658                0.196               0.000               0.000          5018409.664   1.00000 
  3213.371          24.001    247.362       0.297       0.658                0.195               0.000               0.000          5018409.859   1.00000 
  3214.371          23.971    247.229       0.297       0.658                0.194               0.000               0.000          5018410.053   1.00000 
  3215.371          23.941    247.097       0.297       0.658                0.193               0.000               0.000          5018410.246   1.00000 
  3216.371          23.912    246.966       0.297       0.658                0.192               0.000               0.000          5018410.439   1.00000 
  3217.371          23.882    246.834       0.297       0.658                0.191               0.000               0.000          5018410.630   1.00000 
  3218.371          23.852    246.703       0.297       0.658                0.190               0.000               0.000          5018410.820   1.00000 
  3219.371          23.822    246.573       0.297       0.658                0.189               0.000               0.000          5018411.009   1.00000 
  3220.371          23.793    246.443       0.297       0.658                0.188               0.000               0.000          5018411.197   1.00000 
  3221.371          23.763    246.313       0.297       0.658                0.187               0.000               0.000          5018411.384   1.00000 
  3222.371          23.734    246.184       0.297       0.658                0.186               0.000               0.000          5018411.570   1.00000 
  3223.371          23.705    246.056       0.297       0.658                0.185               0.000               0.000          5018411.755   1.00000 
  3224.371          23.675    245.927       0.297       0.658                0.184               0.000               0.000          5018411.939   1.00000 
  3225.371          23.646    245.799       0.297       0.658                0.183               0.000               0.000          5018412.122   1.00000 
  3226.371          23.617    245.672       0.297       0.658                0.182               0.000               0.000          5018412.305   1.00000 
  3227.371          23.588    245.545       0.297       0.658                0.181               0.000               0.000          5018412.486   1.00000 
  3228.371          23.559    245.418       0.297       0.658                0.180               0.000               0.000          5018412.666   1.00000 
  3229.371          23.530    245.292       0.297       0.658                0.179               0.000               0.000          5018412.845   1.00000 
  3230.371          23.501    245.166       0.297       0.658                0.178               0.000               0.000          5018413.024   1.00000 
  3231.371          23.472    245.040       0.297       0.658                0.177               0.000               0.000          5018413.201   1.00000 
  3232.371          23.444    244.915       0.297       0.658                0.176               0.000               0.000          5018413.377   1.00000 
  3233.371          23.415    244.791       0.297       0.658                0.176               0.000               0.000          5018413.553   1.00000 
  3234.371          23.386    244.666       0.297       0.658                0.175               0.000               0.000          5018413.728   1.00000 
  3235.371          23.358    244.542       0.297       0.658                0.174               0.000               0.000          5018413.901   1.00000 
  3236.371          23.329    244.419       0.297       0.658                0.173               0.000               0.000          5018414.074   1.00000 
  3237.371          23.301    244.296       0.297       0.658                0.172               0.000               0.000          5018414.246   1.00000 
  3238.371          23.273    244.173       0.297       0.658                0.171               0.000               0.000          5018414.417   1.00000 
  3239.371          23.244    244.051       0.297       0.658                0.170               0.000               0.000          5018414.587   1.00000 
  3240.371          23.216    243.929       0.297       0.658                0.169               0.000               0.000          5018414.757   1.00000 
  3241.371          23.188    243.807       0.297       0.658                0.168               0.000               0.000          5018414.925   1.00000 
  3242.371          23.160    243.686       0.297       0.658                0.168               0.000               0.000          5018415.093   1.00000 
  3243.371          23.132    243.565       0.297       0.658                0.167               0.000               0.000          5018415.259   1.00000 
  3244.371          23.104    243.444       0.297       0.658                0.166               0.000               0.000          5018415.425   1.00000 
  3245.371          23.076    243.324       0.297       0.658                0.165               0.000               0.000          5018415.590   1.00000 
  3246.371          23.048    243.204       0.297       0.658                0.164               0.000               0.000          5018415.754   1.00000 
  3247.371          23.020    243.085       0.297       0.658                0.163               0.000               0.000          5018415.918   1.00000 
  3248.371          22.992    242.965       0.297       0.658                0.162               0.000               0.000          5018416.080   1.00000 
  3249.371          22.965    242.847       0.297       0.658                0.162               0.000               0.000          5018416.242   1.00000 
  3250.371          22.937    242.728       0.297       0.658                0.161               0.000               0.000          5018416.402   1.00000 
  3251.371          22.909    242.610       0.297       0.658                0.160               0.000               0.000          5018416.562   1.00000 
  3252.371          22.882    242.492       0.297       0.658                0.159               0.000               0.000          5018416.722   1.00000 
  3253.371          22.854    242.375       0.297       0.658                0.158               0.000               0.000          5018416.880   1.00000 
  3254.371          22.827    242.258       0.297       0.658                0.158               0.000               0.000          5018417.038   1.00000 
  3255.371          22.800    242.141       0.297       0.658                0.157               0.000               0.000          5018417.195   1.00000 
  3256.371          22.772    242.025       0.297       0.658                0.156               0.000               0.000          5018417.351   1.00000 
  3257.371          22.745    241.909       0.297       0.658                0.155               0.000               0.000          5018417.506   1.00000 
  3258.371          22.718    241.793       0.297       0.658                0.154               0.000               0.000          5018417.660   1.00000 
  3259.371          22.691    241.678       0.297       0.658                0.154               0.000               0.000          5018417.814   1.00000 
  3260.371          22.664    241.563       0.297       0.658                0.153               0.000               0.000          5018417.967   1.00000 
  3261.371          22.637    241.448       0.297       0.658                0.152               0.000               0.000          5018418.119   1.00000 
  3262.371          22.610    241.333       0.297       0.658                0.151               0.000               0.000          5018418.271   1.00000 
  3263.371          22.583    241.219       0.297       0.658                0.151               0.000               0.000          5018418.421   1.00000 
  3264.371          22.556    241.106       0.297       0.658                0.150               0.000               0.000          5018418.571   1.00000 
  3265.371          22.529    240.992       0.297       0.658                0.149               0.000               0.000          5018418.720   1.00000 
  3266.371          22.502    240.879       0.297       0.658                0.148               0.000               0.000          5018418.869   1.00000 
  3267.371          22.476    240.766       0.297       0.658                0.148               0.000               0.000          5018419.017   1.00000 
  3268.371          22.449    240.654       0.297       0.658                0.147               0.000               0.000          5018419.164   1.00000 
  3269.371          22.422    240.541       0.297       0.658                0.146               0.000               0.000          5018419.310   1.00000 
  3270.371          22.396    240.430       0.297       0.658                0.146               0.000               0.000          5018419.455   1.00000 
  3271.371          22.369    240.318       0.297       0.658                0.145               0.000               0.000          5018419.600   1.00000 
  3272.371          22.343    240.207       0.297       0.658                0.144               0.000               0.000          5018419.744   1.00000 
  3273.371          22.316    240.096       0.297       0.658                0.143               0.000               0.000          5018419.888   1.00000 
  3274.371          22.290    239.985       0.297       0.658                0.143               0.000               0.000          5018420.031   1.00000 
  3275.371          22.264    239.875       0.297       0.658                0.142               0.000               0.000          5018420.173   1.00000 
  3276.371          22.238    239.764       0.297       0.658                0.141               0.000               0.000          5018420.314   1.00000 
  3277.371          22.211    239.655       0.297       0.658                0.141               0.000               0.000          5018420.455   1.00000 
  3278.371          22.185    239.545       0.297       0.658                0.140               0.000               0.000          5018420.595   1.00000 
  3279.371          22.159    239.436       0.297       0.658                0.139               0.000               0.000          5018420.734   1.00000 
  3280.371          22.133    239.327       0.297       0.658                0.139               0.000               0.000          5018420.872   1.00000 
  3281.371          22.107    239.218       0.297       0.658                0.138               0.000               0.000          5018421.010   1.00000 
  3282.371          22.081    239.110       0.297       0.658                0.137               0.000               0.000          5018421.148   1.00000 
  3283.371          22.055    239.002       0.297       0.658                0.137               0.000               0.000          5018421.284   1.00000 
  3284.371          22.029    238.894       0.297       0.658                0.136               0.000               0.000          5018421.420   1.00000 
  3285.371          22.003    238.786       0.297       0.658                0.135               0.000               0.000          5018421.556   1.00000 
  3286.371          21.978    238.679       0.297       0.658                0.135               0.000               0.000          5018421.690   1.00000 
  3287.371          21.952    238.572       0.297       0.658                0.134               0.000               0.000          5018421.824   1.00000 
  3288.371          21.926    238.466       0.297       0.658                0.133               0.000               0.000          5018421.958   1.00000 
  3289.371          21.901    238.359       0.297       0.658                0.133               0.000               0.000          5018422.091   1.00000 
  3290.371          21.875    238.253       0.297       0.658                0.132               0.000               0.000          5018422.223   1.00000 
  3291.371          21.850    238.147       0.297       0.658                0.132               0.000               0.000          5018422.354   1.00000 
  3292.371          21.824    238.041       0.297       0.658                0.131               0.000               0.000          5018422.485   1.00000 
  3293.371          21.799    237.936       0.297       0.658                0.130               0.000               0.000          5018422.615   1.00000 
  3294.371          21.773    237.831       0.297       0.658                0.130               0.000               0.000          5018422.745   1.00000 
  3295.371          21.748    237.726       0.297       0.658                0.129               0.000               0.000          5018422.874   1.00000 
  3296.371          21.723    237.621       0.297       0.658                0.128               0.000               0.000          5018423.002   1.00000 
  3297.371          21.697    237.517       0.297       0.658                0.128               0.000               0.000          5018423.130   1.00000 
  3298.371          21.672    237.413       0.297       0.658                0.127               0.000               0.000          5018423.257   1.00000 
  3299.371          21.647    237.309       0.297       0.658                0.127               0.000               0.000          5018423.384   1.00000 
  3300.371          21.622    237.206       0.297       0.658                0.126               0.000               0.000          5018423.510   1.00000 
  3301.371          21.597    237.102       0.297       0.658                0.125               0.000               0.000          5018423.635   1.00000 
  3302.371          21.572    236.999       0.297       0.658                0.125               0.000               0.000          5018423.760   1.00000 
  3303.371          21.547    236.896       0.297       0.658                0.124               0.000               0.000          5018423.885   1.00000 
  3304.371          21.522    236.794       0.297       0.658                0.124               0.000               0.000          5018424.008   1.00000 
  3305.371          21.497    236.691       0.297       0.658                0.123               0.000               0.000          5018424.131   1.00000 
  3306.371          21.472    236.589       0.297       0.658                0.123               0.000               0.000          5018424.254   1.00000 
  3307.371          21.447    236.487       0.297       0.658                0.122               0.000               0.000          5018424.376   1.00000 
  3308.371          21.422    236.386       0.297       0.658                0.121               0.000               0.000          5018424.497   1.00000 
  3309.371          21.397    236.284       0.297       0.658                0.121               0.000               0.000          5018424.618   1.00000 
  3310.371          21.373    236.183       0.297       0.658                0.120               0.000               0.000          5018424.738   1.00000 
  3311.371          21.348    236.082       0.297       0.658                0.120               0.000               0.000          5018424.858   1.00000 
  3312.371          21.323    235.982       0.297       0.658                0.119               0.000               0.000          5018424.977   1.00000 
  3313.371          21.299    235.881       0.297       0.658                0.119               0.000               0.000          5018425.096   1.00000 
  3314.371          21.274    235.781       0.297       0.658                0.118               0.000               0.000          5018425.214   1.00000 
  3315.371          21.250    235.681       0.297       0.658                0.118               0.000               0.000          5018425.331   1.00000 
  3316.371          21.225    235.581       0.297       0.658                0.117               0.000               0.000          5018425.448   1.00000 
  3317.371          21.201    235.482       0.297       0.658                0.116               0.000               0.000          5018425.565   1.00000 
  3318.371          21.176    235.383       0.297       0.658                0.116               0.000               0.000          5018425.681   1.00000 
  3319.371          21.152    235.283       0.297       0.658                0.115               0.000               0.000          5018425.796   1.00000 
  3320.371          21.128    235.185       0.297       0.658                0.115               0.000               0.000          5018425.911   1.00000 
  3321.371          21.104    235.086       0.297       0.658                0.114               0.000               0.000          5018426.025   1.00000 
  3322.371          21.079    234.988       0.297       0.658                0.114               0.000               0.000          5018426.139   1.00000 
  3323.371          21.055    234.889       0.297       0.658                0.113               0.000               0.000          5018426.252   1.00000 
  3324.371          21.031    234.791       0.297       0.658                0.113               0.000               0.000          5018426.365   1.00000 
  3325.371          21.007    234.694       0.297       0.658                0.112               0.000               0.000          5018426.477   1.00000 
  3326.371          20.983    234.596       0.297       0.658                0.112               0.000               0.000          5018426.589   1.00000 
  3327.371          20.959    234.499       0.297       0.658                0.111               0.000               0.000          5018426.700   1.00000 
  3328.371          20.935    234.402       0.297       0.658                0.111               0.000               0.000          5018426.811   1.00000 
  3329.371          20.911    234.305       0.297       0.658                0.110               0.000               0.000          5018426.921   1.00000 
  3330.371          20.887    234.208       0.297       0.658                0.110               0.000               0.000          5018427.031   1.00000 
  3331.371          20.863    234.111       0.297       0.658                0.109               0.000               0.000          5018427.140   1.00000 
  3332.371          20.839    234.015       0.297       0.658                0.109               0.000               0.000          5018427.249   1.00000 
  3333.371          20.815    233.919       0.297       0.658                0.108               0.000               0.000          5018427.357   1.00000 
  3334.371          20.792    233.823       0.297       0.658                0.108               0.000               0.000          5018427.464   1.00000 
  3335.371          20.768    233.727       0.297       0.658                0.107               0.000               0.000          5018427.572   1.00000 
  3336.371          20.744    233.632       0.297       0.658                0.107               0.000               0.000          5018427.679   1.00000 
  3337.371          20.721    233.537       0.297       0.658                0.106               0.000               0.000          5018427.785   1.00000 
  3338.371          20.697    233.441       0.297       0.658                0.106               0.000               0.000          5018427.891   1.00000 
  3339.371          20.673    233.347       0.297       0.658                0.105               0.000               0.000          5018427.996   1.00000 
  3340.371          20.650    233.252       0.297       0.658                0.105               0.000               0.000          5018428.101   1.00000 
  3341.371          20.626    233.157       0.297       0.658                0.104               0.000               0.000          5018428.205   1.00000 
  3342.371          20.603    233.063       0.297       0.658                0.104               0.000               0.000          5018428.309   1.00000 
  3343.371          20.579    232.969       0.297       0.658                0.103               0.000               0.000          5018428.413   1.00000 
  3344.371          20.556    232.875       0.297       0.658                0.103               0.000               0.000          5018428.516   1.00000 
  3345.371          20.533    232.781       0.297       0.658                0.103               0.000               0.000          5018428.618   1.00000 
  3346.371          20.509    232.688       0.297       0.658                0.102               0.000               0.000          5018428.720   1.00000 
  3347.371          20.486    232.594       0.297       0.658                0.102               0.000               0.000          5018428.822   1.00000 
  3348.371          20.463    232.501       0.297       0.658                0.101               0.000               0.000          5018428.923   1.00000 
  3349.371          20.440    232.408       0.297       0.658                0.101               0.000               0.000          5018429.024   1.00000 
  3350.371          20.416    232.315       0.297       0.658                0.100               0.000               0.000          5018429.124   1.00000 
  3351.371          20.393    232.223       0.297       0.658                0.100               0.000               0.000          5018429.224   1.00000 
  3352.371          20.370    232.130       0.297       0.658                0.099               0.000               0.000          5018429.323   1.00000 
  3353.371          20.347    232.038       0.297       0.658                0.099               0.000               0.000          5018429.422   1.00000 
  3354.371          20.324    231.946       0.297       0.658                0.099               0.000               0.000          5018429.521   1.00000 
  3355.371          20.301    231.854       0.297       0.658                0.098               0.000               0.000          5018429.619   1.00000 
  3356.371          20.278    231.762       0.297       0.658                0.098               0.000               0.000          5018429.717   1.00000 
  3357.371          20.255    231.671       0.297       0.658                0.097               0.000               0.000          5018429.814   1.00000 
  3358.371          20.232    231.579       0.297       0.658                0.097               0.000               0.000          5018429.911   1.00000 
  3359.371          20.209    231.488       0.297       0.658                0.096               0.000               0.000          5018430.007   1.00000 
  3360.371          20.187    231.397       0.297       0.658                0.096               0.000               0.000          5018430.103   1.00000 
  3361.371          20.164    231.306       0.297       0.658                0.096               0.000               0.000          5018430.199   1.00000 
  3362.371          20.141    231.215       0.297       0.658                0.095               0.000               0.000          5018430.294   1.00000 
  3363.371          20.118    231.125       0.297       0.658                0.095               0.000               0.000          5018430.388   1.00000 
  3364.371          20.096    231.035       0.297       0.658                0.094               0.000               0.000          5018430.483   1.00000 
  3365.371          20.073    230.944       0.297       0.658                0.094               0.000               0.000          5018430.577   1.00000 
  3366.371          20.050    230.854       0.297       0.658                0.093               0.000               0.000          5018430.670   1.00000 
  3367.371          20.028    230.765       0.297       0.658                0.093               0.000               0.000          5018430.763   1.00000 
  3368.371          20.005    230.675       0.297       0.658                0.093               0.000               0.000          5018430.856   1.00000 
  3369.371          19.983    230.585       0.297       0.658                0.092               0.000               0.000          5018430.948   1.00000 
  3370.371          19.960    230.496       0.297       0.658                0.092               0.000               0.000          5018431.040   1.00000 
  3371.371          19.938    230.407       0.297       0.658                0.091               0.000               0.000          5018431.131   1.00000 
  3372.371          19.915    230.318       0.297       0.658                0.091               0.000               0.000          5018431.222   1.00000 
  3373.371          19.893    230.229       0.297       0.658                0.091               0.000               0.000          5018431.313   1.00000 
  3374.371          19.871    230.140       0.297       0.658                0.090               0.000               0.000          5018431.403   1.00000 
  3375.371          19.848    230.051       0.297       0.658                0.090               0.000               0.000          5018431.493   1.00000 
  3376.371          19.826    229.963       0.297       0.658                0.089               0.000               0.000          5018431.583   1.00000 
  3377.371          19.804    229.875       0.297       0.658                0.089               0.000               0.000          5018431.672   1.00000 
  3378.371          19.781    229.787       0.297       0.658                0.089               0.000               0.000          5018431.761   1.00000 
  3379.371          19.759    229.699       0.297       0.658                0.088               0.000               0.000          5018431.849   1.00000 
  3380.371          19.737    229.611       0.297       0.658                0.088               0.000               0.000          5018431.937   1.00000 
  3381.371          19.715    229.523       0.297       0.658                0.088               0.000               0.000          5018432.024   1.00000 
  3382.371          19.693    229.436       0.297       0.658                0.087               0.000               0.000          5018432.112   1.00000 
  3383.371          19.671    229.348       0.297       0.658                0.087               0.000               0.000          5018432.199   1.00000 
  3384.371          19.649    229.261       0.297       0.658                0.086               0.000               0.000          5018432.285   1.00000 
  3385.371          19.627    229.174       0.297       0.658                0.086               0.000               0.000          5018432.371   1.00000 
  3386.371          19.605    229.087       0.297       0.658                0.086               0.000               0.000          5018432.457   1.00000 
  3387.371          19.583    229.001       0.297       0.658                0.085               0.000               0.000          5018432.542   1.00000 
  3388.371          19.561    228.914       0.297       0.658                0.085               0.000               0.000          5018432.627   1.00000 
  3389.371          19.539    228.828       0.297       0.658                0.085               0.000               0.000          5018432.712   1.00000 
  3390.371          19.517    228.741       0.297       0.658                0.084               0.000               0.000          5018432.796   1.00000 
  3391.371          19.495    228.655       0.297       0.658                0.084               0.000               0.000          5018432.880   1.00000 
  3392.371          19.473    228.569       0.297       0.658                0.084               0.000               0.000          5018432.964   1.00000 
  3393.371          19.452    228.483       0.297       0.658                0.083               0.000               0.000          5018433.047   1.00000 
  3394.371          19.430    228.398       0.297       0.658                0.083               0.000               0.000          5018433.130   1.00000 
  3395.371          19.408    228.312       0.297       0.658                0.083               0.000               0.000          5018433.212   1.00000 
  3396.371          19.387    228.227       0.297       0.658                0.082               0.000               0.000          5018433.294   1.00000 
  3397.371          19.365    228.142       0.297       0.658                0.082               0.000               0.000          5018433.376   1.00000 
  3398.371          19.343    228.056       0.297       0.658                0.081               0.000               0.000          5018433.458   1.00000 
  3399.371          19.322    227.971       0.297       0.658                0.081               0.000               0.000          5018433.539   1.00000 
  3400.371          19.300    227.887       0.297       0.658                0.081               0.000               0.000          5018433.620   1.00000 
  3401.371          19.279    227.802       0.297       0.658                0.080               0.000               0.000          5018433.700   1.00000 
  3402.371          19.257    227.717       0.297       0.658                0.080               0.000               0.000          5018433.780   1.00000 
  3403.371          19.236    227.633       0.297       0.658                0.080               0.000               0.000          5018433.860   1.00000 
  3404.371          19.214    227.549       0.297       0.658                0.079               0.000               0.000          5018433.939   1.00000 
  3405.371          19.193    227.465       0.297       0.658                0.079               0.000               0.000          5018434.018   1.00000 
  3406.371          19.172    227.381       0.297       0.658                0.079               0.000               0.000          5018434.097   1.00000 
  3407.371          19.150    227.297       0.297       0.658                0.078               0.000               0.000          5018434.176   1.00000 
  3408.371          19.129    227.213       0.297       0.658                0.078               0.000               0.000          5018434.254   1.00000 
  3409.371          19.108    227.130       0.297       0.658                0.078               0.000               0.000          5018434.332   1.00000 
  3410.371          19.087    227.047       0.297       0.658                0.077               0.000               0.000          5018434.409   1.00000 
  3411.371          19.065    226.963       0.297       0.658                0.077               0.000               0.000          5018434.486   1.00000 
  3412.371          19.044    226.880       0.297       0.658                0.077               0.000               0.000          5018434.563   1.00000 
  3413.371          19.023    226.797       0.297       0.658                0.077               0.000               0.000          5018434.640   1.00000 
  3414.371          19.002    226.714       0.297       0.658                0.076               0.000               0.000          5018434.716   1.00000 
  3415.371          18.981    226.632       0.297       0.658                0.076               0.000               0.000          5018434.792   1.00000 
  3416.371          18.960    226.549       0.297       0.658                0.076               0.000               0.000          5018434.867   1.00000 
  3417.371          18.939    226.467       0.297       0.658                0.075               0.000               0.000          5018434.943   1.00000 
  3418.371          18.918    226.385       0.297       0.658                0.075               0.000               0.000          5018435.018   1.00000 
  3419.371          18.897    226.303       0.297       0.658                0.075               0.000               0.000          5018435.092   1.00000 
  3420.371          18.876    226.221       0.297       0.658                0.074               0.000               0.000          5018435.166   1.00000 
  3421.371          18.855    226.139       0.297       0.658                0.074               0.000               0.000          5018435.241   1.00000 
  3422.371          18.834    226.057       0.297       0.658                0.074               0.000               0.000          5018435.314   1.00000 
  3423.371          18.813    225.976       0.297       0.658                0.073               0.000               0.000          5018435.388   1.00000 
  3424.371          18.792    225.895       0.297       0.658                0.073               0.000               0.000          5018435.461   1.00000 
  3425.371          18.771    225.813       0.297       0.658                0.073               0.000               0.000          5018435.534   1.00000 
  3426.371          18.751    225.732       0.297       0.658                0.073               0.000               0.000          5018435.606   1.00000 
  3427.371          18.730    225.651       0.297       0.658                0.072               0.000               0.000          5018435.678   1.00000 
  3428.371          18.709    225.571       0.297       0.658                0.072               0.000               0.000          5018435.750   1.00000 
  3429.371          18.688    225.490       0.297       0.658                0.072               0.000               0.000          5018435.822   1.00000 
  3430.371          18.668    225.409       0.297       0.658                0.071               0.000               0.000          5018435.893   1.00000 
  3431.371          18.647    225.329       0.297       0.658                0.071               0.000               0.000          5018435.965   1.00000 
  3432.371          18.627    225.249       0.297       0.658                0.071               0.000               0.000          5018436.035   1.00000 
  3433.371          18.606    225.169       0.297       0.658                0.071               0.000               0.000          5018436.106   1.00000 
  3434.371          18.585    225.089       0.297       0.658                0.070               0.000               0.000          5018436.176   1.00000 
  3435.371          18.565    225.009       0.297       0.658                0.070               0.000               0.000          5018436.246   1.00000 
  3436.371          18.544    224.930       0.297       0.658                0.070               0.000               0.000          5018436.316   1.00000 
  3437.371          18.524    224.850       0.297       0.658                0.069               0.000               0.000          5018436.385   1.00000 
  3438.371          18.503    224.771       0.297       0.658                0.069               0.000               0.000          5018436.454   1.00000 
  3439.371          18.483    224.692       0.297       0.658                0.069               0.000               0.000          5018436.523   1.00000 
  3440.371          18.463    224.613       0.297       0.658                0.069               0.000               0.000          5018436.592   1.00000 
  3441.371          18.442    224.534       0.297       0.658                0.068               0.000               0.000          5018436.660   1.00000 
  3442.371          18.422    224.455       0.297       0.658                0.068               0.000               0.000          5018436.728   1.00000 
  3443.371          18.402    224.377       0.297       0.658                0.068               0.000               0.000          5018436.796   1.00000 
  3444.371          18.381    224.298       0.297       0.658                0.067               0.000               0.000          5018436.863   1.00000 
  3445.371          18.361    224.220       0.297       0.658                0.067               0.000               0.000          5018436.930   1.00000 
  3446.371          18.341    224.142       0.297       0.658                0.067               0.000               0.000          5018436.997   1.00000 
  3447.371          18.321    224.064       0.297       0.658                0.067               0.000               0.000          5018437.064   1.00000 
  3448.371          18.300    223.986       0.297       0.658                0.066               0.000               0.000          5018437.130   1.00000 
  3449.371          18.280    223.908       0.297       0.658                0.066               0.000               0.000          5018437.196   1.00000 
  3450.371          18.260    223.831       0.297       0.658                0.066               0.000               0.000          5018437.262   1.00000 
  3451.371          18.240    223.753       0.297       0.658                0.066               0.000               0.000          5018437.328   1.00000 
  3452.371          18.220    223.676       0.297       0.658                0.065               0.000               0.000          5018437.393   1.00000 
  3453.371          18.200    223.599       0.297       0.658                0.065               0.000               0.000          5018437.459   1.00000 
  3454.371          18.180    223.522       0.297       0.658                0.065               0.000               0.000          5018437.523   1.00000 
  3455.371          18.160    223.445       0.297       0.658                0.065               0.000               0.000          5018437.588   1.00000 
  3456.371          18.140    223.369       0.297       0.658                0.064               0.000               0.000          5018437.652   1.00000 
  3457.371          18.120    223.292       0.297       0.658                0.064               0.000               0.000          5018437.716   1.00000 
  3458.371          18.100    223.216       0.297       0.658                0.064               0.000               0.000          5018437.780   1.00000 
  3459.371          18.080    223.140       0.297       0.658                0.064               0.000               0.000          5018437.844   1.00000 
  3460.371          18.060    223.064       0.297       0.658                0.063               0.000               0.000          5018437.907   1.00000 
  3461.371          18.041    222.988       0.297       0.658                0.063               0.000               0.000          5018437.970   1.00000 
  3462.371          18.021    222.912       0.297       0.658                0.063               0.000               0.000          5018438.033   1.00000 
  3463.371          18.001    222.837       0.297       0.658                0.063               0.000               0.000          5018438.096   1.00000 
  3464.371          17.981    222.761       0.297       0.658                0.062               0.000               0.000          5018438.158   1.00000 
  3465.371          17.961    222.686       0.297       0.658                0.062               0.000               0.000          5018438.221   1.00000 
  3466.371          17.942    222.611       0.297       0.658                0.062               0.000               0.000          5018438.282   1.00000 
  3467.371          17.922    222.536       0.297       0.658                0.062               0.000               0.000          5018438.344   1.00000 
  3468.371          17.902    222.462       0.297       0.658                0.061               0.000               0.000          5018438.406   1.00000 
  3469.371          17.883    222.387       0.297       0.658                0.061               0.000               0.000          5018438.467   1.00000 
  3470.371          17.863    222.313       0.297       0.658                0.061               0.000               0.000          5018438.528   1.00000 
  3471.371          17.844    222.238       0.297       0.658                0.061               0.000               0.000          5018438.588   1.00000 
  3472.371          17.824    222.164       0.297       0.658                0.061               0.000               0.000          5018438.649   1.00000 
  3473.371          17.804    222.090       0.297       0.658                0.060               0.000               0.000          5018438.709   1.00000 
  3474.371          17.785    222.016       0.297       0.658                0.060               0.000               0.000          5018438.769   1.00000 
  3475.371          17.765    221.943       0.297       0.658                0.060               0.000               0.000          5018438.829   1.00000 
  3476.371          17.746    221.869       0.297       0.658                0.060               0.000               0.000          5018438.889   1.00000 
  3477.371          17.727    221.796       0.297       0.658                0.059               0.000               0.000          5018438.948   1.00000 
  3478.371          17.707    221.723       0.297       0.658                0.059               0.000               0.000          5018439.007   1.00000 
  3479.371          17.688    221.650       0.297       0.658                0.059               0.000               0.000          5018439.066   1.00000 
  3480.371          17.668    221.577       0.297       0.658                0.059               0.000               0.000          5018439.125   1.00000 
  3481.371          17.649    221.504       0.297       0.658                0.058               0.000               0.000          5018439.183   1.00000 
  3482.371          17.630    221.432       0.297       0.658                0.058               0.000               0.000          5018439.242   1.00000 
  3483.371          17.610    221.360       0.297       0.658                0.058               0.000               0.000          5018439.300   1.00000 
  3484.371          17.591    221.287       0.297       0.658                0.058               0.000               0.000          5018439.358   1.00000 
  3485.371          17.572    221.216       0.297       0.658                0.058               0.000               0.000          5018439.415   1.00000 
  3486.371          17.553    221.144       0.297       0.658                0.057               0.000               0.000          5018439.473   1.00000 
  3487.371          17.533    221.072       0.297       0.658                0.057               0.000               0.000          5018439.530   1.00000 
  3488.371          17.514    221.001       0.297       0.658                0.057               0.000               0.000          5018439.587   1.00000 
  3489.371          17.495    220.929       0.297       0.658                0.057               0.000               0.000          5018439.644   1.00000 
  3490.371          17.476    220.858       0.297       0.658                0.057               0.000               0.000          5018439.700   1.00000 
  3491.371          17.457    220.787       0.297       0.658                0.056               0.000               0.000          5018439.757   1.00000 
  3492.371          17.438    220.716       0.297       0.658                0.056               0.000               0.000          5018439.813   1.00000 
  3493.371          17.419    220.646       0.297       0.658                0.056               0.000               0.000          5018439.869   1.00000 
  3494.371          17.400    220.575       0.297       0.658                0.056               0.000               0.000          5018439.924   1.00000 
  3495.371          17.381    220.505       0.297       0.658                0.056               0.000               0.000          5018439.980   1.00000 
  3496.371          17.362    220.435       0.297       0.658                0.055               0.000               0.000          5018440.035   1.00000 
  3497.371          17.343    220.365       0.297       0.658                0.055               0.000               0.000          5018440.090   1.00000 
  3498.371          17.324    220.295       0.297       0.658                0.055               0.000               0.000          5018440.145   1.00000 
  3499.371          17.305    220.225       0.297       0.658                0.055               0.000               0.000          5018440.200   1.00000 
  3500.371          17.286    220.156       0.297       0.658                0.055               0.000               0.000          5018440.255   1.00000 
  3501.371          17.267    220.087       0.297       0.658                0.054               0.000               0.000          5018440.309   1.00000 
  3502.371          17.248    220.018       0.297       0.658                0.054               0.000               0.000          5018440.363   1.00000 
  3503.371          17.230    219.949       0.297       0.658                0.054               0.000               0.000          5018440.417   1.00000 
  3504.371          17.211    219.880       0.297       0.658                0.054               0.000               0.000          5018440.471   1.00000 
  3505.371          17.192    219.811       0.297       0.658                0.054               0.000               0.000          5018440.524   1.00000 
  3506.371          17.173    219.743       0.297       0.658                0.053               0.000               0.000          5018440.578   1.00000 
  3507.371          17.154    219.675       0.297       0.658                0.053               0.000               0.000          5018440.631   1.00000 
  3508.371          17.136    219.607       0.297       0.658                0.053               0.000               0.000          5018440.684   1.00000 
  3509.371          17.117    219.539       0.297       0.658                0.053               0.000               0.000          5018440.737   1.00000 
  3510.371          17.098    219.471       0.297       0.658                0.053               0.000               0.000          5018440.789   1.00000 
  3511.371          17.080    219.404       0.297       0.658                0.052               0.000               0.000          5018440.842   1.00000 
  3512.371          17.061    219.337       0.297       0.658                0.052               0.000               0.000          5018440.894   1.00000 
  3513.371          17.043    219.269       0.297       0.658                0.052               0.000               0.000          5018440.946   1.00000 
  3514.371          17.024    219.202       0.297       0.658                0.052               0.000               0.000          5018440.998   1.00000 
  3515.371          17.005    219.136       0.297       0.658                0.052               0.000               0.000          5018441.050   1.00000 
  3516.371          16.987    219.069       0.297       0.658                0.052               0.000               0.000          5018441.101   1.00000 
  3517.371          16.968    219.003       0.297       0.658                0.051               0.000               0.000          5018441.152   1.00000 
  3518.371          16.950    218.937       0.297       0.658                0.051               0.000               0.000          5018441.203   1.00000 
  3519.371          16.932    218.871       0.297       0.658                0.051               0.000               0.000          5018441.254   1.00000 
  3520.371          16.913    218.805       0.297       0.658                0.051               0.000               0.000          5018441.305   1.00000 
  3521.371          16.895    218.739       0.297       0.658                0.051               0.000               0.000          5018441.356   1.00000 
  3522.371          16.876    218.674       0.297       0.658                0.050               0.000               0.000          5018441.406   1.00000 
  3523.371          16.858    218.608       0.297       0.658                0.050               0.000               0.000          5018441.457   1.00000 
  3524.371          16.840    218.543       0.297       0.658                0.050               0.000               0.000          5018441.507   1.00000 
  3525.371          16.821    218.478       0.297       0.658                0.050               0.000               0.000          5018441.556   1.00000 
  3526.371          16.803    218.414       0.297       0.658                0.050               0.000               0.000          5018441.606   1.00000 
  3527.371          16.785    218.349       0.297       0.658                0.050               0.000               0.000          5018441.656   1.00000 
  3528.371          16.766    218.285       0.297       0.658                0.049               0.000               0.000          5018441.705   1.00000 
  3529.371          16.748    218.221       0.297       0.658                0.049               0.000               0.000          5018441.754   1.00000 
  3530.371          16.730    218.157       0.297       0.658                0.049               0.000               0.000          5018441.803   1.00000 
  3531.371          16.712    218.093       0.297       0.658                0.049               0.000               0.000          5018441.852   1.00000 
  3532.371          16.694    218.029       0.297       0.658                0.049               0.000               0.000          5018441.901   1.00000 
  3533.371          16.675    217.966       0.297       0.658                0.049               0.000               0.000          5018441.950   1.00000 
  3534.371          16.657    217.903       0.297       0.658                0.048               0.000               0.000          5018441.998   1.00000 
  3535.371          16.639    217.840       0.297       0.658                0.048               0.000               0.000          5018442.046   1.00000 
  3536.371          16.621    217.777       0.297       0.658                0.048               0.000               0.000          5018442.094   1.00000 
  3537.371          16.603    217.715       0.297       0.658                0.048               0.000               0.000          5018442.142   1.00000 
  3538.371          16.585    217.652       0.297       0.658                0.048               0.000               0.000          5018442.190   1.00000 
  3539.371          16.567    217.590       0.297       0.658                0.048               0.000               0.000          5018442.238   1.00000 
  3540.371          16.549    217.528       0.297       0.658                0.047               0.000               0.000          5018442.285   1.00000 
  3541.371          16.531    217.466       0.297       0.658                0.047               0.000               0.000          5018442.332   1.00000 
  3542.371          16.513    217.405       0.297       0.658                0.047               0.000               0.000          5018442.379   1.00000 
  3543.371          16.495    217.343       0.297       0.658                0.047               0.000               0.000          5018442.426   1.00000 
  3544.371          16.477    217.282       0.297       0.658                0.047               0.000               0.000          5018442.473   1.00000 
  3545.371          16.459    217.221       0.297       0.658                0.047               0.000               0.000          5018442.520   1.00000 
  3546.371          16.441    217.160       0.297       0.658                0.046               0.000               0.000          5018442.566   1.00000 
  3547.371          16.423    217.100       0.297       0.658                0.046               0.000               0.000          5018442.612   1.00000 
  3548.371          16.406    217.039       0.297       0.658                0.046               0.000               0.000          5018442.659   1.00000 
  3549.371          16.388    216.979       0.297       0.658                0.046               0.000               0.000          5018442.705   1.00000 
  3550.371          16.370    216.919       0.297       0.658                0.046               0.000               0.000          5018442.751   1.00000 
  3551.371          16.352    216.860       0.297       0.658                0.046               0.000               0.000          5018442.796   1.00000 
  3552.371          16.334    216.800       0.297       0.658                0.046               0.000               0.000          5018442.842   1.00000 
  3553.371          16.317    216.741       0.297       0.658                0.045               0.000               0.000          5018442.887   1.00000 
  3554.371          16.299    216.682       0.297       0.658                0.045               0.000               0.000          5018442.933   1.00000 
  3555.371          16.281    216.623       0.297       0.658                0.045               0.000               0.000          5018442.978   1.00000 
  3556.371          16.264    216.564       0.297       0.658                0.045               0.000               0.000          5018443.023   1.00000 
  3557.371          16.246    216.505       0.297       0.658                0.045               0.000               0.000          5018443.067   1.00000 
  3558.371          16.228    216.447       0.297       0.658                0.045               0.000               0.000          5018443.112   1.00000 
  3559.371          16.211    216.389       0.297       0.658                0.045               0.000               0.000          5018443.157   1.00000 
  3560.371          16.193    216.331       0.297       0.658                0.044               0.000               0.000          5018443.201   1.00000 
  3561.371          16.176    216.274       0.297       0.658                0.044               0.000               0.000          5018443.245   1.00000 
  3562.371          16.158    216.216       0.297       0.658                0.044               0.000               0.000          5018443.289   1.00000 
  3563.371          16.141    216.159       0.297       0.658                0.044               0.000               0.000          5018443.333   1.00000 
  3564.371          16.123    216.102       0.297       0.658                0.044               0.000               0.000          5018443.377   1.00000 
  3565.371          16.106    216.045       0.297       0.658                0.044               0.000               0.000          5018443.421   1.00000 
  3566.371          16.088    215.988       0.297       0.658                0.044               0.000               0.000          5018443.464   1.00000 
  3567.371          16.071    215.932       0.297       0.658                0.043               0.000               0.000          5018443.508   1.00000 
  3568.371          16.053    215.876       0.297       0.658                0.043               0.000               0.000          5018443.551   1.00000 
  3569.371          16.036    215.820       0.297       0.658                0.043               0.000               0.000          5018443.594   1.00000 
  3570.371          16.018    215.764       0.297       0.658                0.043               0.000               0.000          5018443.637   1.00000 
  3571.371          16.001    215.709       0.297       0.658                0.043               0.000               0.000          5018443.680   1.00000 
  3572.371          15.984    215.654       0.297       0.658                0.043               0.000               0.000          5018443.723   1.00000 
  3573.371          15.966    215.599       0.297       0.658                0.043               0.000               0.000          5018443.766   1.00000 
  3574.371          15.949    215.544       0.297       0.658                0.042               0.000               0.000          5018443.808   1.00000 
  3575.371          15.932    215.489       0.297       0.658                0.042               0.000               0.000          5018443.850   1.00000 
  3576.371          15.914    215.435       0.297       0.658                0.042               0.000               0.000          5018443.893   1.00000 
  3577.371          15.897    215.381       0.297       0.658                0.042               0.000               0.000          5018443.935   1.00000 
  3578.371          15.880    215.327       0.297       0.658                0.042               0.000               0.000          5018443.977   1.00000 
  3579.371          15.863    215.273       0.297       0.658                0.042               0.000               0.000          5018444.018   1.00000 
  3580.371          15.846    215.220       0.297       0.658                0.042               0.000               0.000          5018444.060   1.00000 
  3581.371          15.828    215.166       0.297       0.658                0.042               0.000               0.000          5018444.102   1.00000 
  3582.371          15.811    215.113       0.297       0.658                0.041               0.000               0.000          5018444.143   1.00000 
  3583.371          15.794    215.061       0.297       0.658                0.041               0.000               0.000          5018444.184   1.00000 
  3584.371          15.777    215.008       0.297       0.658                0.041               0.000               0.000          5018444.226   1.00000 
  3585.371          15.760    214.956       0.297       0.658                0.041               0.000               0.000          5018444.267   1.00000 
  3586.371          15.743    214.904       0.297       0.658                0.041               0.000               0.000          5018444.308   1.00000 
  3587.371          15.726    214.852       0.297       0.658                0.041               0.000               0.000          5018444.348   1.00000 
  3588.371          15.709    214.800       0.297       0.658                0.041               0.000               0.000          5018444.389   1.00000 
  3589.371          15.692    214.749       0.297       0.658                0.041               0.000               0.000          5018444.430   1.00000 
  3590.371          15.675    214.698       0.297       0.658                0.040               0.000               0.000          5018444.470   1.00000 
  3591.371          15.658    214.647       0.297       0.658                0.040               0.000               0.000          5018444.510   1.00000 
  3592.371          15.641    214.596       0.297       0.658                0.040               0.000               0.000          5018444.551   1.00000 
  3593.371          15.624    214.546       0.297       0.658                0.040               0.000               0.000          5018444.591   1.00000 
  3594.371          15.607    214.495       0.297       0.658                0.040               0.000               0.000          5018444.631   1.00000 
  3595.371          15.590    214.445       0.297       0.658                0.040               0.000               0.000          5018444.670   1.00000 
  3596.371          15.573    214.396       0.297       0.658                0.040               0.000               0.000          5018444.710   1.00000 
  3597.371          15.556    214.346       0.297       0.658                0.040               0.000               0.000          5018444.750   1.00000 
  3598.371          15.539    214.297       0.297       0.658                0.039               0.000               0.000          5018444.789   1.00000 
  3599.371          15.523    214.248       0.297       0.658                0.039               0.000               0.000          5018444.829   1.00000 
  3600.371          15.506    214.199       0.297       0.658                0.039               0.000               0.000          5018444.868   1.00000 
  3601.371          15.489    214.151       0.297       0.658                0.039               0.000               0.000          5018444.907   1.00000 
  3602.371          15.472    214.102       0.297       0.658                0.039               0.000               0.000          5018444.946   1.00000 
  3603.371          15.455    214.054       0.297       0.658                0.039               0.000               0.000          5018444.985   1.00000 
  3604.371          15.439    214.007       0.297       0.658                0.039               0.000               0.000          5018445.024   1.00000 
  3605.371          15.422    213.959       0.297       0.658                0.039               0.000               0.000          5018445.062   1.00000 
  3606.371          15.405    213.912       0.297       0.658                0.039               0.000               0.000          5018445.101   1.00000 
  3607.371          15.389    213.865       0.297       0.658                0.038               0.000               0.000          5018445.139   1.00000 
  3608.371          15.372    213.818       0.297       0.658                0.038               0.000               0.000          5018445.178   1.00000 
  3609.371          15.355    213.772       0.297       0.658                0.038               0.000               0.000          5018445.216   1.00000 
  3610.371          15.339    213.725       0.297       0.658                0.038               0.000               0.000          5018445.254   1.00000 
  3611.371          15.322    213.679       0.297       0.658                0.038               0.000               0.000          5018445.292   1.00000 
  3612.371          15.305    213.634       0.297       0.658                0.038               0.000               0.000          5018445.330   1.00000 
  3613.371          15.289    213.588       0.297       0.658                0.038               0.000               0.000          5018445.368   1.00000 
  3614.371          15.272    213.543       0.297       0.658                0.038               0.000               0.000          5018445.406   1.00000 
  3615.371          15.256    213.498       0.297       0.658                0.038               0.000               0.000          5018445.443   1.00000 
  3616.371          15.239    213.453       0.297       0.658                0.037               0.000               0.000          5018445.481   1.00000 
  3617.371          15.223    213.409       0.297       0.658                0.037               0.000               0.000          5018445.518   1.00000 
  3618.371          15.206    213.364       0.297       0.658                0.037               0.000               0.000          5018445.555   1.00000 
  3619.371          15.190    213.320       0.297       0.658                0.037               0.000               0.000          5018445.593   1.00000 
  3620.371          15.173    213.277       0.297       0.658                0.037               0.000               0.000          5018445.630   1.00000 
  3621.371          15.157    213.233       0.297       0.658                0.037               0.000               0.000          5018445.667   1.00000 
  3622.371          15.141    213.190       0.297       0.658                0.037               0.000               0.000          5018445.703   1.00000 
  3623.371          15.124    213.147       0.297       0.658                0.037               0.000               0.000          5018445.740   1.00000 
  3624.371          15.108    213.105       0.297       0.658                0.037               0.000               0.000          5018445.777   1.00000 
  3625.371          15.091    213.062       0.297       0.658                0.037               0.000               0.000          5018445.813   1.00000 
  3626.371          15.075    213.020       0.297       0.658                0.036               0.000               0.000          5018445.850   1.00000 
  3627.371          15.059    212.978       0.297       0.658                0.036               0.000               0.000          5018445.886   1.00000 
  3628.371          15.042    212.937       0.297       0.658                0.036               0.000               0.000          5018445.923   1.00000 
  3629.371          15.026    212.895       0.297       0.658                0.036               0.000               0.000          5018445.959   1.00000 
  3630.371          15.010    212.854       0.297       0.658                0.036               0.000               0.000          5018445.995   1.00000 
  3631.371          14.994    212.814       0.297       0.658                0.036               0.000               0.000          5018446.031   1.00000 
  3632.371          14.977    212.773       0.297       0.658                0.036               0.000               0.000          5018446.067   1.00000 
  3633.371          14.961    212.733       0.297       0.658                0.036               0.000               0.000          5018446.102   1.00000 
  3634.371          14.945    212.693       0.297       0.658                0.036               0.000               0.000          5018446.138   1.00000 
  3635.371          14.929    212.653       0.297       0.658                0.036               0.000               0.000          5018446.174   1.00000 
  3636.371          14.913    212.614       0.297       0.658                0.035               0.000               0.000          5018446.209   1.00000 
  3637.371          14.897    212.575       0.297       0.658                0.035               0.000               0.000          5018446.245   1.00000 
  3638.371          14.880    212.536       0.297       0.658                0.035               0.000               0.000          5018446.280   1.00000 
  3639.371          14.864    212.498       0.297       0.658                0.035               0.000               0.000          5018446.315   1.00000 
  3640.371          14.848    212.459       0.297       0.658                0.035               0.000               0.000          5018446.350   1.00000 
  3641.371          14.832    212.421       0.297       0.658                0.035               0.000               0.000          5018446.385   1.00000 
  3642.371          14.816    212.384       0.297       0.658                0.035               0.000               0.000          5018446.420   1.00000 
  3643.371          14.800    212.346       0.297       0.658                0.035               0.000               0.000          5018446.455   1.00000 
  3644.371          14.784    212.309       0.297       0.658                0.035               0.000               0.000          5018446.490   1.00000 
  3645.371          14.768    212.272       0.297       0.658                0.035               0.000               0.000          5018446.524   1.00000 
  3646.371          14.752    212.236       0.297       0.658                0.035               0.000               0.000          5018446.559   1.00000 
  3647.371          14.736    212.200       0.297       0.658                0.034               0.000               0.000          5018446.594   1.00000 
  3648.371          14.720    212.164       0.297       0.658                0.034               0.000               0.000          5018446.628   1.00000 
  3649.371          14.704    212.128       0.297       0.658                0.034               0.000               0.000          5018446.662   1.00000 
  3650.371          14.688    212.093       0.297       0.658                0.034               0.000               0.000          5018446.696   1.00000 
  3651.371          14.673    212.058       0.297       0.658                0.034               0.000               0.000          5018446.731   1.00000 
  3652.371          14.657    212.023       0.297       0.658                0.034               0.000               0.000          5018446.765   1.00000 
  3653.371          14.641    211.988       0.297       0.658                0.034               0.000               0.000          5018446.799   1.00000 
  3654.371          14.625    211.954       0.297       0.658                0.034               0.000               0.000          5018446.832   1.00000 
  3655.371          14.609    211.920       0.297       0.658                0.034               0.000               0.000          5018446.866   1.00000 
  3656.371          14.593    211.886       0.297       0.658                0.034               0.000               0.000          5018446.900   1.00000 
  3657.371          14.578    211.853       0.297       0.658                0.034               0.000               0.000          5018446.934   1.00000 
  3658.371          14.562    211.820       0.297       0.658                0.034               0.000               0.000          5018446.967   1.00000 
  3659.371          14.546    211.787       0.297       0.658                0.033               0.000               0.000          5018447.001   1.00000 
  3660.371          14.530    211.755       0.297       0.658                0.033               0.000               0.000          5018447.034   1.00000 
  3661.371          14.515    211.723       0.297       0.658                0.033               0.000               0.000          5018447.067   1.00000 
  3662.371          14.499    211.691       0.297       0.658                0.033               0.000               0.000          5018447.100   1.00000 
  3663.371          14.483    211.659       0.297       0.658                0.033               0.000               0.000          5018447.133   1.00000 
  3664.371          14.467    211.628       0.297       0.658                0.033               0.000               0.000          5018447.167   1.00000 
  3665.371          14.452    211.597       0.297       0.658                0.033               0.000               0.000          5018447.199   1.00000 
  3666.371          14.436    211.567       0.297       0.658                0.033               0.000               0.000          5018447.232   1.00000 
  3667.371          14.421    211.536       0.297       0.658                0.033               0.000               0.000          5018447.265   1.00000 
  3668.371          14.405    211.506       0.297       0.658                0.033               0.000               0.000          5018447.298   1.00000 
  3669.371          14.389    211.477       0.297       0.658                0.033               0.000               0.000          5018447.331   1.00000 
  3670.371          14.374    211.447       0.297       0.658                0.033               0.000               0.000          5018447.363   1.00000 
  3671.371          14.358    211.418       0.297       0.658                0.032               0.000               0.000          5018447.396   1.00000 
  3672.371          14.343    211.389       0.297       0.658                0.032               0.000               0.000          5018447.428   1.00000 
  3673.371          14.327    211.361       0.297       0.658                0.032               0.000               0.000          5018447.460   1.00000 
  3674.371          14.312    211.333       0.297       0.658                0.032               0.000               0.000          5018447.493   1.00000 
  3675.371          14.296    211.305       0.297       0.658                0.032               0.000               0.000          5018447.525   1.00000 
  3676.371          14.281    211.277       0.297       0.658                0.032               0.000               0.000          5018447.557   1.00000 
  3677.371          14.265    211.250       0.297       0.658                0.032               0.000               0.000          5018447.589   1.00000 
  3678.371          14.250    211.223       0.297       0.658                0.032               0.000               0.000          5018447.621   1.00000 
  3679.371          14.234    211.196       0.297       0.658                0.032               0.000               0.000          5018447.653   1.00000 
  3680.371          14.219    211.170       0.297       0.658                0.032               0.000               0.000          5018447.684   1.00000 
  3681.371          14.204    211.144       0.297       0.658                0.032               0.000               0.000          5018447.716   1.00000 
  3682.371          14.188    211.118       0.297       0.658                0.032               0.000               0.000          5018447.748   1.00000 
  3683.371          14.173    211.093       0.297       0.658                0.032               0.000               0.000          5018447.779   1.00000 
  3684.371          14.158    211.068       0.297       0.658                0.031               0.000               0.000          5018447.811   1.00000 
  3685.371          14.142    211.043       0.297       0.658                0.031               0.000               0.000          5018447.842   1.00000 
  3686.371          14.127    211.019       0.297       0.658                0.031               0.000               0.000          5018447.874   1.00000 
  3687.371          14.112    210.995       0.297       0.658                0.031               0.000               0.000          5018447.905   1.00000 
  3688.371          14.096    210.971       0.297       0.658                0.031               0.000               0.000          5018447.936   1.00000 
  3689.371          14.081    210.947       0.297       0.658                0.031               0.000               0.000          5018447.967   1.00000 
  3690.371          14.066    210.924       0.297       0.658                0.031               0.000               0.000          5018447.998   1.00000 
  3691.371          14.051    210.901       0.297       0.658                0.031               0.000               0.000          5018448.029   1.00000 
  3692.371          14.036    210.879       0.297       0.658                0.031               0.000               0.000          5018448.060   1.00000 
  3693.371          14.020    210.857       0.297       0.658                0.031               0.000               0.000          5018448.091   1.00000 
  3694.371          14.005    210.835       0.297       0.658                0.031               0.000               0.000          5018448.122   1.00000 
  3695.371          13.990    210.813       0.297       0.658                0.031               0.000               0.000          5018448.152   1.00000 
  3696.371          13.975    210.792       0.297       0.658                0.031               0.000               0.000          5018448.183   1.00000 
  3697.371          13.960    210.771       0.297       0.658                0.031               0.000               0.000          5018448.214   1.00000 
  3698.371          13.945    210.750       0.297       0.658                0.031               0.000               0.000          5018448.244   1.00000 
  3699.371          13.930    210.730       0.297       0.658                0.030               0.000               0.000          5018448.275   1.00000 
  3700.371          13.914    210.710       0.297       0.658                0.030               0.000               0.000          5018448.305   1.00000 
  3701.371          13.899    210.690       0.297       0.658                0.030               0.000               0.000          5018448.335   1.00000 
  3702.371          13.884    210.671       0.297       0.658                0.030               0.000               0.000          5018448.365   1.00000 
  3703.371          13.869    210.652       0.297       0.658                0.030               0.000               0.000          5018448.396   1.00000 
  3704.371          13.854    210.634       0.297       0.658                0.030               0.000               0.000          5018448.426   1.00000 
  3705.371          13.839    210.615       0.297       0.658                0.030               0.000               0.000          5018448.456   1.00000 
  3706.371          13.824    210.597       0.297       0.658                0.030               0.000               0.000          5018448.486   1.00000 
  3707.371          13.809    210.580       0.297       0.658                0.030               0.000               0.000          5018448.516   1.00000 
  3708.371          13.794    210.562       0.297       0.658                0.030               0.000               0.000          5018448.545   1.00000 
  3709.371          13.780    210.545       0.297       0.658                0.030               0.000               0.000          5018448.575   1.00000 
  3710.371          13.765    210.529       0.297       0.658                0.030               0.000               0.000          5018448.605   1.00000 
  3711.371          13.750    210.512       0.297       0.658                0.030               0.000               0.000          5018448.635   1.00000 
  3712.371          13.735    210.496       0.297       0.658                0.030               0.000               0.000          5018448.664   1.00000 
  3713.371          13.720    210.480       0.297       0.658                0.030               0.000               0.000          5018448.694   1.00000 
  3714.371          13.705    210.465       0.297       0.658                0.029               0.000               0.000          5018448.723   1.00000 
  3715.371          13.690    210.450       0.297       0.658                0.029               0.000               0.000          5018448.753   1.00000 
  3716.371          13.676    210.435       0.297       0.658                0.029               0.000               0.000          5018448.782   1.00000 
  3717.371          13.661    210.421       0.297       0.658                0.029               0.000               0.000          5018448.811   1.00000 
  3718.371          13.646    210.407       0.297       0.658                0.029               0.000               0.000          5018448.840   1.00000 
  3719.371          13.631    210.393       0.297       0.658                0.029               0.000               0.000          5018448.869   1.00000 
  3720.371          13.616    210.380       0.297       0.658                0.029               0.000               0.000          5018448.899   1.00000 
  3721.371          13.602    210.367       0.297       0.658                0.029               0.000               0.000          5018448.928   1.00000 
  3722.371          13.587    210.354       0.297       0.658                0.029               0.000               0.000          5018448.956   1.00000 
  3723.371          13.572    210.342       0.297       0.658                0.029               0.000               0.000          5018448.985   1.00000 
  3724.371          13.558    210.330       0.297       0.658                0.029               0.000               0.000          5018449.014   1.00000 
  3725.371          13.543    210.318       0.297       0.658                0.029               0.000               0.000          5018449.043   1.00000 
  3726.371          13.528    210.307       0.297       0.658                0.029               0.000               0.000          5018449.072   1.00000 
  3727.371          13.514    210.296       0.297       0.658                0.029               0.000               0.000          5018449.100   1.00000 
  3728.371          13.499    210.285       0.297       0.658                0.029               0.000               0.000          5018449.129   1.00000 
  3729.371          13.484    210.275       0.297       0.658                0.029               0.000               0.000          5018449.157   1.00000 
  3730.371          13.470    210.265       0.297       0.658                0.028               0.000               0.000          5018449.186   1.00000 
  3731.371          13.455    210.255       0.297       0.658                0.028               0.000               0.000          5018449.214   1.00000 
  3732.371          13.441    210.245       0.297       0.658                0.028               0.000               0.000          5018449.243   1.00000 
  3733.371          13.426    210.236       0.297       0.658                0.028               0.000               0.000          5018449.271   1.00000 
  3734.371          13.412    210.228       0.297       0.658                0.028               0.000               0.000          5018449.299   1.00000 
  3735.371          13.397    210.219       0.297       0.658                0.028               0.000               0.000          5018449.327   1.00000 
  3736.371          13.382    210.211       0.297       0.658                0.028               0.000               0.000          5018449.356   1.00000 
  3737.371          13.368    210.204       0.297       0.658                0.028               0.000               0.000          5018449.384   1.00000 
  3738.371          13.354    210.197       0.297       0.658                0.028               0.000               0.000          5018449.412   1.00000 
  3739.371          13.339    210.190       0.297       0.658                0.028               0.000               0.000          5018449.440   1.00000 
  3740.371          13.325    210.183       0.297       0.658                0.028               0.000               0.000          5018449.467   1.00000 
  3741.371          13.310    210.177       0.297       0.658                0.028               0.000               0.000          5018449.495   1.00000 
  3742.371          13.296    210.171       0.297       0.658                0.028               0.000               0.000          5018449.523   1.00000 
  3743.371          13.281    210.165       0.297       0.658                0.028               0.000               0.000          5018449.551   1.00000 
  3744.371          13.267    210.160       0.297       0.658                0.028               0.000               0.000          5018449.579   1.00000 
  3745.371          13.253    210.155       0.297       0.658                0.028               0.000               0.000          5018449.606   1.00000 
  3746.371          13.238    210.150       0.297       0.658                0.028               0.000               0.000          5018449.634   1.00000 
  3747.371          13.224    210.146       0.297       0.658                0.028               0.000               0.000          5018449.661   1.00000 
  3748.371          13.210    210.142       0.297       0.658                0.027               0.000               0.000          5018449.689   1.00000 
  3749.371          13.195    210.139       0.297       0.658                0.027               0.000               0.000          5018449.716   1.00000 
  3750.371          13.181    210.135       0.297       0.658                0.027               0.000               0.000          5018449.743   1.00000 
  3751.371          13.167    210.132       0.297       0.658                0.027               0.000               0.000          5018449.771   1.00000 
  3752.371          13.153    210.130       0.297       0.658                0.027               0.000               0.000          5018449.798   1.00000 
  3753.371          13.138    210.128       0.297       0.658                0.027               0.000               0.000          5018449.825   1.00000 
  3754.371          13.124    210.126       0.297       0.658                0.027               0.000               0.000          5018449.852   1.00000 
  3755.371          13.110    210.124       0.297       0.658                0.027               0.000               0.000          5018449.879   1.00000 
  3756.371          13.096    210.123       0.297       0.658                0.027               0.000               0.000          5018449.907   1.00000 
  3757.371          13.081    210.122       0.297       0.658                0.027               0.000               0.000          5018449.933   1.00000 
  3758.371          13.067    210.122       0.297       0.658                0.027               0.000               0.000          5018449.960   1.00000 
  3759.371          13.053    210.122       0.297       0.658                0.027               0.000               0.000          5018449.987   1.00000 
  3760.371          13.039    210.122       0.297       0.658                0.027               0.000               0.000          5018450.014   1.00000 
  3761.371          13.025    210.122       0.297       0.658                0.027               0.000               0.000          5018450.041   1.00000 
  3762.371          13.011    210.122       0.297       0.658                0.027               0.000               0.000          5018450.068   1.00000 
  3763.371          12.997    210.122       0.297       0.658                0.027               0.000               0.000          5018450.094   1.00000 
  3764.371          12.983    210.122       0.297       0.658                0.027               0.000               0.000          5018450.121   1.00000 
  3765.371          12.969    210.123       0.297       0.658                0.027               0.000               0.000          5018450.148   1.00000 
  3766.371          12.955    210.123       0.297       0.658                0.027               0.000               0.000          5018450.174   1.00000 
  3767.371          12.940    210.123       0.297       0.658                0.026               0.000               0.000          5018450.201   1.00000 
  3768.371          12.926    210.123       0.297       0.658                0.026               0.000               0.000          5018450.227   1.00000 
  3769.371          12.912    210.123       0.297       0.658                0.026               0.000               0.000          5018450.253   1.00000 
  3770.371          12.898    210.123       0.297       0.658                0.026               0.000               0.000          5018450.280   1.00000 
  3771.371          12.884    210.123       0.297       0.658                0.026               0.000               0.000          5018450.306   1.00000 
  3772.371          12.871    210.123       0.297       0.658                0.026               0.000               0.000          5018450.332   1.00000 
  3773.371          12.857    210.123       0.297       0.658                0.026               0.000               0.000          5018450.358   1.00000 
  3774.371          12.843    210.123       0.297       0.658                0.026               0.000               0.000          5018450.385   1.00000 
  3775.371          12.829    210.124       0.297       0.658                0.026               0.000               0.000          5018450.411   1.00000 
  3776.371          12.815    210.124       0.297       0.658                0.026               0.000               0.000          5018450.437   1.00000 
  3777.371          12.801    210.124       0.297       0.658                0.026               0.000               0.000          5018450.463   1.00000 
  3778.371          12.787    210.124       0.297       0.658                0.026               0.000               0.000          5018450.489   1.00000 
  3779.371          12.773    210.124       0.297       0.658                0.026               0.000               0.000          5018450.515   1.00000 
  3780.371          12.759    210.124       0.297       0.658                0.026               0.000               0.000          5018450.540   1.00000 
  3781.371          12.746    210.124       0.297       0.658                0.026               0.000               0.000          5018450.566   1.00000 
  3782.371          12.732    210.124       0.297       0.658                0.026               0.000               0.000          5018450.592   1.00000 
  3783.371          12.718    210.124       0.297       0.658                0.026               0.000               0.000          5018450.618   1.00000 
  3784.371          12.704    210.124       0.297       0.658                0.026               0.000               0.000          5018450.643   1.00000 
  3785.371          12.690    210.125       0.297       0.658                0.026               0.000               0.000          5018450.669   1.00000 
  3786.371          12.677    210.125       0.297       0.658                0.026               0.000               0.000          5018450.695   1.00000 
  3787.371          12.663    210.125       0.297       0.658                0.026               0.000               0.000          5018450.720   1.00000 
  3788.371          12.649    210.125       0.297       0.658                0.025               0.000               0.000          5018450.746   1.00000 
  3789.371          12.635    210.125       0.297       0.658                0.025               0.000               0.000          5018450.771   1.00000 
  3790.371          12.622    210.125       0.297       0.658                0.025               0.000               0.000          5018450.796   1.00000 
  3791.371          12.608    210.125       0.297       0.658                0.025               0.000               0.000          5018450.822   1.00000 
  3792.371          12.594    210.125       0.297       0.658                0.025               0.000               0.000          5018450.847   1.00000 
  3793.371          12.581    210.125       0.297       0.658                0.025               0.000               0.000          5018450.872   1.00000 
  3794.371          12.567    210.125       0.297       0.658                0.025               0.000               0.000          5018450.898   1.00000 
  3795.371          12.554    210.126       0.297       0.658                0.025               0.000               0.000          5018450.923   1.00000 
  3796.371          12.540    210.126       0.297       0.658                0.025               0.000               0.000          5018450.948   1.00000 
  3797.371          12.526    210.126       0.297       0.658                0.025               0.000               0.000          5018450.973   1.00000 
  3798.371          12.513    210.126       0.297       0.658                0.025               0.000               0.000          5018450.998   1.00000 
  3799.371          12.499    210.126       0.297       0.658                0.025               0.000               0.000          5018451.023   1.00000 
  3800.371          12.486    210.126       0.297       0.658                0.025               0.000               0.000          5018451.048   1.00000 
  3801.371          12.472    210.126       0.297       0.658                0.025               0.000               0.000          5018451.073   1.00000 
  3802.371          12.459    210.126       0.297       0.658                0.025               0.000               0.000          5018451.098   1.00000 
  3803.371          12.445    210.126       0.297       0.658                0.025               0.000               0.000          5018451.123   1.00000 
  3804.371          12.432    210.126       0.297       0.658                0.025               0.000               0.000          5018451.147   1.00000 
  3805.371          12.418    210.126       0.297       0.658                0.025               0.000               0.000          5018451.172   1.00000 
  3806.371          12.405    210.127       0.297       0.658                0.025               0.000               0.000          5018451.197   1.00000 
  3807.371          12.391    210.127       0.297       0.658                0.025               0.000               0.000          5018451.221   1.00000 
  3808.371          12.378    210.127       0.297       0.658                0.025               0.000               0.000          5018451.246   1.00000 
  3809.371          12.364    210.127       0.297       0.658                0.025               0.000               0.000          5018451.271   1.00000 
  3810.371          12.351    210.127       0.297       0.658                0.025               0.000               0.000          5018451.295   1.00000 
  3811.371          12.338    210.127       0.297       0.658                0.024               0.000               0.000          5018451.320   1.00000 
  3812.371          12.324    210.127       0.297       0.658                0.024               0.000               0.000          5018451.344   1.00000 
  3813.371          12.311    210.127       0.297       0.658                0.024               0.000               0.000          5018451.368   1.00000 
  3814.371          12.297    210.127       0.297       0.658                0.024               0.000               0.000          5018451.393   1.00000 
  3815.371          12.284    210.127       0.297       0.658                0.024               0.000               0.000          5018451.417   1.00000 
  3816.371          12.271    210.127       0.297       0.658                0.024               0.000               0.000          5018451.441   1.00000 
  3817.371          12.257    210.128       0.297       0.658                0.024               0.000               0.000          5018451.466   1.00000 
  3818.371          12.244    210.128       0.297       0.658                0.024               0.000               0.000          5018451.490   1.00000 
  3819.371          12.231    210.128       0.297       0.658                0.024               0.000               0.000          5018451.514   1.00000 
  3820.371          12.218    210.128       0.297       0.658                0.024               0.000               0.000          5018451.538   1.00000 
  3821.371          12.204    210.128       0.297       0.658                0.024               0.000               0.000          5018451.562   1.00000 
  3822.371          12.191    210.128       0.297       0.658                0.024               0.000               0.000          5018451.586   1.00000 
  3823.371          12.178    210.128       0.297       0.658                0.024               0.000               0.000          5018451.610   1.00000 
  3824.371          12.165    210.128       0.297       0.658                0.024               0.000               0.000          5018451.634   1.00000 
  3825.371          12.152    210.128       0.297       0.658                0.024               0.000               0.000          5018451.658   1.00000 
  3826.371          12.138    210.128       0.297       0.658                0.024               0.000               0.000          5018451.682   1.00000 
  3827.371          12.125    210.129       0.297       0.658                0.024               0.000               0.000          5018451.706   1.00000 
  3828.371          12.112    210.129       0.297       0.658                0.024               0.000               0.000          5018451.730   1.00000 
  3829.371          12.099    210.129       0.297       0.658                0.024               0.000               0.000          5018451.754   1.00000 
  3830.371          12.086    210.129       0.297       0.658                0.024               0.000               0.000          5018451.777   1.00000 
  3831.371          12.073    210.129       0.297       0.658                0.024               0.000               0.000          5018451.801   1.00000 
  3832.371          12.060    210.129       0.297       0.658                0.024               0.000               0.000          5018451.825   1.00000 
  3833.371          12.046    210.129       0.297       0.658                0.024               0.000               0.000          5018451.848   1.00000 
  3834.371          12.033    210.129       0.297       0.658                0.024               0.000               0.000          5018451.872   1.00000 
  3835.371          12.020    210.129       0.297       0.658                0.024               0.000               0.000          5018451.896   1.00000 
  3836.371          12.007    210.129       0.297       0.658                0.024               0.000               0.000          5018451.919   1.00000 
  3837.371          11.994    210.129       0.297       0.658                0.023               0.000               0.000          5018451.942   1.00000 
  3838.371          11.981    210.130       0.297       0.658                0.023               0.000               0.000          5018451.966   1.00000 
  3839.371          11.968    210.130       0.297       0.658                0.023               0.000               0.000          5018451.989   1.00000 
  3840.371          11.955    210.130       0.297       0.658                0.023               0.000               0.000          5018452.013   1.00000 
  3841.371          11.942    210.130       0.297       0.658                0.023               0.000               0.000          5018452.036   1.00000 
  3842.371          11.929    210.130       0.297       0.658                0.023               0.000               0.000          5018452.059   1.00000 
  3843.371          11.916    210.130       0.297       0.658                0.023               0.000               0.000          5018452.083   1.00000 
  3844.371          11.903    210.130       0.297       0.658                0.023               0.000               0.000          5018452.106   1.00000 
  3845.371          11.890    210.130       0.297       0.658                0.023               0.000               0.000          5018452.129   1.00000 
  3846.371          11.878    210.130       0.297       0.658                0.023               0.000               0.000          5018452.152   1.00000 
  3847.371          11.865    210.130       0.297       0.658                0.023               0.000               0.000          5018452.175   1.00000 
  3848.371          11.852    210.130       0.297       0.658                0.023               0.000               0.000          5018452.198   1.00000 
  3849.371          11.839    210.130       0.297       0.658                0.023               0.000               0.000          5018452.221   1.00000 
  3850.371          11.826    210.131       0.297       0.658                0.023               0.000               0.000          5018452.244   1.00000 
  3851.371          11.813    210.131       0.297       0.658                0.023               0.000               0.000          5018452.267   1.00000 
  3852.371          11.800    210.131       0.297       0.658                0.023               0.000               0.000          5018452.290   1.00000 
  3853.371          11.788    210.131       0.297       0.658                0.023               0.000               0.000          5018452.313   1.00000 
  3854.371          11.775    210.131       0.297       0.658                0.023               0.000               0.000          5018452.336   1.00000 
  3855.371          11.762    210.131       0.297       0.658                0.023               0.000               0.000          5018452.359   1.00000 
  3856.371          11.749    210.131       0.297       0.658                0.023               0.000               0.000          5018452.382   1.00000 
  3857.371          11.737    210.131       0.297       0.658                0.023               0.000               0.000          5018452.404   1.00000 
  3858.371          11.724    210.131       0.297       0.658                0.023               0.000               0.000          5018452.427   1.00000 
  3859.371          11.711    210.131       0.297       0.658                0.023               0.000               0.000          5018452.450   1.00000 
  3860.371          11.698    210.131       0.297       0.658                0.023               0.000               0.000          5018452.472   1.00000 
  3861.371          11.686    210.132       0.297       0.658                0.023               0.000               0.000          5018452.495   1.00000 
  3862.371          11.673    210.132       0.297       0.658                0.023               0.000               0.000          5018452.518   1.00000 
  3863.371          11.660    210.132       0.297       0.658                0.023               0.000               0.000          5018452.540   1.00000 
  3864.371          11.648    210.132       0.297       0.658                0.023               0.000               0.000          5018452.563   1.00000 
  3865.371          11.635    210.132       0.297       0.658                0.022               0.000               0.000          5018452.585   1.00000 
  3866.371          11.622    210.132       0.297       0.658                0.022               0.000               0.000          5018452.608   1.00000 
  3867.371          11.610    210.132       0.297       0.658                0.022               0.000               0.000          5018452.630   1.00000 
  3868.371          11.597    210.132       0.297       0.658                0.022               0.000               0.000          5018452.653   1.00000 
  3869.371          11.584    210.132       0.297       0.658                0.022               0.000               0.000          5018452.675   1.00000 
  3870.371          11.572    210.132       0.297       0.658                0.022               0.000               0.000          5018452.697   1.00000 
  3871.371          11.559    210.132       0.297       0.658                0.022               0.000               0.000          5018452.719   1.00000 
  3872.371          11.547    210.132       0.297       0.658                0.022               0.000               0.000          5018452.742   1.00000 
  3873.371          11.534    210.133       0.297       0.658                0.022               0.000               0.000          5018452.764   1.00000 
  3874.371          11.522    210.133       0.297       0.658                0.022               0.000               0.000          5018452.786   1.00000 
  3875.371          11.509    210.133       0.297       0.658                0.022               0.000               0.000          5018452.808   1.00000 
  3876.371          11.497    210.133       0.297       0.658                0.022               0.000               0.000          5018452.830   1.00000 
  3877.371          11.484    210.133       0.297       0.658                0.022               0.000               0.000          5018452.853   1.00000 
  3878.371          11.472    210.133       0.297       0.658                0.022               0.000               0.000          5018452.875   1.00000 
  3879.371          11.459    210.133       0.297       0.658                0.022               0.000               0.000          5018452.897   1.00000 
  3880.371          11.447    210.133       0.297       0.658                0.022               0.000               0.000          5018452.919   1.00000 
  3881.371          11.434    210.133       0.297       0.658                0.022               0.000               0.000          5018452.941   1.00000 
  3882.371          11.422    210.133       0.297       0.658                0.022               0.000               0.000          5018452.962   1.00000 
  3883.371          11.409    210.133       0.297       0.658                0.022               0.000               0.000          5018452.984   1.00000 
  3884.371          11.397    210.133       0.297       0.658                0.022               0.000               0.000          5018453.006   1.00000 
  3885.371          11.385    210.134       0.297       0.658                0.022               0.000               0.000          5018453.028   1.00000 
  3886.371          11.372    210.134       0.297       0.658                0.022               0.000               0.000          5018453.050   1.00000 
  3887.371          11.360    210.134       0.297       0.658                0.022               0.000               0.000          5018453.072   1.00000 
  3888.371          11.348    210.134       0.297       0.658                0.022               0.000               0.000          5018453.093   1.00000 
  3889.371          11.335    210.134       0.297       0.658                0.022               0.000               0.000          5018453.115   1.00000 
  3890.371          11.323    210.134       0.297       0.658                0.022               0.000               0.000          5018453.137   1.00000 
  3891.371          11.311    210.134       0.297       0.658                0.022               0.000               0.000          5018453.158   1.00000 
  3892.371          11.298    210.134       0.297       0.658                0.022               0.000               0.000          5018453.180   1.00000 
  3893.371          11.286    210.134       0.297       0.658                0.022               0.000               0.000          5018453.202   1.00000 
  3894.371          11.274    210.134       0.297       0.658                0.022               0.000               0.000          5018453.223   1.00000 
  3895.371          11.262    210.134       0.297       0.658                0.022               0.000               0.000          5018453.245   1.00000 
  3896.371          11.249    210.134       0.297       0.658                0.021               0.000               0.000          5018453.266   1.00000 
  3897.371          11.237    210.135       0.297       0.658                0.021               0.000               0.000          5018453.288   1.00000 
  3898.371          11.225    210.135       0.297       0.658                0.021               0.000               0.000          5018453.309   1.00000 
  3899.371          11.213    210.135       0.297       0.658                0.021               0.000               0.000          5018453.331   1.00000 
  3900.371          11.200    210.135       0.297       0.658                0.021               0.000               0.000          5018453.352   1.00000 
  3901.371          11.188    210.135       0.297       0.658                0.021               0.000               0.000          5018453.373   1.00000 
  3902.371          11.176    210.135       0.297       0.658                0.021               0.000               0.000          5018453.395   1.00000 
  3903.371          11.164    210.135       0.297       0.658                0.021               0.000               0.000          5018453.416   1.00000 
  3904.371          11.152    210.135       0.297       0.658                0.021               0.000               0.000          5018453.437   1.00000 
  3905.371          11.140    210.135       0.297       0.658                0.021               0.000               0.000          5018453.458   1.00000 
  3906.371          11.128    210.135       0.297       0.658                0.021               0.000               0.000          5018453.480   1.00000 
  3907.371          11.115    210.135       0.297       0.658                0.021               0.000               0.000          5018453.501   1.00000 
  3908.371          11.103    210.135       0.297       0.658                0.021               0.000               0.000          5018453.522   1.00000 
  3909.371          11.091    210.136       0.297       0.658                0.021               0.000               0.000          5018453.543   1.00000 
  3910.371          11.079    210.136       0.297       0.658                0.021               0.000               0.000          5018453.564   1.00000 
  3911.371          11.067    210.136       0.297       0.658                0.021               0.000               0.000          5018453.585   1.00000 
  3912.371          11.055    210.136       0.297       0.658                0.021               0.000               0.000          5018453.606   1.00000 
  3913.371          11.043    210.136       0.297       0.658                0.021               0.000               0.000          5018453.627   1.00000 
  3914.371          11.031    210.136       0.297       0.658                0.021               0.000               0.000          5018453.648   1.00000 
  3915.371          11.019    210.136       0.297       0.658                0.021               0.000               0.000          5018453.669   1.00000 
  3916.371          11.007    210.136       0.297       0.658                0.021               0.000               0.000          5018453.690   1.00000 
  3917.371          10.995    210.136       0.297       0.658                0.021               0.000               0.000          5018453.711   1.00000 
  3918.371          10.983    210.136       0.297       0.658                0.021               0.000               0.000          5018453.732   1.00000 
  3919.371          10.971    210.136       0.297       0.658                0.021               0.000               0.000          5018453.753   1.00000 
  3920.371          10.959    210.136       0.297       0.658                0.021               0.000               0.000          5018453.773   1.00000 
  3921.371          10.947    210.137       0.297       0.658                0.021               0.000               0.000          5018453.794   1.00000 
  3922.371          10.935    210.137       0.297       0.658                0.021               0.000               0.000          5018453.815   1.00000 
  3923.371          10.924    210.137       0.297       0.658                0.021               0.000               0.000          5018453.836   1.00000 
  3924.371          10.912    210.137       0.297       0.658                0.021               0.000               0.000          5018453.856   1.00000 
  3925.371          10.900    210.137       0.297       0.658                0.021               0.000               0.000          5018453.877   1.00000 
  3926.371          10.888    210.137       0.297       0.658                0.021               0.000               0.000          5018453.898   1.00000 
  3927.371          10.876    210.137       0.297       0.658                0.021               0.000               0.000          5018453.918   1.00000 
  3928.371          10.864    210.137       0.297       0.658                0.021               0.000               0.000          5018453.939   1.00000 
  3929.371          10.852    210.137       0.297       0.658                0.021               0.000               0.000          5018453.959   1.00000 
  3930.371          10.841    210.137       0.297       0.658                0.021               0.000               0.000          5018453.980   1.00000 
  3931.371          10.829    210.137       0.297       0.658                0.020               0.000               0.000          5018454.000   1.00000 
  3932.371          10.817    210.137       0.297       0.658                0.020               0.000               0.000          5018454.021   1.00000 
  3933.371          10.805    210.137       0.297       0.658                0.020               0.000               0.000          5018454.041   1.00000 
  3934.371          10.793    210.138       0.297       0.658                0.020               0.000               0.000          5018454.062   1.00000 
  3935.371          10.782    210.138       0.297       0.658                0.020               0.000               0.000          5018454.082   1.00000 
  3936.371          10.770    210.138       0.297       0.658                0.020               0.000               0.000          5018454.102   1.00000 
  3937.371          10.758    210.138       0.297       0.658                0.020               0.000               0.000          5018454.123   1.00000 
  3938.371          10.746    210.138       0.297       0.658                0.020               0.000               0.000          5018454.143   1.00000 
  3939.371          10.735    210.138       0.297       0.658                0.020               0.000               0.000          5018454.163   1.00000 
  3940.371          10.723    210.138       0.297       0.658                0.020               0.000               0.000          5018454.184   1.00000 
  3941.371          10.711    210.138       0.297       0.658                0.020               0.000               0.000          5018454.204   1.00000 
  3942.371          10.700    210.138       0.297       0.658                0.020               0.000               0.000          5018454.224   1.00000 
  3943.371          10.688    210.138       0.297       0.658                0.020               0.000               0.000          5018454.244   1.00000 
  3944.371          10.676    210.138       0.297       0.658                0.020               0.000               0.000          5018454.264   1.00000 
  3945.371          10.665    210.138       0.297       0.658                0.020               0.000               0.000          5018454.285   1.00000 
  3946.371          10.653    210.138       0.297       0.658                0.020               0.000               0.000          5018454.305   1.00000 
  3947.371          10.642    210.139       0.297       0.658                0.020               0.000               0.000          5018454.325   1.00000 
  3948.371          10.630    210.139       0.297       0.658                0.020               0.000               0.000          5018454.345   1.00000 
  3949.371          10.618    210.139       0.297       0.658                0.020               0.000               0.000          5018454.365   1.00000 
  3950.371          10.607    210.139       0.297       0.658                0.020               0.000               0.000          5018454.385   1.00000 
  3951.371          10.595    210.139       0.297       0.658                0.020               0.000               0.000          5018454.405   1.00000 
  3952.371          10.584    210.139       0.297       0.658                0.020               0.000               0.000          5018454.425   1.00000 
  3953.371          10.572    210.139       0.297       0.658                0.020               0.000               0.000          5018454.445   1.00000 
  3954.371          10.561    210.139       0.297       0.658                0.020               0.000               0.000          5018454.464   1.00000 
  3955.371          10.549    210.139       0.297       0.658                0.020               0.000               0.000          5018454.484   1.00000 
  3956.371          10.538    210.139       0.297       0.658                0.020               0.000               0.000          5018454.504   1.00000 
  3957.371          10.526    210.139       0.297       0.658                0.020               0.000               0.000          5018454.524   1.00000 
  3958.371          10.515    210.139       0.297       0.658                0.020               0.000               0.000          5018454.544   1.00000 
  3959.371          10.503    210.139       0.297       0.658                0.020               0.000               0.000          5018454.564   1.00000 
  3960.371          10.492    210.140       0.297       0.658                0.020               0.000               0.000          5018454.583   1.00000 
  3961.371          10.480    210.140       0.297       0.658                0.020               0.000               0.000          5018454.603   1.00000 
  3962.371          10.469    210.140       0.297       0.658                0.020               0.000               0.000          5018454.623   1.00000 
  3963.371          10.458    210.140       0.297       0.658                0.020               0.000               0.000          5018454.642   1.00000 
  3964.371          10.446    210.140       0.297       0.658                0.020               0.000               0.000          5018454.662   1.00000 
  3965.371          10.435    210.140       0.297       0.658                0.020               0.000               0.000          5018454.682   1.00000 
  3966.371          10.423    210.140       0.297       0.658                0.020               0.000               0.000          5018454.701   1.00000 
  3967.371          10.412    210.140       0.297       0.658                0.020               0.000               0.000          5018454.721   1.00000 
  3968.371          10.401    210.140       0.297       0.658                0.020               0.000               0.000          5018454.740   1.00000 
  3969.371          10.389    210.140       0.297       0.658                0.020               0.000               0.000          5018454.760   1.00000 
  3970.371          10.378    210.140       0.297       0.658                0.019               0.000               0.000          5018454.779   1.00000 
  3971.371          10.367    210.140       0.297       0.658                0.019               0.000               0.000          5018454.799   1.00000 
  3972.371          10.355    210.140       0.297       0.658                0.019               0.000               0.000          5018454.818   1.00000 
  3973.371          10.344    210.141       0.297       0.658                0.019               0.000               0.000          5018454.838   1.00000 
  3974.371          10.333    210.141       0.297       0.658                0.019               0.000               0.000          5018454.857   1.00000 
  3975.371          10.322    210.141       0.297       0.658                0.019               0.000               0.000          5018454.876   1.00000 
  3976.371          10.310    210.141       0.297       0.658                0.019               0.000               0.000          5018454.896   1.00000 
  3977.371          10.299    210.141       0.297       0.658                0.019               0.000               0.000          5018454.915   1.00000 
  3978.371          10.288    210.141       0.297       0.658                0.019               0.000               0.000          5018454.934   1.00000 
  3979.371          10.277    210.141       0.297       0.658                0.019               0.000               0.000          5018454.954   1.00000 
  3980.371          10.265    210.141       0.297       0.658                0.019               0.000               0.000          5018454.973   1.00000 
  3981.371          10.254    210.141       0.297       0.658                0.019               0.000               0.000          5018454.992   1.00000 
  3982.371          10.243    210.141       0.297       0.658                0.019               0.000               0.000          5018455.011   1.00000 
  3983.371          10.232    210.141       0.297       0.658                0.019               0.000               0.000          5018455.031   1.00000 
  3984.371          10.221    210.141       0.297       0.658                0.019               0.000               0.000          5018455.050   1.00000 
  3985.371          10.210    210.141       0.297       0.658                0.019               0.000               0.000          5018455.069   1.00000 
  3986.371          10.198    210.141       0.297       0.658                0.019               0.000               0.000          5018455.088   1.00000 
  3987.371          10.187    210.142       0.297       0.658                0.019               0.000               0.000          5018455.107   1.00000 
  3988.371          10.176    210.142       0.297       0.658                0.019               0.000               0.000          5018455.126   1.00000 
  3989.371          10.165    210.142       0.297       0.658                0.019               0.000               0.000          5018455.145   1.00000 
  3990.371          10.154    210.142       0.297       0.658                0.019               0.000               0.000          5018455.164   1.00000 
  3991.371          10.143    210.142       0.297       0.658                0.019               0.000               0.000          5018455.183   1.00000 
  3992.371          10.132    210.142       0.297       0.658                0.019               0.000               0.000          5018455.202   1.00000 
  3993.371          10.121    210.142       0.297       0.658                0.019               0.000               0.000          5018455.221   1.00000 
  3994.371          10.110    210.142       0.297       0.658                0.019               0.000               0.000          5018455.240   1.00000 
  3995.371          10.099    210.142       0.297       0.658                0.019               0.000               0.000          5018455.259   1.00000 
  3996.371          10.088    210.142       0.297       0.658                0.019               0.000               0.000          5018455.278   1.00000 
  3997.371          10.077    210.142       0.297       0.658                0.019               0.000               0.000          5018455.297   1.00000 
  3998.371          10.066    210.142       0.297       0.658                0.019               0.000               0.000          5018455.315   1.00000 
  3999.371          10.055    210.142       0.297       0.658                0.019               0.000               0.000          5018455.334   1.00000 
  4000.371          10.044    210.142       0.297       0.658                0.019               0.000               0.000          5018455.353   1.00000 
  4001.371          10.033    210.143       0.297       0.658                0.019               0.000               0.000          5018455.372   1.00000 
  4002.371          10.022    210.143       0.297       0.658                0.019               0.000               0.000          5018455.391   1.00000 
  4003.371          10.011    210.143       0.297       0.658                0.019               0.000               0.000          5018455.409   1.00000 
  4004.371          10.000    210.143       0.297       0.658                0.019               0.000               0.000          5018455.428   1.00000 
  4005.371           9.989    210.143       0.297       0.658                0.019               0.000               0.000          5018455.447   1.00000 
  4006.371           9.978    210.143       0.297       0.658                0.019               0.000               0.000          5018455.465   1.00000 
  4007.371           9.967    210.143       0.297       0.658                0.019               0.000               0.000          5018455.484   1.00000 
  4008.371           9.956    210.143       0.297       0.658                0.019               0.000               0.000          5018455.503   1.00000 
  4009.371           9.945    210.143       0.297       0.658                0.019               0.000               0.000          5018455.521   1.00000 
  4010.371           9.935    210.143       0.297       0.658                0.019               0.000               0.000          5018455.540   1.00000 
  4011.371           9.924    210.143       0.297       0.658                0.019               0.000               0.000          5018455.558   1.00000 
  4012.371           9.913    210.143       0.297       0.658                0.019               0.000               0.000          5018455.577   1.00000 
  4013.371           9.902    210.143       0.297       0.658                0.018               0.000               0.000          5018455.595   1.00000 
  4014.371           9.891    210.143       0.297       0.658                0.018               0.000               0.000          5018455.614   1.00000 
  4015.371           9.881    210.144       0.297       0.658                0.018               0.000               0.000          5018455.632   1.00000 
  4016.371           9.870    210.144       0.297       0.658                0.018               0.000               0.000          5018455.651   1.00000 
  4017.371           9.859    210.144       0.297       0.658                0.018               0.000               0.000          5018455.669   1.00000 
  4018.371           9.848    210.144       0.297       0.658                0.018               0.000               0.000          5018455.687   1.00000 
  4019.371           9.837    210.144       0.297       0.658                0.018               0.000               0.000          5018455.706   1.00000 
  4020.371           9.827    210.144       0.297       0.658                0.018               0.000               0.000          5018455.724   1.00000 
  4021.371           9.816    210.144       0.297       0.658                0.018               0.000               0.000          5018455.742   1.00000 
  4022.371           9.805    210.144       0.297       0.658                0.018               0.000               0.000          5018455.761   1.00000 
  4023.371           9.795    210.144       0.297       0.658                0.018               0.000               0.000          5018455.779   1.00000 
  4024.371           9.784    210.144       0.297       0.658                0.018               0.000               0.000          5018455.797   1.00000 
  4025.371           9.773    210.144       0.297       0.658                0.018               0.000               0.000          5018455.815   1.00000 
  4026.371           9.762    210.144       0.297       0.658                0.018               0.000               0.000          5018455.834   1.00000 
  4027.371           9.752    210.144       0.297       0.658                0.018               0.000               0.000          5018455.852   1.00000 
  4028.371           9.741    210.144       0.297       0.658                0.018               0.000               0.000          5018455.870   1.00000 
  4029.371           9.730    210.145       0.297       0.658                0.018               0.000               0.000          5018455.888   1.00000 
  4030.371           9.720    210.145       0.297       0.658                0.018               0.000               0.000          5018455.906   1.00000 
  4031.371           9.709    210.145       0.297       0.658                0.018               0.000               0.000          5018455.924   1.00000 
  4032.371           9.699    210.145       0.297       0.658                0.018               0.000               0.000          5018455.942   1.00000 
  4033.371           9.688    210.145       0.297       0.658                0.018               0.000               0.000          5018455.961   1.00000 
  4034.371           9.677    210.145       0.297       0.658                0.018               0.000               0.000          5018455.979   1.00000 
  4035.371           9.667    210.145       0.297       0.658                0.018               0.000               0.000          5018455.997   1.00000 
  4036.371           9.656    210.145       0.297       0.658                0.018               0.000               0.000          5018456.015   1.00000 
  4037.371           9.646    210.145       0.297       0.658                0.018               0.000               0.000          5018456.033   1.00000 
  4038.371           9.635    210.145       0.297       0.658                0.018               0.000               0.000          5018456.051   1.00000 
  4039.371           9.625    210.145       0.297       0.658                0.018               0.000               0.000          5018456.068   1.00000 
  4040.371           9.614    210.145       0.297       0.658                0.018               0.000               0.000          5018456.086   1.00000 
  4041.371           9.604    210.145       0.297       0.658                0.018               0.000               0.000          5018456.104   1.00000 
  4042.371           9.593    210.145       0.297       0.658                0.018               0.000               0.000          5018456.122   1.00000 
  4043.371           9.583    210.146       0.297       0.658                0.018               0.000               0.000          5018456.140   1.00000 
  4044.371           9.572    210.146       0.297       0.658                0.018               0.000               0.000          5018456.158   1.00000 
  4045.371           9.562    210.146       0.297       0.658                0.018               0.000               0.000          5018456.176   1.00000 
  4046.371           9.551    210.146       0.297       0.658                0.018               0.000               0.000          5018456.193   1.00000 
  4047.371           9.541    210.146       0.297       0.658                0.018               0.000               0.000          5018456.211   1.00000 
  4048.371           9.530    210.146       0.297       0.658                0.018               0.000               0.000          5018456.229   1.00000 
  4049.371           9.520    210.146       0.297       0.658                0.018               0.000               0.000          5018456.247   1.00000 
  4050.371           9.510    210.146       0.297       0.658                0.018               0.000               0.000          5018456.264   1.00000 
  4051.371           9.499    210.146       0.297       0.658                0.018               0.000               0.000          5018456.282   1.00000 
  4052.371           9.489    210.146       0.297       0.658                0.018               0.000               0.000          5018456.300   1.00000 
  4053.371           9.478    210.146       0.297       0.658                0.018               0.000               0.000          5018456.317   1.00000 
  4054.371           9.468    210.146       0.297       0.658                0.018               0.000               0.000          5018456.335   1.00000 
  4055.371           9.458    210.146       0.297       0.658                0.018               0.000               0.000          5018456.353   1.00000 
  4056.371           9.447    210.146       0.297       0.658                0.018               0.000               0.000          5018456.370   1.00000 
  4057.371           9.437    210.146       0.297       0.658                0.018               0.000               0.000          5018456.388   1.00000 
  4058.371           9.427    210.147       0.297       0.658                0.018               0.000               0.000          5018456.405   1.00000 
  4059.371           9.416    210.147       0.297       0.658                0.018               0.000               0.000          5018456.423   1.00000 
  4060.371           9.406    210.147       0.297       0.658                0.018               0.000               0.000          5018456.440   1.00000 
  4061.371           9.396    210.147       0.297       0.658                0.017               0.000               0.000          5018456.458   1.00000 
  4062.371           9.385    210.147       0.297       0.658                0.017               0.000               0.000          5018456.475   1.00000 
  4063.371           9.375    210.147       0.297       0.658                0.017               0.000               0.000          5018456.493   1.00000 
  4064.371           9.365    210.147       0.297       0.658                0.017               0.000               0.000          5018456.510   1.00000 
  4065.371           9.355    210.147       0.297       0.658                0.017               0.000               0.000          5018456.528   1.00000 
  4066.371           9.344    210.147       0.297       0.658                0.017               0.000               0.000          5018456.545   1.00000 
  4067.371           9.334    210.147       0.297       0.658                0.017               0.000               0.000          5018456.562   1.00000 
  4068.371           9.324    210.147       0.297       0.658                0.017               0.000               0.000          5018456.580   1.00000 
  4069.371           9.314    210.147       0.297       0.658                0.017               0.000               0.000          5018456.597   1.00000 
  4070.371           9.304    210.147       0.297       0.658                0.017               0.000               0.000          5018456.614   1.00000 
  4071.371           9.293    210.147       0.297       0.658                0.017               0.000               0.000          5018456.632   1.00000 
  4072.371           9.283    210.147       0.297       0.658                0.017               0.000               0.000          5018456.649   1.00000 
  4073.371           9.273    210.148       0.297       0.658                0.017               0.000               0.000          5018456.666   1.00000 
  4074.371           9.263    210.148       0.297       0.658                0.017               0.000               0.000          5018456.683   1.00000 
  4075.371           9.253    210.148       0.297       0.658                0.017               0.000               0.000          5018456.701   1.00000 
  4076.371           9.243    210.148       0.297       0.658                0.017               0.000               0.000          5018456.718   1.00000 
  4077.371           9.233    210.148       0.297       0.658                0.017               0.000               0.000          5018456.735   1.00000 
  4078.371           9.222    210.148       0.297       0.658                0.017               0.000               0.000          5018456.752   1.00000 
  4079.371           9.212    210.148       0.297       0.658                0.017               0.000               0.000          5018456.769   1.00000 
  4080.371           9.202    210.148       0.297       0.658                0.017               0.000               0.000          5018456.786   1.00000 
  4081.371           9.192    210.148       0.297       0.658                0.017               0.000               0.000          5018456.804   1.00000 
  4082.371           9.182    210.148       0.297       0.658                0.017               0.000               0.000          5018456.821   1.00000 
  4083.371           9.172    210.148       0.297       0.658                0.017               0.000               0.000          5018456.838   1.00000 
  4084.371           9.162    210.148       0.297       0.658                0.017               0.000               0.000          5018456.855   1.00000 
  4085.371           9.152    210.148       0.297       0.658                0.017               0.000               0.000          5018456.872   1.00000 
  4086.371           9.142    210.148       0.297       0.658                0.017               0.000               0.000          5018456.889   1.00000 
  4087.371           9.132    210.148       0.297       0.658                0.017               0.000               0.000          5018456.906   1.00000 
  4088.371           9.122    210.149       0.297       0.658                0.017               0.000               0.000          5018456.923   1.00000 
  4089.371           9.112    210.149       0.297       0.658                0.017               0.000               0.000          5018456.940   1.00000 
  4090.371           9.102    210.149       0.297       0.658                0.017               0.000               0.000          5018456.957   1.00000 
  4091.371           9.092    210.149       0.297       0.658                0.017               0.000               0.000          5018456.973   1.00000 
  4092.371           9.082    210.149       0.297       0.658                0.017               0.000               0.000          5018456.990   1.00000 
  4093.371           9.072    210.149       0.297       0.658                0.017               0.000               0.000          5018457.007   1.00000 
  4094.371           9.062    210.149       0.297       0.658                0.017               0.000               0.000          5018457.024   1.00000 
  4095.371           9.052    210.149       0.297       0.658                0.017               0.000               0.000          5018457.041   1.00000 
  4096.371           9.042    210.149       0.297       0.658                0.017               0.000               0.000          5018457.058   1.00000 
  4097.371           9.032    210.149       0.297       0.658                0.017               0.000               0.000          5018457.075   1.00000 
  4098.371           9.022    210.149       0.297       0.658                0.017               0.000               0.000          5018457.091   1.00000 
