#_______________________________________________________________________________
#    ######   ####     ##             #####   #####     ##    #    #    ##
#    #       #        #  #            #    #  #    #   #  #   ##  ##   #  #
#    #####    ####   ######           #    #  #####   ######  # ## #  ######
#    #            #  #    #           #    #  #    #  #    #  #    #  #    #
#____######__#####___#____#___________#####___#____#__#____#__#____#__#____#____
#
#              ESA Debris Risk Assessment and Mitigation Analysis
#
#                      ---- DRAMA ( SESAM 2.1.5 ) ----
#                                      ESA 2018 
#
#                              trajectory history file
#-------------------------------------------------------------------------------
# Filename      : sara.Tank4.8d404d07-39cb-4bdd-be3e-90c64523e7f8_Trajectory.txt
# RunID         : sara
# ObjectID      : 8d404d07-39cb-4bdd-be3e-90c64523e7f8
# ObjectName    : Tank4
# Content       : This file contains the trajectory state data of the object,
#                 computed by the DRAMA 3 Re-entry Analysis.
# Documentation : DRAMA Software User Manual, section OPERATIONS MANUAL / Normal operation / SARA / SARA Simulation Output / Re-entry simulation output
#
#--------------------------------------------------------------------------------------------------------------------------------------------------------------------------------------------
#  Time [s]  Altitude [km]  Lat [deg]  Lon [deg]  Velocity [km/s]   Downrange [km]       Drag       Lift       Side    Knudsen       Mach  Flight Path [deg]  Heading [deg]  Density [kg/m^2]
#--------------------------------------------------------------------------------------------------------------------------------------------------------------------------------------------
  2354.100          89.986     -3.397    -23.804            7.337        17024.229      2.207      0.000      0.000    0.03395   26.78776           -0.45747      100.29077         3.425e-06 
  2354.200          89.980     -3.398    -23.798            7.337        17024.952      2.207      0.000      0.000    0.03392   26.78761           -0.45757      100.29034         3.428e-06 
  2354.650          89.954     -3.403    -23.769            7.336        17028.209      2.205      0.000      0.000    0.03378   26.78687           -0.45805      100.28840         3.442e-06 
  2355.650          89.895     -3.415    -23.705            7.336        17035.444      2.201      0.000      0.000    0.03346   26.78518           -0.45910      100.28408         3.476e-06 
  2356.650          89.836     -3.427    -23.641            7.335        17042.679      2.197      0.000      0.000    0.03311   26.78333           -0.46017      100.27975         3.513e-06 
  2357.650          89.777     -3.438    -23.577            7.334        17049.913      2.194      0.000      0.000    0.03276   26.78145           -0.46126      100.27541         3.550e-06 
  2358.650          89.718     -3.450    -23.512            7.334        17057.146      2.190      0.000      0.000    0.03242   26.77952           -0.46236      100.27105         3.587e-06 
  2359.650          89.659     -3.462    -23.448            7.333        17064.379      2.186      0.000      0.000    0.03209   26.77755           -0.46347      100.26667         3.625e-06 
  2360.650          89.600     -3.473    -23.384            7.332        17071.612      2.182      0.000      0.000    0.03175   26.77556           -0.46459      100.26229         3.663e-06 
  2361.650          89.540     -3.485    -23.320            7.332        17078.843      2.179      0.000      0.000    0.03142   26.77352           -0.46573      100.25788         3.702e-06 
  2362.650          89.481     -3.496    -23.256            7.331        17086.075      2.175      0.000      0.000    0.03109   26.77145           -0.46688      100.25347         3.742e-06 
  2363.650          89.421     -3.508    -23.192            7.330        17093.305      2.171      0.000      0.000    0.03076   26.76934           -0.46805      100.24903         3.782e-06 
  2364.650          89.361     -3.520    -23.128            7.330        17100.535      2.168      0.000      0.000    0.03043   26.76719           -0.46923      100.24459         3.822e-06 
  2365.650          89.301     -3.531    -23.064            7.329        17107.764      2.164      0.000      0.000    0.03011   26.76501           -0.47043      100.24013         3.863e-06 
  2366.650          89.240     -3.543    -23.000            7.328        17114.993      2.161      0.000      0.000    0.02979   26.76279           -0.47164      100.23565         3.905e-06 
  2367.650          89.180     -3.555    -22.936            7.328        17122.221      2.158      0.000      0.000    0.02947   26.76051           -0.47286      100.23116         3.947e-06 
  2368.650          89.119     -3.566    -22.872            7.327        17129.448      2.154      0.000      0.000    0.02916   26.75814           -0.47410      100.22666         3.990e-06 
  2369.650          89.059     -3.578    -22.808            7.326        17136.675      2.151      0.000      0.000    0.02885   26.75580           -0.47535      100.22214         4.033e-06 
  2370.650          88.998     -3.589    -22.744            7.325        17143.901      2.148      0.000      0.000    0.02854   26.75350           -0.47662      100.21761         4.077e-06 
  2371.650          88.937     -3.601    -22.680            7.325        17151.126      2.145      0.000      0.000    0.02823   26.75108           -0.47790      100.21306         4.121e-06 
  2372.650          88.876     -3.613    -22.616            7.324        17158.351      2.142      0.000      0.000    0.02793   26.74862           -0.47920      100.20850         4.166e-06 
  2373.650          88.814     -3.624    -22.552            7.323        17165.575      2.138      0.000      0.000    0.02763   26.74611           -0.48052      100.20392         4.212e-06 
  2374.650          88.753     -3.636    -22.488            7.322        17172.798      2.135      0.000      0.000    0.02733   26.74357           -0.48185      100.19933         4.258e-06 
  2375.650          88.691     -3.647    -22.424            7.321        17180.021      2.133      0.000      0.000    0.02703   26.74098           -0.48319      100.19473         4.305e-06 
  2376.650          88.629     -3.659    -22.360            7.321        17187.242      2.130      0.000      0.000    0.02673   26.73835           -0.48455      100.19011         4.353e-06 
  2377.650          88.567     -3.670    -22.296            7.320        17194.463      2.127      0.000      0.000    0.02644   26.73568           -0.48593      100.18548         4.401e-06 
  2378.650          88.505     -3.682    -22.233            7.319        17201.684      2.124      0.000      0.000    0.02615   26.73297           -0.48732      100.18083         4.450e-06 
  2379.650          88.443     -3.693    -22.169            7.318        17208.903      2.121      0.000      0.000    0.02586   26.73021           -0.48873      100.17617         4.500e-06 
  2380.650          88.380     -3.705    -22.105            7.317        17216.122      2.118      0.000      0.000    0.02558   26.72741           -0.49016      100.17149         4.550e-06 
  2381.650          88.318     -3.716    -22.041            7.317        17223.341      2.116      0.000      0.000    0.02530   26.72456           -0.49160      100.16680         4.601e-06 
  2382.650          88.255     -3.728    -21.977            7.316        17230.558      2.113      0.000      0.000    0.02502   26.72167           -0.49306      100.16210         4.653e-06 
  2383.650          88.192     -3.739    -21.913            7.315        17237.775      2.111      0.000      0.000    0.02474   26.71874           -0.49454      100.15738         4.705e-06 
  2384.650          88.129     -3.751    -21.849            7.314        17244.990      2.108      0.000      0.000    0.02446   26.71576           -0.49603      100.15265         4.758e-06 
  2385.650          88.065     -3.762    -21.785            7.313        17252.205      2.106      0.000      0.000    0.02419   26.71274           -0.49754      100.14790         4.812e-06 
  2386.650          88.002     -3.774    -21.721            7.312        17259.420      2.103      0.000      0.000    0.02392   26.70967           -0.49907      100.14314         4.867e-06 
  2387.650          87.938     -3.785    -21.657            7.311        17266.633      2.101      0.000      0.000    0.02365   26.70655           -0.50062      100.13837         4.923e-06 
  2388.650          87.874     -3.797    -21.593            7.310        17273.846      2.099      0.000      0.000    0.02338   26.70338           -0.50218      100.13358         4.979e-06 
  2389.650          87.810     -3.808    -21.529            7.310        17281.058      2.096      0.000      0.000    0.02311   26.70017           -0.50376      100.12877         5.036e-06 
  2390.650          87.745     -3.820    -21.465            7.309        17288.269      2.094      0.000      0.000    0.02285   26.69691           -0.50536      100.12396         5.094e-06 
  2391.650          87.681     -3.831    -21.402            7.308        17295.479      2.092      0.000      0.000    0.02259   26.69360           -0.50698      100.11913         5.153e-06 
  2392.650          87.616     -3.843    -21.338            7.307        17302.688      2.090      0.000      0.000    0.02233   26.69025           -0.50862      100.11428         5.212e-06 
  2393.650          87.551     -3.854    -21.274            7.306        17309.897      2.088      0.000      0.000    0.02208   26.68684           -0.51028      100.10942         5.273e-06 
  2394.650          87.486     -3.866    -21.210            7.305        17317.104      2.086      0.000      0.000    0.02182   26.68339           -0.51195      100.10455         5.334e-06 
  2395.650          87.420     -3.877    -21.146            7.304        17324.311      2.084      0.000      0.000    0.02157   26.67988           -0.51365      100.09966         5.397e-06 
  2396.650          87.355     -3.888    -21.082            7.303        17331.517      2.082      0.000      0.000    0.02132   26.67633           -0.51536      100.09476         5.460e-06 
  2397.650          87.289     -3.900    -21.018            7.302        17338.721      2.080      0.000      0.000    0.02108   26.67273           -0.51709      100.08984         5.524e-06 
  2398.650          87.223     -3.911    -20.954            7.301        17345.925      2.078      0.000      0.000    0.02083   26.66907           -0.51885      100.08491         5.589e-06 
  2399.650          87.157     -3.923    -20.891            7.300        17353.129      2.076      0.000      0.000    0.02059   26.66536           -0.52062      100.07997         5.655e-06 
  2400.650          87.090     -3.934    -20.827            7.299        17360.331      2.075      0.000      0.000    0.02034   26.66161           -0.52242      100.07501         5.723e-06 
  2401.650          87.024     -3.945    -20.763            7.298        17367.532      2.073      0.000      0.000    0.02011   26.65779           -0.52423      100.07004         5.791e-06 
  2402.650          86.957     -3.957    -20.699            7.297        17374.732      2.071      0.000      0.000    0.01987   26.65393           -0.52607      100.06506         5.860e-06 
  2403.650          86.890     -3.968    -20.635            7.296        17381.931      2.070      0.000      0.000    0.01963   26.65002           -0.52792      100.06006         5.930e-06 
  2404.650          86.822     -3.980    -20.571            7.295        17389.130      2.068      0.000      0.000    0.01940   26.64605           -0.52980      100.05505         6.002e-06 
  2405.650          86.755     -3.991    -20.508            7.294        17396.327      2.067      0.000      0.000    0.01917   26.64203           -0.53170      100.05002         6.074e-06 
  2406.650          86.687     -4.002    -20.444            7.293        17403.523      2.065      0.000      0.000    0.01894   26.63795           -0.53362      100.04498         6.148e-06 
  2407.650          86.619     -4.014    -20.380            7.291        17410.718      2.064      0.000      0.000    0.01871   26.63382           -0.53556      100.03993         6.223e-06 
  2408.650          86.551     -4.025    -20.316            7.290        17417.913      2.063      0.000      0.000    0.01849   26.62964           -0.53753      100.03486         6.299e-06 
  2409.650          86.482     -4.036    -20.253            7.289        17425.106      2.061      0.000      0.000    0.01826   26.62540           -0.53952      100.02978         6.376e-06 
  2410.650          86.413     -4.048    -20.189            7.288        17432.298      2.060      0.000      0.000    0.01804   26.62111           -0.54153      100.02468         6.454e-06 
  2411.650          86.344     -4.059    -20.125            7.287        17439.489      2.059      0.000      0.000    0.01782   26.61676           -0.54356      100.01957         6.534e-06 
  2412.650          86.275     -4.070    -20.061            7.286        17446.679      2.058      0.000      0.000    0.01760   26.61235           -0.54562      100.01445         6.615e-06 
  2413.650          86.206     -4.082    -19.998            7.284        17453.868      2.056      0.000      0.000    0.01739   26.60789           -0.54770      100.00932         6.697e-06 
  2414.650          86.136     -4.093    -19.934            7.283        17461.056      2.055      0.000      0.000    0.01717   26.60337           -0.54980      100.00417         6.781e-06 
  2415.650          86.066     -4.104    -19.870            7.282        17468.242      2.054      0.000      0.000    0.01696   26.59880           -0.55193       99.99900         6.866e-06 
  2416.650          85.996     -4.115    -19.806            7.281        17475.428      2.053      0.000      0.000    0.01675   26.59417           -0.55408       99.99383         6.953e-06 
  2417.650          85.925     -4.127    -19.743            7.280        17482.612      2.052      0.000      0.000    0.01655   26.58014           -0.55626       99.98864         7.035e-06 
  2418.650          85.854     -4.138    -19.679            7.278        17489.795      2.052      0.000      0.000    0.01636   26.56542           -0.55847       99.98343         7.119e-06 
  2419.650          85.783     -4.149    -19.615            7.277        17496.977      2.051      0.000      0.000    0.01616   26.55064           -0.56069       99.97821         7.204e-06 
  2420.650          85.712     -4.160    -19.552            7.276        17504.158      2.050      0.000      0.000    0.01597   26.53577           -0.56295       99.97298         7.290e-06 
  2421.650          85.640     -4.172    -19.488            7.274        17511.338      2.049      0.000      0.000    0.01578   26.52082           -0.56523       99.96774         7.378e-06 
  2422.650          85.568     -4.183    -19.424            7.273        17518.516      2.049      0.000      0.000    0.01560   26.50580           -0.56753       99.96248         7.467e-06 
  2423.650          85.496     -4.194    -19.361            7.272        17525.693      2.048      0.000      0.000    0.01541   26.49071           -0.56987       99.95721         7.557e-06 
  2424.650          85.424     -4.205    -19.297            7.270        17532.869      2.047      0.000      0.000    0.01522   26.47546           -0.57223       99.95192         7.649e-06 
  2425.650          85.351     -4.217    -19.233            7.269        17540.044      2.047      0.000      0.000    0.01504   26.46016           -0.57461       99.94662         7.742e-06 
  2426.650          85.278     -4.228    -19.170            7.268        17547.217      2.046      0.000      0.000    0.01486   26.44479           -0.57703       99.94131         7.837e-06 
  2427.650          85.205     -4.239    -19.106            7.266        17554.389      2.045      0.000      0.000    0.01468   26.42932           -0.57947       99.93599         7.933e-06 
  2428.650          85.131     -4.250    -19.042            7.265        17561.560      2.045      0.000      0.000    0.01450   26.41376           -0.58194       99.93065         8.031e-06 
  2429.650          85.057     -4.261    -18.979            7.263        17568.729      2.044      0.000      0.000    0.01433   26.39810           -0.58444       99.92530         8.130e-06 
  2430.650          84.983     -4.272    -18.915            7.262        17575.897      2.044      0.000      0.000    0.01415   26.38235           -0.58697       99.91993         8.230e-06 
  2431.650          84.908     -4.284    -18.852            7.260        17583.064      2.044      0.000      0.000    0.01398   26.36650           -0.58952       99.91455         8.333e-06 
  2432.650          84.833     -4.295    -18.788            7.259        17590.229      2.043      0.000      0.000    0.01380   26.35056           -0.59211       99.90916         8.437e-06 
  2433.650          84.758     -4.306    -18.724            7.257        17597.393      2.043      0.000      0.000    0.01363   26.33452           -0.59473       99.90376         8.542e-06 
  2434.650          84.683     -4.317    -18.661            7.256        17604.555      2.042      0.000      0.000    0.01347   26.31838           -0.59737       99.89834         8.649e-06 
  2435.650          84.607     -4.328    -18.597            7.254        17611.716      2.042      0.000      0.000    0.01330   26.30218           -0.60005       99.89291         8.758e-06 
  2436.650          84.531     -4.339    -18.534            7.253        17618.876      2.042      0.000      0.000    0.01313   26.28582           -0.60276       99.88746         8.869e-06 
  2437.650          84.454     -4.350    -18.470            7.251        17626.034      2.042      0.000      0.000    0.01297   26.26936           -0.60550       99.88200         8.982e-06 
  2438.650          84.377     -4.361    -18.407            7.250        17633.190      2.041      0.000      0.000    0.01280   26.25281           -0.60827       99.87653         9.096e-06 
  2439.650          84.300     -4.373    -18.343            7.248        17640.346      2.041      0.000      0.000    0.01264   26.23616           -0.61107       99.87105         9.212e-06 
  2440.650          84.223     -4.384    -18.280            7.246        17647.499      2.041      0.000      0.000    0.01248   26.21940           -0.61391       99.86555         9.330e-06 
  2441.650          84.145     -4.395    -18.216            7.245        17654.651      2.041      0.000      0.000    0.01232   26.20256           -0.61678       99.86004         9.450e-06 
  2442.650          84.067     -4.406    -18.153            7.243        17661.801      2.041      0.000      0.000    0.01217   26.18560           -0.61968       99.85452         9.573e-06 
  2443.650          83.988     -4.417    -18.089            7.241        17668.950      2.040      0.000      0.000    0.01201   26.16847           -0.62262       99.84899         9.697e-06 
  2444.650          83.909     -4.428    -18.026            7.239        17676.097      2.040      0.000      0.000    0.01186   26.15127           -0.62559       99.84344         9.823e-06 
  2445.650          83.830     -4.439    -17.963            7.238        17683.243      2.040      0.000      0.000    0.01170   26.13395           -0.62859       99.83788         9.951e-06 
  2446.650          83.751     -4.450    -17.899            7.236        17690.386      2.040      0.000      0.000    0.01155   26.11653           -0.63164       99.83230         1.008e-05 
  2447.650          83.671     -4.461    -17.836            7.234        17697.528      2.040      0.000      0.000    0.01140   26.09898           -0.63471       99.82671         1.021e-05 
  2448.650          83.590     -4.472    -17.772            7.232        17704.669      2.040      0.000      0.000    0.01125   26.08132           -0.63782       99.82111         1.035e-05 
  2449.650          83.510     -4.483    -17.709            7.230        17711.808      2.040      0.000      0.000    0.01111   26.06352           -0.64097       99.81550         1.049e-05 
  2450.650          83.429     -4.494    -17.646            7.229        17718.944      2.040      0.000      0.000    0.01096   26.04562           -0.64416       99.80987         1.063e-05 
  2451.650          83.347     -4.505    -17.582            7.227        17726.080      2.040      0.000      0.000    0.01082   26.02761           -0.64738       99.80424         1.077e-05 
  2452.650          83.265     -4.516    -17.519            7.225        17733.213      2.040      0.000      0.000    0.01067   26.00946           -0.65065       99.79859         1.091e-05 
  2453.650          83.183     -4.527    -17.456            7.223        17740.344      2.040      0.000      0.000    0.01053   25.99118           -0.65395       99.79292         1.106e-05 
  2454.650          83.100     -4.538    -17.392            7.221        17747.474      2.040      0.000      0.000    0.01039   25.97276           -0.65729       99.78725         1.121e-05 
  2455.650          83.017     -4.549    -17.329            7.219        17754.602      2.040      0.000      0.000    0.01025   25.95424           -0.66067       99.78156         1.136e-05 
  2456.650          82.934     -4.560    -17.266            7.217        17761.728      2.040      0.000      0.000    0.01011   25.93558           -0.66409       99.77585         1.152e-05 
  2457.650          82.850     -4.571    -17.203            7.215        17768.852      2.040      0.000      0.000    0.00998   25.91680           -0.66755       99.77014         1.168e-05 
  2458.650          82.766     -4.582    -17.139            7.213        17775.973      2.040      0.000      0.000    0.00984   25.89788           -0.67105       99.76441         1.184e-05 
  2459.650          82.681     -4.593    -17.076            7.211        17783.093      2.040      0.000      0.000    0.00971   25.87878           -0.67459       99.75868         1.200e-05 
  2460.650          82.596     -4.603    -17.013            7.208        17790.211      2.040      0.000      0.000    0.00957   25.85958           -0.67818       99.75292         1.217e-05 
  2461.650          82.511     -4.614    -16.950            7.206        17797.327      2.040      0.000      0.000    0.00944   25.84024           -0.68181       99.74716         1.234e-05 
  2462.650          82.425     -4.625    -16.887            7.204        17804.441      2.040      0.000      0.000    0.00931   25.82075           -0.68548       99.74138         1.251e-05 
  2463.650          82.338     -4.636    -16.823            7.202        17811.553      2.040      0.000      0.000    0.00918   25.80113           -0.68920       99.73560         1.268e-05 
  2464.650          82.251     -4.647    -16.760            7.199        17818.662      2.040      0.000      0.000    0.00906   25.78135           -0.69296       99.72979         1.286e-05 
  2465.650          82.164     -4.658    -16.697            7.197        17825.770      2.040      0.000      0.000    0.00893   25.76143           -0.69677       99.72398         1.305e-05 
  2466.650          82.076     -4.669    -16.634            7.195        17832.875      2.040      0.000      0.000    0.00880   25.74136           -0.70062       99.71816         1.323e-05 
  2467.650          81.988     -4.680    -16.571            7.192        17839.978      2.040      0.000      0.000    0.00868   25.72114           -0.70452       99.71232         1.342e-05 
  2468.650          81.899     -4.690    -16.508            7.190        17847.079      2.040      0.000      0.000    0.00856   25.70080           -0.70847       99.70647         1.361e-05 
  2469.650          81.810     -4.701    -16.445            7.188        17854.177      2.040      0.000      0.000    0.00844   25.68025           -0.71246       99.70061         1.381e-05 
  2470.650          81.721     -4.712    -16.382            7.185        17861.273      2.040      0.000      0.000    0.00832   25.65955           -0.71651       99.69473         1.401e-05 
  2471.650          81.631     -4.723    -16.319            7.183        17868.367      2.040      0.000      0.000    0.00820   25.63871           -0.72060       99.68885         1.421e-05 
  2472.650          81.540     -4.734    -16.256            7.180        17875.458      2.040      0.000      0.000    0.00808   25.61771           -0.72474       99.68295         1.442e-05 
  2473.650          81.449     -4.744    -16.193            7.178        17882.547      2.040      0.000      0.000    0.00796   25.59653           -0.72894       99.67704         1.463e-05 
  2474.650          81.357     -4.755    -16.130            7.175        17889.634      2.040      0.000      0.000    0.00785   25.57520           -0.73318       99.67112         1.485e-05 
  2475.650          81.265     -4.766    -16.067            7.172        17896.718      2.040      0.000      0.000    0.00773   25.55369           -0.73748       99.66519         1.507e-05 
  2476.650          81.173     -4.777    -16.004            7.170        17903.799      2.040      0.000      0.000    0.00762   25.53201           -0.74183       99.65924         1.529e-05 
  2477.650          81.080     -4.787    -15.941            7.167        17910.878      2.040      0.000      0.000    0.00751   25.51016           -0.74624       99.65328         1.552e-05 
  2478.650          80.986     -4.798    -15.878            7.164        17917.954      2.040      0.000      0.000    0.00739   25.48814           -0.75070       99.64732         1.576e-05 
  2479.650          80.892     -4.809    -15.815            7.161        17925.028      2.040      0.000      0.000    0.00728   25.46594           -0.75521       99.64133         1.599e-05 
  2480.650          80.797     -4.820    -15.753            7.159        17932.099      2.040      0.000      0.000    0.00718   25.44356           -0.75979       99.63534         1.624e-05 
  2481.650          80.702     -4.830    -15.690            7.156        17939.167      2.040      0.000      0.000    0.00707   25.42099           -0.76442       99.62934         1.648e-05 
  2482.650          80.606     -4.841    -15.627            7.153        17946.232      2.040      0.000      0.000    0.00696   25.39824           -0.76910       99.62332         1.674e-05 
  2483.650          80.510     -4.852    -15.564            7.150        17953.295      2.040      0.000      0.000    0.00686   25.37530           -0.77385       99.61730         1.699e-05 
  2484.650          80.413     -4.862    -15.501            7.147        17960.355      2.040      0.000      0.000    0.00675   25.35217           -0.77866       99.61126         1.726e-05 
  2485.650          80.316     -4.873    -15.439            7.144        17967.411      2.040      0.000      0.000    0.00665   25.32885           -0.78352       99.60521         1.752e-05 
  2486.650          80.218     -4.884    -15.376            7.141        17974.465      2.040      0.000      0.000    0.00655   25.30533           -0.78845       99.59915         1.780e-05 
  2487.650          80.119     -4.894    -15.313            7.137        17981.516      2.040      0.000      0.000    0.00644   25.28160           -0.79344       99.59308         1.808e-05 
  2488.650          80.020     -4.905    -15.251            7.134        17988.564      2.040      0.000      0.000    0.00634   25.25767           -0.79850       99.58700         1.836e-05 
  2489.650          79.920     -4.915    -15.188            7.131        17995.609      2.040      0.000      0.000    0.00625   25.23355           -0.80362       99.58090         1.865e-05 
  2490.650          79.820     -4.926    -15.125            7.128        18002.650      2.040      0.000      0.000    0.00615   25.20922           -0.80880       99.57480         1.895e-05 
  2491.650          79.719     -4.937    -15.063            7.124        18009.689      2.040      0.000      0.000    0.00605   25.18467           -0.81405       99.56868         1.926e-05 
  2492.650          79.618     -4.947    -15.000            7.121        18016.724      2.040      0.000      0.000    0.00595   25.15990           -0.81937       99.56255         1.957e-05 
  2493.650          79.516     -4.958    -14.938            7.117        18023.756      2.040      0.000      0.000    0.00586   25.13491           -0.82476       99.55641         1.988e-05 
  2494.650          79.413     -4.968    -14.875            7.114        18030.784      2.040      0.000      0.000    0.00577   25.10969           -0.83022       99.55027         2.021e-05 
  2495.650          79.309     -4.979    -14.813            7.110        18037.809      2.040      0.000      0.000    0.00567   25.08426           -0.83575       99.54411         2.054e-05 
  2496.650          79.205     -4.989    -14.750            7.107        18044.831      2.040      0.000      0.000    0.00558   25.05860           -0.84135       99.53794         2.087e-05 
  2497.650          79.101     -5.000    -14.688            7.103        18051.849      2.040      0.000      0.000    0.00549   25.03269           -0.84702       99.53175         2.122e-05 
  2498.650          78.995     -5.010    -14.626            7.099        18058.864      2.040      0.000      0.000    0.00540   25.00655           -0.85277       99.52556         2.157e-05 
  2499.650          78.889     -5.021    -14.563            7.096        18065.875      2.040      0.000      0.000    0.00531   24.98016           -0.85859       99.51936         2.193e-05 
  2500.650          78.783     -5.031    -14.501            7.092        18072.882      2.040      0.000      0.000    0.00522   24.95352           -0.86449       99.51315         2.230e-05 
  2501.650          78.675     -5.042    -14.439            7.088        18079.886      2.040      0.000      0.000    0.00514   24.92663           -0.87047       99.50692         2.268e-05 
  2502.650          78.567     -5.052    -14.377            7.084        18086.886      2.040      0.000      0.000    0.00505   24.89949           -0.87653       99.50069         2.306e-05 
  2503.650          78.459     -5.063    -14.314            7.080        18093.882      2.040      0.000      0.000    0.00497   24.87208           -0.88267       99.49445         2.345e-05 
  2504.650          78.349     -5.073    -14.252            7.076        18100.874      2.040      0.000      0.000    0.00488   24.84440           -0.88889       99.48819         2.386e-05 
  2505.650          78.239     -5.083    -14.190            7.072        18107.862      2.040      0.000      0.000    0.00480   24.81645           -0.89520       99.48193         2.427e-05 
  2506.650          78.128     -5.094    -14.128            7.067        18114.846      2.040      0.000      0.000    0.00472   24.78823           -0.90159       99.47566         2.469e-05 
  2507.650          78.017     -5.104    -14.066            7.063        18121.826      2.040      0.000      0.000    0.00464   24.75972           -0.90806       99.46937         2.512e-05 
  2508.650          77.904     -5.115    -14.004            7.059        18128.802      2.040      0.000      0.000    0.00456   24.73092           -0.91463       99.46308         2.556e-05 
  2509.650          77.791     -5.125    -13.942            7.054        18135.773      2.040      0.000      0.000    0.00448   24.70184           -0.92128       99.45678         2.601e-05 
  2510.650          77.677     -5.135    -13.880            7.050        18142.740      2.040      0.000      0.000    0.00440   24.67245           -0.92803       99.45046         2.647e-05 
  2511.650          77.563     -5.146    -13.818            7.045        18149.703      2.040      0.000      0.000    0.00432   24.64276           -0.93486       99.44414         2.694e-05 
  2512.650          77.448     -5.156    -13.756            7.040        18156.661      2.040      0.000      0.000    0.00425   24.61277           -0.94179       99.43781         2.743e-05 
  2513.650          77.331     -5.166    -13.694            7.036        18163.615      2.040      0.000      0.000    0.00417   24.58245           -0.94882       99.43147         2.792e-05 
  2514.650          77.215     -5.177    -13.632            7.031        18170.564      2.040      0.000      0.000    0.00410   24.55182           -0.95595       99.42512         2.843e-05 
  2515.650          77.097     -5.187    -13.570            7.026        18177.508      2.040      0.000      0.000    0.00402   24.52085           -0.96317       99.41876         2.895e-05 
  2516.650          76.978     -5.197    -13.509            7.021        18184.447      2.040      0.000      0.000    0.00395   24.48957           -0.97049       99.41239         2.948e-05 
  2517.650          76.859     -5.207    -13.447            7.016        18191.382      2.040      0.000      0.000    0.00388   24.45792           -0.97792       99.40601         3.002e-05 
  2518.650          76.739     -5.218    -13.385            7.010        18198.312      2.040      0.000      0.000    0.00381   24.42594           -0.98545       99.39962         3.058e-05 
  2519.650          76.618     -5.228    -13.324            7.005        18205.236      2.040      0.000      0.000    0.00374   24.39360           -0.99309       99.39323         3.115e-05 
  2520.650          76.496     -5.238    -13.262            7.000        18212.156      2.040      0.000      0.000    0.00367   24.36090           -1.00084       99.38682         3.174e-05 
  2521.650          76.373     -5.248    -13.201            6.994        18219.070      2.040      0.000      0.000    0.00360   24.32784           -1.00869       99.38041         3.234e-05 
  2522.650          76.250     -5.258    -13.139            6.989        18225.979      2.040      0.000      0.000    0.00354   24.29440           -1.01666       99.37399         3.295e-05 
  2523.650          76.125     -5.269    -13.078            6.983        18232.882      2.040      0.000      0.000    0.00347   24.26058           -1.02475       99.36756         3.358e-05 
  2524.650          76.000     -5.279    -13.016            6.977        18239.780      2.040      0.000      0.000    0.00340   24.22636           -1.03295       99.36112         3.423e-05 
  2525.650          75.874     -5.289    -12.955            6.971        18246.672      2.040      0.000      0.000    0.00334   24.19175           -1.04127       99.35468         3.489e-05 
  2526.650          75.747     -5.299    -12.894            6.965        18253.559      2.040      0.000      0.000    0.00328   24.15674           -1.04971       99.34822         3.557e-05 
  2527.650          75.619     -5.309    -12.832            6.959        18260.439      2.040      0.000      0.000    0.00321   24.12131           -1.05827       99.34176         3.627e-05 
  2528.650          75.490     -5.319    -12.771            6.953        18267.314      2.040      0.000      0.000    0.00315   24.08546           -1.06696       99.33529         3.698e-05 
  2529.650          75.360     -5.329    -12.710            6.947        18274.183      2.040      0.000      0.000    0.00309   24.04917           -1.07578       99.32882         3.772e-05 
  2530.650          75.229     -5.339    -12.649            6.940        18281.045      2.040      0.000      0.000    0.00303   24.01245           -1.08473       99.32233         3.847e-05 
  2531.650          75.097     -5.349    -12.588            6.934        18287.901      2.040      0.000      0.000    0.00297   23.97527           -1.09381       99.31584         3.924e-05 
  2532.650          74.964     -5.359    -12.527            6.927        18294.751      2.040      0.000      0.000    0.00291   23.93764           -1.10303       99.30934         4.004e-05 
  2533.650          74.830     -5.369    -12.466            6.921        18301.594      2.040      0.000      0.000    0.00285   23.89955           -1.11238       99.30284         4.085e-05 
  2534.650          74.695     -5.379    -12.405            6.914        18308.431      2.040      0.000      0.000    0.00279   23.86097           -1.12188       99.29633         4.169e-05 
  2535.650          74.559     -5.389    -12.344            6.907        18315.261      2.040      0.000      0.000    0.00274   23.82190           -1.13152       99.28981         4.255e-05 
  2536.650          74.423     -5.399    -12.284            6.899        18322.084      2.040      0.000      0.000    0.00268   23.78234           -1.14131       99.28329         4.343e-05 
  2537.650          74.285     -5.409    -12.223            6.892        18328.900      2.040      0.000      0.000    0.00263   23.74227           -1.15125       99.27676         4.434e-05 
  2538.650          74.146     -5.419    -12.162            6.885        18335.708      2.040      0.000      0.000    0.00257   23.70168           -1.16134       99.27022         4.527e-05 
  2539.650          74.005     -5.429    -12.102            6.877        18342.510      2.040      0.000      0.000    0.00252   23.66055           -1.17158       99.26368         4.623e-05 
  2540.650          73.864     -5.439    -12.041            6.869        18349.304      2.040      0.000      0.000    0.00247   23.61889           -1.18199       99.25713         4.721e-05 
  2541.650          73.722     -5.449    -11.981            6.861        18356.090      2.040      0.000      0.000    0.00242   23.57667           -1.19256       99.25058         4.822e-05 
  2542.650          73.579     -5.459    -11.921            6.853        18362.869      2.040      0.000      0.000    0.00236   23.53389           -1.20329       99.24402         4.926e-05 
  2543.650          73.434     -5.468    -11.860            6.845        18369.639      2.039      0.000      0.000    0.00231   23.49053           -1.21419       99.23746         5.033e-05 
  2544.650          73.289     -5.478    -11.800            6.837        18376.402      2.039      0.000      0.000    0.00227   23.44657           -1.22527       99.23089         5.143e-05 
  2545.650          73.142     -5.488    -11.740            6.828        18383.156      2.039      0.000      0.000    0.00222   23.40202           -1.23652       99.22432         5.256e-05 
  2546.650          72.994     -5.498    -11.680            6.820        18389.902      2.039      0.000      0.000    0.00217   23.35684           -1.24795       99.21774         5.372e-05 
  2547.650          72.845     -5.508    -11.620            6.811        18396.640      2.039      0.000      0.000    0.00212   23.31104           -1.25957       99.21116         5.492e-05 
  2548.650          72.694     -5.517    -11.560            6.802        18403.369      2.039      0.000      0.000    0.00207   23.26459           -1.27137       99.20457         5.615e-05 
  2549.650          72.543     -5.527    -11.500            6.792        18410.089      2.039      0.000      0.000    0.00203   23.21748           -1.28337       99.19799         5.742e-05 
  2550.650          72.390     -5.537    -11.440            6.783        18416.799      2.039      0.000      0.000    0.00198   23.16970           -1.29556       99.19139         5.873e-05 
  2551.650          72.236     -5.546    -11.381            6.773        18423.501      2.039      0.000      0.000    0.00194   23.12123           -1.30795       99.18480         6.007e-05 
  2552.650          72.081     -5.556    -11.321            6.764        18430.193      2.039      0.000      0.000    0.00190   23.07204           -1.32055       99.17820         6.146e-05 
  2553.650          71.924     -5.566    -11.261            6.754        18436.875      2.039      0.000      0.000    0.00185   23.02216           -1.33335       99.17160         6.289e-05 
  2554.650          71.767     -5.575    -11.202            6.743        18443.548      2.039      0.000      0.000    0.00181   22.97087           -1.34637       99.16500         6.435e-05 
  2555.650          71.608     -5.585    -11.143            6.733        18450.210      2.039      0.000      0.000    0.00177   22.91288           -1.35961       99.15840         6.583e-05 
  2556.650          71.447     -5.594    -11.083            6.722        18456.863      2.039      0.000      0.000    0.00173   22.85414           -1.37307       99.15179         6.735e-05 
  2557.650          71.285     -5.604    -11.024            6.712        18463.504      2.039      0.000      0.000    0.00169   22.79463           -1.38676       99.14518         6.891e-05 
  2558.650          71.122     -5.613    -10.965            6.701        18470.135      2.039      0.000      0.000    0.00165   22.73434           -1.40069       99.13857         7.053e-05 
  2559.650          70.958     -5.623    -10.906            6.689        18476.755      2.039      0.000      0.000    0.00161   22.67326           -1.41485       99.13196         7.218e-05 
  2560.650          70.792     -5.632    -10.847            6.678        18483.364      2.039      0.000      0.000    0.00158   22.61136           -1.42926       99.12535         7.389e-05 
  2561.650          70.625     -5.642    -10.788            6.666        18489.962      2.039      0.000      0.000    0.00154   22.54864           -1.44391       99.11874         7.566e-05 
  2562.650          70.456     -5.651    -10.730            6.654        18496.548      2.039      0.000      0.000    0.00150   22.48507           -1.45883       99.11213         7.747e-05 
  2563.650          70.286     -5.661    -10.671            6.642        18503.122      2.039      0.000      0.000    0.00147   22.42063           -1.47400       99.10552         7.934e-05 
  2564.650          70.114     -5.670    -10.613            6.629        18509.684      2.039      0.000      0.000    0.00143   22.35531           -1.48944       99.09891         8.127e-05 
  2565.650          69.941     -5.679    -10.554            6.617        18516.234      2.039      0.000      0.000    0.00140   22.28909           -1.50515       99.09230         8.326e-05 
  2566.650          69.767     -5.689    -10.496            6.604        18522.771      2.039      0.000      0.000    0.00137   22.22195           -1.52114       99.08569         8.531e-05 
  2567.650          69.591     -5.698    -10.438            6.590        18529.296      2.039      0.000      0.000    0.00133   22.15387           -1.53742       99.07908         8.742e-05 
  2568.650          69.413     -5.707    -10.380            6.577        18535.807      2.039      0.000      0.000    0.00130   22.08483           -1.55399       99.07247         8.960e-05 
  2569.650          69.234     -5.717    -10.322            6.563        18542.305      2.039      0.000      0.000    0.00127   22.01481           -1.57086       99.06587         9.186e-05 
  2570.650          69.053     -5.726    -10.264            6.549        18548.789      2.039      0.000      0.000    0.00124   21.94379           -1.58804       99.05926         9.418e-05 
  2571.650          68.871     -5.735    -10.206            6.534        18555.259      2.039      0.000      0.000    0.00121   21.87174           -1.60553       99.05266         9.658e-05 
  2572.650          68.687     -5.744    -10.149            6.520        18561.714      2.039      0.000      0.000    0.00118   21.79865           -1.62334       99.04606         9.905e-05 
  2573.650          68.502     -5.753    -10.091            6.505        18568.155      2.039      0.000      0.000    0.00115   21.72449           -1.64148       99.03947         1.016e-04 
  2574.650          68.314     -5.763    -10.034            6.489        18574.582      2.039      0.000      0.000    0.00112   21.64925           -1.65996       99.03288         1.042e-04 
  2575.650          68.126     -5.772     -9.977            6.474        18580.993      2.039      0.000      0.000    0.00109   21.57289           -1.67878       99.02629         1.070e-04 
  2576.650          67.935     -5.781     -9.920            6.458        18587.388      2.039      0.000      0.000    0.00106   21.49540           -1.69796       99.01970         1.098e-04 
  2577.650          67.743     -5.790     -9.863            6.441        18593.767      2.039      0.000      0.000    0.00103   21.41675           -1.71750       99.01312         1.127e-04 
  2578.650          67.549     -5.799     -9.806            6.424        18600.131      2.039      0.000      0.000    0.00101   21.33691           -1.73741       99.00654         1.157e-04 
  2579.650          67.353     -5.808     -9.750            6.407        18606.477      2.039      0.000      0.000    0.00098   21.25586           -1.75770       98.99997         1.188e-04 
  2580.650          67.156     -5.817     -9.693            6.390        18612.807      2.039      0.000      0.000    0.00095   21.17358           -1.77838       98.99341         1.220e-04 
  2581.650          66.957     -5.826     -9.637            6.372        18619.119      2.039      0.000      0.000    0.00093   21.09004           -1.79946       98.98684         1.253e-04 
  2582.650          66.756     -5.835     -9.581            6.354        18625.414      2.039      0.000      0.000    0.00090   21.00521           -1.82095       98.98029         1.288e-04 
  2583.650          66.553     -5.843     -9.525            6.335        18631.690      2.039      0.000      0.000    0.00088   20.91907           -1.84286       98.97374         1.323e-04 
  2584.650          66.348     -5.852     -9.469            6.316        18637.948      2.039      0.000      0.000    0.00086   20.83160           -1.86520       98.96720         1.360e-04 
  2585.650          66.142     -5.861     -9.413            6.297        18644.187      2.039      0.000      0.000    0.00083   20.74275           -1.88798       98.96066         1.398e-04 
  2586.650          65.933     -5.870     -9.358            6.277        18650.406      2.039      0.000      0.000    0.00081   20.65251           -1.91122       98.95413         1.437e-04 
  2587.650          65.723     -5.878     -9.303            6.256        18656.606      2.039      0.000      0.000    0.00079   20.56085           -1.93492       98.94761         1.478e-04 
  2588.650          65.511     -5.887     -9.248            6.236        18662.786      2.039      0.000      0.000    0.00077   20.46774           -1.95910       98.94110         1.520e-04 
  2589.650          65.297     -5.896     -9.193            6.214        18668.945      2.039      0.000      0.000    0.00074   20.37314           -1.98377       98.93459         1.564e-04 
  2590.650          65.081     -5.904     -9.138            6.193        18675.083      2.039      0.000      0.000    0.00072   20.27704           -2.00894       98.92810         1.609e-04 
  2591.650          64.863     -5.913     -9.083            6.171        18681.199      2.039      0.000      0.000    0.00070   20.17939           -2.03462       98.92161         1.656e-04 
  2592.650          64.642     -5.922     -9.029            6.148        18687.293      2.039      0.000      0.000    0.00068   20.08019           -2.06084       98.91514         1.704e-04 
  2593.650          64.420     -5.930     -8.975            6.125        18693.365      2.039      0.000      0.000    0.00066   19.97939           -2.08759       98.90867         1.755e-04 
  2594.650          64.196     -5.939     -8.921            6.101        18699.414      2.039      0.000      0.000    0.00064   19.87697           -2.11491       98.90222         1.807e-04 
  2595.650          63.970     -5.947     -8.867            6.077        18705.439      2.039      0.000      0.000    0.00063   19.77290           -2.14280       98.89578         1.861e-04 
  2596.650          63.742     -5.955     -8.814            6.052        18711.440      2.039      0.000      0.000    0.00061   19.66716           -2.17127       98.88935         1.917e-04 
  2597.650          63.511     -5.964     -8.760            6.027        18717.416      2.039      0.000      0.000    0.00059   19.55973           -2.20035       98.88293         1.975e-04 
  2598.650          63.279     -5.972     -8.707            6.001        18723.367      2.039      0.000      0.000    0.00057   19.45056           -2.23005       98.87653         2.035e-04 
  2599.650          63.044     -5.980     -8.654            5.975        18729.293      2.039      0.000      0.000    0.00056   19.33965           -2.26039       98.87014         2.098e-04 
  2600.650          62.808     -5.988     -8.602            5.948        18735.192      2.039      0.000      0.000    0.00054   19.22696           -2.29138       98.86376         2.163e-04 
  2601.650          62.569     -5.997     -8.549            5.920        18741.064      2.039      0.000      0.000    0.00052   19.11246           -2.32305       98.85740         2.230e-04 
  2602.650          62.328     -6.005     -8.497            5.892        18746.909      2.039      0.000      0.000    0.00051   18.99614           -2.35540       98.85105         2.300e-04 
  2603.650          62.084     -6.013     -8.445            5.863        18752.726      2.039      0.000      0.000    0.00049   18.87796           -2.38847       98.84473         2.372e-04 
  2604.650          61.839     -6.021     -8.393            5.834        18758.514      2.039      0.000      0.000    0.00048   18.75790           -2.42227       98.83842         2.447e-04 
  2605.650          61.591     -6.029     -8.342            5.804        18764.273      2.039      0.000      0.000    0.00046   18.63594           -2.45682       98.83212         2.525e-04 
  2606.650          61.341     -6.037     -8.291            5.774        18770.002      2.038      0.000      0.000    0.00045   18.51206           -2.49214       98.82585         2.607e-04 
  2607.650          61.089     -6.045     -8.240            5.742        18775.700      2.038      0.000      0.000    0.00043   18.38623           -2.52825       98.81959         2.691e-04 
  2608.650          60.835     -6.053     -8.189            5.710        18781.368      2.038      0.000      0.000    0.00042   18.25843           -2.56519       98.81336         2.778e-04 
  2609.650          60.578     -6.060     -8.139            5.678        18787.003      2.038      0.000      0.000    0.00041   18.12864           -2.60296       98.80715         2.869e-04 
  2610.650          60.319     -6.068     -8.089            5.644        18792.606      2.038      0.000      0.000    0.00039   17.99684           -2.64160       98.80096         2.964e-04 
  2611.650          60.058     -6.076     -8.039            5.610        18798.175      2.038      0.000      0.000    0.00038   17.86302           -2.68113       98.79480         3.062e-04 
  2612.650          59.794     -6.084     -7.990            5.576        18803.711      2.038      0.000      0.000    0.00037   17.72715           -2.72157       98.78866         3.164e-04 
  2613.650          59.528     -6.091     -7.941            5.540        18809.212      2.038      0.000      0.000    0.00036   17.58923           -2.76296       98.78254         3.270e-04 
  2614.650          59.260     -6.099     -7.892            5.504        18814.677      2.038      0.000      0.000    0.00034   17.44923           -2.80531       98.77646         3.381e-04 
  2615.650          58.990     -6.106     -7.844            5.467        18820.106      2.038      0.000      0.000    0.00033   17.30714           -2.84866       98.77040         3.495e-04 
  2616.650          58.717     -6.114     -7.796            5.430        18825.499      2.038      0.000      0.000    0.00032   17.16295           -2.89304       98.76437         3.615e-04 
  2617.650          58.441     -6.121     -7.748            5.391        18830.854      2.038      0.000      0.000    0.00031   17.01665           -2.93848       98.75838         3.739e-04 
  2618.650          58.164     -6.128     -7.700            5.352        18836.170      2.038      0.000      0.000    0.00030   16.86823           -2.98501       98.75242         3.868e-04 
  2619.650          57.884     -6.136     -7.653            5.312        18841.448      2.038      0.000      0.000    0.00029   16.71769           -3.03266       98.74649         4.002e-04 
  2620.650          57.602     -6.143     -7.606            5.272        18846.685      2.038      0.000      0.000    0.00028   16.56503           -3.08147       98.74060         4.142e-04 
  2621.650          57.317     -6.150     -7.560            5.230        18851.882      2.038      0.000      0.000    0.00027   16.41024           -3.13146       98.73474         4.287e-04 
  2622.650          57.030     -6.157     -7.514            5.188        18857.038      2.038      0.000      0.000    0.00026   16.25332           -3.18268       98.72893         4.438e-04 
  2623.650          56.741     -6.164     -7.468            5.145        18862.151      2.038      0.000      0.000    0.00025   16.09429           -3.23517       98.72315         4.595e-04 
  2624.650          56.450     -6.171     -7.423            5.101        18867.222      2.038      0.000      0.000    0.00024   15.93315           -3.28896       98.71742         4.759e-04 
  2625.650          56.156     -6.178     -7.378            5.057        18872.248      2.038      0.000      0.000    0.00024   15.76991           -3.34409       98.71173         4.930e-04 
  2626.650          55.860     -6.185     -7.334            5.011        18877.230      2.037      0.000      0.000    0.00023   15.60459           -3.40060       98.70609         5.107e-04 
  2627.650          55.561     -6.191     -7.290            4.965        18882.167      2.037      0.000      0.000    0.00022   15.43720           -3.45853       98.70049         5.292e-04 
  2628.650          55.261     -6.198     -7.246            4.918        18887.057      2.037      0.000      0.000    0.00021   15.26777           -3.51794       98.69495         5.484e-04 
  2629.650          54.958     -6.205     -7.203            4.870        18891.901      2.037      0.000      0.000    0.00020   15.09633           -3.57886       98.68945         5.684e-04 
  2630.650          54.653     -6.211     -7.160            4.822        18896.697      2.037      0.000      0.000    0.00020   14.92291           -3.64134       98.68401         5.892e-04 
  2631.650          54.345     -6.218     -7.117            4.773        18901.444      2.037      0.000      0.000    0.00019   14.74754           -3.70542       98.67862         6.109e-04 
  2632.650          54.036     -6.224     -7.075            4.723        18906.143      2.037      0.000      0.000    0.00018   14.57026           -3.77117       98.67328         6.334e-04 
  2633.650          53.724     -6.230     -7.034            4.672        18910.791      2.037      0.000      0.000    0.00018   14.39111           -3.83863       98.66801         6.569e-04 
  2634.650          53.410     -6.237     -6.993            4.620        18915.388      2.037      0.000      0.000    0.00017   14.21012           -3.90785       98.66279         6.814e-04 
  2635.650          53.094     -6.243     -6.952            4.568        18919.934      2.036      0.000      0.000    0.00016   14.02736           -3.97890       98.65763         7.068e-04 
  2636.650          52.776     -6.249     -6.912            4.515        18924.428      2.036      0.000      0.000    0.00016   13.84287           -4.05182       98.65253         7.333e-04 
  2637.650          52.456     -6.255     -6.872            4.461        18928.868      2.036      0.000      0.000    0.00015   13.65671           -4.12667       98.64749         7.609e-04 
  2638.650          52.134     -6.261     -6.833            4.407        18933.255      2.036      0.000      0.000    0.00015   13.46895           -4.20352       98.64252         7.896e-04 
  2639.650          51.810     -6.267     -6.795            4.352        18937.588      2.036      0.000      0.000    0.00014   13.27964           -4.28242       98.63761         8.195e-04 
  2640.650          51.484     -6.273     -6.756            4.296        18941.866      2.035      0.000      0.000    0.00014   13.08887           -4.36345       98.63276         8.506e-04 
  2641.650          51.157     -6.278     -6.719            4.240        18946.088      2.035      0.000      0.000    0.00013   12.91068           -4.44667       98.62799         8.849e-04 
  2642.650          50.827     -6.284     -6.681            4.183        18950.254      2.035      0.000      0.000    0.00013   12.73758           -4.53215       98.62328         9.219e-04 
  2643.650          50.496     -6.290     -6.645            4.125        18954.362      2.035      0.000      0.000    0.00012   12.56208           -4.61998       98.61863         9.606e-04 
  2644.650          50.162     -6.295     -6.609            4.066        18958.413      2.035      0.000      0.000    0.00012   12.38424           -4.71023       98.61406         1.001e-03 
  2645.650          49.828     -6.301     -6.573            4.007        18962.405      2.035      0.000      0.000    0.00011   12.20405           -4.80299       98.60956         1.044e-03 
  2646.650          49.492     -6.306     -6.538            3.947        18966.337      2.034      0.000      0.000    0.00011   12.02174           -4.89835       98.60513         1.088e-03 
  2647.650          49.154     -6.311     -6.503            3.886        18970.209      2.034      0.000      0.000    0.00010   11.83734           -4.99641       98.60077         1.135e-03 
  2648.650          48.815     -6.316     -6.469            3.825        18974.021      2.034      0.000      0.000    0.00010   11.65094           -5.09725       98.59647         1.184e-03 
  2649.650          48.474     -6.321     -6.436            3.763        18977.771      2.034      0.000      0.000    0.00009   11.46266           -5.20097       98.59225         1.235e-03 
  2650.650          48.133     -6.326     -6.403            3.700        18981.459      2.034      0.000      0.000    0.00009   11.27262           -5.30768       98.58808         1.288e-03 
  2651.650          47.790     -6.331     -6.370            3.637        18985.085      2.034      0.000      0.000    0.00009   11.08095           -5.41750       98.58399         1.344e-03 
  2652.650          47.446     -6.336     -6.338            3.573        18988.648      2.033      0.000      0.000    0.00008   10.88778           -5.53052       98.57995         1.403e-03 
  2653.650          47.101     -6.341     -6.307            3.509        18992.147      2.033      0.000      0.000    0.00008   10.70437           -5.64686       98.57599         1.468e-03 
  2654.650          46.755     -6.345     -6.276            3.445        18995.582      2.033      0.000      0.000    0.00008   10.52626           -5.76667       98.57209         1.538e-03 
  2655.650          46.409     -6.350     -6.246            3.379        18998.952      2.033      0.000      0.000    0.00007   10.34582           -5.89007       98.56825         1.612e-03 
  2656.650          46.062     -6.354     -6.217            3.314        19002.257      2.033      0.000      0.000    0.00007   10.16319           -6.01722       98.56448         1.690e-03 
  2657.650          45.714     -6.359     -6.188            3.247        19005.496      2.032      0.000      0.000    0.00007    9.97849           -6.14827       98.56078         1.772e-03 
  2658.650          45.366     -6.363     -6.159            3.181        19008.669      2.031      0.000      0.000    0.00006    9.79194           -6.28338       98.55714         1.858e-03 
  2659.650          45.018     -6.367     -6.132            3.114        19011.775      2.031      0.000      0.000    0.00006    9.60372           -6.42272       98.55358         1.950e-03 
  2660.650          44.669     -6.371     -6.105            3.047        19014.815      2.030      0.000      0.000    0.00006    9.41401           -6.56646       98.55008         2.046e-03 
  2661.650          44.321     -6.375     -6.078            2.979        19017.787      2.029      0.000      0.000    0.00005    9.22298           -6.71479       98.54665         2.147e-03 
  2662.650          43.973     -6.379     -6.052            2.911        19020.692      2.028      0.000      0.000    0.00005    9.03082           -6.86791       98.54330         2.254e-03 
  2663.650          43.625     -6.383     -6.027            2.844        19023.529      2.027      0.000      0.000    0.00005    8.83771           -7.02602       98.54002         2.366e-03 
  2664.650          43.277     -6.387     -6.002            2.776        19026.299      2.026      0.000      0.000    0.00005    8.64386           -7.18932       98.53682         2.484e-03 
  2665.650          42.930     -6.390     -5.978            2.708        19029.001      2.025      0.000      0.000    0.00004    8.44947           -7.35805       98.53370         2.609e-03 
  2666.650          42.583     -6.394     -5.954            2.641        19031.636      2.024      0.000      0.000    0.00004    8.25476           -7.53242       98.53067         2.740e-03 
  2667.650          42.238     -6.397     -5.931            2.573        19034.203      2.023      0.000      0.000    0.00004    8.05993           -7.71270       98.52771         2.877e-03 
  2668.650          41.893     -6.401     -5.909            2.506        19036.703      2.022      0.000      0.000    0.00004    7.86523           -7.89912       98.52484         3.022e-03 
  2669.650          41.549     -6.404     -5.887            2.440        19039.137      2.021      0.000      0.000    0.00004    7.67087           -8.09196       98.52205         3.175e-03 
  2670.650          41.206     -6.407     -5.866            2.373        19041.504      2.020      0.000      0.000    0.00003    7.47707           -8.29149       98.51935         3.335e-03 
  2671.650          40.864     -6.410     -5.845            2.308        19043.804      2.019      0.000      0.000    0.00003    7.28407           -8.49801       98.51674         3.503e-03 
  2672.650          40.524     -6.413     -5.825            2.242        19046.040      2.018      0.000      0.000    0.00003    7.09209           -8.71181       98.51422         3.680e-03 
  2673.650          40.185     -6.416     -5.806            2.178        19048.210      2.017      0.000      0.000    0.00003    6.90136           -8.93320       98.51178         3.866e-03 
  2674.650          39.848     -6.419     -5.787            2.114        19050.316      2.016      0.000      0.000    0.00003    6.71209           -9.16253       98.50944         4.060e-03 
  2675.650          39.512     -6.422     -5.769            2.051        19052.359      2.015      0.000      0.000    0.00003    6.52451           -9.40012       98.50719         4.265e-03 
  2676.650          39.178     -6.424     -5.751            1.989        19054.339      2.014      0.000      0.000    0.00003    6.33883           -9.64634       98.50503         4.480e-03 
  2677.650          38.845     -6.427     -5.734            1.927        19056.257      2.013      0.000      0.000    0.00002    6.15525           -9.90156       98.50296         4.705e-03 
  2678.650          38.515     -6.429     -5.717            1.867        19058.114      2.012      0.000      0.000    0.00002    5.97397          -10.16616       98.50099         4.941e-03 
  2679.650          38.186     -6.432     -5.701            1.807        19059.910      2.011      0.000      0.000    0.00002    5.79518          -10.44055       98.49910         5.188e-03 
  2680.650          37.860     -6.434     -5.686            1.749        19061.648      2.010      0.000      0.000    0.00002    5.61905          -10.72513       98.49730         5.447e-03 
  2681.650          37.535     -6.436     -5.671            1.692        19063.328      2.009      0.000      0.000    0.00002    5.44576          -11.02035       98.49560         5.718e-03 
  2682.650          37.213     -6.438     -5.656            1.636        19064.951      2.009      0.000      0.000    0.00002    5.27546          -11.32665       98.49398         6.002e-03 
  2683.650          36.893     -6.440     -5.642            1.581        19066.518      2.008      0.000      0.000    0.00002    5.10829          -11.64449       98.49246         6.299e-03 
  2684.650          36.575     -6.442     -5.629            1.527        19068.031      2.007      0.000      0.000    0.00002    4.94437          -11.97436       98.49102         6.610e-03 
  2685.650          36.259     -6.444     -5.616            1.475        19069.490      2.007      0.000      0.000    0.00002    4.78377          -12.31675       98.48967         6.935e-03 
  2686.650          35.946     -6.446     -5.603            1.424        19070.897      2.007      0.000      0.000    0.00002    4.62659          -12.67219       98.48841         7.275e-03 
  2687.650          35.635     -6.448     -5.591            1.374        19072.253      2.007      0.000      0.000    0.00002    4.47293          -13.04119       98.48724         7.630e-03 
  2688.650          35.326     -6.450     -5.579            1.325        19073.559      2.007      0.000      0.000    0.00001    4.32287          -13.42432       98.48615         8.001e-03 
  2689.650          35.019     -6.452     -5.568            1.278        19074.817      2.007      0.000      0.000    0.00001    4.17649          -13.82214       98.48515         8.389e-03 
  2690.650          34.715     -6.453     -5.557            1.232        19076.028      2.007      0.000      0.000    0.00001    4.03384          -14.23522       98.48423         8.793e-03 
  2691.650          34.413     -6.455     -5.547            1.187        19077.193      2.007      0.000      0.000    0.00001    3.89497          -14.66415       98.48339         9.216e-03 
  2692.650          34.114     -6.456     -5.537            1.144        19078.314      2.007      0.000      0.000    0.00001    3.75992          -15.10953       98.48263         9.656e-03 
  2693.650          33.817     -6.458     -5.527            1.102        19079.391      2.007      0.000      0.000    0.00001    3.62869          -15.57197       98.48195         1.012e-02 
  2694.650          33.522     -6.459     -5.518            1.061        19080.426      2.007      0.000      0.000    0.00001    3.50132          -16.05210       98.48134         1.060e-02 
  2695.650          33.230     -6.460     -5.509            1.022        19081.421      2.007      0.000      0.000    0.00001    3.37778          -16.55054       98.48082         1.110e-02 
  2696.650          32.940     -6.462     -5.501            0.984        19082.376      2.007      0.000      0.000    0.00001    3.25807          -17.06792       98.48036         1.162e-02 
  2697.650          32.652     -6.463     -5.492            0.947        19083.293      2.007      0.000      0.000    0.00001    3.14218          -17.60488       98.47998         1.216e-02 
  2698.650          32.367     -6.464     -5.485            0.912        19084.173      2.007      0.000      0.000    0.00001    3.03007          -18.16205       98.47967         1.273e-02 
  2699.650          32.084     -6.465     -5.477            0.878        19085.018      2.007      0.000      0.000    0.00001    2.92114          -18.74005       98.47944         1.331e-02 
  2700.650          31.803     -6.466     -5.470            0.845        19085.828      2.007      0.000      0.000    0.00001    2.81366          -19.33949       98.47927         1.389e-02 
  2701.650          31.525     -6.467     -5.463            0.813        19086.604      2.007      0.000      0.000    0.00001    2.71021          -19.96092       98.47916         1.450e-02 
  2702.650          31.248     -6.468     -5.456            0.783        19087.349      2.007      0.000      0.000    0.00001    2.61078          -20.60485       98.47912         1.512e-02 
  2703.650          30.974     -6.469     -5.450            0.754        19088.063      2.007      0.000      0.000    0.00001    2.51528          -21.27179       98.47915         1.577e-02 
  2704.650          30.701     -6.470     -5.444            0.726        19088.747      2.007      0.000      0.000    0.00001    2.42360          -21.96221       98.47924         1.645e-02 
  2705.650          30.431     -6.471     -5.438            0.699        19089.403      2.007      0.000      0.000    0.00001    2.33563          -22.67655       98.47939         1.714e-02 
  2706.650          30.162     -6.472     -5.432            0.673        19090.032      2.007      0.000      0.000    0.00001    2.25127          -23.41518       98.47961         1.786e-02 
  2707.650          29.896     -6.473     -5.427            0.649        19090.633      2.007      0.000      0.000    0.00001    2.17042          -24.17845       98.47990         1.861e-02 
  2708.650          29.631     -6.473     -5.422            0.625        19091.210      2.007      0.000      0.000    0.00001    2.09295          -24.96664       98.48026         1.939e-02 
  2709.650          29.368     -6.474     -5.417            0.603        19091.762      2.007      0.000      0.000    0.00001    2.01878          -25.77998       98.48069         2.019e-02 
  2710.650          29.107     -6.475     -5.412            0.581        19092.290      2.007      0.000      0.000    0.00001    1.94778          -26.61860       98.48119         2.102e-02 
  2711.650          28.847     -6.476     -5.407            0.560        19092.796      2.007      0.000      0.000    0.00001    1.87985          -27.48260       98.48177         2.188e-02 
  2712.650          28.590     -6.476     -5.403            0.541        19093.281      2.007      0.000      0.000    0.00001    1.81490          -28.37196       98.48244         2.277e-02 
  2713.650          28.333     -6.477     -5.399            0.522        19093.744      2.007      0.000      0.000    0.00000    1.75280          -29.28658       98.48319         2.369e-02 
  2714.650          28.079     -6.477     -5.395            0.504        19094.187      2.007      0.000      0.000    0.00000    1.69347          -30.22629       98.48404         2.465e-02 
  2715.650          27.826     -6.478     -5.391            0.487        19094.612      2.007      0.000      0.000    0.00000    1.63679          -31.19077       98.48500         2.564e-02 
  2716.650          27.575     -6.478     -5.388            0.470        19095.017      2.007      0.000      0.000    0.00000    1.58268          -32.17963       98.48606         2.666e-02 
  2717.650          27.325     -6.479     -5.384            0.455        19095.405      2.007      0.000      0.000    0.00000    1.53103          -33.19237       98.48726         2.772e-02 
  2718.650          27.077     -6.479     -5.381            0.440        19095.775      2.007      0.000      0.000    0.00000    1.48175          -34.22834       98.48859         2.881e-02 
  2719.650          26.830     -6.480     -5.378            0.426        19096.129      2.007      0.000      0.000    0.00000    1.43474          -35.28681       98.49007         2.994e-02 
  2720.650          26.585     -6.480     -5.375            0.412        19096.468      2.007      0.000      0.000    0.00000    1.38991          -36.36690       98.49171         3.111e-02 
  2721.650          26.341     -6.481     -5.372            0.399        19096.791      2.007      0.000      0.000    0.00000    1.34717          -37.46762       98.49355         3.232e-02 
  2722.650          26.099     -6.481     -5.369            0.387        19097.099      2.007      0.000      0.000    0.00000    1.30643          -38.58785       98.49560         3.357e-02 
  2723.650          25.858     -6.482     -5.366            0.375        19097.394      2.007      0.000      0.000    0.00000    1.26761          -39.72637       98.49787         3.486e-02 
  2724.650          25.619     -6.482     -5.364            0.364        19097.675      2.007      0.000      0.000    0.00000    1.23062          -40.88182       98.50042         3.620e-02 
  2725.650          25.381     -6.482     -5.361            0.354        19097.943      2.007      0.000      0.000    0.00000    1.19537          -42.05274       98.50325         3.757e-02 
  2726.650          25.145     -6.483     -5.359            0.344        19098.198      2.007      0.000      0.000    0.00000    1.16180          -43.23759       98.50642         3.900e-02 
  2727.650          24.911     -6.483     -5.357            0.334        19098.441      2.007      0.000      0.000    0.00000    1.12982          -44.43470       98.50995         4.046e-02 
  2728.650          24.678     -6.483     -5.355            0.325        19098.673      2.007      0.000      0.000    0.00000    1.09934          -45.64233       98.51391         4.198e-02 
  2729.650          24.446     -6.484     -5.353            0.316        19098.894      2.007      0.000      0.000    0.00000    1.07031          -46.85867       98.51834         4.354e-02 
  2730.650          24.217     -6.484     -5.351            0.308        19099.104      2.007      0.000      0.000    0.00000    1.04265          -48.08187       98.52330         4.515e-02 
  2731.650          23.988     -6.484     -5.349            0.300        19099.304      2.007      0.000      0.000    0.00000    1.01628          -49.31001       98.52886         4.681e-02 
  2731.850          23.943     -6.484     -5.349            0.298        19099.342      2.007      0.000      0.000    0.00000    1.00861          -49.55606       98.53005         4.732e-02 
  2732.072          23.893     -6.484     -5.349            0.297        19099.385      2.007      0.000      0.000    0.00000    1.00307          -49.82981       98.53140         4.769e-02 
  2732.112          23.884     -6.484     -5.348            0.296        19099.393      2.007      0.000      0.000    0.00000    1.00149          -49.87896       98.53165         4.780e-02 
  2732.149          23.875     -6.484     -5.348            0.296        19099.400      2.007      0.000      0.000    0.00000    1.00057          -49.92366       98.53188         4.787e-02 
  2732.165          23.872     -6.484     -5.348            0.296        19099.403      2.007      0.000      0.000    0.00000    1.00010          -49.94397       98.53198         4.790e-02 
  2732.182          23.868     -6.484     -5.348            0.296        19099.406      1.004      0.000      0.000    0.00000    1.00000          -49.96419       98.53204         4.793e-02 
  2732.198          23.864     -6.484     -5.348            0.296        19099.409      1.004      0.000      0.000    0.00000    0.99985          -49.98427       98.53208         4.795e-02 
  2732.273          23.847     -6.484     -5.348            0.296        19099.423      1.004      0.000      0.000    0.00000    0.99986          -50.07452       98.53221         4.807e-02 
  2732.607          23.771     -6.484     -5.348            0.296        19099.486      1.004      0.000      0.000    0.00000    0.99988          -50.47870       98.53285         4.860e-02 
  2733.607          23.541     -6.485     -5.346            0.296        19099.671      1.004      0.000      0.000    0.00000    0.99971          -51.66735       98.53500         5.025e-02 
  2734.607          23.307     -6.485     -5.344            0.295        19099.851      1.004      0.000      0.000    0.00000    0.99906          -52.82797       98.53755         5.214e-02 
  2735.607          23.071     -6.485     -5.343            0.295        19100.027      1.004      0.000      0.000    0.00000    0.99788          -53.96146       98.54055         5.413e-02 
  2736.607          22.831     -6.485     -5.341            0.294        19100.197      1.004      0.000      0.000    0.00000    0.99615          -55.06876       98.54408         5.624e-02 
  2737.607          22.589     -6.486     -5.340            0.293        19100.362      1.004      0.000      0.000    0.00000    0.99382          -56.15080       98.54821         5.844e-02 
  2738.607          22.344     -6.486     -5.338            0.292        19100.523      1.004      0.000      0.000    0.00000    0.99088          -57.20858       98.55304         6.077e-02 
  2739.607          22.097     -6.486     -5.337            0.291        19100.678      1.004      0.000      0.000    0.00000    0.98728          -58.24308       98.55866         6.320e-02 
  2740.607          21.849     -6.486     -5.336            0.290        19100.828      1.004      0.000      0.000    0.00000    0.98303          -59.25527       98.56519         6.576e-02 
  2741.607          21.600     -6.486     -5.334            0.288        19100.973      1.004      0.000      0.000    0.00000    0.97811          -60.24614       98.57277         6.843e-02 
  2742.607          21.349     -6.487     -5.333            0.286        19101.113      1.004      0.000      0.000    0.00000    0.97251          -61.21667       98.58153         7.123e-02 
  2743.607          21.098     -6.487     -5.332            0.284        19101.248      1.004      0.000      0.000    0.00000    0.96623          -62.16781       98.59166         7.416e-02 
  2744.607          20.847     -6.487     -5.331            0.282        19101.377      1.004      0.000      0.000    0.00000    0.95929          -63.10050       98.60335         7.721e-02 
  2745.607          20.596     -6.487     -5.330            0.279        19101.502      1.004      0.000      0.000    0.00000    0.95169          -64.01568       98.61682         8.039e-02 
  2746.607          20.345     -6.487     -5.329            0.277        19101.621      1.004      0.000      0.000    0.00000    0.94345          -64.91422       98.63232         8.371e-02 
  2747.607          20.094     -6.487     -5.327            0.274        19101.736      1.004      0.000      0.000    0.00000    0.93460          -65.79701       98.65013         8.715e-02 
  2748.607          19.845     -6.488     -5.327            0.271        19101.845      1.004      0.000      0.000    0.00000    0.92479          -66.66486       98.67057         9.066e-02 
  2749.607          19.596     -6.488     -5.326            0.268        19101.950      1.004      0.000      0.000    0.00000    0.91434          -67.51848       98.69398         9.426e-02 
  2750.607          19.349     -6.488     -5.325            0.265        19102.050      1.004      0.000      0.000    0.00000    0.90344          -68.35858       98.72078         9.798e-02 
  2751.607          19.104     -6.488     -5.324            0.262        19102.145      1.004      0.000      0.000    0.00000    0.89212          -69.18578       98.75141         1.018e-01 
  2752.607          18.860     -6.488     -5.323            0.258        19102.235      1.004      0.000      0.000    0.00000    0.88043          -70.00065       98.78638         1.058e-01 
  2753.607          18.619     -6.488     -5.322            0.255        19102.321      1.004      0.000      0.000    0.00000    0.86840          -70.80369       98.82625         1.099e-01 
  2754.607          18.379     -6.488     -5.322            0.251        19102.402      1.004      0.000      0.000    0.00000    0.85610          -71.59530       98.87167         1.141e-01 
  2755.607          18.142     -6.489     -5.321            0.247        19102.479      1.004      0.000      0.000    0.00000    0.84355          -72.37585       98.92335         1.184e-01 
  2756.607          17.908     -6.489     -5.320            0.244        19102.552      1.004      0.000      0.000    0.00000    0.83082          -73.14560       98.98211         1.229e-01 
  2757.607          17.676     -6.489     -5.320            0.240        19102.620      1.004      0.000      0.000    0.00000    0.81794          -73.90476       99.04889         1.274e-01 
  2758.607          17.447     -6.489     -5.319            0.236        19102.684      1.004      0.000      0.000    0.00000    0.80496          -74.65344       99.12473         1.321e-01 
  2759.607          17.220     -6.489     -5.318            0.232        19102.745      1.004      0.000      0.000    0.00000    0.79192          -75.39171       99.21087         1.369e-01 
  2760.607          16.997     -6.489     -5.318            0.229        19102.801      1.004      0.000      0.000    0.00000    0.77887          -76.11955       99.30871         1.418e-01 
  2761.607          16.776     -6.489     -5.318            0.225        19102.854      1.004      0.000      0.000    0.00000    0.76584          -76.83689       99.41989         1.467e-01 
  2762.607          16.559     -6.489     -5.317            0.221        19102.904      1.004      0.000      0.000    0.00000    0.75288          -77.54357       99.54634         1.519e-01 
  2763.607          16.344     -6.489     -5.317            0.218        19102.950      1.004      0.000      0.000    0.00000    0.74000          -78.23941       99.69031         1.571e-01 
  2764.607          16.133     -6.489     -5.316            0.214        19102.992      1.004      0.000      0.000    0.00000    0.72726          -78.92415       99.85452         1.624e-01 
  2765.607          15.924     -6.489     -5.316            0.210        19103.032      1.004      0.000      0.000    0.00000    0.71466          -79.59750      100.04218         1.678e-01 
  2766.607          15.719     -6.489     -5.316            0.207        19103.068      1.004      0.000      0.000    0.00000    0.70224          -80.25913      100.25723         1.733e-01 
  2767.607          15.517     -6.489     -5.315            0.203        19103.102      1.004      0.000      0.000    0.00000    0.69002          -80.90865      100.50445         1.789e-01 
  2768.607          15.317     -6.489     -5.315            0.200        19103.132      1.004      0.000      0.000    0.00000    0.67802          -81.54566      100.78977         1.846e-01 
  2769.607          15.121     -6.490     -5.315            0.197        19103.160      1.004      0.000      0.000    0.00000    0.66624          -82.16973      101.12062         1.904e-01 
  2770.607          14.928     -6.490     -5.315            0.193        19103.186      1.004      0.000      0.000    0.00000    0.65472          -82.78040      101.50643         1.962e-01 
  2771.607          14.738     -6.490     -5.314            0.190        19103.209      1.004      0.000      0.000    0.00000    0.64345          -83.37720      101.95939         2.022e-01 
  2772.607          14.550     -6.490     -5.314            0.187        19103.230      1.004      0.000      0.000    0.00000    0.63244          -83.95965      102.49548         2.082e-01 
  2773.607          14.366     -6.490     -5.314            0.184        19103.248      1.004      0.000      0.000    0.00000    0.62170          -84.52725      103.13615         2.144e-01 
  2774.607          14.184     -6.490     -5.314            0.181        19103.265      1.004      0.000      0.000    0.00000    0.61124          -85.07949      103.91080         2.206e-01 
  2775.607          14.005     -6.490     -5.314            0.178        19103.279      1.004      0.000      0.000    0.00000    0.60104          -85.61581      104.86082         2.269e-01 
  2776.607          13.828     -6.490     -5.314            0.175        19103.292      1.004      0.000      0.000    0.00000    0.59113          -86.13558      106.04635         2.333e-01 
  2777.607          13.655     -6.490     -5.314            0.173        19103.303      1.004      0.000      0.000    0.00000    0.58148          -86.63802      107.55788         2.397e-01 
  2778.607          13.484     -6.490     -5.313            0.170        19103.312      1.004      0.000      0.000    0.00000    0.57211          -87.12205      109.53772         2.463e-01 
  2779.607          13.315     -6.490     -5.313            0.167        19103.320      1.004      0.000      0.000    0.00000    0.56300          -87.58603      112.22144         2.529e-01 
  2780.607          13.149     -6.490     -5.313            0.165        19103.326      1.004      0.000      0.000    0.00000    0.55416          -88.02720      116.02424         2.596e-01 
  2781.607          12.985     -6.490     -5.313            0.163        19103.331      1.004      0.000      0.000    0.00000    0.54558          -88.44025      121.73170         2.664e-01 
  2782.607          12.824     -6.490     -5.313            0.160        19103.335      1.004      0.000      0.000    0.00000    0.53724          -88.81374      130.93235         2.732e-01 
  2783.607          12.665     -6.490     -5.313            0.158        19103.338      1.004      0.000      0.000    0.00000    0.52916          -89.12036      146.80674         2.801e-01 
  2784.607          12.508     -6.490     -5.313            0.156        19103.340      1.004      0.000      0.000    0.00000    0.52131          -89.29811      173.23593         2.871e-01 
  2785.607          12.353     -6.490     -5.313            0.154        19103.342      1.004      0.000      0.000    0.00000    0.51369          -89.27491      204.49019         2.942e-01 
  2786.607          12.201     -6.490     -5.313            0.151        19103.344      1.004      0.000      0.000    0.00000    0.50630          -89.08529      226.93552         3.013e-01 
  2787.607          12.051     -6.490     -5.313            0.149        19103.347      1.004      0.000      0.000    0.00000    0.49913          -88.82059      239.91904         3.086e-01 
  2788.607          11.902     -6.490     -5.313            0.147        19103.350      1.004      0.000      0.000    0.00000    0.49216          -88.53162      247.60313         3.159e-01 
  2789.607          11.756     -6.490     -5.313            0.146        19103.354      1.004      0.000      0.000    0.00000    0.48540          -88.23888      252.50172         3.232e-01 
  2790.607          11.611     -6.490     -5.313            0.144        19103.359      1.004      0.000      0.000    0.00000    0.47884          -87.95094      255.84116         3.307e-01 
  2791.607          11.469     -6.490     -5.313            0.142        19103.365      1.004      0.000      0.000    0.00000    0.47247          -87.67173      258.24083         3.382e-01 
  2792.607          11.328     -6.490     -5.313            0.140        19103.371      1.004      0.000      0.000    0.00000    0.46628          -87.40315      260.03681         3.457e-01 
  2793.607          11.189     -6.490     -5.314            0.138        19103.377      1.004      0.000      0.000    0.00000    0.46026          -87.14617      261.42442         3.534e-01 
  2794.607          11.051     -6.490     -5.314            0.137        19103.384      1.004      0.000      0.000    0.00000    0.45437          -86.90127      262.52386         3.610e-01 
  2795.607          10.916     -6.490     -5.314            0.135        19103.392      1.004      0.000      0.000    0.00000    0.44819          -86.66917      263.41201         3.679e-01 
  2796.607          10.782     -6.490     -5.314            0.134        19103.400      1.004      0.000      0.000    0.00000    0.44194          -86.45099      264.14015         3.742e-01 
  2797.607          10.649     -6.490     -5.314            0.132        19103.408      1.004      0.000      0.000    0.00000    0.43600          -86.24657      264.74588         3.806e-01 
  2798.607          10.518     -6.490     -5.314            0.131        19103.417      1.004      0.000      0.000    0.00000    0.43033          -86.05555      265.25612         3.869e-01 
  2799.607          10.389     -6.490     -5.314            0.129        19103.426      1.004      0.000      0.000    0.00000    0.42491          -85.87757      265.69053         3.932e-01 
  2800.607          10.260     -6.490     -5.314            0.128        19103.436      1.004      0.000      0.000    0.00000    0.41972          -85.71220      266.06379         3.996e-01 
  2801.607          10.133     -6.490     -5.314            0.127        19103.445      1.004      0.000      0.000    0.00000    0.41473          -85.55902      266.38709         4.059e-01 
  2802.607          10.008     -6.490     -5.314            0.126        19103.455      1.004      0.000      0.000    0.00000    0.40993          -85.41760      266.66912         4.123e-01 
  2803.607           9.883     -6.490     -5.314            0.124        19103.466      1.004      0.000      0.000    0.00000    0.40531          -85.28752      266.91671         4.187e-01 
  2804.607           9.760     -6.490     -5.314            0.123        19103.476      1.004      0.000      0.000    0.00000    0.40085          -85.16836      267.13532         4.251e-01 
  2805.607           9.637     -6.490     -5.315            0.122        19103.486      1.004      0.000      0.000    0.00000    0.39653          -85.05968      267.32937         4.316e-01 
  2806.607           9.516     -6.490     -5.315            0.121        19103.497      1.004      0.000      0.000    0.00000    0.39235          -84.96106      267.50245         4.380e-01 
  2807.607           9.396     -6.490     -5.315            0.120        19103.507      1.004      0.000      0.000    0.00000    0.38829          -84.87210      267.65753         4.444e-01 
  2808.607           9.277     -6.490     -5.315            0.119        19103.518      1.004      0.000      0.000    0.00000    0.38436          -84.79239      267.79707         4.509e-01 
  2809.607           9.159     -6.490     -5.315            0.118        19103.529      1.004      0.000      0.000    0.00000    0.38053          -84.72152      267.92313         4.574e-01 
  2810.607           9.042     -6.490     -5.315            0.117        19103.540      1.004      0.000      0.000    0.00000    0.37681          -84.65912      268.03747         4.639e-01 
  2811.607           8.926     -6.490     -5.315            0.116        19103.551      1.004      0.000      0.000    0.00000    0.37319          -84.60479      268.14155         4.704e-01 
  2812.607           8.810     -6.490     -5.315            0.115        19103.562      1.004      0.000      0.000    0.00000    0.36966          -84.55818      268.23665         4.770e-01 
  2813.607           8.696     -6.490     -5.315            0.114        19103.573      1.004      0.000      0.000    0.00000    0.36621          -84.51892      268.32384         4.835e-01 
  2814.607           8.582     -6.490     -5.315            0.114        19103.584      1.004      0.000      0.000    0.00000    0.36285          -84.48668      268.40408         4.901e-01 
  2815.607           8.470     -6.490     -5.316            0.113        19103.594      1.004      0.000      0.000    0.00000    0.35957          -84.46111      268.47816         4.967e-01 
  2816.607           8.358     -6.490     -5.316            0.112        19103.605      1.004      0.000      0.000    0.00000    0.35636          -84.44189      268.54680         5.033e-01 
  2817.607           8.247     -6.490     -5.316            0.111        19103.616      1.004      0.000      0.000    0.00000    0.35322          -84.42871      268.61061         5.099e-01 
  2818.607           8.137     -6.490     -5.316            0.110        19103.627      1.004      0.000      0.000    0.00000    0.35015          -84.42127      268.67014         5.166e-01 
  2819.607           8.028     -6.490     -5.316            0.109        19103.637      1.004      0.000      0.000    0.00000    0.34715          -84.41927      268.72586         5.232e-01 
  2820.607           7.919     -6.490     -5.316            0.109        19103.648      1.004      0.000      0.000    0.00000    0.34421          -84.42243      268.77819         5.299e-01 
  2821.607           7.812     -6.490     -5.316            0.108        19103.659      1.004      0.000      0.000    0.00000    0.34133          -84.43048      268.82749         5.366e-01 
  2822.607           7.705     -6.490     -5.316            0.107        19103.669      1.004      0.000      0.000    0.00000    0.33850          -84.44315      268.87410         5.433e-01 
  2823.607           7.599     -6.490     -5.316            0.106        19103.679      1.004      0.000      0.000    0.00000    0.33574          -84.46020      268.91831         5.500e-01 
  2824.607           7.493     -6.490     -5.316            0.106        19103.689      1.004      0.000      0.000    0.00000    0.33302          -84.48137      268.96036         5.568e-01 
  2825.607           7.388     -6.490     -5.316            0.105        19103.700      1.004      0.000      0.000    0.00000    0.33036          -84.50644      269.00049         5.636e-01 
  2826.607           7.284     -6.490     -5.317            0.104        19103.710      1.004      0.000      0.000    0.00000    0.32775          -84.53517      269.03890         5.703e-01 
  2827.607           7.181     -6.490     -5.317            0.103        19103.719      1.004      0.000      0.000    0.00000    0.32518          -84.56734      269.07576         5.771e-01 
  2828.607           7.078     -6.490     -5.317            0.103        19103.729      1.004      0.000      0.000    0.00000    0.32267          -84.60275      269.11122         5.839e-01 
  2829.607           6.976     -6.490     -5.317            0.102        19103.739      1.004      0.000      0.000    0.00000    0.32020          -84.64118      269.14543         5.908e-01 
  2830.607           6.875     -6.490     -5.317            0.101        19103.748      1.004      0.000      0.000    0.00000    0.31777          -84.68245      269.17850         5.976e-01 
  2831.607           6.774     -6.490     -5.317            0.101        19103.757      1.004      0.000      0.000    0.00000    0.31539          -84.72637      269.21055         6.045e-01 
  2832.607           6.674     -6.490     -5.317            0.100        19103.767      1.004      0.000      0.000    0.00000    0.31304          -84.77274      269.24164         6.113e-01 
  2833.607           6.575     -6.490     -5.317            0.100        19103.776      1.004      0.000      0.000    0.00000    0.31074          -84.82140      269.27187         6.182e-01 
  2834.607           6.476     -6.490     -5.317            0.099        19103.785      1.004      0.000      0.000    0.00000    0.30848          -84.87217      269.30130         6.251e-01 
  2835.607           6.378     -6.490     -5.317            0.098        19103.793      1.004      0.000      0.000    0.00000    0.30625          -84.92489      269.32998         6.321e-01 
  2836.607           6.280     -6.490     -5.317            0.098        19103.802      1.004      0.000      0.000    0.00000    0.30406          -84.97940      269.35795         6.390e-01 
  2837.607           6.183     -6.490     -5.317            0.097        19103.810      1.004      0.000      0.000    0.00000    0.30191          -85.03555      269.38525         6.460e-01 
  2838.607           6.087     -6.490     -5.318            0.096        19103.819      1.004      0.000      0.000    0.00000    0.29980          -85.09319      269.41189         6.529e-01 
  2839.607           5.991     -6.490     -5.318            0.096        19103.827      1.004      0.000      0.000    0.00000    0.29771          -85.15217      269.43788         6.599e-01 
  2840.607           5.896     -6.490     -5.318            0.095        19103.835      1.004      0.000      0.000    0.00000    0.29566          -85.21236      269.46324         6.669e-01 
  2841.607           5.801     -6.490     -5.318            0.095        19103.843      1.004      0.000      0.000    0.00000    0.29365          -85.27362      269.48795         6.739e-01 
  2842.607           5.707     -6.490     -5.318            0.094        19103.851      1.004      0.000      0.000    0.00000    0.29166          -85.33583      269.51200         6.810e-01 
  2843.607           5.613     -6.490     -5.318            0.094        19103.858      1.004      0.000      0.000    0.00000    0.28971          -85.39886      269.53536         6.880e-01 
  2844.607           5.520     -6.490     -5.318            0.093        19103.866      1.004      0.000      0.000    0.00000    0.28778          -85.46258      269.55802         6.951e-01 
  2845.607           5.427     -6.490     -5.318            0.093        19103.873      1.004      0.000      0.000    0.00000    0.28589          -85.52689      269.57992         7.021e-01 
  2846.607           5.335     -6.490     -5.318            0.092        19103.880      1.004      0.000      0.000    0.00000    0.28402          -85.59166      269.60103         7.092e-01 
  2847.607           5.244     -6.490     -5.318            0.092        19103.887      1.004      0.000      0.000    0.00000    0.28218          -85.65679      269.62127         7.163e-01 
  2848.607           5.153     -6.490     -5.318            0.091        19103.894      1.004      0.000      0.000    0.00000    0.28037          -85.72216      269.64059         7.235e-01 
  2849.607           5.062     -6.490     -5.318            0.091        19103.901      1.004      0.000      0.000    0.00000    0.27858          -85.78768      269.65892         7.306e-01 
  2850.607           4.972     -6.490     -5.318            0.090        19103.907      1.004      0.000      0.000    0.00000    0.27682          -85.85324      269.67617         7.378e-01 
  2851.607           4.882     -6.490     -5.318            0.090        19103.914      1.004      0.000      0.000    0.00000    0.27509          -85.91875      269.69226         7.449e-01 
  2852.607           4.793     -6.490     -5.318            0.089        19103.920      1.004      0.000      0.000    0.00000    0.27338          -85.98411      269.70708         7.521e-01 
  2853.607           4.705     -6.490     -5.318            0.089        19103.926      1.004      0.000      0.000    0.00000    0.27170          -86.04926      269.72056         7.593e-01 
  2854.607           4.616     -6.490     -5.319            0.088        19103.932      1.004      0.000      0.000    0.00000    0.27003          -86.11414      269.73261         7.665e-01 
  2855.607           4.529     -6.490     -5.319            0.088        19103.938      1.004      0.000      0.000    0.00000    0.26840          -86.17868      269.74315         7.738e-01 
  2856.607           4.441     -6.490     -5.319            0.087        19103.944      1.004      0.000      0.000    0.00000    0.26678          -86.24284      269.75209         7.810e-01 
  2857.607           4.355     -6.490     -5.319            0.087        19103.949      1.004      0.000      0.000    0.00000    0.26519          -86.30659      269.75935         7.883e-01 
  2858.607           4.268     -6.490     -5.319            0.086        19103.955      1.004      0.000      0.000    0.00000    0.26362          -86.36990      269.76487         7.955e-01 
  2859.607           4.182     -6.490     -5.319            0.086        19103.960      1.004      0.000      0.000    0.00000    0.26207          -86.43274      269.76855         8.028e-01 
  2860.607           4.097     -6.490     -5.319            0.085        19103.966      1.004      0.000      0.000    0.00000    0.26054          -86.49510      269.77033         8.101e-01 
  2861.607           4.012     -6.490     -5.319            0.085        19103.971      1.004      0.000      0.000    0.00000    0.25904          -86.55698      269.77012         8.174e-01 
  2862.607           3.927     -6.490     -5.319            0.085        19103.976      1.004      0.000      0.000    0.00000    0.25755          -86.61836      269.76787         8.248e-01 
  2863.607           3.843     -6.490     -5.319            0.084        19103.981      1.004      0.000      0.000    0.00000    0.25608          -86.67926      269.76349         8.321e-01 
  2864.607           3.759     -6.490     -5.319            0.084        19103.986      1.004      0.000      0.000    0.00000    0.25463          -86.73966      269.75691         8.395e-01 
  2865.607           3.675     -6.490     -5.319            0.083        19103.990      1.004      0.000      0.000    0.00000    0.25320          -86.79958      269.74806         8.468e-01 
  2866.607           3.592     -6.490     -5.319            0.083        19103.995      1.004      0.000      0.000    0.00000    0.25179          -86.85903      269.73686         8.542e-01 
  2867.607           3.510     -6.490     -5.319            0.083        19103.999      1.004      0.000      0.000    0.00000    0.25040          -86.91803      269.72323         8.616e-01 
  2868.607           3.427     -6.490     -5.319            0.082        19104.004      1.004      0.000      0.000    0.00000    0.24903          -86.97659      269.70710         8.690e-01 
  2869.607           3.345     -6.490     -5.319            0.082        19104.008      1.004      0.000      0.000    0.00000    0.24767          -87.03473      269.68839         8.765e-01 
  2870.607           3.264     -6.490     -5.319            0.081        19104.012      1.004      0.000      0.000    0.00000    0.24633          -87.09247      269.66702         8.839e-01 
  2871.607           3.183     -6.490     -5.319            0.081        19104.016      1.004      0.000      0.000    0.00000    0.24501          -87.14984      269.64289         8.914e-01 
  2872.607           3.102     -6.490     -5.319            0.081        19104.020      1.004      0.000      0.000    0.00000    0.24370          -87.20685      269.61591         8.988e-01 
  2873.607           3.021     -6.490     -5.319            0.080        19104.024      1.004      0.000      0.000    0.00000    0.24241          -87.26353      269.58599         9.063e-01 
  2874.607           2.941     -6.490     -5.319            0.080        19104.028      1.004      0.000      0.000    0.00000    0.24113          -87.31992      269.55302         9.138e-01 
  2875.607           2.862     -6.490     -5.319            0.080        19104.032      1.004      0.000      0.000    0.00000    0.23987          -87.37604      269.51690         9.213e-01 
  2876.607           2.782     -6.490     -5.319            0.079        19104.035      1.004      0.000      0.000    0.00000    0.23863          -87.43191      269.47749         9.288e-01 
  2877.607           2.703     -6.490     -5.320            0.079        19104.039      1.004      0.000      0.000    0.00000    0.23740          -87.48758      269.43468         9.364e-01 
  2878.607           2.625     -6.490     -5.320            0.079        19104.042      1.004      0.000      0.000    0.00000    0.23618          -87.54305      269.38831         9.439e-01 
  2879.607           2.546     -6.490     -5.320            0.078        19104.045      1.004      0.000      0.000    0.00000    0.23498          -87.59838      269.33823         9.515e-01 
  2880.607           2.468     -6.490     -5.320            0.078        19104.049      1.004      0.000      0.000    0.00000    0.23379          -87.65358      269.28427         9.591e-01 
  2881.607           2.391     -6.490     -5.320            0.078        19104.052      1.004      0.000      0.000    0.00000    0.23262          -87.70870      269.22623         9.667e-01 
  2882.607           2.313     -6.490     -5.320            0.077        19104.055      1.004      0.000      0.000    0.00000    0.23146          -87.76375      269.16391         9.743e-01 
  2883.607           2.236     -6.490     -5.320            0.077        19104.058      1.004      0.000      0.000    0.00000    0.23031          -87.81878      269.09706         9.819e-01 
  2884.607           2.160     -6.490     -5.320            0.077        19104.061      1.004      0.000      0.000    0.00000    0.22918          -87.87381      269.02542         9.895e-01 
  2885.607           2.083     -6.490     -5.320            0.076        19104.064      1.004      0.000      0.000    0.00000    0.22806          -87.92887      268.94868         9.972e-01 
  2886.607           2.007     -6.490     -5.320            0.076        19104.066      1.004      0.000      0.000    0.00000    0.22695          -87.98401      268.86652         1.005e+00 
  2887.607           1.932     -6.490     -5.320            0.076        19104.069      1.004      0.000      0.000    0.00000    0.22585          -88.03924      268.77854         1.013e+00 
  2888.607           1.856     -6.490     -5.320            0.075        19104.071      1.004      0.000      0.000    0.00000    0.22477          -88.09460      268.68432         1.020e+00 
  2889.607           1.781     -6.490     -5.320            0.075        19104.074      1.004      0.000      0.000    0.00000    0.22370          -88.15013      268.58334         1.028e+00 
  2890.607           1.706     -6.490     -5.320            0.075        19104.076      1.004      0.000      0.000    0.00000    0.22264          -88.20584      268.47505         1.036e+00 
  2891.607           1.632     -6.490     -5.320            0.074        19104.079      1.004      0.000      0.000    0.00000    0.22159          -88.26179      268.35879         1.043e+00 
  2892.607           1.558     -6.490     -5.320            0.074        19104.081      1.004      0.000      0.000    0.00000    0.22055          -88.31798      268.23379         1.051e+00 
  2893.607           1.484     -6.490     -5.320            0.074        19104.083      1.004      0.000      0.000    0.00000    0.21953          -88.37446      268.09917         1.059e+00 
  2894.607           1.410     -6.490     -5.320            0.073        19104.085      1.004      0.000      0.000    0.00000    0.21851          -88.43126      267.95391         1.067e+00 
  2895.607           1.337     -6.490     -5.320            0.073        19104.087      1.004      0.000      0.000    0.00000    0.21751          -88.48840      267.79678         1.074e+00 
  2896.607           1.264     -6.490     -5.320            0.073        19104.089      1.004      0.000      0.000    0.00000    0.21652          -88.54592      267.62636         1.082e+00 
  2897.607           1.191     -6.490     -5.320            0.073        19104.091      1.004      0.000      0.000    0.00000    0.21553          -88.60383      267.44094         1.090e+00 
  2898.607           1.119     -6.490     -5.320            0.072        19104.092      1.004      0.000      0.000    0.00000    0.21456          -88.66218      267.23848         1.098e+00 
  2899.607           1.047     -6.490     -5.320            0.072        19104.094      1.004      0.000      0.000    0.00000    0.21360          -88.72099      267.01652         1.106e+00 
  2900.607           0.975     -6.490     -5.320            0.072        19104.096      1.004      0.000      0.000    0.00000    0.21264          -88.78028      266.77204         1.113e+00 
  2901.607           0.903     -6.490     -5.320            0.071        19104.097      1.004      0.000      0.000    0.00000    0.21170          -88.84009      266.50135         1.121e+00 
  2902.607           0.832     -6.490     -5.320            0.071        19104.098      1.004      0.000      0.000    0.00000    0.21077          -88.90043      266.19985         1.129e+00 
  2903.607           0.761     -6.490     -5.320            0.071        19104.100      1.004      0.000      0.000    0.00000    0.20984          -88.96133      265.86174         1.137e+00 
  2904.607           0.690     -6.490     -5.320            0.071        19104.101      1.004      0.000      0.000    0.00000    0.20893          -89.02281      265.47964         1.145e+00 
  2905.607           0.620     -6.490     -5.320            0.070        19104.102      1.004      0.000      0.000    0.00000    0.20802          -89.08490      265.04397         1.153e+00 
  2906.607           0.549     -6.490     -5.320            0.070        19104.103      1.004      0.000      0.000    0.00000    0.20712          -89.14760      264.54211         1.161e+00 
  2907.607           0.479     -6.490     -5.320            0.070        19104.104      1.004      0.000      0.000    0.00000    0.20624          -89.21093      263.95706         1.169e+00 
  2908.607           0.410     -6.490     -5.320            0.070        19104.105      1.004      0.000      0.000    0.00000    0.20536          -89.27490      263.26541         1.177e+00 
  2909.607           0.340     -6.490     -5.320            0.069        19104.106      1.004      0.000      0.000    0.00000    0.20449          -89.33951      262.43408         1.185e+00 
  2910.607           0.271     -6.490     -5.320            0.069        19104.107      1.004      0.000      0.000    0.00000    0.20362          -89.40473      261.41471         1.192e+00 
  2911.607           0.202     -6.490     -5.320            0.069        19104.107      1.004      0.000      0.000    0.00000    0.20277          -89.47052      260.13381         1.200e+00 
  2912.607           0.133     -6.490     -5.320            0.069        19104.108      1.004      0.000      0.000    0.00000    0.20193          -89.53682      258.47452         1.208e+00 
  2913.607           0.065     -6.490     -5.320            0.068        19104.109      1.004      0.000      0.000    0.00000    0.20109          -89.60344      256.23986         1.216e+00 
  2914.607           0.000     -6.490     -5.320            0.068        19104.109      1.004      0.000      0.000    0.00000    0.20026          -89.67010      253.07208         1.224e+00 
