#_______________________________________________________________________________
#    ######   ####     ##             #####   #####     ##    #    #    ## 
#    #       #        #  #            #    #  #    #   #  #   ##  ##   #  #
#    #####    ####   ######           #    #  #####   ######  # ## #  ######
#    #            #  #    #           #    #  #    #  #    #  #    #  #    #
#____######__#####___#____#___________#####___#____#__#____#__#____#__#____#____
#
#              ESA Debris Risk Assessment and Mitigation Analysis
#
#                      ---- DRAMA ( SESAM 2.1.5 ) ----
#                                      ESA 2018
#
#                              aerothermal history file
#-------------------------------------------------------------------------------
# Filename      : sara.BatFloor.7f59d1ba-8c20-48f8-822b-0987db6bca9c_AeroThermalHistory.txt
# RunID         : sara
# ObjectID      : 7f59d1ba-8c20-48f8-822b-0987db6bca9c
# ObjectName    : BatFloor
# ReferenceArea : 0.106972 [m^2]
# Content       : This file contains the aerothermal data of the object,
#                 computed by the DRAMA 3 Re-entry Analysis.
# Documentation : DRAMA Software User Manual, section OPERATIONS MANUAL / Normal operation / SARA / SARA Simulation Output / Re-entry simulation output
# Note          : The convective heat and the integrated heat values in this file take into account the visibility factor
#
#-------------------------------------------------------------------------------------------------------------------------------------------------------------------
#  Time [s]  Altitude [km]   Temp [K]   Mass [kg]   Thick [mm]  Convective Heat [W]  Radiative Heat [W]  Oxidation Heat [W]  Integrated Heat [J] VisibilityFactor [-]
#-------------------------------------------------------------------------------------------------------------------------------------------------------------------
   769.100          90.478    300.000      35.230      28.417           180166.237               0.000               0.000                0.000   1.00000 
   769.200          90.469    300.580      35.230      28.417           180285.327               0.000               0.000            18028.533   1.00000 
   769.650          90.430    303.196      35.230      28.417           180839.020               0.000               0.000            99406.092   1.00000 
   770.650          90.343    309.044      35.230      28.417           182113.340               0.000               0.000           281519.432   1.00000 
   771.650          90.255    314.919      35.230      28.417           183488.788               0.000               0.000           465008.220   1.00000 
   772.650          90.167    320.821      35.230      28.417           184871.169               0.000               0.000           649879.390   1.00000 
   773.650          90.080    326.750      35.230      28.417           186262.001               0.000               0.000           836141.391   1.00000 
   774.650          89.991    332.706      35.230      28.417           187660.815               0.000               0.000          1023802.206   1.00000 
   775.650          89.903    338.689      35.230      28.417           189067.739               0.000               0.000          1212869.945   1.00000 
   776.650          89.815    344.699      35.230      28.417           190482.993               0.000               0.000          1403352.938   1.00000 
   777.650          89.726    350.736      35.230      28.417           191906.633               0.000               0.000          1595259.571   1.00000 
   778.650          89.637    356.800      35.230      28.417           193338.875               0.000               0.000          1788598.446   1.00000 
   779.650          89.548    362.888      35.230      28.417           194779.901               0.000               0.000          1983378.347   1.00000 
   780.650          89.459    368.998      35.230      28.417           196229.851               0.000               0.000          2179608.199   1.00000 
   781.650          89.369    375.131      35.230      28.417           197688.895               0.000               0.000          2377297.093   1.00000 
   782.650          89.280    381.284      35.230      28.417           199157.201               0.000               0.000          2576454.294   1.00000 
   783.650          89.190    387.456      35.230      28.417           200634.913               0.000               0.000          2777089.208   1.00000 
   784.650          89.100    393.646      35.230      28.417           202121.429               0.000               0.000          2979210.637   1.00000 
   785.650          89.009    399.854      35.230      28.417           203619.134               0.000               0.000          3182829.771   1.00000 
   786.650          88.918    406.077      35.230      28.417           205126.351               0.000               0.000          3387956.121   1.00000 
   787.650          88.827    412.316      35.230      28.417           206643.503               0.000               0.000          3594599.625   1.00000 
   788.650          88.736    418.571      35.230      28.417           208170.955               0.000               0.000          3802770.579   1.00000 
   789.650          88.645    424.844      35.230      28.417           209708.885               0.000               0.000          4012479.464   1.00000 
   790.650          88.553    431.138      35.230      28.417           211257.476               0.000               0.000          4223736.941   1.00000 
   791.650          88.461    437.451      35.230      28.417           212816.914               0.000               0.000          4436553.855   1.00000 
   792.650          88.369    443.774      35.230      28.417           214387.386               0.000               0.000          4650941.241   1.00000 
   793.650          88.276    450.101      35.230      28.417           215969.084               0.000               0.000          4866910.325   1.00000 
   794.650          88.183    456.434      35.230      28.417           217562.201               0.000               0.000          5084472.526   1.00000 
   795.650          88.090    462.750      35.230      28.417           219166.935               0.000               0.000          5303639.461   1.00000 
   796.650          87.997    469.033      35.230      28.417           220783.482               0.000               0.000          5524422.943   1.00000 
   797.650          87.903    475.284      35.230      28.417           222412.060               0.000               0.000          5746835.003   1.00000 
   798.650          87.809    481.484      35.230      28.417           224052.887               0.000               0.000          5970887.890   1.00000 
   799.650          87.714    487.602      35.230      28.417           225706.177               0.000               0.000          6196594.067   1.00000 
   800.650          87.620    493.641      35.230      28.417           227372.100               0.000               0.000          6423966.167   1.00000 
   801.650          87.524    499.613      35.230      28.417           229050.818               0.000               0.000          6653016.985   1.00000 
   802.650          87.429    505.561      35.230      28.417           230742.503               0.000               0.000          6883759.488   1.00000 
   803.650          87.333    511.487      35.230      28.417           232447.338               0.000               0.000          7116206.826   1.00000 
   804.650          87.237    517.390      35.230      28.417           234165.515               0.000               0.000          7350372.340   1.00000 
   805.650          87.141    523.344      35.230      28.417           235897.244               0.000               0.000          7586269.584   1.00000 
   806.650          87.044    529.372      35.230      28.417           237642.754               0.000               0.000          7823912.338   1.00000 
   807.650          86.946    535.476      35.230      28.417           239402.292               0.000               0.000          8063314.630   1.00000 
   808.650          86.849    541.667      35.230      28.417           241176.134               0.000               0.000          8304490.764   1.00000 
   809.650          86.751    547.962      35.230      28.417           242964.582               0.000               0.000          8547455.346   1.00000 
   810.650          86.652    554.363      35.230      28.417           244767.974               0.000               0.000          8792223.319   1.00000 
   811.650          86.554    560.862      35.230      28.417           246586.687               0.000               0.000          9038810.006   1.00000 
   812.650          86.454    567.416      35.230      28.417           248421.143               0.000               0.000          9287231.148   1.00000 
   813.650          86.355    574.027      35.230      28.417           250271.816               0.000               0.000          9537502.964   1.00000 
   814.650          86.255    580.679      35.230      28.417           252139.241               0.000               0.000          9789642.206   1.00000 
   815.650          86.154    587.295      35.230      28.417           254024.019               0.000               0.000         10043666.224   1.00000 
   816.650          86.053    593.876      35.230      28.417           255926.827               0.000               0.000         10299593.052   1.00000 
   817.650          85.952    600.422      35.230      28.417           257790.952               0.000               0.000         10557384.004   1.00000 
   818.650          85.850    606.923      35.230      28.417           259570.094               0.000               0.000         10816954.098   1.00000 
   819.650          85.747    613.382      35.230      28.417           261370.306               0.000               0.000         11078324.404   1.00000 
   820.650          85.645    619.801      35.230      28.417           263182.760               0.000               0.000         11341507.164   1.00000 
   821.650          85.541    626.184      35.230      28.417           265007.746               0.000               0.000         11606514.910   1.00000 
   822.650          85.437    632.534      35.230      28.417           266844.923               0.000               0.000         11873359.832   1.00000 
   823.650          85.333    638.850      35.230      28.417           268694.699               0.000               0.000         12142054.531   1.00000 
   824.650          85.228    645.133      35.230      28.417           270557.549               0.000               0.000         12412612.080   1.00000 
   825.650          85.123    651.386      35.230      28.417           272433.125               0.000               0.000         12685045.205   1.00000 
   826.650          85.017    657.608      35.230      28.417           274321.706               0.000               0.000         12959366.911   1.00000 
   827.650          84.910    663.807      35.230      28.417           276223.415               0.000               0.000         13235590.326   1.00000 
   828.650          84.803    669.983      35.230      28.417           278138.369               0.000               0.000         13513728.695   1.00000 
   829.650          84.696    676.138      35.230      28.417           280066.684               0.000               0.000         13793795.379   1.00000 
   830.650          84.588    682.279      35.230      28.417           282009.004               0.000               0.000         14075804.383   1.00000 
   831.650          84.479    688.413      35.230      28.417           283963.673               0.000               0.000         14359768.056   1.00000 
   832.650          84.370    694.540      35.230      28.417           285932.519               0.000               0.000         14645700.575   1.00000 
   833.650          84.260    700.672      35.230      28.417           287915.144               0.000               0.000         14933615.720   1.00000 
   834.650          84.149    706.838      35.230      28.417           289911.912               0.000               0.000         15223527.632   1.00000 
   835.650          84.038    713.040      35.230      28.417           291922.503               0.000               0.000         15515450.134   1.00000 
   836.650          83.926    719.278      35.230      28.417           293946.677               0.000               0.000         15809396.811   1.00000 
   837.650          83.814    725.799      35.230      28.417           295985.385               0.000               0.000         16105382.196   1.00000 
   838.650          83.701    732.638      35.230      28.417           298038.337               0.000               0.000         16403420.534   1.00000 
   839.650          83.587    739.840      35.230      28.417           300105.613               0.000               0.000         16703526.147   1.00000 
   840.650          83.473    747.168      35.230      28.417           302186.768               0.000               0.000         17005712.915   1.00000 
   841.650          83.358    754.612      35.230      28.417           304282.756               0.000               0.000         17309995.671   1.00000 
   842.650          83.242    762.155      35.230      28.417           306393.043               0.000               0.000         17616388.713   1.00000 
   843.650          83.125    769.732      35.230      28.417           308517.800               0.000               0.000         17924906.514   1.00000 
   844.650          83.008    777.340      35.230      28.417           310657.322               0.000               0.000         18235563.836   1.00000 
   845.650          82.890    784.967      35.230      28.417           312811.474               0.000               0.000         18548375.310   1.00000 
   846.650          82.771    792.604      35.230      28.417           314980.369               0.000               0.000         18863355.678   1.00000 
   847.650          82.652    800.250      35.230      28.417           317162.962               0.000               0.000         19180518.640   1.00000 
   848.650          82.531    807.902      35.230      28.417           319360.694               0.000               0.000         19499879.334   1.00000 
   849.650          82.410    815.560      35.230      28.417           321573.128               0.000               0.000         19821452.462   1.00000 
   850.650          82.288    823.223      35.230      28.417           323800.257               0.000               0.000         20145252.719   1.00000 
   851.650          82.165    830.888      35.230      28.417           326041.585               0.000               0.000         20471294.304   1.00000 
   852.650          82.042    838.554      35.230      28.417           328297.448               0.000               0.000         20799591.752   1.00000 
   853.650          81.917    846.160      35.230      28.417           330568.191               0.000               0.000         21130159.943   1.00000 
   854.650          81.792    850.000      34.865      28.093           332852.873               0.000               0.000         21463012.816   1.00000 
   855.650          81.666    850.000      34.117      27.430           335141.642               0.000               0.000         21798154.458   1.00000 
   856.650          81.539    850.000      33.362      26.765           337420.667               0.000               0.000         22135575.125   1.00000 
   857.650          81.411    850.000      32.602      26.098           339685.535               0.000               0.000         22475260.660   1.00000 
   858.650          81.282    850.000      31.836      25.430           341933.054               0.000               0.000         22817193.714   1.00000 
   859.650          81.152    850.000      31.065      24.759           344158.782               0.000               0.000         23161352.496   1.00000 
   860.650          81.022    850.000      30.288      24.087           346359.632               0.000               0.000         23507712.128   1.00000 
   861.650          80.890    850.000      29.506      23.414           348530.972               0.000               0.000         23856243.100   1.00000 
   862.650          80.758    850.000      28.718      22.739           350667.361               0.000               0.000         24206910.461   1.00000 
   863.650          80.624    850.000      27.925      22.063           352763.914               0.000               0.000         24559674.375   1.00000 
   864.650          80.489    850.000      27.127      21.385           354814.893               0.000               0.000         24914489.268   1.00000 
   865.650          80.354    850.000      26.324      20.707           356813.015               0.000               0.000         25271302.283   1.00000 
   866.650          80.217    850.000      25.517      20.027           358751.623               0.000               0.000         25630053.906   1.00000 
   867.650          80.080    850.000      24.704      19.347           360622.785               0.000               0.000         25990676.691   1.00000 
   868.650          79.941    850.000      23.887      18.666           362416.628               0.000               0.000         26353093.318   1.00000 
   869.650          79.801    850.000      23.066      17.985           364124.696               0.000               0.000         26717218.014   1.00000 
   870.650          79.660    850.000      22.241      17.303           365734.881               0.000               0.000         27082952.895   1.00000 
   871.650          79.519    850.000      21.412      16.622           367235.165               0.000               0.000         27450188.060   1.00000 
   872.650          79.375    850.000      20.579      15.940           368611.987               0.000               0.000         27818800.047   1.00000 
   873.650          79.231    850.000      19.744      15.260           369849.755               0.000               0.000         28188649.802   1.00000 
   874.650          79.086    850.000      18.905      14.580           370931.669               0.000               0.000         28559581.471   1.00000 
   875.650          78.940    850.000      18.065      13.902           371837.442               0.000               0.000         28931418.914   1.00000 
   876.650          78.792    850.000      17.223      13.225           372546.224               0.000               0.000         29303965.138   1.00000 
   877.650          78.643    850.000      16.379      12.550           373032.411               0.000               0.000         29676997.549   1.00000 
   878.650          78.493    850.000      15.535      11.877           373268.697               0.000               0.000         30050266.246   1.00000 
   879.650          78.342    850.000      14.691      11.208           373222.407               0.000               0.000         30423488.653   1.00000 
   880.650          78.189    850.000      13.848      10.543           372857.791               0.000               0.000         30796346.444   1.00000 
   881.650          78.036    850.000      13.006       9.881           372132.137               0.000               0.000         31168478.581   1.00000 
   882.650          77.881    850.000      12.168       9.225           370998.215               0.000               0.000         31539476.796   1.00000 
   883.650          77.725    850.000      11.334       8.574           369398.999               0.000               0.000         31908875.795   1.00000 
   884.650          77.567    850.000      10.504       7.931           367270.732               0.000               0.000         32276146.527   1.00000 
   885.650          77.408    850.000       9.682       7.295           364536.724               0.000               0.000         32640683.251   1.00000 
   886.650          77.248    850.000       8.868       6.669           361108.093               0.000               0.000         33001791.345   1.00000 
   887.650          77.087    850.000       8.065       6.053           356879.351               0.000               0.000         33358670.696   1.00000 
   888.650          76.925    850.000       7.275       5.450           351724.138               0.000               0.000         33710394.834   1.00000 
   889.650          76.762    850.000       6.500       4.860           345492.161               0.000               0.000         34055886.995   1.00000 
   890.650          76.597    850.000       5.744       4.287           338000.974               0.000               0.000         34393887.970   1.00000 
   891.650          76.432    850.000       5.011       3.733           329028.958               0.000               0.000         34722916.927   1.00000 
   892.650          76.265    850.000       4.304       3.201           318305.561               0.000               0.000         35041222.488   1.00000 
   893.650          76.099    850.000       3.629       2.695           305497.386               0.000               0.000         35346719.874   1.00000 
   894.650          75.931    850.000       2.993       2.219           290196.058               0.000               0.000         35636915.931   1.00000 
   895.650          75.764    850.000       2.402       1.779           271905.345               0.000               0.000         35908821.277   1.00000 
   896.650          75.598    850.000       1.866       1.380           250040.526               0.000               0.000         36158861.803   1.00000 
   897.650          75.433    850.000       1.395       1.031           223971.573               0.000               0.000         36382833.376   1.00000 
   898.650          75.271    850.000       1.001       0.739           193184.841               0.000               0.000         36576018.217   1.00000 
   899.650          75.114    850.000       0.696       0.513           157740.708               0.000               0.000         36733758.925   1.00000 
   900.650          74.963    850.000       0.487       0.359           119283.530               0.000               0.000         36853042.454   1.00000 
   901.542          74.837    850.000       0.376       0.277            85197.373               0.000               0.000         36929000.821   1.00000 
   902.433          74.720    850.000       0.328       0.241            57365.380               0.000               0.000         36980145.363   1.00000 
   903.325          74.612    850.000       0.322       0.237            38017.049               0.000               0.000         37014039.752   1.00000 
   904.216          74.511    826.565       0.322       0.237            26019.700               0.000               0.000         37037237.814   1.00000 
   905.108          74.414    792.761       0.322       0.237            18470.438               0.000               0.000         37053705.274   1.00000 
   906.108          74.309    752.990       0.322       0.237            13098.358               0.000               0.000         37066803.633   1.00000 
   907.108          74.207    717.193       0.322       0.237             9537.894               0.000               0.000         37076341.527   1.00000 
   908.108          74.105    689.709       0.322       0.237             7129.472               0.000               0.000         37083470.999   1.00000 
   909.108          74.004    665.210       0.322       0.237             5448.209               0.000               0.000         37088919.208   1.00000 
   910.108          73.902    642.244       0.322       0.237             4242.765               0.000               0.000         37093161.973   1.00000 
   911.108          73.798    620.753       0.322       0.237             3358.398               0.000               0.000         37096520.371   1.00000 
   912.108          73.694    600.713       0.322       0.237             2696.525               0.000               0.000         37099216.895   1.00000 
   913.108          73.587    582.052       0.322       0.237             2192.442               0.000               0.000         37101409.337   1.00000 
   914.108          73.478    564.712       0.322       0.237             1802.568               0.000               0.000         37103211.906   1.00000 
   915.108          73.367    548.894       0.322       0.237             1496.868               0.000               0.000         37104708.774   1.00000 
   916.108          73.253    534.731       0.322       0.237             1254.213               0.000               0.000         37105962.986   1.00000 
   917.108          73.136    522.105       0.322       0.237             1059.467               0.000               0.000         37107022.454   1.00000 
   918.108          73.017    510.652       0.322       0.237              901.609               0.000               0.000         37107924.063   1.00000 
   919.108          72.894    500.111       0.322       0.237              772.490               0.000               0.000         37108696.553   1.00000 
   920.108          72.769    490.140       0.322       0.237              666.004               0.000               0.000         37109362.557   1.00000 
   921.108          72.641    480.666       0.322       0.237              577.523               0.000               0.000         37109940.080   1.00000 
   922.108          72.509    471.579       0.322       0.237              503.492               0.000               0.000         37110443.572   1.00000 
   923.108          72.374    462.881       0.322       0.237              441.157               0.000               0.000         37110884.729   1.00000 
   924.108          72.236    454.643       0.322       0.237              388.363               0.000               0.000         37111273.092   1.00000 
   925.108          72.095    446.831       0.322       0.237              343.407               0.000               0.000         37111616.499   1.00000 
   926.108          71.951    439.461       0.322       0.237              304.931               0.000               0.000         37111921.430   1.00000 
   927.108          71.804    432.506       0.322       0.237              271.849               0.000               0.000         37112193.279   1.00000 
   928.108          71.653    425.934       0.322       0.237              243.230               0.000               0.000         37112436.509   1.00000 
   929.108          71.500    419.726       0.322       0.237              218.424               0.000               0.000         37112654.934   1.00000 
   930.108          71.343    413.853       0.322       0.237              196.849               0.000               0.000         37112851.782   1.00000 
   931.108          71.183    408.287       0.322       0.237              178.016               0.000               0.000         37113029.798   1.00000 
   932.108          71.020    403.001       0.322       0.237              161.521               0.000               0.000         37113191.319   1.00000 
   933.108          70.854    397.974       0.322       0.237              147.030               0.000               0.000         37113338.348   1.00000 
   934.108          70.685    393.186       0.322       0.237              134.260               0.000               0.000         37113472.608   1.00000 
   935.108          70.514    388.622       0.322       0.237              122.976               0.000               0.000         37113595.584   1.00000 
   936.108          70.339    384.267       0.322       0.237              112.978               0.000               0.000         37113708.562   1.00000 
   937.108          70.162    380.106       0.322       0.237              104.098               0.000               0.000         37113812.661   1.00000 
   938.108          69.982    376.128       0.322       0.237               96.192               0.000               0.000         37113908.853   1.00000 
   939.108          69.799    372.320       0.322       0.237               89.137               0.000               0.000         37113997.989   1.00000 
   940.108          69.614    368.673       0.322       0.237               82.827               0.000               0.000         37114080.817   1.00000 
   941.108          69.427    365.178       0.322       0.237               77.172               0.000               0.000         37114157.988   1.00000 
   942.108          69.237    361.826       0.322       0.237               72.093               0.000               0.000         37114230.081   1.00000 
   943.108          69.044    358.608       0.322       0.237               67.522               0.000               0.000         37114297.603   1.00000 
   944.108          68.850    355.517       0.322       0.237               63.399               0.000               0.000         37114361.002   1.00000 
   945.108          68.654    352.546       0.322       0.237               59.675               0.000               0.000         37114420.677   1.00000 
   946.108          68.455    349.689       0.322       0.237               56.303               0.000               0.000         37114476.979   1.00000 
   947.108          68.255    346.941       0.322       0.237               53.243               0.000               0.000         37114530.223   1.00000 
   948.108          68.053    344.295       0.322       0.237               50.462               0.000               0.000         37114580.685   1.00000 
   949.108          67.849    341.746       0.322       0.237               47.929               0.000               0.000         37114628.615   1.00000 
   950.108          67.643    339.291       0.322       0.237               45.617               0.000               0.000         37114674.232   1.00000 
   951.108          67.437    336.923       0.322       0.237               43.502               0.000               0.000         37114717.734   1.00000 
   952.108          67.229    334.640       0.322       0.237               41.563               0.000               0.000         37114759.296   1.00000 
   952.308          67.187    334.199       0.322       0.237               41.012               0.000               0.000         37114767.499   1.00000 
   952.329          67.182    334.152       0.322       0.237               40.933               0.000               0.000         37114768.387   1.00000 
   952.350          67.178    334.105       0.322       0.237               20.458               0.000               0.000         37114768.810   1.00000 
   952.371          67.174    334.058       0.322       0.237               20.466               0.000               0.000         37114769.232   1.00000 
   952.410          67.166    333.970       0.322       0.237               20.481               0.000               0.000         37114770.035   1.00000 
   952.449          67.157    333.883       0.322       0.237               20.497               0.000               0.000         37114770.831   1.00000 
   952.498          67.147    333.772       0.322       0.237               20.510               0.000               0.000         37114771.842   1.00000 
   952.558          67.135    333.637       0.322       0.237               20.515               0.000               0.000         37114773.078   1.00000 
   952.830          67.077    333.030       0.322       0.237               20.615               0.000               0.000         37114778.671   1.00000 
   953.030          67.035    332.587       0.322       0.237               20.701               0.000               0.000         37114782.811   1.00000 
   953.210          66.997    332.192       0.322       0.237               20.777               0.000               0.000         37114786.551   1.00000 
   953.256          66.987    332.090       0.322       0.237               20.796               0.000               0.000         37114787.515   1.00000 
   953.313          66.975    331.966       0.322       0.237               20.801               0.000               0.000         37114788.703   1.00000 
   953.570          66.919    331.407       0.322       0.237               20.897               0.000               0.000         37114794.075   1.00000 
   953.770          66.876    330.976       0.322       0.237               20.983               0.000               0.000         37114798.271   1.00000 
   953.950          66.837    330.592       0.322       0.237               21.059               0.000               0.000         37114802.062   1.00000 
   954.112          66.802    330.248       0.322       0.237               21.127               0.000               0.000         37114805.485   1.00000 
   954.258          66.770    329.940       0.322       0.237               21.188               0.000               0.000         37114808.574   1.00000 
   954.276          66.766    329.902       0.322       0.237               21.202               0.000               0.000         37114808.954   1.00000 
   954.290          66.763    329.872       0.322       0.237               21.207               0.000               0.000         37114809.260   1.00000 
   954.313          66.758    329.824       0.322       0.237               21.209               0.000               0.000         37114809.746   1.00000 
   954.416          66.736    329.608       0.322       0.237               21.248               0.000               0.000         37114811.934   1.00000 
   954.880          66.633    328.642       0.322       0.237               21.422               0.000               0.000         37114821.864   1.00000 
   955.080          66.589    328.232       0.322       0.237               21.518               0.000               0.000         37114826.167   1.00000 
   955.260          66.549    327.866       0.322       0.237               21.594               0.000               0.000         37114830.054   1.00000 
   956.070          66.367    326.232       0.322       0.237               21.895               0.000               0.000         37114847.789   1.00000 
   957.070          66.137    324.276       0.322       0.237               22.290               0.000               0.000         37114870.079   1.00000 
   958.070          65.904    322.392       0.322       0.237               22.684               0.000               0.000         37114892.763   1.00000 
   959.070          65.667    320.576       0.322       0.237               23.062               0.000               0.000         37114915.825   1.00000 
   960.070          65.426    318.826       0.322       0.237               23.420               0.000               0.000         37114939.244   1.00000 
   961.070          65.181    317.137       0.322       0.237               23.754               0.000               0.000         37114962.998   1.00000 
   962.070          64.934    315.509       0.322       0.237               24.060               0.000               0.000         37114987.058   1.00000 
   963.070          64.684    313.939       0.322       0.237               24.335               0.000               0.000         37115011.393   1.00000 
   964.070          64.431    312.424       0.322       0.237               24.575               0.000               0.000         37115035.968   1.00000 
   965.070          64.177    310.962       0.322       0.237               24.778               0.000               0.000         37115060.746   1.00000 
   966.070          63.920    309.550       0.322       0.237               24.940               0.000               0.000         37115085.686   1.00000 
   967.070          63.662    308.188       0.322       0.237               25.059               0.000               0.000         37115110.745   1.00000 
   968.070          63.402    306.873       0.322       0.237               25.135               0.000               0.000         37115135.880   1.00000 
   969.070          63.141    305.604       0.322       0.237               25.165               0.000               0.000         37115161.044   1.00000 
   970.070          62.880    304.378       0.322       0.237               25.148               0.000               0.000         37115186.193   1.00000 
   971.070          62.618    303.195       0.322       0.237               25.086               0.000               0.000         37115211.278   1.00000 
   972.070          62.356    302.051       0.322       0.237               24.977               0.000               0.000         37115236.255   1.00000 
   973.070          62.094    300.948       0.322       0.237               24.823               0.000               0.000         37115261.079   1.00000 
   974.070          61.832    299.881       0.322       0.237               24.625               0.000               0.000         37115285.704   1.00000 
   975.070          61.570    298.851       0.322       0.237               24.386               0.000               0.000         37115310.090   1.00000 
   976.070          61.310    297.857       0.322       0.237               24.106               0.000               0.000         37115334.196   1.00000 
   977.070          61.050    296.896       0.322       0.237               23.789               0.000               0.000         37115357.984   1.00000 
   978.070          60.792    295.968       0.322       0.237               23.437               0.000               0.000         37115381.421   1.00000 
   979.070          60.535    295.072       0.322       0.237               23.053               0.000               0.000         37115404.474   1.00000 
   980.070          60.279    294.206       0.322       0.237               22.641               0.000               0.000         37115427.115   1.00000 
   981.070          60.025    293.370       0.322       0.237               22.204               0.000               0.000         37115449.319   1.00000 
   982.070          59.773    292.563       0.322       0.237               21.745               0.000               0.000         37115471.064   1.00000 
   983.070          59.523    291.784       0.322       0.237               21.268               0.000               0.000         37115492.332   1.00000 
   984.070          59.276    291.032       0.322       0.237               20.776               0.000               0.000         37115513.109   1.00000 
   985.070          59.030    290.306       0.322       0.237               20.273               0.000               0.000         37115533.381   1.00000 
   986.070          58.787    289.606       0.322       0.237               19.761               0.000               0.000         37115553.142   1.00000 
   987.070          58.546    288.931       0.322       0.237               19.243               0.000               0.000         37115572.386   1.00000 
   988.070          58.308    288.280       0.322       0.237               18.723               0.000               0.000         37115591.109   1.00000 
   989.070          58.072    287.652       0.322       0.237               18.202               0.000               0.000         37115609.311   1.00000 
   990.070          57.839    287.047       0.322       0.237               17.684               0.000               0.000         37115626.995   1.00000 
   991.070          57.608    286.464       0.322       0.237               17.169               0.000               0.000         37115644.164   1.00000 
   992.070          57.380    285.903       0.322       0.237               16.661               0.000               0.000         37115660.825   1.00000 
   993.070          57.155    285.362       0.322       0.237               16.160               0.000               0.000         37115676.986   1.00000 
   994.070          56.933    284.842       0.322       0.237               15.669               0.000               0.000         37115692.654   1.00000 
   995.070          56.713    284.341       0.322       0.237               15.187               0.000               0.000         37115707.841   1.00000 
   996.070          56.496    283.860       0.322       0.237               14.717               0.000               0.000         37115722.558   1.00000 
   997.070          56.281    283.397       0.322       0.237               14.259               0.000               0.000         37115736.817   1.00000 
   998.070          56.070    282.953       0.322       0.237               13.813               0.000               0.000         37115750.631   1.00000 
   999.070          55.861    282.527       0.322       0.237               13.381               0.000               0.000         37115764.012   1.00000 
  1000.070          55.655    282.118       0.322       0.237               12.962               0.000               0.000         37115776.974   1.00000 
  1001.070          55.451    281.725       0.322       0.237               12.557               0.000               0.000         37115789.530   1.00000 
  1002.070          55.250    281.350       0.322       0.237               12.165               0.000               0.000         37115801.696   1.00000 
  1003.070          55.052    280.990       0.322       0.237               11.788               0.000               0.000         37115813.483   1.00000 
  1004.070          54.856    280.647       0.322       0.237               11.423               0.000               0.000         37115824.907   1.00000 
  1005.070          54.662    280.318       0.322       0.237               11.073               0.000               0.000         37115835.979   1.00000 
  1006.070          54.471    280.005       0.322       0.237               10.735               0.000               0.000         37115846.715   1.00000 
  1007.070          54.283    279.706       0.322       0.237               10.411               0.000               0.000         37115857.126   1.00000 
  1008.070          54.096    279.422       0.322       0.237               10.099               0.000               0.000         37115867.225   1.00000 
  1009.070          53.912    279.151       0.322       0.237                9.800               0.000               0.000         37115877.025   1.00000 
  1010.070          53.731    278.894       0.322       0.237                9.513               0.000               0.000         37115886.538   1.00000 
  1011.070          53.551    278.651       0.322       0.237                9.237               0.000               0.000         37115895.775   1.00000 
  1012.070          53.374    278.420       0.322       0.237                8.972               0.000               0.000         37115904.747   1.00000 
  1013.070          53.198    278.202       0.322       0.237                8.718               0.000               0.000         37115913.465   1.00000 
  1014.070          53.025    277.997       0.322       0.237                8.475               0.000               0.000         37115921.939   1.00000 
  1015.070          52.854    277.803       0.322       0.237                8.241               0.000               0.000         37115930.180   1.00000 
  1016.070          52.685    277.621       0.322       0.237                8.017               0.000               0.000         37115938.197   1.00000 
  1017.070          52.518    277.451       0.322       0.237                7.802               0.000               0.000         37115945.999   1.00000 
  1018.070          52.352    277.293       0.322       0.237                7.595               0.000               0.000         37115953.594   1.00000 
  1019.070          52.189    277.145       0.322       0.237                7.397               0.000               0.000         37115960.991   1.00000 
  1020.070          52.027    277.008       0.322       0.237                7.207               0.000               0.000         37115968.198   1.00000 
  1021.070          51.867    276.881       0.322       0.237                7.025               0.000               0.000         37115975.223   1.00000 
  1022.070          51.709    276.765       0.322       0.237                6.850               0.000               0.000         37115982.073   1.00000 
  1023.070          51.553    276.659       0.322       0.237                6.681               0.000               0.000         37115988.754   1.00000 
  1024.070          51.398    276.562       0.322       0.237                6.520               0.000               0.000         37115995.274   1.00000 
  1025.070          51.244    276.467       0.322       0.237                6.368               0.000               0.000         37116001.642   1.00000 
  1026.070          51.093    276.373       0.322       0.237                6.220               0.000               0.000         37116007.862   1.00000 
  1027.070          50.943    276.282       0.322       0.237                6.076               0.000               0.000         37116013.938   1.00000 
  1028.070          50.794    276.191       0.322       0.237                5.937               0.000               0.000         37116019.875   1.00000 
  1029.070          50.647    276.102       0.322       0.237                5.801               0.000               0.000         37116025.675   1.00000 
  1030.070          50.501    276.014       0.322       0.237                5.669               0.000               0.000         37116031.344   1.00000 
  1031.070          50.357    275.927       0.322       0.237                5.540               0.000               0.000         37116036.884   1.00000 
  1032.070          50.214    275.842       0.322       0.237                5.416               0.000               0.000         37116042.300   1.00000 
  1033.070          50.073    275.758       0.322       0.237                5.295               0.000               0.000         37116047.596   1.00000 
  1034.070          49.933    275.676       0.322       0.237                5.179               0.000               0.000         37116052.774   1.00000 
  1035.070          49.794    275.594       0.322       0.237                5.065               0.000               0.000         37116057.839   1.00000 
  1036.070          49.657    275.514       0.322       0.237                4.955               0.000               0.000         37116062.795   1.00000 
  1037.070          49.521    275.436       0.322       0.237                4.849               0.000               0.000         37116067.644   1.00000 
  1038.070          49.387    275.358       0.322       0.237                4.746               0.000               0.000         37116072.390   1.00000 
  1039.070          49.253    275.282       0.322       0.237                4.646               0.000               0.000         37116077.036   1.00000 
  1040.070          49.121    275.206       0.322       0.237                4.549               0.000               0.000         37116081.586   1.00000 
  1041.070          48.990    275.133       0.322       0.237                4.456               0.000               0.000         37116086.041   1.00000 
  1042.070          48.860    275.060       0.322       0.237                4.365               0.000               0.000         37116090.406   1.00000 
  1043.070          48.732    274.988       0.322       0.237                4.277               0.000               0.000         37116094.683   1.00000 
  1044.070          48.604    274.918       0.322       0.237                4.191               0.000               0.000         37116098.875   1.00000 
  1045.070          48.478    274.848       0.322       0.237                4.109               0.000               0.000         37116102.983   1.00000 
  1046.070          48.353    274.780       0.322       0.237                4.029               0.000               0.000         37116107.012   1.00000 
  1047.070          48.228    274.713       0.322       0.237                3.951               0.000               0.000         37116110.963   1.00000 
  1048.070          48.105    274.647       0.322       0.237                3.875               0.000               0.000         37116114.838   1.00000 
  1049.070          47.983    274.582       0.322       0.237                3.802               0.000               0.000         37116118.640   1.00000 
  1050.070          47.862    274.518       0.322       0.237                3.731               0.000               0.000         37116122.370   1.00000 
  1051.070          47.742    274.455       0.322       0.237                3.662               0.000               0.000         37116126.032   1.00000 
  1052.070          47.623    274.393       0.322       0.237                3.595               0.000               0.000         37116129.627   1.00000 
  1053.070          47.505    274.332       0.322       0.237                3.529               0.000               0.000         37116133.156   1.00000 
  1054.070          47.388    274.272       0.322       0.237                3.466               0.000               0.000         37116136.622   1.00000 
  1055.070          47.272    274.210       0.322       0.237                3.405               0.000               0.000         37116140.028   1.00000 
  1056.070          47.157    274.142       0.322       0.237                3.347               0.000               0.000         37116143.374   1.00000 
  1057.070          47.042    274.070       0.322       0.237                3.288               0.000               0.000         37116146.663   1.00000 
  1058.070          46.929    273.993       0.322       0.237                3.231               0.000               0.000         37116149.893   1.00000 
  1059.070          46.816    273.912       0.322       0.237                3.174               0.000               0.000         37116153.068   1.00000 
  1060.070          46.705    273.826       0.322       0.237                3.119               0.000               0.000         37116156.187   1.00000 
  1061.070          46.594    273.736       0.322       0.237                3.065               0.000               0.000         37116159.252   1.00000 
  1062.070          46.484    273.642       0.322       0.237                3.011               0.000               0.000         37116162.263   1.00000 
  1063.070          46.375    273.543       0.322       0.237                2.959               0.000               0.000         37116165.222   1.00000 
  1064.070          46.267    273.441       0.322       0.237                2.908               0.000               0.000         37116168.130   1.00000 
  1065.070          46.160    273.336       0.322       0.237                2.858               0.000               0.000         37116170.988   1.00000 
  1066.070          46.053    273.227       0.322       0.237                2.809               0.000               0.000         37116173.797   1.00000 
  1067.070          45.948    273.114       0.322       0.237                2.761               0.000               0.000         37116176.558   1.00000 
  1068.070          45.843    272.999       0.322       0.237                2.715               0.000               0.000         37116179.273   1.00000 
  1069.070          45.739    272.880       0.322       0.237                2.669               0.000               0.000         37116181.942   1.00000 
  1070.070          45.635    272.758       0.322       0.237                2.624               0.000               0.000         37116184.566   1.00000 
  1071.070          45.533    272.633       0.322       0.237                2.581               0.000               0.000         37116187.147   1.00000 
  1072.070          45.431    272.505       0.322       0.237                2.538               0.000               0.000         37116189.686   1.00000 
  1073.070          45.330    272.375       0.322       0.237                2.497               0.000               0.000         37116192.183   1.00000 
  1074.070          45.230    272.242       0.322       0.237                2.456               0.000               0.000         37116194.639   1.00000 
  1075.070          45.131    272.107       0.322       0.237                2.417               0.000               0.000         37116197.055   1.00000 
  1076.070          45.032    271.969       0.322       0.237                2.378               0.000               0.000         37116199.433   1.00000 
  1077.070          44.934    271.829       0.322       0.237                2.340               0.000               0.000         37116201.774   1.00000 
  1078.070          44.837    271.687       0.322       0.237                2.303               0.000               0.000         37116204.077   1.00000 
  1079.070          44.740    271.542       0.322       0.237                2.267               0.000               0.000         37116206.344   1.00000 
  1080.070          44.644    271.396       0.322       0.237                2.232               0.000               0.000         37116208.576   1.00000 
  1081.070          44.549    271.248       0.322       0.237                2.197               0.000               0.000         37116210.773   1.00000 
  1082.070          44.454    271.098       0.322       0.237                2.164               0.000               0.000         37116212.937   1.00000 
  1083.070          44.360    270.946       0.322       0.237                2.131               0.000               0.000         37116215.067   1.00000 
  1084.070          44.267    270.792       0.322       0.237                2.098               0.000               0.000         37116217.166   1.00000 
  1085.070          44.174    270.637       0.322       0.237                2.067               0.000               0.000         37116219.232   1.00000 
  1086.070          44.082    270.480       0.322       0.237                2.036               0.000               0.000         37116221.268   1.00000 
  1087.070          43.991    270.322       0.322       0.237                2.006               0.000               0.000         37116223.274   1.00000 
  1088.070          43.900    270.162       0.322       0.237                1.976               0.000               0.000         37116225.251   1.00000 
  1089.070          43.810    270.001       0.322       0.237                1.947               0.000               0.000         37116227.198   1.00000 
  1090.070          43.720    269.839       0.322       0.237                1.919               0.000               0.000         37116229.117   1.00000 
  1091.070          43.631    269.676       0.322       0.237                1.891               0.000               0.000         37116231.009   1.00000 
  1092.070          43.543    269.511       0.322       0.237                1.864               0.000               0.000         37116232.873   1.00000 
  1093.070          43.455    269.345       0.322       0.237                1.838               0.000               0.000         37116234.711   1.00000 
  1094.070          43.368    269.179       0.322       0.237                1.812               0.000               0.000         37116236.523   1.00000 
  1095.070          43.281    269.011       0.322       0.237                1.786               0.000               0.000         37116238.309   1.00000 
  1096.070          43.195    268.842       0.322       0.237                1.761               0.000               0.000         37116240.071   1.00000 
  1097.070          43.109    268.672       0.322       0.237                1.737               0.000               0.000         37116241.808   1.00000 
  1098.070          43.024    268.502       0.322       0.237                1.713               0.000               0.000         37116243.521   1.00000 
  1099.070          42.940    268.331       0.322       0.237                1.690               0.000               0.000         37116245.211   1.00000 
  1100.070          42.856    268.159       0.322       0.237                1.667               0.000               0.000         37116246.877   1.00000 
  1101.070          42.772    267.986       0.322       0.237                1.644               0.000               0.000         37116248.521   1.00000 
  1102.070          42.689    267.812       0.322       0.237                1.622               0.000               0.000         37116250.143   1.00000 
  1103.070          42.607    267.638       0.322       0.237                1.600               0.000               0.000         37116251.744   1.00000 
  1104.070          42.525    267.464       0.322       0.237                1.579               0.000               0.000         37116253.323   1.00000 
  1105.070          42.443    267.289       0.322       0.237                1.558               0.000               0.000         37116254.881   1.00000 
  1106.070          42.362    267.113       0.322       0.237                1.538               0.000               0.000         37116256.419   1.00000 
  1107.070          42.282    266.937       0.322       0.237                1.518               0.000               0.000         37116257.936   1.00000 
  1108.070          42.202    266.760       0.322       0.237                1.498               0.000               0.000         37116259.434   1.00000 
  1109.070          42.122    266.583       0.322       0.237                1.479               0.000               0.000         37116260.913   1.00000 
  1110.070          42.043    266.406       0.322       0.237                1.460               0.000               0.000         37116262.373   1.00000 
  1111.070          41.964    266.228       0.322       0.237                1.441               0.000               0.000         37116263.814   1.00000 
  1112.070          41.886    266.050       0.322       0.237                1.423               0.000               0.000         37116265.237   1.00000 
  1113.070          41.808    265.872       0.322       0.237                1.405               0.000               0.000         37116266.642   1.00000 
  1114.070          41.731    265.693       0.322       0.237                1.387               0.000               0.000         37116268.029   1.00000 
  1115.070          41.654    265.514       0.322       0.237                1.370               0.000               0.000         37116269.399   1.00000 
  1116.070          41.578    265.335       0.322       0.237                1.353               0.000               0.000         37116270.752   1.00000 
  1117.070          41.502    265.156       0.322       0.237                1.336               0.000               0.000         37116272.088   1.00000 
  1118.070          41.426    264.977       0.322       0.237                1.320               0.000               0.000         37116273.408   1.00000 
  1119.070          41.351    264.797       0.322       0.237                1.304               0.000               0.000         37116274.712   1.00000 
  1120.070          41.277    264.618       0.322       0.237                1.288               0.000               0.000         37116276.000   1.00000 
  1121.070          41.202    264.438       0.322       0.237                1.272               0.000               0.000         37116277.272   1.00000 
  1122.070          41.128    264.258       0.322       0.237                1.257               0.000               0.000         37116278.530   1.00000 
  1123.070          41.055    264.078       0.322       0.237                1.242               0.000               0.000         37116279.772   1.00000 
  1124.070          40.982    263.899       0.322       0.237                1.227               0.000               0.000         37116280.999   1.00000 
  1125.070          40.909    263.719       0.322       0.237                1.213               0.000               0.000         37116282.212   1.00000 
  1126.070          40.837    263.539       0.322       0.237                1.199               0.000               0.000         37116283.411   1.00000 
  1127.070          40.765    263.359       0.322       0.237                1.185               0.000               0.000         37116284.596   1.00000 
  1128.070          40.694    263.180       0.322       0.237                1.171               0.000               0.000         37116285.766   1.00000 
  1129.070          40.622    263.000       0.322       0.237                1.157               0.000               0.000         37116286.924   1.00000 
  1130.070          40.552    262.821       0.322       0.237                1.144               0.000               0.000         37116288.068   1.00000 
  1131.070          40.481    262.641       0.322       0.237                1.131               0.000               0.000         37116289.199   1.00000 
  1132.070          40.411    262.462       0.322       0.237                1.118               0.000               0.000         37116290.317   1.00000 
  1133.070          40.342    262.283       0.322       0.237                1.105               0.000               0.000         37116291.422   1.00000 
  1134.070          40.272    262.104       0.322       0.237                1.093               0.000               0.000         37116292.515   1.00000 
  1135.070          40.204    261.925       0.322       0.237                1.081               0.000               0.000         37116293.595   1.00000 
  1136.070          40.135    261.746       0.322       0.237                1.068               0.000               0.000         37116294.664   1.00000 
  1137.070          40.067    261.568       0.322       0.237                1.057               0.000               0.000         37116295.720   1.00000 
  1138.070          39.999    261.389       0.322       0.237                1.045               0.000               0.000         37116296.765   1.00000 
  1139.070          39.931    261.211       0.322       0.237                1.033               0.000               0.000         37116297.798   1.00000 
  1140.070          39.864    261.034       0.322       0.237                1.022               0.000               0.000         37116298.820   1.00000 
  1141.070          39.797    260.856       0.322       0.237                1.011               0.000               0.000         37116299.831   1.00000 
  1142.070          39.731    260.678       0.322       0.237                1.000               0.000               0.000         37116300.831   1.00000 
  1143.070          39.665    260.501       0.322       0.237                0.989               0.000               0.000         37116301.820   1.00000 
  1144.070          39.599    260.324       0.322       0.237                0.978               0.000               0.000         37116302.799   1.00000 
  1145.070          39.533    260.148       0.322       0.237                0.968               0.000               0.000         37116303.766   1.00000 
  1146.070          39.468    259.972       0.322       0.237                0.958               0.000               0.000         37116304.724   1.00000 
  1147.070          39.403    259.796       0.322       0.237                0.947               0.000               0.000         37116305.671   1.00000 
  1148.070          39.339    259.620       0.322       0.237                0.937               0.000               0.000         37116306.609   1.00000 
  1149.070          39.274    259.444       0.322       0.237                0.928               0.000               0.000         37116307.536   1.00000 
  1150.070          39.210    259.269       0.322       0.237                0.918               0.000               0.000         37116308.454   1.00000 
  1151.070          39.147    259.094       0.322       0.237                0.908               0.000               0.000         37116309.362   1.00000 
  1152.070          39.083    258.920       0.322       0.237                0.899               0.000               0.000         37116310.261   1.00000 
  1153.070          39.020    258.746       0.322       0.237                0.890               0.000               0.000         37116311.151   1.00000 
  1154.070          38.958    258.572       0.322       0.237                0.880               0.000               0.000         37116312.031   1.00000 
  1155.070          38.895    258.399       0.322       0.237                0.871               0.000               0.000         37116312.902   1.00000 
  1156.070          38.833    258.225       0.322       0.237                0.862               0.000               0.000         37116313.765   1.00000 
  1157.070          38.771    258.053       0.322       0.237                0.854               0.000               0.000         37116314.619   1.00000 
  1158.070          38.710    257.880       0.322       0.237                0.845               0.000               0.000         37116315.464   1.00000 
  1159.070          38.648    257.708       0.322       0.237                0.837               0.000               0.000         37116316.300   1.00000 
  1160.070          38.587    257.537       0.322       0.237                0.828               0.000               0.000         37116317.128   1.00000 
  1161.070          38.527    257.365       0.322       0.237                0.820               0.000               0.000         37116317.948   1.00000 
  1162.070          38.466    257.195       0.322       0.237                0.812               0.000               0.000         37116318.760   1.00000 
  1163.070          38.406    257.024       0.322       0.237                0.804               0.000               0.000         37116319.564   1.00000 
  1164.070          38.346    256.854       0.322       0.237                0.796               0.000               0.000         37116320.359   1.00000 
  1165.070          38.287    256.684       0.322       0.237                0.788               0.000               0.000         37116321.147   1.00000 
  1166.070          38.227    256.515       0.322       0.237                0.780               0.000               0.000         37116321.928   1.00000 
  1167.070          38.168    256.346       0.322       0.237                0.773               0.000               0.000         37116322.700   1.00000 
  1168.070          38.109    256.178       0.322       0.237                0.765               0.000               0.000         37116323.465   1.00000 
  1169.070          38.051    256.010       0.322       0.237                0.758               0.000               0.000         37116324.223   1.00000 
  1170.070          37.993    255.842       0.322       0.237                0.750               0.000               0.000         37116324.974   1.00000 
  1171.070          37.935    255.675       0.322       0.237                0.743               0.000               0.000         37116325.717   1.00000 
  1172.070          37.877    255.508       0.322       0.237                0.736               0.000               0.000         37116326.453   1.00000 
  1173.070          37.819    255.341       0.322       0.237                0.729               0.000               0.000         37116327.182   1.00000 
  1174.070          37.762    255.175       0.322       0.237                0.722               0.000               0.000         37116327.904   1.00000 
  1175.070          37.705    255.010       0.322       0.237                0.715               0.000               0.000         37116328.620   1.00000 
  1176.070          37.648    254.845       0.322       0.237                0.709               0.000               0.000         37116329.329   1.00000 
  1177.070          37.592    254.680       0.322       0.237                0.702               0.000               0.000         37116330.031   1.00000 
  1178.070          37.535    254.516       0.322       0.237                0.696               0.000               0.000         37116330.726   1.00000 
  1179.070          37.479    254.352       0.322       0.237                0.689               0.000               0.000         37116331.415   1.00000 
  1180.070          37.423    254.189       0.322       0.237                0.683               0.000               0.000         37116332.098   1.00000 
  1181.070          37.368    254.026       0.322       0.237                0.676               0.000               0.000         37116332.775   1.00000 
  1182.070          37.313    253.863       0.322       0.237                0.670               0.000               0.000         37116333.445   1.00000 
  1183.070          37.258    253.701       0.322       0.237                0.664               0.000               0.000         37116334.109   1.00000 
  1184.070          37.203    253.539       0.322       0.237                0.658               0.000               0.000         37116334.767   1.00000 
  1185.070          37.148    253.378       0.322       0.237                0.652               0.000               0.000         37116335.419   1.00000 
  1186.070          37.094    253.217       0.322       0.237                0.646               0.000               0.000         37116336.065   1.00000 
  1187.070          37.039    253.057       0.322       0.237                0.640               0.000               0.000         37116336.706   1.00000 
  1188.070          36.985    252.897       0.322       0.237                0.635               0.000               0.000         37116337.340   1.00000 
  1189.070          36.932    252.738       0.322       0.237                0.629               0.000               0.000         37116337.969   1.00000 
  1190.070          36.878    252.579       0.322       0.237                0.623               0.000               0.000         37116338.593   1.00000 
  1191.070          36.825    252.420       0.322       0.237                0.618               0.000               0.000         37116339.211   1.00000 
  1192.070          36.772    252.262       0.322       0.237                0.612               0.000               0.000         37116339.823   1.00000 
  1193.070          36.719    252.105       0.322       0.237                0.607               0.000               0.000         37116340.430   1.00000 
  1194.070          36.666    251.947       0.322       0.237                0.602               0.000               0.000         37116341.032   1.00000 
  1195.070          36.614    251.791       0.322       0.237                0.596               0.000               0.000         37116341.628   1.00000 
  1196.070          36.562    251.634       0.322       0.237                0.591               0.000               0.000         37116342.219   1.00000 
  1197.070          36.510    251.478       0.322       0.237                0.586               0.000               0.000         37116342.805   1.00000 
  1198.070          36.458    251.323       0.322       0.237                0.581               0.000               0.000         37116343.386   1.00000 
  1199.070          36.406    251.168       0.322       0.237                0.576               0.000               0.000         37116343.962   1.00000 
  1200.070          36.355    251.014       0.322       0.237                0.571               0.000               0.000         37116344.533   1.00000 
  1201.070          36.304    250.860       0.322       0.237                0.566               0.000               0.000         37116345.099   1.00000 
  1202.070          36.253    250.706       0.322       0.237                0.561               0.000               0.000         37116345.661   1.00000 
  1203.070          36.202    250.553       0.322       0.237                0.557               0.000               0.000         37116346.217   1.00000 
  1204.070          36.151    250.400       0.322       0.237                0.552               0.000               0.000         37116346.769   1.00000 
  1205.070          36.101    250.248       0.322       0.237                0.547               0.000               0.000         37116347.317   1.00000 
  1206.070          36.051    250.096       0.322       0.237                0.543               0.000               0.000         37116347.859   1.00000 
  1207.070          36.001    249.945       0.322       0.237                0.538               0.000               0.000         37116348.397   1.00000 
  1208.070          35.951    249.794       0.322       0.237                0.534               0.000               0.000         37116348.931   1.00000 
  1209.070          35.901    249.643       0.322       0.237                0.529               0.000               0.000         37116349.460   1.00000 
  1210.070          35.852    249.493       0.322       0.237                0.525               0.000               0.000         37116349.985   1.00000 
  1211.070          35.803    249.344       0.322       0.237                0.520               0.000               0.000         37116350.505   1.00000 
  1212.070          35.754    249.195       0.322       0.237                0.516               0.000               0.000         37116351.021   1.00000 
  1213.070          35.705    249.046       0.322       0.237                0.512               0.000               0.000         37116351.533   1.00000 
  1214.070          35.656    248.898       0.322       0.237                0.508               0.000               0.000         37116352.041   1.00000 
  1215.070          35.608    248.750       0.322       0.237                0.504               0.000               0.000         37116352.544   1.00000 
  1216.070          35.559    248.602       0.322       0.237                0.499               0.000               0.000         37116353.044   1.00000 
  1217.070          35.511    248.455       0.322       0.237                0.495               0.000               0.000         37116353.539   1.00000 
  1218.070          35.463    248.309       0.322       0.237                0.491               0.000               0.000         37116354.031   1.00000 
  1219.070          35.415    248.163       0.322       0.237                0.487               0.000               0.000         37116354.518   1.00000 
  1220.070          35.368    248.017       0.322       0.237                0.484               0.000               0.000         37116355.002   1.00000 
  1221.070          35.320    247.872       0.322       0.237                0.480               0.000               0.000         37116355.481   1.00000 
  1222.070          35.273    247.727       0.322       0.237                0.476               0.000               0.000         37116355.957   1.00000 
  1223.070          35.226    247.583       0.322       0.237                0.472               0.000               0.000         37116356.429   1.00000 
  1224.070          35.179    247.439       0.322       0.237                0.468               0.000               0.000         37116356.898   1.00000 
  1225.070          35.132    247.296       0.322       0.237                0.465               0.000               0.000         37116357.363   1.00000 
  1226.070          35.086    247.153       0.322       0.237                0.461               0.000               0.000         37116357.824   1.00000 
  1227.070          35.039    247.010       0.322       0.237                0.457               0.000               0.000         37116358.281   1.00000 
  1228.070          34.993    246.868       0.322       0.237                0.454               0.000               0.000         37116358.735   1.00000 
  1229.070          34.947    246.726       0.322       0.237                0.450               0.000               0.000         37116359.185   1.00000 
  1230.070          34.901    246.585       0.322       0.237                0.447               0.000               0.000         37116359.632   1.00000 
  1231.070          34.856    246.444       0.322       0.237                0.443               0.000               0.000         37116360.075   1.00000 
  1232.070          34.810    246.303       0.322       0.237                0.440               0.000               0.000         37116360.515   1.00000 
  1233.070          34.765    246.163       0.322       0.237                0.437               0.000               0.000         37116360.952   1.00000 
  1234.070          34.719    246.024       0.322       0.237                0.433               0.000               0.000         37116361.385   1.00000 
  1235.070          34.674    245.885       0.322       0.237                0.430               0.000               0.000         37116361.815   1.00000 
  1236.070          34.629    245.746       0.322       0.237                0.427               0.000               0.000         37116362.242   1.00000 
  1237.070          34.585    245.607       0.322       0.237                0.423               0.000               0.000         37116362.665   1.00000 
  1238.070          34.540    245.469       0.322       0.237                0.420               0.000               0.000         37116363.085   1.00000 
  1239.070          34.496    245.332       0.322       0.237                0.417               0.000               0.000         37116363.502   1.00000 
  1240.070          34.451    245.195       0.322       0.237                0.414               0.000               0.000         37116363.916   1.00000 
  1241.070          34.407    245.058       0.322       0.237                0.411               0.000               0.000         37116364.327   1.00000 
  1242.070          34.363    244.922       0.322       0.237                0.408               0.000               0.000         37116364.735   1.00000 
  1243.070          34.319    244.786       0.322       0.237                0.405               0.000               0.000         37116365.139   1.00000 
  1244.070          34.276    244.650       0.322       0.237                0.402               0.000               0.000         37116365.541   1.00000 
  1245.070          34.232    244.515       0.322       0.237                0.399               0.000               0.000         37116365.940   1.00000 
  1246.070          34.189    244.381       0.322       0.237                0.396               0.000               0.000         37116366.335   1.00000 
  1247.070          34.145    244.246       0.322       0.237                0.393               0.000               0.000         37116366.728   1.00000 
  1248.070          34.102    244.113       0.322       0.237                0.390               0.000               0.000         37116367.118   1.00000 
  1249.070          34.059    243.979       0.322       0.237                0.387               0.000               0.000         37116367.505   1.00000 
  1250.070          34.017    243.846       0.322       0.237                0.384               0.000               0.000         37116367.890   1.00000 
  1251.070          33.974    243.713       0.322       0.237                0.381               0.000               0.000         37116368.271   1.00000 
  1252.070          33.931    243.581       0.322       0.237                0.379               0.000               0.000         37116368.650   1.00000 
  1253.070          33.889    243.449       0.322       0.237                0.376               0.000               0.000         37116369.026   1.00000 
  1254.070          33.847    243.318       0.322       0.237                0.373               0.000               0.000         37116369.399   1.00000 
  1255.070          33.805    243.187       0.322       0.237                0.371               0.000               0.000         37116369.769   1.00000 
  1256.070          33.763    243.056       0.322       0.237                0.368               0.000               0.000         37116370.137   1.00000 
  1257.070          33.721    242.926       0.322       0.237                0.365               0.000               0.000         37116370.503   1.00000 
  1258.070          33.679    242.796       0.322       0.237                0.363               0.000               0.000         37116370.865   1.00000 
  1259.070          33.638    242.666       0.322       0.237                0.360               0.000               0.000         37116371.225   1.00000 
  1260.070          33.596    242.537       0.322       0.237                0.358               0.000               0.000         37116371.583   1.00000 
  1261.070          33.555    242.408       0.322       0.237                0.355               0.000               0.000         37116371.938   1.00000 
  1262.070          33.514    242.280       0.322       0.237                0.353               0.000               0.000         37116372.291   1.00000 
  1263.070          33.473    242.152       0.322       0.237                0.350               0.000               0.000         37116372.641   1.00000 
  1264.070          33.432    242.024       0.322       0.237                0.348               0.000               0.000         37116372.988   1.00000 
  1265.070          33.391    241.897       0.322       0.237                0.345               0.000               0.000         37116373.333   1.00000 
  1266.070          33.351    241.770       0.322       0.237                0.343               0.000               0.000         37116373.676   1.00000 
  1267.070          33.310    241.644       0.322       0.237                0.340               0.000               0.000         37116374.017   1.00000 
  1268.070          33.270    241.518       0.322       0.237                0.338               0.000               0.000         37116374.355   1.00000 
  1269.070          33.230    241.392       0.322       0.237                0.336               0.000               0.000         37116374.690   1.00000 
  1270.070          33.190    241.266       0.322       0.237                0.333               0.000               0.000         37116375.024   1.00000 
  1271.070          33.150    241.141       0.322       0.237                0.331               0.000               0.000         37116375.355   1.00000 
  1272.070          33.110    241.017       0.322       0.237                0.329               0.000               0.000         37116375.684   1.00000 
  1273.070          33.070    240.892       0.322       0.237                0.327               0.000               0.000         37116376.010   1.00000 
  1274.070          33.031    240.769       0.322       0.237                0.324               0.000               0.000         37116376.334   1.00000 
  1275.070          32.991    240.645       0.322       0.237                0.322               0.000               0.000         37116376.657   1.00000 
  1276.070          32.952    240.522       0.322       0.237                0.320               0.000               0.000         37116376.977   1.00000 
  1277.070          32.913    240.399       0.322       0.237                0.318               0.000               0.000         37116377.294   1.00000 
  1278.070          32.874    240.277       0.322       0.237                0.316               0.000               0.000         37116377.610   1.00000 
  1279.070          32.835    240.154       0.322       0.237                0.314               0.000               0.000         37116377.924   1.00000 
  1280.070          32.796    240.033       0.322       0.237                0.311               0.000               0.000         37116378.235   1.00000 
  1281.070          32.757    239.911       0.322       0.237                0.309               0.000               0.000         37116378.544   1.00000 
  1282.070          32.719    239.790       0.322       0.237                0.307               0.000               0.000         37116378.852   1.00000 
  1283.070          32.680    239.669       0.322       0.237                0.305               0.000               0.000         37116379.157   1.00000 
  1284.070          32.642    239.549       0.322       0.237                0.303               0.000               0.000         37116379.460   1.00000 
  1285.070          32.603    239.429       0.322       0.237                0.301               0.000               0.000         37116379.761   1.00000 
  1286.070          32.565    239.309       0.322       0.237                0.299               0.000               0.000         37116380.061   1.00000 
  1287.070          32.527    239.190       0.322       0.237                0.297               0.000               0.000         37116380.358   1.00000 
  1288.070          32.489    239.071       0.322       0.237                0.295               0.000               0.000         37116380.653   1.00000 
  1289.070          32.452    238.953       0.322       0.237                0.293               0.000               0.000         37116380.947   1.00000 
  1290.070          32.414    238.834       0.322       0.237                0.291               0.000               0.000         37116381.238   1.00000 
  1291.070          32.376    238.716       0.322       0.237                0.290               0.000               0.000         37116381.528   1.00000 
  1292.070          32.339    238.599       0.322       0.237                0.288               0.000               0.000         37116381.815   1.00000 
  1293.070          32.302    238.481       0.322       0.237                0.286               0.000               0.000         37116382.101   1.00000 
  1294.070          32.264    238.365       0.322       0.237                0.284               0.000               0.000         37116382.385   1.00000 
  1295.070          32.227    238.248       0.322       0.237                0.282               0.000               0.000         37116382.667   1.00000 
  1296.070          32.190    238.132       0.322       0.237                0.280               0.000               0.000         37116382.948   1.00000 
  1297.070          32.154    238.016       0.322       0.237                0.279               0.000               0.000         37116383.226   1.00000 
  1298.070          32.117    237.902       0.322       0.237                0.277               0.000               0.000         37116383.503   1.00000 
  1299.070          32.080    237.788       0.322       0.237                0.275               0.000               0.000         37116383.778   1.00000 
  1300.070          32.044    237.675       0.322       0.237                0.273               0.000               0.000         37116384.052   1.00000 
  1301.070          32.007    237.564       0.322       0.237                0.272               0.000               0.000         37116384.323   1.00000 
  1302.070          31.971    237.453       0.322       0.237                0.270               0.000               0.000         37116384.593   1.00000 
  1303.070          31.934    237.344       0.322       0.237                0.268               0.000               0.000         37116384.862   1.00000 
  1304.070          31.898    237.235       0.322       0.237                0.267               0.000               0.000         37116385.129   1.00000 
  1305.070          31.862    237.127       0.322       0.237                0.265               0.000               0.000         37116385.394   1.00000 
  1306.070          31.826    237.021       0.322       0.237                0.264               0.000               0.000         37116385.657   1.00000 
  1307.070          31.790    236.915       0.322       0.237                0.262               0.000               0.000         37116385.919   1.00000 
  1308.070          31.755    236.810       0.322       0.237                0.261               0.000               0.000         37116386.180   1.00000 
  1309.070          31.719    236.707       0.322       0.237                0.259               0.000               0.000         37116386.439   1.00000 
  1310.070          31.683    236.604       0.322       0.237                0.257               0.000               0.000         37116386.696   1.00000 
  1311.070          31.648    236.502       0.322       0.237                0.256               0.000               0.000         37116386.952   1.00000 
  1312.070          31.613    236.401       0.322       0.237                0.254               0.000               0.000         37116387.207   1.00000 
  1313.070          31.577    236.301       0.322       0.237                0.253               0.000               0.000         37116387.460   1.00000 
  1314.070          31.542    236.201       0.322       0.237                0.251               0.000               0.000         37116387.711   1.00000 
  1315.070          31.507    236.103       0.322       0.237                0.250               0.000               0.000         37116387.961   1.00000 
  1316.070          31.472    236.005       0.322       0.237                0.249               0.000               0.000         37116388.210   1.00000 
  1317.070          31.437    235.909       0.322       0.237                0.247               0.000               0.000         37116388.457   1.00000 
  1318.070          31.402    235.813       0.322       0.237                0.246               0.000               0.000         37116388.703   1.00000 
  1319.070          31.368    235.718       0.322       0.237                0.244               0.000               0.000         37116388.947   1.00000 
  1320.070          31.333    235.624       0.322       0.237                0.243               0.000               0.000         37116389.190   1.00000 
  1321.070          31.298    235.530       0.322       0.237                0.242               0.000               0.000         37116389.431   1.00000 
  1322.070          31.264    235.437       0.322       0.237                0.240               0.000               0.000         37116389.672   1.00000 
  1323.070          31.230    235.346       0.322       0.237                0.239               0.000               0.000         37116389.910   1.00000 
  1324.070          31.195    235.254       0.322       0.237                0.237               0.000               0.000         37116390.148   1.00000 
  1325.070          31.161    235.164       0.322       0.237                0.236               0.000               0.000         37116390.384   1.00000 
  1326.070          31.127    235.074       0.322       0.237                0.235               0.000               0.000         37116390.619   1.00000 
  1327.070          31.093    234.986       0.322       0.237                0.233               0.000               0.000         37116390.852   1.00000 
  1328.070          31.059    234.897       0.322       0.237                0.232               0.000               0.000         37116391.084   1.00000 
  1329.070          31.026    234.810       0.322       0.237                0.231               0.000               0.000         37116391.315   1.00000 
  1330.070          30.992    234.723       0.322       0.237                0.230               0.000               0.000         37116391.544   1.00000 
  1331.070          30.958    234.637       0.322       0.237                0.228               0.000               0.000         37116391.773   1.00000 
  1332.070          30.925    234.552       0.322       0.237                0.227               0.000               0.000         37116392.000   1.00000 
  1333.070          30.891    234.467       0.322       0.237                0.226               0.000               0.000         37116392.225   1.00000 
  1334.070          30.858    234.383       0.322       0.237                0.224               0.000               0.000         37116392.450   1.00000 
  1335.070          30.824    234.300       0.322       0.237                0.223               0.000               0.000         37116392.673   1.00000 
  1336.070          30.791    234.217       0.322       0.237                0.222               0.000               0.000         37116392.895   1.00000 
  1337.070          30.758    234.135       0.322       0.237                0.221               0.000               0.000         37116393.116   1.00000 
  1338.070          30.725    234.054       0.322       0.237                0.220               0.000               0.000         37116393.335   1.00000 
  1339.070          30.692    233.973       0.322       0.237                0.218               0.000               0.000         37116393.554   1.00000 
  1340.070          30.659    233.893       0.322       0.237                0.217               0.000               0.000         37116393.771   1.00000 
  1341.070          30.626    233.814       0.322       0.237                0.216               0.000               0.000         37116393.987   1.00000 
  1342.070          30.594    233.735       0.322       0.237                0.215               0.000               0.000         37116394.202   1.00000 
  1343.070          30.561    233.657       0.322       0.237                0.214               0.000               0.000         37116394.415   1.00000 
  1344.070          30.529    233.579       0.322       0.237                0.213               0.000               0.000         37116394.628   1.00000 
  1345.070          30.496    233.502       0.322       0.237                0.211               0.000               0.000         37116394.839   1.00000 
  1346.070          30.464    233.426       0.322       0.237                0.210               0.000               0.000         37116395.049   1.00000 
  1347.070          30.431    233.350       0.322       0.237                0.209               0.000               0.000         37116395.259   1.00000 
  1348.070          30.399    233.274       0.322       0.237                0.208               0.000               0.000         37116395.467   1.00000 
  1349.070          30.367    233.200       0.322       0.237                0.207               0.000               0.000         37116395.673   1.00000 
  1350.070          30.335    233.126       0.322       0.237                0.206               0.000               0.000         37116395.879   1.00000 
  1351.070          30.303    233.052       0.322       0.237                0.205               0.000               0.000         37116396.084   1.00000 
  1352.070          30.271    232.979       0.322       0.237                0.204               0.000               0.000         37116396.287   1.00000 
  1353.070          30.239    232.906       0.322       0.237                0.203               0.000               0.000         37116396.490   1.00000 
  1354.070          30.208    232.834       0.322       0.237                0.201               0.000               0.000         37116396.691   1.00000 
  1355.070          30.176    232.763       0.322       0.237                0.200               0.000               0.000         37116396.892   1.00000 
  1356.070          30.144    232.692       0.322       0.237                0.199               0.000               0.000         37116397.091   1.00000 
  1357.070          30.113    232.621       0.322       0.237                0.198               0.000               0.000         37116397.289   1.00000 
  1358.070          30.081    232.551       0.322       0.237                0.197               0.000               0.000         37116397.487   1.00000 
  1359.070          30.050    232.482       0.322       0.237                0.196               0.000               0.000         37116397.683   1.00000 
  1360.070          30.019    232.413       0.322       0.237                0.195               0.000               0.000         37116397.878   1.00000 
  1361.070          29.988    232.344       0.322       0.237                0.194               0.000               0.000         37116398.072   1.00000 
  1362.070          29.956    232.276       0.322       0.237                0.193               0.000               0.000         37116398.265   1.00000 
  1363.070          29.925    232.209       0.322       0.237                0.192               0.000               0.000         37116398.458   1.00000 
  1364.070          29.894    232.142       0.322       0.237                0.191               0.000               0.000         37116398.649   1.00000 
  1365.070          29.863    232.075       0.322       0.237                0.190               0.000               0.000         37116398.839   1.00000 
  1366.070          29.833    232.009       0.322       0.237                0.189               0.000               0.000         37116399.028   1.00000 
  1367.070          29.802    231.943       0.322       0.237                0.188               0.000               0.000         37116399.216   1.00000 
  1368.070          29.771    231.878       0.322       0.237                0.187               0.000               0.000         37116399.404   1.00000 
  1369.070          29.741    231.813       0.322       0.237                0.186               0.000               0.000         37116399.590   1.00000 
  1370.070          29.710    231.749       0.322       0.237                0.185               0.000               0.000         37116399.775   1.00000 
  1371.070          29.679    231.685       0.322       0.237                0.184               0.000               0.000         37116399.960   1.00000 
  1372.070          29.649    231.621       0.322       0.237                0.184               0.000               0.000         37116400.143   1.00000 
  1373.070          29.619    231.558       0.322       0.237                0.183               0.000               0.000         37116400.326   1.00000 
  1374.070          29.588    231.495       0.322       0.237                0.182               0.000               0.000         37116400.508   1.00000 
  1375.070          29.558    231.433       0.322       0.237                0.181               0.000               0.000         37116400.689   1.00000 
  1376.070          29.528    231.371       0.322       0.237                0.180               0.000               0.000         37116400.868   1.00000 
  1377.070          29.498    231.310       0.322       0.237                0.179               0.000               0.000         37116401.047   1.00000 
  1378.070          29.468    231.249       0.322       0.237                0.178               0.000               0.000         37116401.225   1.00000 
  1379.070          29.438    231.188       0.322       0.237                0.177               0.000               0.000         37116401.403   1.00000 
  1380.070          29.408    231.128       0.322       0.237                0.176               0.000               0.000         37116401.579   1.00000 
  1381.070          29.379    231.068       0.322       0.237                0.175               0.000               0.000         37116401.754   1.00000 
  1382.070          29.349    231.009       0.322       0.237                0.175               0.000               0.000         37116401.929   1.00000 
  1383.070          29.319    230.950       0.322       0.237                0.174               0.000               0.000         37116402.103   1.00000 
  1384.070          29.290    230.891       0.322       0.237                0.173               0.000               0.000         37116402.275   1.00000 
  1385.070          29.260    230.833       0.322       0.237                0.172               0.000               0.000         37116402.447   1.00000 
  1386.070          29.231    230.775       0.322       0.237                0.171               0.000               0.000         37116402.619   1.00000 
  1387.070          29.201    230.717       0.322       0.237                0.170               0.000               0.000         37116402.789   1.00000 
  1388.070          29.172    230.660       0.322       0.237                0.169               0.000               0.000         37116402.958   1.00000 
  1389.070          29.143    230.603       0.322       0.237                0.169               0.000               0.000         37116403.127   1.00000 
  1390.070          29.114    230.546       0.322       0.237                0.168               0.000               0.000         37116403.295   1.00000 
  1391.070          29.085    230.490       0.322       0.237                0.167               0.000               0.000         37116403.462   1.00000 
  1392.070          29.055    230.434       0.322       0.237                0.166               0.000               0.000         37116403.628   1.00000 
  1393.070          29.027    230.379       0.322       0.237                0.165               0.000               0.000         37116403.793   1.00000 
  1394.070          28.998    230.324       0.322       0.237                0.165               0.000               0.000         37116403.958   1.00000 
  1395.070          28.969    230.269       0.322       0.237                0.164               0.000               0.000         37116404.122   1.00000 
  1396.070          28.940    230.214       0.322       0.237                0.163               0.000               0.000         37116404.285   1.00000 
  1397.070          28.911    230.160       0.322       0.237                0.162               0.000               0.000         37116404.447   1.00000 
  1398.070          28.883    230.106       0.322       0.237                0.161               0.000               0.000         37116404.609   1.00000 
  1399.070          28.854    230.053       0.322       0.237                0.161               0.000               0.000         37116404.769   1.00000 
  1400.070          28.825    229.999       0.322       0.237                0.160               0.000               0.000         37116404.929   1.00000 
  1401.070          28.797    229.947       0.322       0.237                0.159               0.000               0.000         37116405.088   1.00000 
  1402.070          28.769    229.894       0.322       0.237                0.158               0.000               0.000         37116405.247   1.00000 
  1403.070          28.740    229.842       0.322       0.237                0.158               0.000               0.000         37116405.404   1.00000 
  1404.070          28.712    229.790       0.322       0.237                0.157               0.000               0.000         37116405.561   1.00000 
  1405.070          28.684    229.738       0.322       0.237                0.156               0.000               0.000         37116405.718   1.00000 
  1406.070          28.656    229.687       0.322       0.237                0.155               0.000               0.000         37116405.873   1.00000 
  1407.070          28.628    229.635       0.322       0.237                0.155               0.000               0.000         37116406.028   1.00000 
  1408.070          28.599    229.585       0.322       0.237                0.154               0.000               0.000         37116406.182   1.00000 
  1409.070          28.572    229.534       0.322       0.237                0.153               0.000               0.000         37116406.335   1.00000 
  1410.070          28.544    229.484       0.322       0.237                0.153               0.000               0.000         37116406.488   1.00000 
  1411.070          28.516    229.434       0.322       0.237                0.152               0.000               0.000         37116406.639   1.00000 
  1412.070          28.488    229.384       0.322       0.237                0.151               0.000               0.000         37116406.791   1.00000 
  1413.070          28.460    229.335       0.322       0.237                0.150               0.000               0.000         37116406.941   1.00000 
  1414.070          28.433    229.286       0.322       0.237                0.150               0.000               0.000         37116407.091   1.00000 
  1415.070          28.405    229.237       0.322       0.237                0.149               0.000               0.000         37116407.240   1.00000 
  1416.070          28.377    229.188       0.322       0.237                0.148               0.000               0.000         37116407.388   1.00000 
  1417.070          28.350    229.140       0.322       0.237                0.148               0.000               0.000         37116407.536   1.00000 
  1418.070          28.322    229.092       0.322       0.237                0.147               0.000               0.000         37116407.683   1.00000 
  1419.070          28.295    229.044       0.322       0.237                0.146               0.000               0.000         37116407.829   1.00000 
  1420.070          28.268    228.996       0.322       0.237                0.146               0.000               0.000         37116407.975   1.00000 
  1421.070          28.240    228.949       0.322       0.237                0.145               0.000               0.000         37116408.120   1.00000 
  1422.070          28.213    228.902       0.322       0.237                0.144               0.000               0.000         37116408.264   1.00000 
  1423.070          28.186    228.855       0.322       0.237                0.144               0.000               0.000         37116408.408   1.00000 
  1424.070          28.159    228.809       0.322       0.237                0.143               0.000               0.000         37116408.551   1.00000 
  1425.070          28.132    228.762       0.322       0.237                0.142               0.000               0.000         37116408.693   1.00000 
  1426.070          28.105    228.716       0.322       0.237                0.142               0.000               0.000         37116408.835   1.00000 
  1427.070          28.078    228.670       0.322       0.237                0.141               0.000               0.000         37116408.976   1.00000 
  1428.070          28.051    228.625       0.322       0.237                0.140               0.000               0.000         37116409.117   1.00000 
  1429.070          28.024    228.579       0.322       0.237                0.140               0.000               0.000         37116409.257   1.00000 
  1430.070          27.998    228.534       0.322       0.237                0.139               0.000               0.000         37116409.396   1.00000 
  1431.070          27.971    228.489       0.322       0.237                0.139               0.000               0.000         37116409.534   1.00000 
  1432.070          27.944    228.445       0.322       0.237                0.138               0.000               0.000         37116409.672   1.00000 
  1433.070          27.918    228.400       0.322       0.237                0.137               0.000               0.000         37116409.810   1.00000 
  1434.070          27.891    228.356       0.322       0.237                0.137               0.000               0.000         37116409.946   1.00000 
  1435.070          27.865    228.312       0.322       0.237                0.136               0.000               0.000         37116410.083   1.00000 
  1436.070          27.838    228.268       0.322       0.237                0.136               0.000               0.000         37116410.218   1.00000 
  1437.070          27.812    228.225       0.322       0.237                0.135               0.000               0.000         37116410.353   1.00000 
  1438.070          27.786    228.181       0.322       0.237                0.134               0.000               0.000         37116410.487   1.00000 
  1439.070          27.759    228.138       0.322       0.237                0.134               0.000               0.000         37116410.621   1.00000 
  1440.070          27.733    228.095       0.322       0.237                0.133               0.000               0.000         37116410.754   1.00000 
  1441.070          27.707    228.052       0.322       0.237                0.133               0.000               0.000         37116410.887   1.00000 
  1442.070          27.681    228.010       0.322       0.237                0.132               0.000               0.000         37116411.019   1.00000 
  1443.070          27.655    227.967       0.322       0.237                0.131               0.000               0.000         37116411.150   1.00000 
  1444.070          27.629    227.925       0.322       0.237                0.131               0.000               0.000         37116411.281   1.00000 
  1445.070          27.603    227.883       0.322       0.237                0.130               0.000               0.000         37116411.411   1.00000 
  1446.070          27.577    227.842       0.322       0.237                0.130               0.000               0.000         37116411.541   1.00000 
  1447.070          27.551    227.800       0.322       0.237                0.129               0.000               0.000         37116411.670   1.00000 
  1448.070          27.525    227.759       0.322       0.237                0.129               0.000               0.000         37116411.799   1.00000 
  1449.070          27.500    227.718       0.322       0.237                0.128               0.000               0.000         37116411.927   1.00000 
  1450.070          27.474    227.677       0.322       0.237                0.127               0.000               0.000         37116412.055   1.00000 
  1451.070          27.448    227.636       0.322       0.237                0.127               0.000               0.000         37116412.181   1.00000 
  1452.070          27.423    227.595       0.322       0.237                0.126               0.000               0.000         37116412.308   1.00000 
  1453.070          27.397    227.555       0.322       0.237                0.126               0.000               0.000         37116412.434   1.00000 
  1454.070          27.372    227.515       0.322       0.237                0.125               0.000               0.000         37116412.559   1.00000 
  1455.070          27.346    227.475       0.322       0.237                0.125               0.000               0.000         37116412.684   1.00000 
  1456.070          27.321    227.435       0.322       0.237                0.124               0.000               0.000         37116412.808   1.00000 
  1457.070          27.296    227.395       0.322       0.237                0.124               0.000               0.000         37116412.932   1.00000 
  1458.070          27.270    227.356       0.322       0.237                0.123               0.000               0.000         37116413.055   1.00000 
  1459.070          27.245    227.317       0.322       0.237                0.123               0.000               0.000         37116413.178   1.00000 
  1460.070          27.220    227.277       0.322       0.237                0.122               0.000               0.000         37116413.300   1.00000 
  1461.070          27.195    227.239       0.322       0.237                0.122               0.000               0.000         37116413.422   1.00000 
  1462.070          27.170    227.200       0.322       0.237                0.121               0.000               0.000         37116413.543   1.00000 
  1463.070          27.145    227.161       0.322       0.237                0.121               0.000               0.000         37116413.663   1.00000 
  1464.070          27.120    227.123       0.322       0.237                0.120               0.000               0.000         37116413.783   1.00000 
  1465.070          27.095    227.084       0.322       0.237                0.120               0.000               0.000         37116413.903   1.00000 
  1466.070          27.070    227.046       0.322       0.237                0.119               0.000               0.000         37116414.022   1.00000 
  1467.070          27.045    227.008       0.322       0.237                0.119               0.000               0.000         37116414.141   1.00000 
  1468.070          27.020    226.971       0.322       0.237                0.118               0.000               0.000         37116414.259   1.00000 
  1469.070          26.995    226.933       0.322       0.237                0.118               0.000               0.000         37116414.376   1.00000 
  1470.070          26.971    226.895       0.322       0.237                0.117               0.000               0.000         37116414.494   1.00000 
  1471.070          26.946    226.858       0.322       0.237                0.117               0.000               0.000         37116414.610   1.00000 
  1472.070          26.921    226.821       0.322       0.237                0.116               0.000               0.000         37116414.726   1.00000 
  1473.070          26.897    226.784       0.322       0.237                0.116               0.000               0.000         37116414.842   1.00000 
  1474.070          26.872    226.747       0.322       0.237                0.115               0.000               0.000         37116414.957   1.00000 
  1475.070          26.848    226.710       0.322       0.237                0.115               0.000               0.000         37116415.072   1.00000 
  1476.070          26.823    226.674       0.322       0.237                0.114               0.000               0.000         37116415.186   1.00000 
  1477.070          26.799    226.638       0.322       0.237                0.114               0.000               0.000         37116415.300   1.00000 
  1478.070          26.775    226.601       0.322       0.237                0.113               0.000               0.000         37116415.414   1.00000 
  1479.070          26.750    226.565       0.322       0.237                0.113               0.000               0.000         37116415.526   1.00000 
  1480.070          26.726    226.529       0.322       0.237                0.112               0.000               0.000         37116415.639   1.00000 
  1481.070          26.702    226.493       0.322       0.237                0.112               0.000               0.000         37116415.751   1.00000 
  1482.070          26.678    226.458       0.322       0.237                0.112               0.000               0.000         37116415.862   1.00000 
  1483.070          26.654    226.422       0.322       0.237                0.111               0.000               0.000         37116415.973   1.00000 
  1484.070          26.630    226.387       0.322       0.237                0.111               0.000               0.000         37116416.084   1.00000 
  1485.070          26.606    226.352       0.322       0.237                0.110               0.000               0.000         37116416.194   1.00000 
  1486.070          26.582    226.317       0.322       0.237                0.110               0.000               0.000         37116416.304   1.00000 
  1487.070          26.558    226.282       0.322       0.237                0.109               0.000               0.000         37116416.413   1.00000 
  1488.070          26.534    226.247       0.322       0.237                0.109               0.000               0.000         37116416.522   1.00000 
  1489.070          26.510    226.212       0.322       0.237                0.108               0.000               0.000         37116416.630   1.00000 
  1490.070          26.486    226.177       0.322       0.237                0.108               0.000               0.000         37116416.738   1.00000 
  1491.070          26.463    226.143       0.322       0.237                0.108               0.000               0.000         37116416.846   1.00000 
  1492.070          26.439    226.109       0.322       0.237                0.107               0.000               0.000         37116416.953   1.00000 
  1493.070          26.415    226.075       0.322       0.237                0.107               0.000               0.000         37116417.060   1.00000 
  1494.070          26.392    226.041       0.322       0.237                0.106               0.000               0.000         37116417.166   1.00000 
  1495.070          26.368    226.007       0.322       0.237                0.106               0.000               0.000         37116417.272   1.00000 
  1496.070          26.345    225.973       0.322       0.237                0.105               0.000               0.000         37116417.377   1.00000 
  1497.070          26.321    225.939       0.322       0.237                0.105               0.000               0.000         37116417.482   1.00000 
  1498.070          26.298    225.906       0.322       0.237                0.105               0.000               0.000         37116417.587   1.00000 
  1499.070          26.274    225.872       0.322       0.237                0.104               0.000               0.000         37116417.691   1.00000 
  1500.070          26.251    225.839       0.322       0.237                0.104               0.000               0.000         37116417.795   1.00000 
  1501.070          26.228    225.806       0.322       0.237                0.103               0.000               0.000         37116417.898   1.00000 
  1502.070          26.204    225.773       0.322       0.237                0.103               0.000               0.000         37116418.001   1.00000 
  1503.070          26.181    225.740       0.322       0.237                0.103               0.000               0.000         37116418.103   1.00000 
  1504.070          26.158    225.707       0.322       0.237                0.102               0.000               0.000         37116418.206   1.00000 
  1505.070          26.135    225.674       0.322       0.237                0.102               0.000               0.000         37116418.307   1.00000 
  1506.070          26.112    225.642       0.322       0.237                0.101               0.000               0.000         37116418.409   1.00000 
  1507.070          26.089    225.609       0.322       0.237                0.101               0.000               0.000         37116418.510   1.00000 
  1508.070          26.066    225.577       0.322       0.237                0.101               0.000               0.000         37116418.610   1.00000 
  1509.070          26.043    225.545       0.322       0.237                0.100               0.000               0.000         37116418.710   1.00000 
  1510.070          26.020    225.513       0.322       0.237                0.100               0.000               0.000         37116418.810   1.00000 
  1511.070          25.997    225.481       0.322       0.237                0.099               0.000               0.000         37116418.909   1.00000 
  1512.070          25.974    225.449       0.322       0.237                0.099               0.000               0.000         37116419.008   1.00000 
  1513.070          25.951    225.417       0.322       0.237                0.099               0.000               0.000         37116419.107   1.00000 
  1514.070          25.928    225.386       0.322       0.237                0.098               0.000               0.000         37116419.205   1.00000 
  1515.070          25.906    225.354       0.322       0.237                0.098               0.000               0.000         37116419.303   1.00000 
  1516.070          25.883    225.323       0.322       0.237                0.097               0.000               0.000         37116419.401   1.00000 
  1517.070          25.860    225.291       0.322       0.237                0.097               0.000               0.000         37116419.498   1.00000 
  1518.070          25.838    225.260       0.322       0.237                0.097               0.000               0.000         37116419.595   1.00000 
  1519.070          25.815    225.229       0.322       0.237                0.096               0.000               0.000         37116419.691   1.00000 
  1520.070          25.793    225.198       0.322       0.237                0.096               0.000               0.000         37116419.787   1.00000 
  1521.070          25.770    225.167       0.322       0.237                0.096               0.000               0.000         37116419.883   1.00000 
  1522.070          25.748    225.136       0.322       0.237                0.095               0.000               0.000         37116419.978   1.00000 
  1523.070          25.725    225.105       0.322       0.237                0.095               0.000               0.000         37116420.073   1.00000 
  1524.070          25.703    225.075       0.322       0.237                0.095               0.000               0.000         37116420.167   1.00000 
  1525.070          25.680    225.044       0.322       0.237                0.094               0.000               0.000         37116420.262   1.00000 
  1526.070          25.658    225.014       0.322       0.237                0.094               0.000               0.000         37116420.355   1.00000 
  1527.070          25.636    224.984       0.322       0.237                0.094               0.000               0.000         37116420.449   1.00000 
  1528.070          25.614    224.954       0.322       0.237                0.093               0.000               0.000         37116420.542   1.00000 
  1529.070          25.591    224.923       0.322       0.237                0.093               0.000               0.000         37116420.635   1.00000 
  1530.070          25.569    224.893       0.322       0.237                0.092               0.000               0.000         37116420.727   1.00000 
  1531.070          25.547    224.863       0.322       0.237                0.092               0.000               0.000         37116420.820   1.00000 
  1532.070          25.525    224.834       0.322       0.237                0.092               0.000               0.000         37116420.911   1.00000 
  1533.070          25.503    224.804       0.322       0.237                0.091               0.000               0.000         37116421.003   1.00000 
  1534.070          25.481    224.774       0.322       0.237                0.091               0.000               0.000         37116421.094   1.00000 
  1535.070          25.459    224.745       0.322       0.237                0.091               0.000               0.000         37116421.185   1.00000 
  1536.070          25.437    224.715       0.322       0.237                0.090               0.000               0.000         37116421.275   1.00000 
  1537.070          25.415    224.686       0.322       0.237                0.090               0.000               0.000         37116421.365   1.00000 
  1538.070          25.394    224.657       0.322       0.237                0.090               0.000               0.000         37116421.455   1.00000 
  1539.070          25.372    224.628       0.322       0.237                0.089               0.000               0.000         37116421.544   1.00000 
  1540.070          25.350    224.599       0.322       0.237                0.089               0.000               0.000         37116421.633   1.00000 
  1541.070          25.328    224.570       0.322       0.237                0.089               0.000               0.000         37116421.722   1.00000 
  1542.070          25.307    224.541       0.322       0.237                0.088               0.000               0.000         37116421.811   1.00000 
  1543.070          25.285    224.512       0.322       0.237                0.088               0.000               0.000         37116421.899   1.00000 
  1544.070          25.263    224.483       0.322       0.237                0.088               0.000               0.000         37116421.986   1.00000 
  1545.070          25.242    224.455       0.322       0.237                0.087               0.000               0.000         37116422.074   1.00000 
  1546.070          25.220    224.426       0.322       0.237                0.087               0.000               0.000         37116422.161   1.00000 
  1547.070          25.199    224.398       0.322       0.237                0.087               0.000               0.000         37116422.248   1.00000 
  1548.070          25.177    224.369       0.322       0.237                0.087               0.000               0.000         37116422.334   1.00000 
  1549.070          25.156    224.341       0.322       0.237                0.086               0.000               0.000         37116422.421   1.00000 
  1550.070          25.134    224.313       0.322       0.237                0.086               0.000               0.000         37116422.506   1.00000 
  1551.070          25.113    224.285       0.322       0.237                0.086               0.000               0.000         37116422.592   1.00000 
  1552.070          25.092    224.257       0.322       0.237                0.085               0.000               0.000         37116422.677   1.00000 
  1553.070          25.070    224.229       0.322       0.237                0.085               0.000               0.000         37116422.762   1.00000 
  1554.070          25.049    224.201       0.322       0.237                0.085               0.000               0.000         37116422.847   1.00000 
  1555.070          25.028    224.173       0.322       0.237                0.084               0.000               0.000         37116422.931   1.00000 
  1556.070          25.007    224.145       0.322       0.237                0.084               0.000               0.000         37116423.015   1.00000 
  1557.070          24.985    224.118       0.322       0.237                0.084               0.000               0.000         37116423.099   1.00000 
  1558.070          24.964    224.090       0.322       0.237                0.083               0.000               0.000         37116423.183   1.00000 
  1559.070          24.943    224.063       0.322       0.237                0.083               0.000               0.000         37116423.266   1.00000 
  1560.070          24.922    224.035       0.322       0.237                0.083               0.000               0.000         37116423.349   1.00000 
  1561.070          24.901    224.008       0.322       0.237                0.083               0.000               0.000         37116423.431   1.00000 
  1562.070          24.880    223.981       0.322       0.237                0.082               0.000               0.000         37116423.513   1.00000 
  1563.070          24.859    223.954       0.322       0.237                0.082               0.000               0.000         37116423.595   1.00000 
  1564.070          24.838    223.926       0.322       0.237                0.082               0.000               0.000         37116423.677   1.00000 
  1565.070          24.817    223.899       0.322       0.237                0.081               0.000               0.000         37116423.758   1.00000 
  1566.070          24.797    223.873       0.322       0.237                0.081               0.000               0.000         37116423.840   1.00000 
  1567.070          24.776    223.846       0.322       0.237                0.081               0.000               0.000         37116423.920   1.00000 
  1568.070          24.755    223.819       0.322       0.237                0.081               0.000               0.000         37116424.001   1.00000 
  1569.070          24.734    223.792       0.322       0.237                0.080               0.000               0.000         37116424.081   1.00000 
  1570.070          24.714    223.766       0.322       0.237                0.080               0.000               0.000         37116424.161   1.00000 
  1571.070          24.693    223.739       0.322       0.237                0.080               0.000               0.000         37116424.241   1.00000 
  1572.070          24.672    223.712       0.322       0.237                0.079               0.000               0.000         37116424.320   1.00000 
  1573.070          24.652    223.686       0.322       0.237                0.079               0.000               0.000         37116424.399   1.00000 
  1574.070          24.631    223.660       0.322       0.237                0.079               0.000               0.000         37116424.478   1.00000 
  1575.070          24.611    223.633       0.322       0.237                0.079               0.000               0.000         37116424.557   1.00000 
  1576.070          24.590    223.607       0.322       0.237                0.078               0.000               0.000         37116424.635   1.00000 
  1577.070          24.570    223.581       0.322       0.237                0.078               0.000               0.000         37116424.713   1.00000 
  1578.070          24.549    223.555       0.322       0.237                0.078               0.000               0.000         37116424.791   1.00000 
  1579.070          24.529    223.529       0.322       0.237                0.077               0.000               0.000         37116424.868   1.00000 
  1580.070          24.508    223.503       0.322       0.237                0.077               0.000               0.000         37116424.946   1.00000 
  1581.070          24.488    223.477       0.322       0.237                0.077               0.000               0.000         37116425.023   1.00000 
  1582.070          24.468    223.451       0.322       0.237                0.077               0.000               0.000         37116425.099   1.00000 
  1583.070          24.447    223.426       0.322       0.237                0.076               0.000               0.000         37116425.176   1.00000 
  1584.070          24.427    223.400       0.322       0.237                0.076               0.000               0.000         37116425.252   1.00000 
  1585.070          24.407    223.374       0.322       0.237                0.076               0.000               0.000         37116425.328   1.00000 
  1586.070          24.387    223.349       0.322       0.237                0.076               0.000               0.000         37116425.403   1.00000 
  1587.070          24.367    223.323       0.322       0.237                0.075               0.000               0.000         37116425.479   1.00000 
  1588.070          24.346    223.298       0.322       0.237                0.075               0.000               0.000         37116425.554   1.00000 
  1589.070          24.326    223.273       0.322       0.237                0.075               0.000               0.000         37116425.629   1.00000 
  1590.070          24.306    223.248       0.322       0.237                0.075               0.000               0.000         37116425.703   1.00000 
  1591.070          24.286    223.222       0.322       0.237                0.074               0.000               0.000         37116425.778   1.00000 
  1592.070          24.266    223.197       0.322       0.237                0.074               0.000               0.000         37116425.852   1.00000 
  1593.070          24.246    223.172       0.322       0.237                0.074               0.000               0.000         37116425.926   1.00000 
  1594.070          24.226    223.147       0.322       0.237                0.074               0.000               0.000         37116425.999   1.00000 
  1595.070          24.206    223.122       0.322       0.237                0.073               0.000               0.000         37116426.073   1.00000 
  1596.070          24.187    223.097       0.322       0.237                0.073               0.000               0.000         37116426.146   1.00000 
  1597.070          24.167    223.072       0.322       0.237                0.073               0.000               0.000         37116426.219   1.00000 
  1598.070          24.147    223.048       0.322       0.237                0.073               0.000               0.000         37116426.291   1.00000 
  1599.070          24.127    223.023       0.322       0.237                0.072               0.000               0.000         37116426.364   1.00000 
  1600.070          24.107    222.998       0.322       0.237                0.072               0.000               0.000         37116426.436   1.00000 
  1601.070          24.088    222.974       0.322       0.237                0.072               0.000               0.000         37116426.508   1.00000 
  1602.070          24.068    222.949       0.322       0.237                0.072               0.000               0.000         37116426.579   1.00000 
  1603.070          24.048    222.925       0.322       0.237                0.071               0.000               0.000         37116426.651   1.00000 
  1604.070          24.029    222.900       0.322       0.237                0.071               0.000               0.000         37116426.722   1.00000 
  1605.070          24.009    222.876       0.322       0.237                0.071               0.000               0.000         37116426.793   1.00000 
  1606.070          23.989    222.852       0.322       0.237                0.071               0.000               0.000         37116426.864   1.00000 
  1607.070          23.970    222.827       0.322       0.237                0.070               0.000               0.000         37116426.934   1.00000 
  1608.070          23.950    222.803       0.322       0.237                0.070               0.000               0.000         37116427.004   1.00000 
  1609.070          23.931    222.779       0.322       0.237                0.070               0.000               0.000         37116427.074   1.00000 
  1610.070          23.911    222.755       0.322       0.237                0.070               0.000               0.000         37116427.144   1.00000 
  1611.070          23.892    222.731       0.322       0.237                0.070               0.000               0.000         37116427.214   1.00000 
  1612.070          23.873    222.707       0.322       0.237                0.069               0.000               0.000         37116427.283   1.00000 
  1613.070          23.853    222.683       0.322       0.237                0.069               0.000               0.000         37116427.352   1.00000 
  1614.070          23.834    222.659       0.322       0.237                0.069               0.000               0.000         37116427.421   1.00000 
  1615.070          23.815    222.636       0.322       0.237                0.069               0.000               0.000         37116427.489   1.00000 
  1616.070          23.795    222.612       0.322       0.237                0.068               0.000               0.000         37116427.558   1.00000 
  1617.070          23.776    222.588       0.322       0.237                0.068               0.000               0.000         37116427.626   1.00000 
  1618.070          23.757    222.565       0.322       0.237                0.068               0.000               0.000         37116427.694   1.00000 
  1619.070          23.738    222.541       0.322       0.237                0.068               0.000               0.000         37116427.762   1.00000 
  1620.070          23.719    222.518       0.322       0.237                0.068               0.000               0.000         37116427.829   1.00000 
  1621.070          23.699    222.494       0.322       0.237                0.067               0.000               0.000         37116427.896   1.00000 
  1622.070          23.680    222.471       0.322       0.237                0.067               0.000               0.000         37116427.964   1.00000 
  1623.070          23.661    222.447       0.322       0.237                0.067               0.000               0.000         37116428.030   1.00000 
  1624.070          23.642    222.424       0.322       0.237                0.067               0.000               0.000         37116428.097   1.00000 
  1625.070          23.623    222.401       0.322       0.237                0.066               0.000               0.000         37116428.163   1.00000 
  1626.070          23.604    222.378       0.322       0.237                0.066               0.000               0.000         37116428.230   1.00000 
  1627.070          23.585    222.355       0.322       0.237                0.066               0.000               0.000         37116428.296   1.00000 
  1628.070          23.566    222.331       0.322       0.237                0.066               0.000               0.000         37116428.361   1.00000 
  1629.070          23.547    222.308       0.322       0.237                0.066               0.000               0.000         37116428.427   1.00000 
  1630.070          23.528    222.285       0.322       0.237                0.065               0.000               0.000         37116428.492   1.00000 
  1631.070          23.510    222.263       0.322       0.237                0.065               0.000               0.000         37116428.557   1.00000 
  1632.070          23.491    222.240       0.322       0.237                0.065               0.000               0.000         37116428.622   1.00000 
  1633.070          23.472    222.217       0.322       0.237                0.065               0.000               0.000         37116428.687   1.00000 
  1634.070          23.453    222.194       0.322       0.237                0.065               0.000               0.000         37116428.752   1.00000 
  1635.070          23.435    222.171       0.322       0.237                0.064               0.000               0.000         37116428.816   1.00000 
  1636.070          23.416    222.149       0.322       0.237                0.064               0.000               0.000         37116428.880   1.00000 
  1637.070          23.397    222.126       0.322       0.237                0.064               0.000               0.000         37116428.944   1.00000 
  1638.070          23.378    222.103       0.322       0.237                0.064               0.000               0.000         37116429.008   1.00000 
  1639.070          23.360    222.081       0.322       0.237                0.063               0.000               0.000         37116429.071   1.00000 
  1640.070          23.341    222.058       0.322       0.237                0.063               0.000               0.000         37116429.134   1.00000 
  1641.070          23.323    222.036       0.322       0.237                0.063               0.000               0.000         37116429.198   1.00000 
  1642.070          23.304    222.014       0.322       0.237                0.063               0.000               0.000         37116429.260   1.00000 
  1643.070          23.286    221.991       0.322       0.237                0.063               0.000               0.000         37116429.323   1.00000 
  1644.070          23.267    221.969       0.322       0.237                0.062               0.000               0.000         37116429.386   1.00000 
  1645.070          23.249    221.947       0.322       0.237                0.062               0.000               0.000         37116429.448   1.00000 
  1646.070          23.230    221.924       0.322       0.237                0.062               0.000               0.000         37116429.510   1.00000 
  1647.070          23.212    221.902       0.322       0.237                0.062               0.000               0.000         37116429.572   1.00000 
  1648.070          23.193    221.880       0.322       0.237                0.062               0.000               0.000         37116429.634   1.00000 
  1649.070          23.175    221.858       0.322       0.237                0.062               0.000               0.000         37116429.695   1.00000 
  1650.070          23.157    221.836       0.322       0.237                0.061               0.000               0.000         37116429.757   1.00000 
  1651.070          23.138    221.814       0.322       0.237                0.061               0.000               0.000         37116429.818   1.00000 
  1652.070          23.120    221.792       0.322       0.237                0.061               0.000               0.000         37116429.879   1.00000 
  1653.070          23.102    221.770       0.322       0.237                0.061               0.000               0.000         37116429.939   1.00000 
  1654.070          23.084    221.748       0.322       0.237                0.061               0.000               0.000         37116430.000   1.00000 
  1655.070          23.065    221.727       0.322       0.237                0.060               0.000               0.000         37116430.060   1.00000 
  1656.070          23.047    221.705       0.322       0.237                0.060               0.000               0.000         37116430.120   1.00000 
  1657.070          23.029    221.683       0.322       0.237                0.060               0.000               0.000         37116430.180   1.00000 
  1658.070          23.011    221.661       0.322       0.237                0.060               0.000               0.000         37116430.240   1.00000 
  1659.070          22.993    221.640       0.322       0.237                0.060               0.000               0.000         37116430.300   1.00000 
  1660.070          22.975    221.618       0.322       0.237                0.059               0.000               0.000         37116430.359   1.00000 
  1661.070          22.957    221.597       0.322       0.237                0.059               0.000               0.000         37116430.419   1.00000 
  1662.070          22.939    221.575       0.322       0.237                0.059               0.000               0.000         37116430.478   1.00000 
  1663.070          22.921    221.554       0.322       0.237                0.059               0.000               0.000         37116430.537   1.00000 
  1664.070          22.903    221.532       0.322       0.237                0.059               0.000               0.000         37116430.595   1.00000 
  1665.070          22.885    221.511       0.322       0.237                0.059               0.000               0.000         37116430.654   1.00000 
  1666.070          22.867    221.490       0.322       0.237                0.058               0.000               0.000         37116430.712   1.00000 
  1667.070          22.849    221.468       0.322       0.237                0.058               0.000               0.000         37116430.770   1.00000 
  1668.070          22.831    221.447       0.322       0.237                0.058               0.000               0.000         37116430.828   1.00000 
  1669.070          22.813    221.426       0.322       0.237                0.058               0.000               0.000         37116430.886   1.00000 
  1670.070          22.795    221.405       0.322       0.237                0.058               0.000               0.000         37116430.944   1.00000 
  1671.070          22.777    221.384       0.322       0.237                0.057               0.000               0.000         37116431.001   1.00000 
  1672.070          22.760    221.363       0.322       0.237                0.057               0.000               0.000         37116431.059   1.00000 
  1673.070          22.742    221.342       0.322       0.237                0.057               0.000               0.000         37116431.116   1.00000 
  1674.070          22.724    221.321       0.322       0.237                0.057               0.000               0.000         37116431.173   1.00000 
  1675.070          22.706    221.300       0.322       0.237                0.057               0.000               0.000         37116431.230   1.00000 
  1676.070          22.689    221.279       0.322       0.237                0.057               0.000               0.000         37116431.286   1.00000 
  1677.070          22.671    221.258       0.322       0.237                0.056               0.000               0.000         37116431.343   1.00000 
  1678.070          22.653    221.237       0.322       0.237                0.056               0.000               0.000         37116431.399   1.00000 
  1679.070          22.636    221.216       0.322       0.237                0.056               0.000               0.000         37116431.455   1.00000 
  1680.070          22.618    221.195       0.322       0.237                0.056               0.000               0.000         37116431.511   1.00000 
  1681.070          22.601    221.175       0.322       0.237                0.056               0.000               0.000         37116431.567   1.00000 
  1682.070          22.583    221.154       0.322       0.237                0.056               0.000               0.000         37116431.622   1.00000 
  1683.070          22.566    221.133       0.322       0.237                0.055               0.000               0.000         37116431.678   1.00000 
  1684.070          22.548    221.113       0.322       0.237                0.055               0.000               0.000         37116431.733   1.00000 
  1685.070          22.531    221.092       0.322       0.237                0.055               0.000               0.000         37116431.788   1.00000 
  1686.070          22.513    221.072       0.322       0.237                0.055               0.000               0.000         37116431.843   1.00000 
  1687.070          22.496    221.051       0.322       0.237                0.055               0.000               0.000         37116431.898   1.00000 
  1688.070          22.478    221.031       0.322       0.237                0.055               0.000               0.000         37116431.952   1.00000 
  1689.070          22.461    221.010       0.322       0.237                0.054               0.000               0.000         37116432.007   1.00000 
  1690.070          22.444    220.990       0.322       0.237                0.054               0.000               0.000         37116432.061   1.00000 
  1691.070          22.426    220.970       0.322       0.237                0.054               0.000               0.000         37116432.115   1.00000 
  1692.070          22.409    220.949       0.322       0.237                0.054               0.000               0.000         37116432.169   1.00000 
  1693.070          22.392    220.929       0.322       0.237                0.054               0.000               0.000         37116432.223   1.00000 
  1694.070          22.375    220.909       0.322       0.237                0.054               0.000               0.000         37116432.277   1.00000 
  1695.070          22.357    220.889       0.322       0.237                0.053               0.000               0.000         37116432.330   1.00000 
  1696.070          22.340    220.869       0.322       0.237                0.053               0.000               0.000         37116432.383   1.00000 
  1697.070          22.323    220.848       0.322       0.237                0.053               0.000               0.000         37116432.437   1.00000 
  1698.070          22.306    220.828       0.322       0.237                0.053               0.000               0.000         37116432.490   1.00000 
  1699.070          22.289    220.808       0.322       0.237                0.053               0.000               0.000         37116432.542   1.00000 
  1700.070          22.272    220.788       0.322       0.237                0.053               0.000               0.000         37116432.595   1.00000 
  1701.070          22.254    220.768       0.322       0.237                0.053               0.000               0.000         37116432.648   1.00000 
  1702.070          22.237    220.748       0.322       0.237                0.052               0.000               0.000         37116432.700   1.00000 
  1703.070          22.220    220.729       0.322       0.237                0.052               0.000               0.000         37116432.752   1.00000 
  1704.070          22.203    220.709       0.322       0.237                0.052               0.000               0.000         37116432.804   1.00000 
  1705.070          22.186    220.689       0.322       0.237                0.052               0.000               0.000         37116432.856   1.00000 
  1706.070          22.169    220.669       0.322       0.237                0.052               0.000               0.000         37116432.908   1.00000 
  1707.070          22.152    220.649       0.322       0.237                0.052               0.000               0.000         37116432.960   1.00000 
  1708.070          22.135    220.630       0.322       0.237                0.051               0.000               0.000         37116433.011   1.00000 
  1709.070          22.118    220.610       0.322       0.237                0.051               0.000               0.000         37116433.063   1.00000 
  1710.070          22.102    220.590       0.322       0.237                0.051               0.000               0.000         37116433.114   1.00000 
  1711.070          22.085    220.571       0.322       0.237                0.051               0.000               0.000         37116433.165   1.00000 
  1712.070          22.068    220.551       0.322       0.237                0.051               0.000               0.000         37116433.216   1.00000 
  1713.070          22.051    220.531       0.322       0.237                0.051               0.000               0.000         37116433.266   1.00000 
  1714.070          22.034    220.512       0.322       0.237                0.051               0.000               0.000         37116433.317   1.00000 
  1715.070          22.017    220.492       0.322       0.237                0.050               0.000               0.000         37116433.368   1.00000 
  1716.070          22.001    220.473       0.322       0.237                0.050               0.000               0.000         37116433.418   1.00000 
  1717.070          21.984    220.454       0.322       0.237                0.050               0.000               0.000         37116433.468   1.00000 
  1718.070          21.967    220.434       0.322       0.237                0.050               0.000               0.000         37116433.518   1.00000 
  1719.070          21.951    220.415       0.322       0.237                0.050               0.000               0.000         37116433.568   1.00000 
  1720.070          21.934    220.395       0.322       0.237                0.050               0.000               0.000         37116433.618   1.00000 
  1721.070          21.917    220.376       0.322       0.237                0.050               0.000               0.000         37116433.667   1.00000 
  1722.070          21.901    220.357       0.322       0.237                0.049               0.000               0.000         37116433.717   1.00000 
  1723.070          21.884    220.338       0.322       0.237                0.049               0.000               0.000         37116433.766   1.00000 
  1724.070          21.867    220.319       0.322       0.237                0.049               0.000               0.000         37116433.815   1.00000 
  1725.070          21.851    220.299       0.322       0.237                0.049               0.000               0.000         37116433.864   1.00000 
  1726.070          21.834    220.280       0.322       0.237                0.049               0.000               0.000         37116433.913   1.00000 
  1727.070          21.818    220.261       0.322       0.237                0.049               0.000               0.000         37116433.962   1.00000 
  1728.070          21.801    220.242       0.322       0.237                0.049               0.000               0.000         37116434.010   1.00000 
  1729.070          21.785    220.223       0.322       0.237                0.048               0.000               0.000         37116434.059   1.00000 
  1730.070          21.768    220.204       0.322       0.237                0.048               0.000               0.000         37116434.107   1.00000 
  1731.070          21.752    220.185       0.322       0.237                0.048               0.000               0.000         37116434.155   1.00000 
  1732.070          21.735    220.166       0.322       0.237                0.048               0.000               0.000         37116434.203   1.00000 
  1733.070          21.719    220.147       0.322       0.237                0.048               0.000               0.000         37116434.251   1.00000 
  1734.070          21.703    220.128       0.322       0.237                0.048               0.000               0.000         37116434.299   1.00000 
  1735.070          21.686    220.110       0.322       0.237                0.048               0.000               0.000         37116434.347   1.00000 
  1736.070          21.670    220.091       0.322       0.237                0.048               0.000               0.000         37116434.394   1.00000 
  1737.070          21.654    220.072       0.322       0.237                0.047               0.000               0.000         37116434.442   1.00000 
  1738.070          21.637    220.053       0.322       0.237                0.047               0.000               0.000         37116434.489   1.00000 
  1739.070          21.621    220.034       0.322       0.237                0.047               0.000               0.000         37116434.536   1.00000 
  1740.070          21.605    220.016       0.322       0.237                0.047               0.000               0.000         37116434.583   1.00000 
  1741.070          21.589    219.997       0.322       0.237                0.047               0.000               0.000         37116434.630   1.00000 
  1742.070          21.572    219.978       0.322       0.237                0.047               0.000               0.000         37116434.677   1.00000 
  1743.070          21.556    219.960       0.322       0.237                0.047               0.000               0.000         37116434.723   1.00000 
  1744.070          21.540    219.941       0.322       0.237                0.046               0.000               0.000         37116434.770   1.00000 
  1745.070          21.524    219.923       0.322       0.237                0.046               0.000               0.000         37116434.816   1.00000 
  1746.070          21.508    219.904       0.322       0.237                0.046               0.000               0.000         37116434.862   1.00000 
  1747.070          21.492    219.886       0.322       0.237                0.046               0.000               0.000         37116434.908   1.00000 
  1748.070          21.475    219.867       0.322       0.237                0.046               0.000               0.000         37116434.954   1.00000 
  1749.070          21.459    219.849       0.322       0.237                0.046               0.000               0.000         37116435.000   1.00000 
  1750.070          21.443    219.830       0.322       0.237                0.046               0.000               0.000         37116435.046   1.00000 
  1751.070          21.427    219.812       0.322       0.237                0.046               0.000               0.000         37116435.092   1.00000 
  1752.070          21.411    219.794       0.322       0.237                0.045               0.000               0.000         37116435.137   1.00000 
  1753.070          21.395    219.775       0.322       0.237                0.045               0.000               0.000         37116435.182   1.00000 
  1754.070          21.379    219.757       0.322       0.237                0.045               0.000               0.000         37116435.227   1.00000 
  1755.070          21.363    219.739       0.322       0.237                0.045               0.000               0.000         37116435.273   1.00000 
  1756.070          21.347    219.721       0.322       0.237                0.045               0.000               0.000         37116435.318   1.00000 
  1757.070          21.332    219.703       0.322       0.237                0.045               0.000               0.000         37116435.362   1.00000 
  1758.070          21.316    219.684       0.322       0.237                0.045               0.000               0.000         37116435.407   1.00000 
  1759.070          21.300    219.666       0.322       0.237                0.045               0.000               0.000         37116435.452   1.00000 
  1760.070          21.284    219.648       0.322       0.237                0.044               0.000               0.000         37116435.496   1.00000 
  1761.070          21.268    219.630       0.322       0.237                0.044               0.000               0.000         37116435.540   1.00000 
  1762.070          21.252    219.612       0.322       0.237                0.044               0.000               0.000         37116435.585   1.00000 
  1763.070          21.236    219.594       0.322       0.237                0.044               0.000               0.000         37116435.629   1.00000 
  1764.070          21.221    219.576       0.322       0.237                0.044               0.000               0.000         37116435.673   1.00000 
  1765.070          21.205    219.558       0.322       0.237                0.044               0.000               0.000         37116435.717   1.00000 
  1766.070          21.189    219.540       0.322       0.237                0.044               0.000               0.000         37116435.760   1.00000 
  1767.070          21.173    219.522       0.322       0.237                0.044               0.000               0.000         37116435.804   1.00000 
  1768.070          21.158    219.504       0.322       0.237                0.044               0.000               0.000         37116435.848   1.00000 
  1769.070          21.142    219.486       0.322       0.237                0.043               0.000               0.000         37116435.891   1.00000 
  1770.070          21.126    219.468       0.322       0.237                0.043               0.000               0.000         37116435.934   1.00000 
  1771.070          21.111    219.451       0.322       0.237                0.043               0.000               0.000         37116435.977   1.00000 
  1772.070          21.095    219.433       0.322       0.237                0.043               0.000               0.000         37116436.020   1.00000 
  1773.070          21.079    219.415       0.322       0.237                0.043               0.000               0.000         37116436.063   1.00000 
  1774.070          21.064    219.397       0.322       0.237                0.043               0.000               0.000         37116436.106   1.00000 
  1775.070          21.048    219.380       0.322       0.237                0.043               0.000               0.000         37116436.149   1.00000 
  1776.070          21.033    219.362       0.322       0.237                0.043               0.000               0.000         37116436.191   1.00000 
  1777.070          21.017    219.344       0.322       0.237                0.042               0.000               0.000         37116436.234   1.00000 
  1778.070          21.002    219.327       0.322       0.237                0.042               0.000               0.000         37116436.276   1.00000 
  1779.070          20.986    219.309       0.322       0.237                0.042               0.000               0.000         37116436.318   1.00000 
  1780.070          20.971    219.292       0.322       0.237                0.042               0.000               0.000         37116436.361   1.00000 
  1781.070          20.955    219.274       0.322       0.237                0.042               0.000               0.000         37116436.403   1.00000 
  1782.070          20.940    219.257       0.322       0.237                0.042               0.000               0.000         37116436.445   1.00000 
  1783.070          20.924    219.239       0.322       0.237                0.042               0.000               0.000         37116436.486   1.00000 
  1784.070          20.909    219.222       0.322       0.237                0.042               0.000               0.000         37116436.528   1.00000 
  1785.070          20.894    219.204       0.322       0.237                0.042               0.000               0.000         37116436.570   1.00000 
  1786.070          20.878    219.187       0.322       0.237                0.041               0.000               0.000         37116436.611   1.00000 
  1787.070          20.863    219.169       0.322       0.237                0.041               0.000               0.000         37116436.652   1.00000 
  1788.070          20.848    219.152       0.322       0.237                0.041               0.000               0.000         37116436.694   1.00000 
  1789.070          20.832    219.135       0.322       0.237                0.041               0.000               0.000         37116436.735   1.00000 
  1790.070          20.817    219.117       0.322       0.237                0.041               0.000               0.000         37116436.776   1.00000 
  1791.070          20.802    219.100       0.322       0.237                0.041               0.000               0.000         37116436.817   1.00000 
  1792.070          20.786    219.083       0.322       0.237                0.041               0.000               0.000         37116436.858   1.00000 
  1793.070          20.771    219.065       0.322       0.237                0.041               0.000               0.000         37116436.898   1.00000 
  1794.070          20.756    219.048       0.322       0.237                0.041               0.000               0.000         37116436.939   1.00000 
  1795.070          20.741    219.031       0.322       0.237                0.040               0.000               0.000         37116436.979   1.00000 
  1796.070          20.725    219.014       0.322       0.237                0.040               0.000               0.000         37116437.020   1.00000 
  1797.070          20.710    218.997       0.322       0.237                0.040               0.000               0.000         37116437.060   1.00000 
  1798.070          20.695    218.980       0.322       0.237                0.040               0.000               0.000         37116437.100   1.00000 
  1799.070          20.680    218.963       0.322       0.237                0.040               0.000               0.000         37116437.140   1.00000 
  1800.070          20.665    218.945       0.322       0.237                0.040               0.000               0.000         37116437.180   1.00000 
  1801.070          20.650    218.928       0.322       0.237                0.040               0.000               0.000         37116437.220   1.00000 
  1802.070          20.635    218.911       0.322       0.237                0.040               0.000               0.000         37116437.260   1.00000 
  1803.070          20.620    218.894       0.322       0.237                0.040               0.000               0.000         37116437.299   1.00000 
  1804.070          20.605    218.877       0.322       0.237                0.040               0.000               0.000         37116437.339   1.00000 
  1805.070          20.590    218.860       0.322       0.237                0.039               0.000               0.000         37116437.378   1.00000 
  1806.070          20.575    218.844       0.322       0.237                0.039               0.000               0.000         37116437.418   1.00000 
  1807.070          20.560    218.827       0.322       0.237                0.039               0.000               0.000         37116437.457   1.00000 
  1808.070          20.545    218.810       0.322       0.237                0.039               0.000               0.000         37116437.496   1.00000 
  1809.070          20.530    218.793       0.322       0.237                0.039               0.000               0.000         37116437.535   1.00000 
  1810.070          20.515    218.776       0.322       0.237                0.039               0.000               0.000         37116437.574   1.00000 
  1811.070          20.500    218.759       0.322       0.237                0.039               0.000               0.000         37116437.613   1.00000 
  1812.070          20.485    218.742       0.322       0.237                0.039               0.000               0.000         37116437.652   1.00000 
  1813.070          20.470    218.726       0.322       0.237                0.039               0.000               0.000         37116437.690   1.00000 
  1814.070          20.455    218.709       0.322       0.237                0.039               0.000               0.000         37116437.729   1.00000 
  1815.070          20.440    218.692       0.322       0.237                0.038               0.000               0.000         37116437.767   1.00000 
  1816.070          20.425    218.676       0.322       0.237                0.038               0.000               0.000         37116437.806   1.00000 
  1817.070          20.410    218.659       0.322       0.237                0.038               0.000               0.000         37116437.844   1.00000 
  1818.070          20.396    218.642       0.322       0.237                0.038               0.000               0.000         37116437.882   1.00000 
  1819.070          20.381    218.626       0.322       0.237                0.038               0.000               0.000         37116437.920   1.00000 
  1820.070          20.366    218.609       0.322       0.237                0.038               0.000               0.000         37116437.958   1.00000 
  1821.070          20.351    218.592       0.322       0.237                0.038               0.000               0.000         37116437.996   1.00000 
  1822.070          20.337    218.576       0.322       0.237                0.038               0.000               0.000         37116438.034   1.00000 
  1823.070          20.322    218.559       0.322       0.237                0.038               0.000               0.000         37116438.071   1.00000 
  1824.070          20.307    218.543       0.322       0.237                0.038               0.000               0.000         37116438.109   1.00000 
  1825.070          20.292    218.526       0.322       0.237                0.037               0.000               0.000         37116438.146   1.00000 
  1826.070          20.278    218.510       0.322       0.237                0.037               0.000               0.000         37116438.184   1.00000 
  1827.070          20.263    218.493       0.322       0.237                0.037               0.000               0.000         37116438.221   1.00000 
  1828.070          20.248    218.477       0.322       0.237                0.037               0.000               0.000         37116438.258   1.00000 
  1829.070          20.234    218.461       0.322       0.237                0.037               0.000               0.000         37116438.295   1.00000 
  1830.070          20.219    218.444       0.322       0.237                0.037               0.000               0.000         37116438.332   1.00000 
  1831.070          20.205    218.428       0.322       0.237                0.037               0.000               0.000         37116438.369   1.00000 
  1832.070          20.190    218.411       0.322       0.237                0.037               0.000               0.000         37116438.406   1.00000 
  1833.070          20.175    218.395       0.322       0.237                0.037               0.000               0.000         37116438.443   1.00000 
  1834.070          20.161    218.379       0.322       0.237                0.037               0.000               0.000         37116438.479   1.00000 
  1835.070          20.146    218.363       0.322       0.237                0.037               0.000               0.000         37116438.516   1.00000 
  1836.070          20.132    218.346       0.322       0.237                0.036               0.000               0.000         37116438.552   1.00000 
  1837.070          20.117    218.330       0.322       0.237                0.036               0.000               0.000         37116438.589   1.00000 
  1838.070          20.103    218.314       0.322       0.237                0.036               0.000               0.000         37116438.625   1.00000 
  1839.070          20.088    218.298       0.322       0.237                0.036               0.000               0.000         37116438.661   1.00000 
  1840.070          20.074    218.282       0.322       0.237                0.036               0.000               0.000         37116438.697   1.00000 
  1841.070          20.059    218.266       0.322       0.237                0.036               0.000               0.000         37116438.733   1.00000 
  1842.070          20.045    218.250       0.322       0.237                0.036               0.000               0.000         37116438.769   1.00000 
  1843.070          20.031    218.234       0.322       0.237                0.036               0.000               0.000         37116438.805   1.00000 
  1844.070          20.016    218.219       0.322       0.237                0.036               0.000               0.000         37116438.840   1.00000 
  1845.070          20.002    218.203       0.322       0.237                0.036               0.000               0.000         37116438.876   1.00000 
  1846.070          19.987    218.188       0.322       0.237                0.036               0.000               0.000         37116438.912   1.00000 
  1847.070          19.973    218.173       0.322       0.237                0.035               0.000               0.000         37116438.947   1.00000 
  1848.070          19.959    218.158       0.322       0.237                0.035               0.000               0.000         37116438.982   1.00000 
  1849.070          19.944    218.143       0.322       0.237                0.035               0.000               0.000         37116439.018   1.00000 
  1850.070          19.930    218.128       0.322       0.237                0.035               0.000               0.000         37116439.053   1.00000 
  1851.070          19.916    218.114       0.322       0.237                0.035               0.000               0.000         37116439.088   1.00000 
  1852.070          19.902    218.099       0.322       0.237                0.035               0.000               0.000         37116439.123   1.00000 
  1853.070          19.887    218.085       0.322       0.237                0.035               0.000               0.000         37116439.158   1.00000 
  1854.070          19.873    218.071       0.322       0.237                0.035               0.000               0.000         37116439.193   1.00000 
  1855.070          19.859    218.057       0.322       0.237                0.035               0.000               0.000         37116439.228   1.00000 
  1856.070          19.845    218.043       0.322       0.237                0.035               0.000               0.000         37116439.262   1.00000 
  1857.070          19.830    218.029       0.322       0.237                0.035               0.000               0.000         37116439.297   1.00000 
  1858.070          19.816    218.015       0.322       0.237                0.035               0.000               0.000         37116439.332   1.00000 
  1859.070          19.802    218.002       0.322       0.237                0.034               0.000               0.000         37116439.366   1.00000 
  1860.070          19.788    217.989       0.322       0.237                0.034               0.000               0.000         37116439.400   1.00000 
  1861.070          19.774    217.976       0.322       0.237                0.034               0.000               0.000         37116439.435   1.00000 
  1862.070          19.760    217.962       0.322       0.237                0.034               0.000               0.000         37116439.469   1.00000 
  1863.070          19.745    217.950       0.322       0.237                0.034               0.000               0.000         37116439.503   1.00000 
  1864.070          19.731    217.937       0.322       0.237                0.034               0.000               0.000         37116439.537   1.00000 
  1865.070          19.717    217.924       0.322       0.237                0.034               0.000               0.000         37116439.571   1.00000 
  1866.070          19.703    217.912       0.322       0.237                0.034               0.000               0.000         37116439.605   1.00000 
  1867.070          19.689    217.899       0.322       0.237                0.034               0.000               0.000         37116439.639   1.00000 
  1868.070          19.675    217.887       0.322       0.237                0.034               0.000               0.000         37116439.672   1.00000 
  1869.070          19.661    217.875       0.322       0.237                0.034               0.000               0.000         37116439.706   1.00000 
  1870.070          19.647    217.863       0.322       0.237                0.034               0.000               0.000         37116439.740   1.00000 
  1871.070          19.633    217.851       0.322       0.237                0.033               0.000               0.000         37116439.773   1.00000 
  1872.070          19.619    217.839       0.322       0.237                0.033               0.000               0.000         37116439.807   1.00000 
  1873.070          19.605    217.827       0.322       0.237                0.033               0.000               0.000         37116439.840   1.00000 
  1874.070          19.591    217.816       0.322       0.237                0.033               0.000               0.000         37116439.873   1.00000 
  1875.070          19.577    217.804       0.322       0.237                0.033               0.000               0.000         37116439.906   1.00000 
  1876.070          19.563    217.793       0.322       0.237                0.033               0.000               0.000         37116439.939   1.00000 
  1877.070          19.549    217.782       0.322       0.237                0.033               0.000               0.000         37116439.972   1.00000 
  1878.070          19.535    217.770       0.322       0.237                0.033               0.000               0.000         37116440.005   1.00000 
  1879.070          19.522    217.759       0.322       0.237                0.033               0.000               0.000         37116440.038   1.00000 
  1880.070          19.508    217.749       0.322       0.237                0.033               0.000               0.000         37116440.071   1.00000 
  1881.070          19.494    217.738       0.322       0.237                0.033               0.000               0.000         37116440.104   1.00000 
  1882.070          19.480    217.727       0.322       0.237                0.033               0.000               0.000         37116440.136   1.00000 
  1883.070          19.466    217.717       0.322       0.237                0.033               0.000               0.000         37116440.169   1.00000 
  1884.070          19.452    217.706       0.322       0.237                0.032               0.000               0.000         37116440.201   1.00000 
  1885.070          19.439    217.696       0.322       0.237                0.032               0.000               0.000         37116440.234   1.00000 
  1886.070          19.425    217.685       0.322       0.237                0.032               0.000               0.000         37116440.266   1.00000 
  1887.070          19.411    217.675       0.322       0.237                0.032               0.000               0.000         37116440.298   1.00000 
  1888.070          19.397    217.665       0.322       0.237                0.032               0.000               0.000         37116440.331   1.00000 
  1889.070          19.383    217.655       0.322       0.237                0.032               0.000               0.000         37116440.363   1.00000 
  1890.070          19.370    217.645       0.322       0.237                0.032               0.000               0.000         37116440.395   1.00000 
  1891.070          19.356    217.636       0.322       0.237                0.032               0.000               0.000         37116440.427   1.00000 
  1892.070          19.342    217.626       0.322       0.237                0.032               0.000               0.000         37116440.459   1.00000 
  1893.070          19.329    217.616       0.322       0.237                0.032               0.000               0.000         37116440.490   1.00000 
  1894.070          19.315    217.607       0.322       0.237                0.032               0.000               0.000         37116440.522   1.00000 
  1895.070          19.301    217.598       0.322       0.237                0.032               0.000               0.000         37116440.554   1.00000 
  1896.070          19.288    217.588       0.322       0.237                0.032               0.000               0.000         37116440.585   1.00000 
  1897.070          19.274    217.579       0.322       0.237                0.032               0.000               0.000         37116440.617   1.00000 
  1898.070          19.260    217.570       0.322       0.237                0.031               0.000               0.000         37116440.648   1.00000 
  1899.070          19.247    217.561       0.322       0.237                0.031               0.000               0.000         37116440.680   1.00000 
  1900.070          19.233    217.552       0.322       0.237                0.031               0.000               0.000         37116440.711   1.00000 
  1901.070          19.220    217.543       0.322       0.237                0.031               0.000               0.000         37116440.742   1.00000 
  1902.070          19.206    217.534       0.322       0.237                0.031               0.000               0.000         37116440.774   1.00000 
  1903.070          19.192    217.526       0.322       0.237                0.031               0.000               0.000         37116440.805   1.00000 
  1904.070          19.179    217.517       0.322       0.237                0.031               0.000               0.000         37116440.836   1.00000 
  1905.070          19.165    217.509       0.322       0.237                0.031               0.000               0.000         37116440.867   1.00000 
  1906.070          19.152    217.500       0.322       0.237                0.031               0.000               0.000         37116440.897   1.00000 
  1907.070          19.138    217.492       0.322       0.237                0.031               0.000               0.000         37116440.928   1.00000 
  1908.070          19.125    217.484       0.322       0.237                0.031               0.000               0.000         37116440.959   1.00000 
  1909.070          19.111    217.476       0.322       0.237                0.031               0.000               0.000         37116440.990   1.00000 
  1910.070          19.098    217.468       0.322       0.237                0.031               0.000               0.000         37116441.020   1.00000 
  1911.070          19.084    217.460       0.322       0.237                0.031               0.000               0.000         37116441.051   1.00000 
  1912.070          19.071    217.452       0.322       0.237                0.030               0.000               0.000         37116441.081   1.00000 
  1913.070          19.058    217.444       0.322       0.237                0.030               0.000               0.000         37116441.112   1.00000 
  1914.070          19.044    217.436       0.322       0.237                0.030               0.000               0.000         37116441.142   1.00000 
  1915.070          19.031    217.428       0.322       0.237                0.030               0.000               0.000         37116441.172   1.00000 
  1916.070          19.017    217.421       0.322       0.237                0.030               0.000               0.000         37116441.202   1.00000 
  1917.070          19.004    217.413       0.322       0.237                0.030               0.000               0.000         37116441.233   1.00000 
  1918.070          18.991    217.406       0.322       0.237                0.030               0.000               0.000         37116441.263   1.00000 
  1919.070          18.977    217.398       0.322       0.237                0.030               0.000               0.000         37116441.293   1.00000 
  1920.070          18.964    217.391       0.322       0.237                0.030               0.000               0.000         37116441.323   1.00000 
  1921.070          18.951    217.384       0.322       0.237                0.030               0.000               0.000         37116441.352   1.00000 
  1922.070          18.937    217.377       0.322       0.237                0.030               0.000               0.000         37116441.382   1.00000 
  1923.070          18.924    217.370       0.322       0.237                0.030               0.000               0.000         37116441.412   1.00000 
  1924.070          18.911    217.363       0.322       0.237                0.030               0.000               0.000         37116441.442   1.00000 
  1925.070          18.897    217.356       0.322       0.237                0.030               0.000               0.000         37116441.471   1.00000 
  1926.070          18.884    217.349       0.322       0.237                0.030               0.000               0.000         37116441.501   1.00000 
  1927.070          18.871    217.342       0.322       0.237                0.029               0.000               0.000         37116441.530   1.00000 
  1928.070          18.858    217.335       0.322       0.237                0.029               0.000               0.000         37116441.560   1.00000 
  1929.070          18.844    217.329       0.322       0.237                0.029               0.000               0.000         37116441.589   1.00000 
  1930.070          18.831    217.322       0.322       0.237                0.029               0.000               0.000         37116441.618   1.00000 
  1931.070          18.818    217.315       0.322       0.237                0.029               0.000               0.000         37116441.647   1.00000 
  1932.070          18.805    217.309       0.322       0.237                0.029               0.000               0.000         37116441.676   1.00000 
  1933.070          18.792    217.303       0.322       0.237                0.029               0.000               0.000         37116441.706   1.00000 
  1934.070          18.778    217.296       0.322       0.237                0.029               0.000               0.000         37116441.735   1.00000 
  1935.070          18.765    217.290       0.322       0.237                0.029               0.000               0.000         37116441.763   1.00000 
  1936.070          18.752    217.284       0.322       0.237                0.029               0.000               0.000         37116441.792   1.00000 
  1937.070          18.739    217.278       0.322       0.237                0.029               0.000               0.000         37116441.821   1.00000 
  1938.070          18.726    217.271       0.322       0.237                0.029               0.000               0.000         37116441.850   1.00000 
  1939.070          18.713    217.265       0.322       0.237                0.029               0.000               0.000         37116441.879   1.00000 
  1940.070          18.700    217.259       0.322       0.237                0.029               0.000               0.000         37116441.907   1.00000 
  1941.070          18.687    217.253       0.322       0.237                0.029               0.000               0.000         37116441.936   1.00000 
  1942.070          18.674    217.248       0.322       0.237                0.028               0.000               0.000         37116441.964   1.00000 
  1943.070          18.660    217.242       0.322       0.237                0.028               0.000               0.000         37116441.993   1.00000 
  1944.070          18.647    217.236       0.322       0.237                0.028               0.000               0.000         37116442.021   1.00000 
  1945.070          18.634    217.230       0.322       0.237                0.028               0.000               0.000         37116442.049   1.00000 
  1946.070          18.621    217.225       0.322       0.237                0.028               0.000               0.000         37116442.078   1.00000 
  1947.070          18.608    217.219       0.322       0.237                0.028               0.000               0.000         37116442.106   1.00000 
  1948.070          18.595    217.214       0.322       0.237                0.028               0.000               0.000         37116442.134   1.00000 
  1949.070          18.582    217.208       0.322       0.237                0.028               0.000               0.000         37116442.162   1.00000 
  1950.070          18.569    217.203       0.322       0.237                0.028               0.000               0.000         37116442.190   1.00000 
  1951.070          18.556    217.197       0.322       0.237                0.028               0.000               0.000         37116442.218   1.00000 
  1952.070          18.543    217.192       0.322       0.237                0.028               0.000               0.000         37116442.246   1.00000 
  1953.070          18.531    217.187       0.322       0.237                0.028               0.000               0.000         37116442.274   1.00000 
  1954.070          18.518    217.182       0.322       0.237                0.028               0.000               0.000         37116442.301   1.00000 
  1955.070          18.505    217.176       0.322       0.237                0.028               0.000               0.000         37116442.329   1.00000 
  1956.070          18.492    217.171       0.322       0.237                0.028               0.000               0.000         37116442.357   1.00000 
  1957.070          18.479    217.166       0.322       0.237                0.028               0.000               0.000         37116442.384   1.00000 
  1958.070          18.466    217.161       0.322       0.237                0.028               0.000               0.000         37116442.412   1.00000 
  1959.070          18.453    217.156       0.322       0.237                0.027               0.000               0.000         37116442.439   1.00000 
  1960.070          18.440    217.151       0.322       0.237                0.027               0.000               0.000         37116442.467   1.00000 
  1961.070          18.427    217.146       0.322       0.237                0.027               0.000               0.000         37116442.494   1.00000 
  1962.070          18.415    217.142       0.322       0.237                0.027               0.000               0.000         37116442.521   1.00000 
  1963.070          18.402    217.137       0.322       0.237                0.027               0.000               0.000         37116442.548   1.00000 
  1964.070          18.389    217.132       0.322       0.237                0.027               0.000               0.000         37116442.576   1.00000 
  1965.070          18.376    217.128       0.322       0.237                0.027               0.000               0.000         37116442.603   1.00000 
  1966.070          18.363    217.123       0.322       0.237                0.027               0.000               0.000         37116442.630   1.00000 
  1967.070          18.351    217.118       0.322       0.237                0.027               0.000               0.000         37116442.657   1.00000 
  1968.070          18.338    217.114       0.322       0.237                0.027               0.000               0.000         37116442.684   1.00000 
  1969.070          18.325    217.109       0.322       0.237                0.027               0.000               0.000         37116442.711   1.00000 
  1970.070          18.312    217.105       0.322       0.237                0.027               0.000               0.000         37116442.737   1.00000 
  1971.070          18.300    217.100       0.322       0.237                0.027               0.000               0.000         37116442.764   1.00000 
  1972.070          18.287    217.096       0.322       0.237                0.027               0.000               0.000         37116442.791   1.00000 
  1973.070          18.274    217.092       0.322       0.237                0.027               0.000               0.000         37116442.817   1.00000 
  1974.070          18.262    217.088       0.322       0.237                0.027               0.000               0.000         37116442.844   1.00000 
  1975.070          18.249    217.083       0.322       0.237                0.027               0.000               0.000         37116442.871   1.00000 
  1976.070          18.236    217.079       0.322       0.237                0.026               0.000               0.000         37116442.897   1.00000 
  1977.070          18.224    217.075       0.322       0.237                0.026               0.000               0.000         37116442.923   1.00000 
  1978.070          18.211    217.071       0.322       0.237                0.026               0.000               0.000         37116442.950   1.00000 
  1979.070          18.198    217.067       0.322       0.237                0.026               0.000               0.000         37116442.976   1.00000 
  1980.070          18.186    217.063       0.322       0.237                0.026               0.000               0.000         37116443.002   1.00000 
  1981.070          18.173    217.059       0.322       0.237                0.026               0.000               0.000         37116443.028   1.00000 
  1982.070          18.160    217.055       0.322       0.237                0.026               0.000               0.000         37116443.055   1.00000 
  1983.070          18.148    217.051       0.322       0.237                0.026               0.000               0.000         37116443.081   1.00000 
  1984.070          18.135    217.047       0.322       0.237                0.026               0.000               0.000         37116443.107   1.00000 
  1985.070          18.123    217.043       0.322       0.237                0.026               0.000               0.000         37116443.133   1.00000 
  1986.070          18.110    217.039       0.322       0.237                0.026               0.000               0.000         37116443.159   1.00000 
  1987.070          18.098    217.036       0.322       0.237                0.026               0.000               0.000         37116443.184   1.00000 
  1988.070          18.085    217.032       0.322       0.237                0.026               0.000               0.000         37116443.210   1.00000 
  1989.070          18.072    217.028       0.322       0.237                0.026               0.000               0.000         37116443.236   1.00000 
  1990.070          18.060    217.025       0.322       0.237                0.026               0.000               0.000         37116443.262   1.00000 
  1991.070          18.047    217.021       0.322       0.237                0.026               0.000               0.000         37116443.287   1.00000 
  1992.070          18.035    217.017       0.322       0.237                0.026               0.000               0.000         37116443.313   1.00000 
  1993.070          18.022    217.014       0.322       0.237                0.026               0.000               0.000         37116443.338   1.00000 
  1994.070          18.010    217.010       0.322       0.237                0.025               0.000               0.000         37116443.364   1.00000 
  1995.070          17.997    217.007       0.322       0.237                0.025               0.000               0.000         37116443.389   1.00000 
  1996.070          17.985    217.004       0.322       0.237                0.025               0.000               0.000         37116443.415   1.00000 
  1997.070          17.973    217.000       0.322       0.237                0.025               0.000               0.000         37116443.440   1.00000 
  1998.070          17.960    216.997       0.322       0.237                0.025               0.000               0.000         37116443.465   1.00000 
  1999.070          17.948    216.993       0.322       0.237                0.025               0.000               0.000         37116443.491   1.00000 
  2000.070          17.935    216.990       0.322       0.237                0.025               0.000               0.000         37116443.516   1.00000 
  2001.070          17.923    216.987       0.322       0.237                0.025               0.000               0.000         37116443.541   1.00000 
  2002.070          17.911    216.984       0.322       0.237                0.025               0.000               0.000         37116443.566   1.00000 
  2003.070          17.898    216.980       0.322       0.237                0.025               0.000               0.000         37116443.591   1.00000 
  2004.070          17.886    216.977       0.322       0.237                0.025               0.000               0.000         37116443.616   1.00000 
  2005.070          17.873    216.974       0.322       0.237                0.025               0.000               0.000         37116443.641   1.00000 
  2006.070          17.861    216.971       0.322       0.237                0.025               0.000               0.000         37116443.666   1.00000 
  2007.070          17.849    216.968       0.322       0.237                0.025               0.000               0.000         37116443.690   1.00000 
  2008.070          17.836    216.965       0.322       0.237                0.025               0.000               0.000         37116443.715   1.00000 
  2009.070          17.824    216.962       0.322       0.237                0.025               0.000               0.000         37116443.740   1.00000 
  2010.070          17.812    216.959       0.322       0.237                0.025               0.000               0.000         37116443.765   1.00000 
  2011.070          17.800    216.956       0.322       0.237                0.025               0.000               0.000         37116443.789   1.00000 
  2012.070          17.787    216.953       0.322       0.237                0.025               0.000               0.000         37116443.814   1.00000 
  2013.070          17.775    216.950       0.322       0.237                0.024               0.000               0.000         37116443.838   1.00000 
  2014.070          17.763    216.947       0.322       0.237                0.024               0.000               0.000         37116443.863   1.00000 
  2015.070          17.750    216.944       0.322       0.237                0.024               0.000               0.000         37116443.887   1.00000 
  2016.070          17.738    216.941       0.322       0.237                0.024               0.000               0.000         37116443.911   1.00000 
  2017.070          17.726    216.939       0.322       0.237                0.024               0.000               0.000         37116443.936   1.00000 
  2018.070          17.714    216.936       0.322       0.237                0.024               0.000               0.000         37116443.960   1.00000 
  2019.070          17.702    216.933       0.322       0.237                0.024               0.000               0.000         37116443.984   1.00000 
  2020.070          17.689    216.930       0.322       0.237                0.024               0.000               0.000         37116444.008   1.00000 
  2021.070          17.677    216.928       0.322       0.237                0.024               0.000               0.000         37116444.032   1.00000 
  2022.070          17.665    216.925       0.322       0.237                0.024               0.000               0.000         37116444.056   1.00000 
  2023.070          17.653    216.923       0.322       0.237                0.024               0.000               0.000         37116444.080   1.00000 
  2024.070          17.641    216.920       0.322       0.237                0.024               0.000               0.000         37116444.104   1.00000 
  2025.070          17.629    216.917       0.322       0.237                0.024               0.000               0.000         37116444.128   1.00000 
  2026.070          17.616    216.915       0.322       0.237                0.024               0.000               0.000         37116444.152   1.00000 
  2027.070          17.604    216.912       0.322       0.237                0.024               0.000               0.000         37116444.176   1.00000 
  2028.070          17.592    216.910       0.322       0.237                0.024               0.000               0.000         37116444.200   1.00000 
  2029.070          17.580    216.907       0.322       0.237                0.024               0.000               0.000         37116444.223   1.00000 
  2030.070          17.568    216.905       0.322       0.237                0.024               0.000               0.000         37116444.247   1.00000 
  2031.070          17.556    216.902       0.322       0.237                0.024               0.000               0.000         37116444.271   1.00000 
  2032.070          17.544    216.900       0.322       0.237                0.024               0.000               0.000         37116444.294   1.00000 
  2033.070          17.532    216.898       0.322       0.237                0.024               0.000               0.000         37116444.318   1.00000 
  2034.070          17.520    216.895       0.322       0.237                0.023               0.000               0.000         37116444.341   1.00000 
  2035.070          17.508    216.893       0.322       0.237                0.023               0.000               0.000         37116444.364   1.00000 
  2036.070          17.496    216.891       0.322       0.237                0.023               0.000               0.000         37116444.388   1.00000 
  2037.070          17.484    216.888       0.322       0.237                0.023               0.000               0.000         37116444.411   1.00000 
  2038.070          17.471    216.886       0.322       0.237                0.023               0.000               0.000         37116444.434   1.00000 
  2039.070          17.459    216.884       0.322       0.237                0.023               0.000               0.000         37116444.458   1.00000 
  2040.070          17.447    216.882       0.322       0.237                0.023               0.000               0.000         37116444.481   1.00000 
  2041.070          17.435    216.879       0.322       0.237                0.023               0.000               0.000         37116444.504   1.00000 
  2042.070          17.424    216.877       0.322       0.237                0.023               0.000               0.000         37116444.527   1.00000 
  2043.070          17.412    216.875       0.322       0.237                0.023               0.000               0.000         37116444.550   1.00000 
  2044.070          17.400    216.873       0.322       0.237                0.023               0.000               0.000         37116444.573   1.00000 
  2045.070          17.388    216.871       0.322       0.237                0.023               0.000               0.000         37116444.596   1.00000 
  2046.070          17.376    216.869       0.322       0.237                0.023               0.000               0.000         37116444.619   1.00000 
  2047.070          17.364    216.867       0.322       0.237                0.023               0.000               0.000         37116444.642   1.00000 
  2048.070          17.352    216.865       0.322       0.237                0.023               0.000               0.000         37116444.665   1.00000 
  2049.070          17.340    216.862       0.322       0.237                0.023               0.000               0.000         37116444.687   1.00000 
  2050.070          17.328    216.860       0.322       0.237                0.023               0.000               0.000         37116444.710   1.00000 
  2051.070          17.316    216.858       0.322       0.237                0.023               0.000               0.000         37116444.733   1.00000 
  2052.070          17.304    216.857       0.322       0.237                0.023               0.000               0.000         37116444.755   1.00000 
  2053.070          17.292    216.855       0.322       0.237                0.023               0.000               0.000         37116444.778   1.00000 
  2054.070          17.281    216.853       0.322       0.237                0.023               0.000               0.000         37116444.800   1.00000 
  2055.070          17.269    216.851       0.322       0.237                0.022               0.000               0.000         37116444.823   1.00000 
  2056.070          17.257    216.849       0.322       0.237                0.022               0.000               0.000         37116444.845   1.00000 
  2057.070          17.245    216.847       0.322       0.237                0.022               0.000               0.000         37116444.868   1.00000 
  2058.070          17.233    216.845       0.322       0.237                0.022               0.000               0.000         37116444.890   1.00000 
  2059.070          17.221    216.843       0.322       0.237                0.022               0.000               0.000         37116444.912   1.00000 
  2060.070          17.210    216.841       0.322       0.237                0.022               0.000               0.000         37116444.935   1.00000 
  2061.070          17.198    216.840       0.322       0.237                0.022               0.000               0.000         37116444.957   1.00000 
  2062.070          17.186    216.838       0.322       0.237                0.022               0.000               0.000         37116444.979   1.00000 
  2063.070          17.174    216.836       0.322       0.237                0.022               0.000               0.000         37116445.001   1.00000 
  2064.070          17.162    216.834       0.322       0.237                0.022               0.000               0.000         37116445.023   1.00000 
  2065.070          17.151    216.833       0.322       0.237                0.022               0.000               0.000         37116445.045   1.00000 
  2066.070          17.139    216.831       0.322       0.237                0.022               0.000               0.000         37116445.067   1.00000 
  2067.070          17.127    216.829       0.322       0.237                0.022               0.000               0.000         37116445.089   1.00000 
  2068.070          17.115    216.827       0.322       0.237                0.022               0.000               0.000         37116445.111   1.00000 
  2069.070          17.104    216.826       0.322       0.237                0.022               0.000               0.000         37116445.133   1.00000 
  2070.070          17.092    216.824       0.322       0.237                0.022               0.000               0.000         37116445.155   1.00000 
  2071.070          17.080    216.822       0.322       0.237                0.022               0.000               0.000         37116445.177   1.00000 
  2072.070          17.069    216.821       0.322       0.237                0.022               0.000               0.000         37116445.199   1.00000 
  2073.070          17.057    216.819       0.322       0.237                0.022               0.000               0.000         37116445.220   1.00000 
  2074.070          17.045    216.818       0.322       0.237                0.022               0.000               0.000         37116445.242   1.00000 
  2075.070          17.034    216.816       0.322       0.237                0.022               0.000               0.000         37116445.264   1.00000 
  2076.070          17.022    216.814       0.322       0.237                0.022               0.000               0.000         37116445.285   1.00000 
  2077.070          17.010    216.813       0.322       0.237                0.022               0.000               0.000         37116445.307   1.00000 
  2078.070          16.999    216.811       0.322       0.237                0.021               0.000               0.000         37116445.328   1.00000 
  2079.070          16.987    216.810       0.322       0.237                0.021               0.000               0.000         37116445.350   1.00000 
  2080.070          16.975    216.808       0.322       0.237                0.021               0.000               0.000         37116445.371   1.00000 
  2081.070          16.964    216.807       0.322       0.237                0.021               0.000               0.000         37116445.392   1.00000 
  2082.070          16.952    216.805       0.322       0.237                0.021               0.000               0.000         37116445.414   1.00000 
  2083.070          16.941    216.804       0.322       0.237                0.021               0.000               0.000         37116445.435   1.00000 
  2084.070          16.929    216.803       0.322       0.237                0.021               0.000               0.000         37116445.456   1.00000 
  2085.070          16.917    216.801       0.322       0.237                0.021               0.000               0.000         37116445.477   1.00000 
  2086.070          16.906    216.800       0.322       0.237                0.021               0.000               0.000         37116445.499   1.00000 
  2087.070          16.894    216.798       0.322       0.237                0.021               0.000               0.000         37116445.520   1.00000 
  2088.070          16.883    216.797       0.322       0.237                0.021               0.000               0.000         37116445.541   1.00000 
  2089.070          16.871    216.796       0.322       0.237                0.021               0.000               0.000         37116445.562   1.00000 
  2090.070          16.860    216.794       0.322       0.237                0.021               0.000               0.000         37116445.583   1.00000 
  2091.070          16.848    216.793       0.322       0.237                0.021               0.000               0.000         37116445.604   1.00000 
  2092.070          16.837    216.791       0.322       0.237                0.021               0.000               0.000         37116445.625   1.00000 
  2093.070          16.825    216.790       0.322       0.237                0.021               0.000               0.000         37116445.646   1.00000 
  2094.070          16.814    216.789       0.322       0.237                0.021               0.000               0.000         37116445.666   1.00000 
  2095.070          16.802    216.788       0.322       0.237                0.021               0.000               0.000         37116445.687   1.00000 
  2096.070          16.791    216.786       0.322       0.237                0.021               0.000               0.000         37116445.708   1.00000 
  2097.070          16.779    216.785       0.322       0.237                0.021               0.000               0.000         37116445.729   1.00000 
  2098.070          16.768    216.784       0.322       0.237                0.021               0.000               0.000         37116445.749   1.00000 
  2099.070          16.756    216.782       0.322       0.237                0.021               0.000               0.000         37116445.770   1.00000 
  2100.070          16.745    216.781       0.322       0.237                0.021               0.000               0.000         37116445.791   1.00000 
  2101.070          16.734    216.780       0.322       0.237                0.021               0.000               0.000         37116445.811   1.00000 
  2102.070          16.722    216.779       0.322       0.237                0.021               0.000               0.000         37116445.832   1.00000 
  2103.070          16.711    216.778       0.322       0.237                0.020               0.000               0.000         37116445.852   1.00000 
  2104.070          16.699    216.776       0.322       0.237                0.020               0.000               0.000         37116445.873   1.00000 
  2105.070          16.688    216.775       0.322       0.237                0.020               0.000               0.000         37116445.893   1.00000 
  2106.070          16.677    216.774       0.322       0.237                0.020               0.000               0.000         37116445.913   1.00000 
  2107.070          16.665    216.773       0.322       0.237                0.020               0.000               0.000         37116445.934   1.00000 
  2108.070          16.654    216.772       0.322       0.237                0.020               0.000               0.000         37116445.954   1.00000 
  2109.070          16.642    216.771       0.322       0.237                0.020               0.000               0.000         37116445.974   1.00000 
  2110.070          16.631    216.770       0.322       0.237                0.020               0.000               0.000         37116445.994   1.00000 
  2111.070          16.620    216.768       0.322       0.237                0.020               0.000               0.000         37116446.014   1.00000 
  2112.070          16.608    216.767       0.322       0.237                0.020               0.000               0.000         37116446.035   1.00000 
  2113.070          16.597    216.766       0.322       0.237                0.020               0.000               0.000         37116446.055   1.00000 
  2114.070          16.586    216.765       0.322       0.237                0.020               0.000               0.000         37116446.075   1.00000 
  2115.070          16.574    216.764       0.322       0.237                0.020               0.000               0.000         37116446.095   1.00000 
  2116.070          16.563    216.763       0.322       0.237                0.020               0.000               0.000         37116446.115   1.00000 
  2117.070          16.552    216.762       0.322       0.237                0.020               0.000               0.000         37116446.135   1.00000 
  2118.070          16.541    216.761       0.322       0.237                0.020               0.000               0.000         37116446.155   1.00000 
  2119.070          16.529    216.760       0.322       0.237                0.020               0.000               0.000         37116446.174   1.00000 
  2120.070          16.518    216.759       0.322       0.237                0.020               0.000               0.000         37116446.194   1.00000 
  2121.070          16.507    216.758       0.322       0.237                0.020               0.000               0.000         37116446.214   1.00000 
  2122.070          16.496    216.757       0.322       0.237                0.020               0.000               0.000         37116446.234   1.00000 
  2123.070          16.484    216.756       0.322       0.237                0.020               0.000               0.000         37116446.253   1.00000 
  2124.070          16.473    216.755       0.322       0.237                0.020               0.000               0.000         37116446.273   1.00000 
  2125.070          16.462    216.754       0.322       0.237                0.020               0.000               0.000         37116446.293   1.00000 
  2126.070          16.451    216.753       0.322       0.237                0.020               0.000               0.000         37116446.312   1.00000 
  2127.070          16.439    216.752       0.322       0.237                0.020               0.000               0.000         37116446.332   1.00000 
  2128.070          16.428    216.751       0.322       0.237                0.020               0.000               0.000         37116446.351   1.00000 
  2129.070          16.417    216.750       0.322       0.237                0.019               0.000               0.000         37116446.371   1.00000 
  2130.070          16.406    216.749       0.322       0.237                0.019               0.000               0.000         37116446.390   1.00000 
  2131.070          16.395    216.748       0.322       0.237                0.019               0.000               0.000         37116446.410   1.00000 
  2132.070          16.384    216.748       0.322       0.237                0.019               0.000               0.000         37116446.429   1.00000 
  2133.070          16.372    216.747       0.322       0.237                0.019               0.000               0.000         37116446.449   1.00000 
  2134.070          16.361    216.746       0.322       0.237                0.019               0.000               0.000         37116446.468   1.00000 
  2135.070          16.350    216.745       0.322       0.237                0.019               0.000               0.000         37116446.487   1.00000 
  2136.070          16.339    216.744       0.322       0.237                0.019               0.000               0.000         37116446.506   1.00000 
  2137.070          16.328    216.743       0.322       0.237                0.019               0.000               0.000         37116446.526   1.00000 
  2138.070          16.317    216.742       0.322       0.237                0.019               0.000               0.000         37116446.545   1.00000 
  2139.070          16.306    216.741       0.322       0.237                0.019               0.000               0.000         37116446.564   1.00000 
  2140.070          16.295    216.741       0.322       0.237                0.019               0.000               0.000         37116446.583   1.00000 
  2141.070          16.283    216.740       0.322       0.237                0.019               0.000               0.000         37116446.602   1.00000 
  2142.070          16.272    216.739       0.322       0.237                0.019               0.000               0.000         37116446.621   1.00000 
  2143.070          16.261    216.738       0.322       0.237                0.019               0.000               0.000         37116446.640   1.00000 
  2144.070          16.250    216.737       0.322       0.237                0.019               0.000               0.000         37116446.659   1.00000 
  2145.070          16.239    216.737       0.322       0.237                0.019               0.000               0.000         37116446.678   1.00000 
  2146.070          16.228    216.736       0.322       0.237                0.019               0.000               0.000         37116446.697   1.00000 
  2147.070          16.217    216.735       0.322       0.237                0.019               0.000               0.000         37116446.716   1.00000 
  2148.070          16.206    216.734       0.322       0.237                0.019               0.000               0.000         37116446.734   1.00000 
  2149.070          16.195    216.733       0.322       0.237                0.019               0.000               0.000         37116446.753   1.00000 
  2150.070          16.184    216.733       0.322       0.237                0.019               0.000               0.000         37116446.772   1.00000 
  2151.070          16.173    216.732       0.322       0.237                0.019               0.000               0.000         37116446.791   1.00000 
  2152.070          16.162    216.731       0.322       0.237                0.019               0.000               0.000         37116446.809   1.00000 
  2153.070          16.151    216.730       0.322       0.237                0.019               0.000               0.000         37116446.828   1.00000 
  2154.070          16.140    216.730       0.322       0.237                0.019               0.000               0.000         37116446.846   1.00000 
  2155.070          16.129    216.729       0.322       0.237                0.019               0.000               0.000         37116446.865   1.00000 
  2156.070          16.118    216.728       0.322       0.237                0.019               0.000               0.000         37116446.884   1.00000 
  2157.070          16.107    216.728       0.322       0.237                0.018               0.000               0.000         37116446.902   1.00000 
  2158.070          16.096    216.727       0.322       0.237                0.018               0.000               0.000         37116446.921   1.00000 
  2159.070          16.085    216.726       0.322       0.237                0.018               0.000               0.000         37116446.939   1.00000 
  2160.070          16.074    216.726       0.322       0.237                0.018               0.000               0.000         37116446.957   1.00000 
  2161.070          16.063    216.725       0.322       0.237                0.018               0.000               0.000         37116446.976   1.00000 
  2162.070          16.053    216.724       0.322       0.237                0.018               0.000               0.000         37116446.994   1.00000 
  2163.070          16.042    216.724       0.322       0.237                0.018               0.000               0.000         37116447.012   1.00000 
  2164.070          16.031    216.723       0.322       0.237                0.018               0.000               0.000         37116447.031   1.00000 
  2165.070          16.020    216.722       0.322       0.237                0.018               0.000               0.000         37116447.049   1.00000 
  2166.070          16.009    216.722       0.322       0.237                0.018               0.000               0.000         37116447.067   1.00000 
  2167.070          15.998    216.721       0.322       0.237                0.018               0.000               0.000         37116447.085   1.00000 
  2168.070          15.987    216.720       0.322       0.237                0.018               0.000               0.000         37116447.103   1.00000 
  2169.070          15.976    216.720       0.322       0.237                0.018               0.000               0.000         37116447.121   1.00000 
  2170.070          15.965    216.719       0.322       0.237                0.018               0.000               0.000         37116447.139   1.00000 
  2171.070          15.955    216.718       0.322       0.237                0.018               0.000               0.000         37116447.157   1.00000 
  2172.070          15.944    216.718       0.322       0.237                0.018               0.000               0.000         37116447.175   1.00000 
  2173.070          15.933    216.717       0.322       0.237                0.018               0.000               0.000         37116447.193   1.00000 
  2174.070          15.922    216.717       0.322       0.237                0.018               0.000               0.000         37116447.211   1.00000 
  2175.070          15.911    216.716       0.322       0.237                0.018               0.000               0.000         37116447.229   1.00000 
  2176.070          15.900    216.715       0.322       0.237                0.018               0.000               0.000         37116447.247   1.00000 
  2177.070          15.890    216.715       0.322       0.237                0.018               0.000               0.000         37116447.265   1.00000 
  2178.070          15.879    216.714       0.322       0.237                0.018               0.000               0.000         37116447.283   1.00000 
  2179.070          15.868    216.714       0.322       0.237                0.018               0.000               0.000         37116447.301   1.00000 
  2180.070          15.857    216.713       0.322       0.237                0.018               0.000               0.000         37116447.318   1.00000 
  2181.070          15.847    216.713       0.322       0.237                0.018               0.000               0.000         37116447.336   1.00000 
  2182.070          15.836    216.712       0.322       0.237                0.018               0.000               0.000         37116447.354   1.00000 
  2183.070          15.825    216.711       0.322       0.237                0.018               0.000               0.000         37116447.371   1.00000 
  2184.070          15.814    216.711       0.322       0.237                0.018               0.000               0.000         37116447.389   1.00000 
  2185.070          15.804    216.710       0.322       0.237                0.018               0.000               0.000         37116447.406   1.00000 
  2186.070          15.793    216.710       0.322       0.237                0.018               0.000               0.000         37116447.424   1.00000 
  2187.070          15.782    216.709       0.322       0.237                0.018               0.000               0.000         37116447.441   1.00000 
  2188.070          15.771    216.709       0.322       0.237                0.017               0.000               0.000         37116447.459   1.00000 
  2189.070          15.761    216.708       0.322       0.237                0.017               0.000               0.000         37116447.476   1.00000 
  2190.070          15.750    216.708       0.322       0.237                0.017               0.000               0.000         37116447.494   1.00000 
  2191.070          15.739    216.707       0.322       0.237                0.017               0.000               0.000         37116447.511   1.00000 
  2192.070          15.729    216.707       0.322       0.237                0.017               0.000               0.000         37116447.529   1.00000 
  2193.070          15.718    216.706       0.322       0.237                0.017               0.000               0.000         37116447.546   1.00000 
  2194.070          15.707    216.706       0.322       0.237                0.017               0.000               0.000         37116447.563   1.00000 
  2195.070          15.697    216.705       0.322       0.237                0.017               0.000               0.000         37116447.580   1.00000 
  2196.070          15.686    216.705       0.322       0.237                0.017               0.000               0.000         37116447.598   1.00000 
  2197.070          15.675    216.704       0.322       0.237                0.017               0.000               0.000         37116447.615   1.00000 
  2198.070          15.665    216.704       0.322       0.237                0.017               0.000               0.000         37116447.632   1.00000 
  2199.070          15.654    216.703       0.322       0.237                0.017               0.000               0.000         37116447.649   1.00000 
  2200.070          15.643    216.703       0.322       0.237                0.017               0.000               0.000         37116447.666   1.00000 
  2201.070          15.633    216.702       0.322       0.237                0.017               0.000               0.000         37116447.683   1.00000 
  2202.070          15.622    216.702       0.322       0.237                0.017               0.000               0.000         37116447.700   1.00000 
  2203.070          15.612    216.702       0.322       0.237                0.017               0.000               0.000         37116447.717   1.00000 
  2204.070          15.601    216.701       0.322       0.237                0.017               0.000               0.000         37116447.734   1.00000 
  2205.070          15.590    216.701       0.322       0.237                0.017               0.000               0.000         37116447.751   1.00000 
  2206.070          15.580    216.700       0.322       0.237                0.017               0.000               0.000         37116447.768   1.00000 
  2207.070          15.569    216.700       0.322       0.237                0.017               0.000               0.000         37116447.785   1.00000 
  2208.070          15.559    216.699       0.322       0.237                0.017               0.000               0.000         37116447.802   1.00000 
  2209.070          15.548    216.699       0.322       0.237                0.017               0.000               0.000         37116447.819   1.00000 
  2210.070          15.538    216.699       0.322       0.237                0.017               0.000               0.000         37116447.836   1.00000 
  2211.070          15.527    216.698       0.322       0.237                0.017               0.000               0.000         37116447.852   1.00000 
  2212.070          15.517    216.698       0.322       0.237                0.017               0.000               0.000         37116447.869   1.00000 
  2213.070          15.506    216.697       0.322       0.237                0.017               0.000               0.000         37116447.886   1.00000 
  2214.070          15.495    216.697       0.322       0.237                0.017               0.000               0.000         37116447.903   1.00000 
  2215.070          15.485    216.696       0.322       0.237                0.017               0.000               0.000         37116447.919   1.00000 
  2216.070          15.474    216.696       0.322       0.237                0.017               0.000               0.000         37116447.936   1.00000 
  2217.070          15.464    216.696       0.322       0.237                0.017               0.000               0.000         37116447.953   1.00000 
  2218.070          15.453    216.695       0.322       0.237                0.017               0.000               0.000         37116447.969   1.00000 
  2219.070          15.443    216.695       0.322       0.237                0.017               0.000               0.000         37116447.986   1.00000 
  2220.070          15.433    216.694       0.322       0.237                0.017               0.000               0.000         37116448.002   1.00000 
  2221.070          15.422    216.694       0.322       0.237                0.016               0.000               0.000         37116448.019   1.00000 
  2222.070          15.412    216.694       0.322       0.237                0.016               0.000               0.000         37116448.035   1.00000 
  2223.070          15.401    216.693       0.322       0.237                0.016               0.000               0.000         37116448.051   1.00000 
  2224.070          15.391    216.693       0.322       0.237                0.016               0.000               0.000         37116448.068   1.00000 
  2225.070          15.380    216.693       0.322       0.237                0.016               0.000               0.000         37116448.084   1.00000 
  2226.070          15.370    216.692       0.322       0.237                0.016               0.000               0.000         37116448.101   1.00000 
  2227.070          15.359    216.692       0.322       0.237                0.016               0.000               0.000         37116448.117   1.00000 
  2228.070          15.349    216.692       0.322       0.237                0.016               0.000               0.000         37116448.133   1.00000 
  2229.070          15.339    216.691       0.322       0.237                0.016               0.000               0.000         37116448.149   1.00000 
  2230.070          15.328    216.691       0.322       0.237                0.016               0.000               0.000         37116448.166   1.00000 
  2231.070          15.318    216.691       0.322       0.237                0.016               0.000               0.000         37116448.182   1.00000 
  2232.070          15.307    216.690       0.322       0.237                0.016               0.000               0.000         37116448.198   1.00000 
  2233.070          15.297    216.690       0.322       0.237                0.016               0.000               0.000         37116448.214   1.00000 
  2234.070          15.287    216.689       0.322       0.237                0.016               0.000               0.000         37116448.230   1.00000 
  2235.070          15.276    216.689       0.322       0.237                0.016               0.000               0.000         37116448.246   1.00000 
  2236.070          15.266    216.689       0.322       0.237                0.016               0.000               0.000         37116448.262   1.00000 
  2237.070          15.256    216.689       0.322       0.237                0.016               0.000               0.000         37116448.278   1.00000 
  2238.070          15.245    216.688       0.322       0.237                0.016               0.000               0.000         37116448.294   1.00000 
  2239.070          15.235    216.688       0.322       0.237                0.016               0.000               0.000         37116448.310   1.00000 
  2240.070          15.224    216.688       0.322       0.237                0.016               0.000               0.000         37116448.326   1.00000 
  2241.070          15.214    216.687       0.322       0.237                0.016               0.000               0.000         37116448.342   1.00000 
  2242.070          15.204    216.687       0.322       0.237                0.016               0.000               0.000         37116448.358   1.00000 
  2243.070          15.194    216.687       0.322       0.237                0.016               0.000               0.000         37116448.374   1.00000 
  2244.070          15.183    216.686       0.322       0.237                0.016               0.000               0.000         37116448.390   1.00000 
  2245.070          15.173    216.686       0.322       0.237                0.016               0.000               0.000         37116448.406   1.00000 
  2246.070          15.163    216.686       0.322       0.237                0.016               0.000               0.000         37116448.421   1.00000 
  2247.070          15.152    216.685       0.322       0.237                0.016               0.000               0.000         37116448.437   1.00000 
  2248.070          15.142    216.685       0.322       0.237                0.016               0.000               0.000         37116448.453   1.00000 
  2249.070          15.132    216.685       0.322       0.237                0.016               0.000               0.000         37116448.469   1.00000 
  2250.070          15.122    216.685       0.322       0.237                0.016               0.000               0.000         37116448.484   1.00000 
  2251.070          15.111    216.684       0.322       0.237                0.016               0.000               0.000         37116448.500   1.00000 
  2252.070          15.101    216.684       0.322       0.237                0.016               0.000               0.000         37116448.515   1.00000 
  2253.070          15.091    216.684       0.322       0.237                0.016               0.000               0.000         37116448.531   1.00000 
  2254.070          15.081    216.683       0.322       0.237                0.016               0.000               0.000         37116448.547   1.00000 
  2255.070          15.070    216.683       0.322       0.237                0.016               0.000               0.000         37116448.562   1.00000 
  2256.070          15.060    216.683       0.322       0.237                0.016               0.000               0.000         37116448.578   1.00000 
  2257.070          15.050    216.683       0.322       0.237                0.015               0.000               0.000         37116448.593   1.00000 
  2258.070          15.040    216.682       0.322       0.237                0.015               0.000               0.000         37116448.609   1.00000 
  2259.070          15.030    216.682       0.322       0.237                0.015               0.000               0.000         37116448.624   1.00000 
  2260.070          15.019    216.682       0.322       0.237                0.015               0.000               0.000         37116448.639   1.00000 
  2261.070          15.009    216.682       0.322       0.237                0.015               0.000               0.000         37116448.655   1.00000 
  2262.070          14.999    216.681       0.322       0.237                0.015               0.000               0.000         37116448.670   1.00000 
  2263.070          14.989    216.681       0.322       0.237                0.015               0.000               0.000         37116448.685   1.00000 
  2264.070          14.979    216.681       0.322       0.237                0.015               0.000               0.000         37116448.701   1.00000 
  2265.070          14.968    216.681       0.322       0.237                0.015               0.000               0.000         37116448.716   1.00000 
  2266.070          14.958    216.680       0.322       0.237                0.015               0.000               0.000         37116448.731   1.00000 
  2267.070          14.948    216.680       0.322       0.237                0.015               0.000               0.000         37116448.747   1.00000 
  2268.070          14.938    216.680       0.322       0.237                0.015               0.000               0.000         37116448.762   1.00000 
  2269.070          14.928    216.680       0.322       0.237                0.015               0.000               0.000         37116448.777   1.00000 
  2270.070          14.918    216.679       0.322       0.237                0.015               0.000               0.000         37116448.792   1.00000 
  2271.070          14.908    216.679       0.322       0.237                0.015               0.000               0.000         37116448.807   1.00000 
  2272.070          14.898    216.679       0.322       0.237                0.015               0.000               0.000         37116448.822   1.00000 
  2273.070          14.887    216.679       0.322       0.237                0.015               0.000               0.000         37116448.837   1.00000 
  2274.070          14.877    216.678       0.322       0.237                0.015               0.000               0.000         37116448.852   1.00000 
  2275.070          14.867    216.678       0.322       0.237                0.015               0.000               0.000         37116448.867   1.00000 
  2276.070          14.857    216.678       0.322       0.237                0.015               0.000               0.000         37116448.882   1.00000 
  2277.070          14.847    216.678       0.322       0.237                0.015               0.000               0.000         37116448.897   1.00000 
  2278.070          14.837    216.678       0.322       0.237                0.015               0.000               0.000         37116448.912   1.00000 
  2279.070          14.827    216.677       0.322       0.237                0.015               0.000               0.000         37116448.927   1.00000 
  2280.070          14.817    216.677       0.322       0.237                0.015               0.000               0.000         37116448.942   1.00000 
  2281.070          14.807    216.677       0.322       0.237                0.015               0.000               0.000         37116448.957   1.00000 
  2282.070          14.797    216.677       0.322       0.237                0.015               0.000               0.000         37116448.972   1.00000 
  2283.070          14.787    216.676       0.322       0.237                0.015               0.000               0.000         37116448.986   1.00000 
  2284.070          14.777    216.676       0.322       0.237                0.015               0.000               0.000         37116449.001   1.00000 
  2285.070          14.767    216.676       0.322       0.237                0.015               0.000               0.000         37116449.016   1.00000 
  2286.070          14.757    216.676       0.322       0.237                0.015               0.000               0.000         37116449.031   1.00000 
  2287.070          14.747    216.676       0.322       0.237                0.015               0.000               0.000         37116449.045   1.00000 
  2288.070          14.737    216.675       0.322       0.237                0.015               0.000               0.000         37116449.060   1.00000 
  2289.070          14.727    216.675       0.322       0.237                0.015               0.000               0.000         37116449.075   1.00000 
  2290.070          14.717    216.675       0.322       0.237                0.015               0.000               0.000         37116449.089   1.00000 
  2291.070          14.707    216.675       0.322       0.237                0.015               0.000               0.000         37116449.104   1.00000 
  2292.070          14.697    216.675       0.322       0.237                0.015               0.000               0.000         37116449.119   1.00000 
  2293.070          14.687    216.674       0.322       0.237                0.015               0.000               0.000         37116449.133   1.00000 
  2294.070          14.677    216.674       0.322       0.237                0.015               0.000               0.000         37116449.148   1.00000 
  2295.070          14.667    216.674       0.322       0.237                0.015               0.000               0.000         37116449.162   1.00000 
  2296.070          14.657    216.674       0.322       0.237                0.014               0.000               0.000         37116449.177   1.00000 
  2297.070          14.647    216.674       0.322       0.237                0.014               0.000               0.000         37116449.191   1.00000 
  2298.070          14.637    216.674       0.322       0.237                0.014               0.000               0.000         37116449.206   1.00000 
  2299.070          14.627    216.673       0.322       0.237                0.014               0.000               0.000         37116449.220   1.00000 
  2300.070          14.617    216.673       0.322       0.237                0.014               0.000               0.000         37116449.234   1.00000 
  2301.070          14.607    216.673       0.322       0.237                0.014               0.000               0.000         37116449.249   1.00000 
  2302.070          14.597    216.673       0.322       0.237                0.014               0.000               0.000         37116449.263   1.00000 
  2303.070          14.587    216.673       0.322       0.237                0.014               0.000               0.000         37116449.278   1.00000 
  2304.070          14.578    216.672       0.322       0.237                0.014               0.000               0.000         37116449.292   1.00000 
  2305.070          14.568    216.672       0.322       0.237                0.014               0.000               0.000         37116449.306   1.00000 
  2306.070          14.558    216.672       0.322       0.237                0.014               0.000               0.000         37116449.320   1.00000 
  2307.070          14.548    216.672       0.322       0.237                0.014               0.000               0.000         37116449.335   1.00000 
  2308.070          14.538    216.672       0.322       0.237                0.014               0.000               0.000         37116449.349   1.00000 
  2309.070          14.528    216.672       0.322       0.237                0.014               0.000               0.000         37116449.363   1.00000 
  2310.070          14.518    216.671       0.322       0.237                0.014               0.000               0.000         37116449.377   1.00000 
  2311.070          14.508    216.671       0.322       0.237                0.014               0.000               0.000         37116449.391   1.00000 
  2312.070          14.499    216.671       0.322       0.237                0.014               0.000               0.000         37116449.405   1.00000 
  2313.070          14.489    216.671       0.322       0.237                0.014               0.000               0.000         37116449.419   1.00000 
  2314.070          14.479    216.671       0.322       0.237                0.014               0.000               0.000         37116449.433   1.00000 
  2315.070          14.469    216.671       0.322       0.237                0.014               0.000               0.000         37116449.448   1.00000 
  2316.070          14.459    216.671       0.322       0.237                0.014               0.000               0.000         37116449.462   1.00000 
  2317.070          14.449    216.670       0.322       0.237                0.014               0.000               0.000         37116449.476   1.00000 
  2318.070          14.440    216.670       0.322       0.237                0.014               0.000               0.000         37116449.489   1.00000 
  2319.070          14.430    216.670       0.322       0.237                0.014               0.000               0.000         37116449.503   1.00000 
  2320.070          14.420    216.670       0.322       0.237                0.014               0.000               0.000         37116449.517   1.00000 
  2321.070          14.410    216.670       0.322       0.237                0.014               0.000               0.000         37116449.531   1.00000 
  2322.070          14.400    216.670       0.322       0.237                0.014               0.000               0.000         37116449.545   1.00000 
  2323.070          14.391    216.669       0.322       0.237                0.014               0.000               0.000         37116449.559   1.00000 
  2324.070          14.381    216.669       0.322       0.237                0.014               0.000               0.000         37116449.573   1.00000 
  2325.070          14.371    216.669       0.322       0.237                0.014               0.000               0.000         37116449.587   1.00000 
  2326.070          14.361    216.669       0.322       0.237                0.014               0.000               0.000         37116449.600   1.00000 
  2327.070          14.352    216.669       0.322       0.237                0.014               0.000               0.000         37116449.614   1.00000 
  2328.070          14.342    216.669       0.322       0.237                0.014               0.000               0.000         37116449.628   1.00000 
  2329.070          14.332    216.669       0.322       0.237                0.014               0.000               0.000         37116449.642   1.00000 
  2330.070          14.322    216.668       0.322       0.237                0.014               0.000               0.000         37116449.655   1.00000 
  2331.070          14.313    216.668       0.322       0.237                0.014               0.000               0.000         37116449.669   1.00000 
  2332.070          14.303    216.668       0.322       0.237                0.014               0.000               0.000         37116449.683   1.00000 
  2333.070          14.293    216.668       0.322       0.237                0.014               0.000               0.000         37116449.696   1.00000 
  2334.070          14.284    216.668       0.322       0.237                0.014               0.000               0.000         37116449.710   1.00000 
  2335.070          14.274    216.668       0.322       0.237                0.014               0.000               0.000         37116449.723   1.00000 
  2336.070          14.264    216.668       0.322       0.237                0.014               0.000               0.000         37116449.737   1.00000 
  2337.070          14.254    216.668       0.322       0.237                0.014               0.000               0.000         37116449.751   1.00000 
  2338.070          14.245    216.667       0.322       0.237                0.014               0.000               0.000         37116449.764   1.00000 
  2339.070          14.235    216.667       0.322       0.237                0.013               0.000               0.000         37116449.778   1.00000 
  2340.070          14.225    216.667       0.322       0.237                0.013               0.000               0.000         37116449.791   1.00000 
  2341.070          14.216    216.667       0.322       0.237                0.013               0.000               0.000         37116449.805   1.00000 
  2342.070          14.206    216.667       0.322       0.237                0.013               0.000               0.000         37116449.818   1.00000 
  2343.070          14.196    216.667       0.322       0.237                0.013               0.000               0.000         37116449.831   1.00000 
  2344.070          14.187    216.667       0.322       0.237                0.013               0.000               0.000         37116449.845   1.00000 
  2345.070          14.177    216.667       0.322       0.237                0.013               0.000               0.000         37116449.858   1.00000 
  2346.070          14.168    216.666       0.322       0.237                0.013               0.000               0.000         37116449.871   1.00000 
  2347.070          14.158    216.666       0.322       0.237                0.013               0.000               0.000         37116449.885   1.00000 
  2348.070          14.148    216.666       0.322       0.237                0.013               0.000               0.000         37116449.898   1.00000 
  2349.070          14.139    216.666       0.322       0.237                0.013               0.000               0.000         37116449.911   1.00000 
  2350.070          14.129    216.666       0.322       0.237                0.013               0.000               0.000         37116449.925   1.00000 
  2351.070          14.119    216.666       0.322       0.237                0.013               0.000               0.000         37116449.938   1.00000 
  2352.070          14.110    216.666       0.322       0.237                0.013               0.000               0.000         37116449.951   1.00000 
  2353.070          14.100    216.666       0.322       0.237                0.013               0.000               0.000         37116449.964   1.00000 
  2354.070          14.091    216.666       0.322       0.237                0.013               0.000               0.000         37116449.977   1.00000 
  2355.070          14.081    216.665       0.322       0.237                0.013               0.000               0.000         37116449.991   1.00000 
  2356.070          14.072    216.665       0.322       0.237                0.013               0.000               0.000         37116450.004   1.00000 
  2357.070          14.062    216.665       0.322       0.237                0.013               0.000               0.000         37116450.017   1.00000 
  2358.070          14.052    216.665       0.322       0.237                0.013               0.000               0.000         37116450.030   1.00000 
  2359.070          14.043    216.665       0.322       0.237                0.013               0.000               0.000         37116450.043   1.00000 
  2360.070          14.033    216.665       0.322       0.237                0.013               0.000               0.000         37116450.056   1.00000 
  2361.070          14.024    216.665       0.322       0.237                0.013               0.000               0.000         37116450.069   1.00000 
  2362.070          14.014    216.665       0.322       0.237                0.013               0.000               0.000         37116450.082   1.00000 
  2363.070          14.005    216.665       0.322       0.237                0.013               0.000               0.000         37116450.095   1.00000 
  2364.070          13.995    216.665       0.322       0.237                0.013               0.000               0.000         37116450.108   1.00000 
  2365.070          13.986    216.664       0.322       0.237                0.013               0.000               0.000         37116450.121   1.00000 
  2366.070          13.976    216.664       0.322       0.237                0.013               0.000               0.000         37116450.134   1.00000 
  2367.070          13.967    216.664       0.322       0.237                0.013               0.000               0.000         37116450.147   1.00000 
  2368.070          13.957    216.664       0.322       0.237                0.013               0.000               0.000         37116450.160   1.00000 
  2369.070          13.948    216.664       0.322       0.237                0.013               0.000               0.000         37116450.172   1.00000 
  2370.070          13.938    216.664       0.322       0.237                0.013               0.000               0.000         37116450.185   1.00000 
  2371.070          13.929    216.664       0.322       0.237                0.013               0.000               0.000         37116450.198   1.00000 
  2372.070          13.919    216.664       0.322       0.237                0.013               0.000               0.000         37116450.211   1.00000 
  2373.070          13.910    216.664       0.322       0.237                0.013               0.000               0.000         37116450.224   1.00000 
  2374.070          13.900    216.664       0.322       0.237                0.013               0.000               0.000         37116450.236   1.00000 
  2375.070          13.891    216.664       0.322       0.237                0.013               0.000               0.000         37116450.249   1.00000 
  2376.070          13.881    216.663       0.322       0.237                0.013               0.000               0.000         37116450.262   1.00000 
  2377.070          13.872    216.663       0.322       0.237                0.013               0.000               0.000         37116450.275   1.00000 
  2378.070          13.862    216.663       0.322       0.237                0.013               0.000               0.000         37116450.287   1.00000 
  2379.070          13.853    216.663       0.322       0.237                0.013               0.000               0.000         37116450.300   1.00000 
  2380.070          13.844    216.663       0.322       0.237                0.013               0.000               0.000         37116450.313   1.00000 
  2381.070          13.834    216.663       0.322       0.237                0.013               0.000               0.000         37116450.325   1.00000 
  2382.070          13.825    216.663       0.322       0.237                0.013               0.000               0.000         37116450.338   1.00000 
  2383.070          13.815    216.663       0.322       0.237                0.013               0.000               0.000         37116450.350   1.00000 
  2384.070          13.806    216.663       0.322       0.237                0.013               0.000               0.000         37116450.363   1.00000 
  2385.070          13.797    216.663       0.322       0.237                0.013               0.000               0.000         37116450.375   1.00000 
  2386.070          13.787    216.663       0.322       0.237                0.013               0.000               0.000         37116450.388   1.00000 
  2387.070          13.778    216.663       0.322       0.237                0.012               0.000               0.000         37116450.400   1.00000 
  2388.070          13.768    216.662       0.322       0.237                0.012               0.000               0.000         37116450.413   1.00000 
  2389.070          13.759    216.662       0.322       0.237                0.012               0.000               0.000         37116450.425   1.00000 
  2390.070          13.750    216.662       0.322       0.237                0.012               0.000               0.000         37116450.438   1.00000 
  2391.070          13.740    216.662       0.322       0.237                0.012               0.000               0.000         37116450.450   1.00000 
  2392.070          13.731    216.662       0.322       0.237                0.012               0.000               0.000         37116450.463   1.00000 
  2393.070          13.722    216.662       0.322       0.237                0.012               0.000               0.000         37116450.475   1.00000 
  2394.070          13.712    216.662       0.322       0.237                0.012               0.000               0.000         37116450.487   1.00000 
  2395.070          13.703    216.662       0.322       0.237                0.012               0.000               0.000         37116450.500   1.00000 
  2396.070          13.694    216.662       0.322       0.237                0.012               0.000               0.000         37116450.512   1.00000 
  2397.070          13.684    216.662       0.322       0.237                0.012               0.000               0.000         37116450.524   1.00000 
  2398.070          13.675    216.662       0.322       0.237                0.012               0.000               0.000         37116450.537   1.00000 
  2399.070          13.666    216.662       0.322       0.237                0.012               0.000               0.000         37116450.549   1.00000 
  2400.070          13.656    216.662       0.322       0.237                0.012               0.000               0.000         37116450.561   1.00000 
  2401.070          13.647    216.661       0.322       0.237                0.012               0.000               0.000         37116450.573   1.00000 
  2402.070          13.638    216.661       0.322       0.237                0.012               0.000               0.000         37116450.586   1.00000 
  2403.070          13.628    216.661       0.322       0.237                0.012               0.000               0.000         37116450.598   1.00000 
  2404.070          13.619    216.661       0.322       0.237                0.012               0.000               0.000         37116450.610   1.00000 
  2405.070          13.610    216.661       0.322       0.237                0.012               0.000               0.000         37116450.622   1.00000 
  2406.070          13.601    216.661       0.322       0.237                0.012               0.000               0.000         37116450.634   1.00000 
  2407.070          13.591    216.661       0.322       0.237                0.012               0.000               0.000         37116450.646   1.00000 
  2408.070          13.582    216.661       0.322       0.237                0.012               0.000               0.000         37116450.658   1.00000 
  2409.070          13.573    216.661       0.322       0.237                0.012               0.000               0.000         37116450.670   1.00000 
  2410.070          13.564    216.661       0.322       0.237                0.012               0.000               0.000         37116450.682   1.00000 
  2411.070          13.554    216.661       0.322       0.237                0.012               0.000               0.000         37116450.694   1.00000 
  2412.070          13.545    216.661       0.322       0.237                0.012               0.000               0.000         37116450.707   1.00000 
  2413.070          13.536    216.661       0.322       0.237                0.012               0.000               0.000         37116450.719   1.00000 
  2414.070          13.527    216.661       0.322       0.237                0.012               0.000               0.000         37116450.730   1.00000 
  2415.070          13.517    216.661       0.322       0.237                0.012               0.000               0.000         37116450.742   1.00000 
  2416.070          13.508    216.660       0.322       0.237                0.012               0.000               0.000         37116450.754   1.00000 
  2417.070          13.499    216.660       0.322       0.237                0.012               0.000               0.000         37116450.766   1.00000 
  2418.070          13.490    216.660       0.322       0.237                0.012               0.000               0.000         37116450.778   1.00000 
  2419.070          13.480    216.660       0.322       0.237                0.012               0.000               0.000         37116450.790   1.00000 
  2420.070          13.471    216.660       0.322       0.237                0.012               0.000               0.000         37116450.802   1.00000 
  2421.070          13.462    216.660       0.322       0.237                0.012               0.000               0.000         37116450.814   1.00000 
  2422.070          13.453    216.660       0.322       0.237                0.012               0.000               0.000         37116450.826   1.00000 
  2423.070          13.444    216.660       0.322       0.237                0.012               0.000               0.000         37116450.837   1.00000 
  2424.070          13.435    216.660       0.322       0.237                0.012               0.000               0.000         37116450.849   1.00000 
  2425.070          13.425    216.660       0.322       0.237                0.012               0.000               0.000         37116450.861   1.00000 
  2426.070          13.416    216.660       0.322       0.237                0.012               0.000               0.000         37116450.873   1.00000 
  2427.070          13.407    216.660       0.322       0.237                0.012               0.000               0.000         37116450.885   1.00000 
  2428.070          13.398    216.660       0.322       0.237                0.012               0.000               0.000         37116450.896   1.00000 
  2429.070          13.389    216.660       0.322       0.237                0.012               0.000               0.000         37116450.908   1.00000 
  2430.070          13.380    216.660       0.322       0.237                0.012               0.000               0.000         37116450.920   1.00000 
  2431.070          13.370    216.660       0.322       0.237                0.012               0.000               0.000         37116450.931   1.00000 
  2432.070          13.361    216.660       0.322       0.237                0.012               0.000               0.000         37116450.943   1.00000 
  2433.070          13.352    216.660       0.322       0.237                0.012               0.000               0.000         37116450.955   1.00000 
  2434.070          13.343    216.659       0.322       0.237                0.012               0.000               0.000         37116450.966   1.00000 
  2435.070          13.334    216.659       0.322       0.237                0.012               0.000               0.000         37116450.978   1.00000 
  2436.070          13.325    216.659       0.322       0.237                0.012               0.000               0.000         37116450.989   1.00000 
  2437.070          13.316    216.659       0.322       0.237                0.012               0.000               0.000         37116451.001   1.00000 
  2438.070          13.307    216.659       0.322       0.237                0.012               0.000               0.000         37116451.012   1.00000 
  2439.070          13.298    216.659       0.322       0.237                0.012               0.000               0.000         37116451.024   1.00000 
  2440.070          13.289    216.659       0.322       0.237                0.012               0.000               0.000         37116451.035   1.00000 
  2441.070          13.279    216.659       0.322       0.237                0.011               0.000               0.000         37116451.047   1.00000 
  2442.070          13.270    216.659       0.322       0.237                0.011               0.000               0.000         37116451.058   1.00000 
  2443.070          13.261    216.659       0.322       0.237                0.011               0.000               0.000         37116451.070   1.00000 
  2444.070          13.252    216.659       0.322       0.237                0.011               0.000               0.000         37116451.081   1.00000 
  2445.070          13.243    216.659       0.322       0.237                0.011               0.000               0.000         37116451.093   1.00000 
  2446.070          13.234    216.659       0.322       0.237                0.011               0.000               0.000         37116451.104   1.00000 
  2447.070          13.225    216.659       0.322       0.237                0.011               0.000               0.000         37116451.116   1.00000 
  2448.070          13.216    216.659       0.322       0.237                0.011               0.000               0.000         37116451.127   1.00000 
  2449.070          13.207    216.659       0.322       0.237                0.011               0.000               0.000         37116451.138   1.00000 
  2450.070          13.198    216.659       0.322       0.237                0.011               0.000               0.000         37116451.150   1.00000 
  2451.070          13.189    216.659       0.322       0.237                0.011               0.000               0.000         37116451.161   1.00000 
  2452.070          13.180    216.659       0.322       0.237                0.011               0.000               0.000         37116451.172   1.00000 
  2453.070          13.171    216.659       0.322       0.237                0.011               0.000               0.000         37116451.183   1.00000 
  2454.070          13.162    216.659       0.322       0.237                0.011               0.000               0.000         37116451.195   1.00000 
  2455.070          13.153    216.658       0.322       0.237                0.011               0.000               0.000         37116451.206   1.00000 
  2456.070          13.144    216.658       0.322       0.237                0.011               0.000               0.000         37116451.217   1.00000 
  2457.070          13.135    216.658       0.322       0.237                0.011               0.000               0.000         37116451.228   1.00000 
  2458.070          13.126    216.658       0.322       0.237                0.011               0.000               0.000         37116451.240   1.00000 
  2459.070          13.117    216.658       0.322       0.237                0.011               0.000               0.000         37116451.251   1.00000 
  2460.070          13.108    216.658       0.322       0.237                0.011               0.000               0.000         37116451.262   1.00000 
  2461.070          13.099    216.658       0.322       0.237                0.011               0.000               0.000         37116451.273   1.00000 
  2462.070          13.090    216.658       0.322       0.237                0.011               0.000               0.000         37116451.284   1.00000 
  2463.070          13.081    216.658       0.322       0.237                0.011               0.000               0.000         37116451.295   1.00000 
  2464.070          13.072    216.658       0.322       0.237                0.011               0.000               0.000         37116451.306   1.00000 
  2465.070          13.063    216.658       0.322       0.237                0.011               0.000               0.000         37116451.318   1.00000 
  2466.070          13.054    216.658       0.322       0.237                0.011               0.000               0.000         37116451.329   1.00000 
  2467.070          13.045    216.658       0.322       0.237                0.011               0.000               0.000         37116451.340   1.00000 
  2468.070          13.036    216.658       0.322       0.237                0.011               0.000               0.000         37116451.351   1.00000 
  2469.070          13.027    216.658       0.322       0.237                0.011               0.000               0.000         37116451.362   1.00000 
  2470.070          13.018    216.658       0.322       0.237                0.011               0.000               0.000         37116451.373   1.00000 
  2471.070          13.010    216.658       0.322       0.237                0.011               0.000               0.000         37116451.384   1.00000 
  2472.070          13.001    216.658       0.322       0.237                0.011               0.000               0.000         37116451.395   1.00000 
  2473.070          12.992    216.658       0.322       0.237                0.011               0.000               0.000         37116451.406   1.00000 
  2474.070          12.983    216.658       0.322       0.237                0.011               0.000               0.000         37116451.416   1.00000 
  2475.070          12.974    216.658       0.322       0.237                0.011               0.000               0.000         37116451.427   1.00000 
  2476.070          12.965    216.658       0.322       0.237                0.011               0.000               0.000         37116451.438   1.00000 
  2477.070          12.956    216.658       0.322       0.237                0.011               0.000               0.000         37116451.449   1.00000 
  2478.070          12.947    216.658       0.322       0.237                0.011               0.000               0.000         37116451.460   1.00000 
  2479.070          12.938    216.658       0.322       0.237                0.011               0.000               0.000         37116451.471   1.00000 
  2480.070          12.930    216.657       0.322       0.237                0.011               0.000               0.000         37116451.482   1.00000 
  2481.070          12.921    216.657       0.322       0.237                0.011               0.000               0.000         37116451.493   1.00000 
  2482.070          12.912    216.657       0.322       0.237                0.011               0.000               0.000         37116451.503   1.00000 
  2483.070          12.903    216.657       0.322       0.237                0.011               0.000               0.000         37116451.514   1.00000 
  2484.070          12.894    216.657       0.322       0.237                0.011               0.000               0.000         37116451.525   1.00000 
  2485.070          12.885    216.657       0.322       0.237                0.011               0.000               0.000         37116451.536   1.00000 
  2486.070          12.876    216.657       0.322       0.237                0.011               0.000               0.000         37116451.546   1.00000 
  2487.070          12.868    216.657       0.322       0.237                0.011               0.000               0.000         37116451.557   1.00000 
  2488.070          12.859    216.657       0.322       0.237                0.011               0.000               0.000         37116451.568   1.00000 
  2489.070          12.850    216.657       0.322       0.237                0.011               0.000               0.000         37116451.578   1.00000 
  2490.070          12.841    216.657       0.322       0.237                0.011               0.000               0.000         37116451.589   1.00000 
  2491.070          12.832    216.657       0.322       0.237                0.011               0.000               0.000         37116451.600   1.00000 
  2492.070          12.824    216.657       0.322       0.237                0.011               0.000               0.000         37116451.610   1.00000 
  2493.070          12.815    216.657       0.322       0.237                0.011               0.000               0.000         37116451.621   1.00000 
  2494.070          12.806    216.657       0.322       0.237                0.011               0.000               0.000         37116451.632   1.00000 
  2495.070          12.797    216.657       0.322       0.237                0.011               0.000               0.000         37116451.642   1.00000 
  2496.070          12.788    216.657       0.322       0.237                0.011               0.000               0.000         37116451.653   1.00000 
  2497.070          12.780    216.657       0.322       0.237                0.011               0.000               0.000         37116451.663   1.00000 
  2498.070          12.771    216.657       0.322       0.237                0.011               0.000               0.000         37116451.674   1.00000 
  2499.070          12.762    216.657       0.322       0.237                0.011               0.000               0.000         37116451.684   1.00000 
  2500.070          12.753    216.657       0.322       0.237                0.011               0.000               0.000         37116451.695   1.00000 
  2501.070          12.744    216.657       0.322       0.237                0.010               0.000               0.000         37116451.706   1.00000 
  2502.070          12.736    216.657       0.322       0.237                0.010               0.000               0.000         37116451.716   1.00000 
  2503.070          12.727    216.657       0.322       0.237                0.010               0.000               0.000         37116451.726   1.00000 
  2504.070          12.718    216.657       0.322       0.237                0.010               0.000               0.000         37116451.737   1.00000 
  2505.070          12.710    216.657       0.322       0.237                0.010               0.000               0.000         37116451.747   1.00000 
  2506.070          12.701    216.657       0.322       0.237                0.010               0.000               0.000         37116451.758   1.00000 
  2507.070          12.692    216.657       0.322       0.237                0.010               0.000               0.000         37116451.768   1.00000 
  2508.070          12.683    216.657       0.322       0.237                0.010               0.000               0.000         37116451.779   1.00000 
  2509.070          12.675    216.657       0.322       0.237                0.010               0.000               0.000         37116451.789   1.00000 
  2510.070          12.666    216.657       0.322       0.237                0.010               0.000               0.000         37116451.799   1.00000 
  2511.070          12.657    216.657       0.322       0.237                0.010               0.000               0.000         37116451.810   1.00000 
  2512.070          12.648    216.656       0.322       0.237                0.010               0.000               0.000         37116451.820   1.00000 
  2513.070          12.640    216.656       0.322       0.237                0.010               0.000               0.000         37116451.830   1.00000 
  2514.070          12.631    216.656       0.322       0.237                0.010               0.000               0.000         37116451.841   1.00000 
  2515.070          12.622    216.656       0.322       0.237                0.010               0.000               0.000         37116451.851   1.00000 
  2516.070          12.614    216.656       0.322       0.237                0.010               0.000               0.000         37116451.861   1.00000 
  2517.070          12.605    216.656       0.322       0.237                0.010               0.000               0.000         37116451.871   1.00000 
  2518.070          12.596    216.656       0.322       0.237                0.010               0.000               0.000         37116451.882   1.00000 
  2519.070          12.588    216.656       0.322       0.237                0.010               0.000               0.000         37116451.892   1.00000 
  2520.070          12.579    216.656       0.322       0.237                0.010               0.000               0.000         37116451.902   1.00000 
  2521.070          12.570    216.656       0.322       0.237                0.010               0.000               0.000         37116451.912   1.00000 
  2522.070          12.562    216.656       0.322       0.237                0.010               0.000               0.000         37116451.922   1.00000 
  2523.070          12.553    216.656       0.322       0.237                0.010               0.000               0.000         37116451.933   1.00000 
  2524.070          12.544    216.656       0.322       0.237                0.010               0.000               0.000         37116451.943   1.00000 
  2525.070          12.536    216.656       0.322       0.237                0.010               0.000               0.000         37116451.953   1.00000 
  2526.070          12.527    216.656       0.322       0.237                0.010               0.000               0.000         37116451.963   1.00000 
  2527.070          12.519    216.656       0.322       0.237                0.010               0.000               0.000         37116451.973   1.00000 
  2528.070          12.510    216.656       0.322       0.237                0.010               0.000               0.000         37116451.983   1.00000 
  2529.070          12.501    216.656       0.322       0.237                0.010               0.000               0.000         37116451.993   1.00000 
  2530.070          12.493    216.656       0.322       0.237                0.010               0.000               0.000         37116452.003   1.00000 
  2531.070          12.484    216.656       0.322       0.237                0.010               0.000               0.000         37116452.013   1.00000 
  2532.070          12.475    216.656       0.322       0.237                0.010               0.000               0.000         37116452.023   1.00000 
  2533.070          12.467    216.656       0.322       0.237                0.010               0.000               0.000         37116452.033   1.00000 
  2534.070          12.458    216.656       0.322       0.237                0.010               0.000               0.000         37116452.043   1.00000 
  2535.070          12.450    216.656       0.322       0.237                0.010               0.000               0.000         37116452.053   1.00000 
  2536.070          12.441    216.656       0.322       0.237                0.010               0.000               0.000         37116452.063   1.00000 
  2537.070          12.433    216.656       0.322       0.237                0.010               0.000               0.000         37116452.073   1.00000 
  2538.070          12.424    216.656       0.322       0.237                0.010               0.000               0.000         37116452.083   1.00000 
  2539.070          12.415    216.656       0.322       0.237                0.010               0.000               0.000         37116452.093   1.00000 
  2540.070          12.407    216.656       0.322       0.237                0.010               0.000               0.000         37116452.103   1.00000 
  2541.070          12.398    216.656       0.322       0.237                0.010               0.000               0.000         37116452.113   1.00000 
  2542.070          12.390    216.656       0.322       0.237                0.010               0.000               0.000         37116452.123   1.00000 
  2543.070          12.381    216.656       0.322       0.237                0.010               0.000               0.000         37116452.133   1.00000 
  2544.070          12.373    216.656       0.322       0.237                0.010               0.000               0.000         37116452.143   1.00000 
  2545.070          12.364    216.656       0.322       0.237                0.010               0.000               0.000         37116452.153   1.00000 
  2546.070          12.356    216.656       0.322       0.237                0.010               0.000               0.000         37116452.162   1.00000 
  2547.070          12.347    216.656       0.322       0.237                0.010               0.000               0.000         37116452.172   1.00000 
  2548.070          12.338    216.656       0.322       0.237                0.010               0.000               0.000         37116452.182   1.00000 
  2549.070          12.330    216.656       0.322       0.237                0.010               0.000               0.000         37116452.192   1.00000 
  2550.070          12.321    216.656       0.322       0.237                0.010               0.000               0.000         37116452.202   1.00000 
  2551.070          12.313    216.656       0.322       0.237                0.010               0.000               0.000         37116452.211   1.00000 
  2552.070          12.304    216.656       0.322       0.237                0.010               0.000               0.000         37116452.221   1.00000 
  2553.070          12.296    216.656       0.322       0.237                0.010               0.000               0.000         37116452.231   1.00000 
  2554.070          12.287    216.655       0.322       0.237                0.010               0.000               0.000         37116452.241   1.00000 
  2555.070          12.279    216.655       0.322       0.237                0.010               0.000               0.000         37116452.250   1.00000 
  2556.070          12.270    216.655       0.322       0.237                0.010               0.000               0.000         37116452.260   1.00000 
  2557.070          12.262    216.655       0.322       0.237                0.010               0.000               0.000         37116452.270   1.00000 
  2558.070          12.254    216.655       0.322       0.237                0.010               0.000               0.000         37116452.279   1.00000 
  2559.070          12.245    216.655       0.322       0.237                0.010               0.000               0.000         37116452.289   1.00000 
  2560.070          12.237    216.655       0.322       0.237                0.010               0.000               0.000         37116452.299   1.00000 
  2561.070          12.228    216.655       0.322       0.237                0.010               0.000               0.000         37116452.308   1.00000 
  2562.070          12.220    216.655       0.322       0.237                0.010               0.000               0.000         37116452.318   1.00000 
  2563.070          12.211    216.655       0.322       0.237                0.010               0.000               0.000         37116452.327   1.00000 
  2564.070          12.203    216.655       0.322       0.237                0.010               0.000               0.000         37116452.337   1.00000 
  2565.070          12.194    216.655       0.322       0.237                0.010               0.000               0.000         37116452.347   1.00000 
  2566.070          12.186    216.655       0.322       0.237                0.010               0.000               0.000         37116452.356   1.00000 
  2567.070          12.177    216.655       0.322       0.237                0.010               0.000               0.000         37116452.366   1.00000 
  2568.070          12.169    216.655       0.322       0.237                0.010               0.000               0.000         37116452.375   1.00000 
  2569.070          12.161    216.655       0.322       0.237                0.010               0.000               0.000         37116452.385   1.00000 
  2570.070          12.152    216.655       0.322       0.237                0.010               0.000               0.000         37116452.394   1.00000 
  2571.070          12.144    216.655       0.322       0.237                0.009               0.000               0.000         37116452.404   1.00000 
  2572.070          12.135    216.655       0.322       0.237                0.009               0.000               0.000         37116452.413   1.00000 
  2573.070          12.127    216.655       0.322       0.237                0.009               0.000               0.000         37116452.423   1.00000 
  2574.070          12.119    216.655       0.322       0.237                0.009               0.000               0.000         37116452.432   1.00000 
  2575.070          12.110    216.655       0.322       0.237                0.009               0.000               0.000         37116452.442   1.00000 
  2576.070          12.102    216.655       0.322       0.237                0.009               0.000               0.000         37116452.451   1.00000 
  2577.070          12.093    216.655       0.322       0.237                0.009               0.000               0.000         37116452.460   1.00000 
  2578.070          12.085    216.655       0.322       0.237                0.009               0.000               0.000         37116452.470   1.00000 
  2579.070          12.077    216.655       0.322       0.237                0.009               0.000               0.000         37116452.479   1.00000 
  2580.070          12.068    216.655       0.322       0.237                0.009               0.000               0.000         37116452.489   1.00000 
  2581.070          12.060    216.655       0.322       0.237                0.009               0.000               0.000         37116452.498   1.00000 
  2582.070          12.052    216.655       0.322       0.237                0.009               0.000               0.000         37116452.507   1.00000 
  2583.070          12.043    216.655       0.322       0.237                0.009               0.000               0.000         37116452.517   1.00000 
  2584.070          12.035    216.655       0.322       0.237                0.009               0.000               0.000         37116452.526   1.00000 
  2585.070          12.027    216.655       0.322       0.237                0.009               0.000               0.000         37116452.535   1.00000 
  2586.070          12.018    216.655       0.322       0.237                0.009               0.000               0.000         37116452.544   1.00000 
  2587.070          12.010    216.655       0.322       0.237                0.009               0.000               0.000         37116452.554   1.00000 
  2588.070          12.002    216.655       0.322       0.237                0.009               0.000               0.000         37116452.563   1.00000 
  2589.070          11.993    216.655       0.322       0.237                0.009               0.000               0.000         37116452.572   1.00000 
  2590.070          11.985    216.655       0.322       0.237                0.009               0.000               0.000         37116452.582   1.00000 
  2591.070          11.977    216.655       0.322       0.237                0.009               0.000               0.000         37116452.591   1.00000 
  2592.070          11.968    216.655       0.322       0.237                0.009               0.000               0.000         37116452.600   1.00000 
  2593.070          11.960    216.655       0.322       0.237                0.009               0.000               0.000         37116452.609   1.00000 
  2594.070          11.952    216.655       0.322       0.237                0.009               0.000               0.000         37116452.618   1.00000 
  2595.070          11.943    216.655       0.322       0.237                0.009               0.000               0.000         37116452.627   1.00000 
  2596.070          11.935    216.655       0.322       0.237                0.009               0.000               0.000         37116452.637   1.00000 
  2597.070          11.927    216.655       0.322       0.237                0.009               0.000               0.000         37116452.646   1.00000 
  2598.070          11.918    216.655       0.322       0.237                0.009               0.000               0.000         37116452.655   1.00000 
  2599.070          11.910    216.655       0.322       0.237                0.009               0.000               0.000         37116452.664   1.00000 
  2600.070          11.902    216.655       0.322       0.237                0.009               0.000               0.000         37116452.673   1.00000 
  2601.070          11.894    216.655       0.322       0.237                0.009               0.000               0.000         37116452.682   1.00000 
  2602.070          11.885    216.655       0.322       0.237                0.009               0.000               0.000         37116452.691   1.00000 
  2603.070          11.877    216.655       0.322       0.237                0.009               0.000               0.000         37116452.700   1.00000 
  2604.070          11.869    216.655       0.322       0.237                0.009               0.000               0.000         37116452.709   1.00000 
  2605.070          11.861    216.655       0.322       0.237                0.009               0.000               0.000         37116452.719   1.00000 
  2606.070          11.852    216.655       0.322       0.237                0.009               0.000               0.000         37116452.728   1.00000 
  2607.070          11.844    216.655       0.322       0.237                0.009               0.000               0.000         37116452.737   1.00000 
  2608.070          11.836    216.655       0.322       0.237                0.009               0.000               0.000         37116452.746   1.00000 
  2609.070          11.828    216.655       0.322       0.237                0.009               0.000               0.000         37116452.755   1.00000 
  2610.070          11.819    216.655       0.322       0.237                0.009               0.000               0.000         37116452.764   1.00000 
  2611.070          11.811    216.655       0.322       0.237                0.009               0.000               0.000         37116452.773   1.00000 
  2612.070          11.803    216.655       0.322       0.237                0.009               0.000               0.000         37116452.782   1.00000 
  2613.070          11.795    216.655       0.322       0.237                0.009               0.000               0.000         37116452.790   1.00000 
  2614.070          11.787    216.655       0.322       0.237                0.009               0.000               0.000         37116452.799   1.00000 
  2615.070          11.778    216.655       0.322       0.237                0.009               0.000               0.000         37116452.808   1.00000 
  2616.070          11.770    216.654       0.322       0.237                0.009               0.000               0.000         37116452.817   1.00000 
  2617.070          11.762    216.654       0.322       0.237                0.009               0.000               0.000         37116452.826   1.00000 
  2618.070          11.754    216.654       0.322       0.237                0.009               0.000               0.000         37116452.835   1.00000 
  2619.070          11.746    216.654       0.322       0.237                0.009               0.000               0.000         37116452.844   1.00000 
  2620.070          11.737    216.654       0.322       0.237                0.009               0.000               0.000         37116452.853   1.00000 
  2621.070          11.729    216.654       0.322       0.237                0.009               0.000               0.000         37116452.862   1.00000 
  2622.070          11.721    216.654       0.322       0.237                0.009               0.000               0.000         37116452.870   1.00000 
  2623.070          11.713    216.654       0.322       0.237                0.009               0.000               0.000         37116452.879   1.00000 
  2624.070          11.705    216.654       0.322       0.237                0.009               0.000               0.000         37116452.888   1.00000 
  2625.070          11.697    216.654       0.322       0.237                0.009               0.000               0.000         37116452.897   1.00000 
  2626.070          11.688    216.654       0.322       0.237                0.009               0.000               0.000         37116452.906   1.00000 
  2627.070          11.680    216.654       0.322       0.237                0.009               0.000               0.000         37116452.914   1.00000 
  2628.070          11.672    216.654       0.322       0.237                0.009               0.000               0.000         37116452.923   1.00000 
  2629.070          11.664    216.654       0.322       0.237                0.009               0.000               0.000         37116452.932   1.00000 
  2630.070          11.656    216.654       0.322       0.237                0.009               0.000               0.000         37116452.941   1.00000 
  2631.070          11.648    216.654       0.322       0.237                0.009               0.000               0.000         37116452.949   1.00000 
  2632.070          11.640    216.654       0.322       0.237                0.009               0.000               0.000         37116452.958   1.00000 
  2633.070          11.632    216.654       0.322       0.237                0.009               0.000               0.000         37116452.967   1.00000 
  2634.070          11.623    216.654       0.322       0.237                0.009               0.000               0.000         37116452.976   1.00000 
  2635.070          11.615    216.654       0.322       0.237                0.009               0.000               0.000         37116452.984   1.00000 
  2636.070          11.607    216.654       0.322       0.237                0.009               0.000               0.000         37116452.993   1.00000 
  2637.070          11.599    216.654       0.322       0.237                0.009               0.000               0.000         37116453.002   1.00000 
  2638.070          11.591    216.654       0.322       0.237                0.009               0.000               0.000         37116453.010   1.00000 
  2639.070          11.583    216.654       0.322       0.237                0.009               0.000               0.000         37116453.019   1.00000 
  2640.070          11.575    216.654       0.322       0.237                0.009               0.000               0.000         37116453.027   1.00000 
  2641.070          11.567    216.654       0.322       0.237                0.009               0.000               0.000         37116453.036   1.00000 
  2642.070          11.559    216.654       0.322       0.237                0.009               0.000               0.000         37116453.045   1.00000 
  2643.070          11.551    216.654       0.322       0.237                0.009               0.000               0.000         37116453.053   1.00000 
  2644.070          11.542    216.654       0.322       0.237                0.009               0.000               0.000         37116453.062   1.00000 
  2645.070          11.534    216.654       0.322       0.237                0.009               0.000               0.000         37116453.070   1.00000 
  2646.070          11.526    216.654       0.322       0.237                0.009               0.000               0.000         37116453.079   1.00000 
  2647.070          11.518    216.654       0.322       0.237                0.009               0.000               0.000         37116453.087   1.00000 
  2648.070          11.510    216.654       0.322       0.237                0.009               0.000               0.000         37116453.096   1.00000 
  2649.070          11.502    216.654       0.322       0.237                0.009               0.000               0.000         37116453.104   1.00000 
  2650.070          11.494    216.654       0.322       0.237                0.009               0.000               0.000         37116453.113   1.00000 
  2651.070          11.486    216.654       0.322       0.237                0.008               0.000               0.000         37116453.121   1.00000 
  2652.070          11.478    216.654       0.322       0.237                0.008               0.000               0.000         37116453.130   1.00000 
  2653.070          11.470    216.654       0.322       0.237                0.008               0.000               0.000         37116453.138   1.00000 
  2654.070          11.462    216.654       0.322       0.237                0.008               0.000               0.000         37116453.147   1.00000 
  2655.070          11.454    216.654       0.322       0.237                0.008               0.000               0.000         37116453.155   1.00000 
  2656.070          11.446    216.654       0.322       0.237                0.008               0.000               0.000         37116453.164   1.00000 
  2657.070          11.438    216.654       0.322       0.237                0.008               0.000               0.000         37116453.172   1.00000 
  2658.070          11.430    216.654       0.322       0.237                0.008               0.000               0.000         37116453.181   1.00000 
  2659.070          11.422    216.654       0.322       0.237                0.008               0.000               0.000         37116453.189   1.00000 
  2660.070          11.414    216.654       0.322       0.237                0.008               0.000               0.000         37116453.197   1.00000 
  2661.070          11.406    216.654       0.322       0.237                0.008               0.000               0.000         37116453.206   1.00000 
  2662.070          11.398    216.654       0.322       0.237                0.008               0.000               0.000         37116453.214   1.00000 
  2663.070          11.390    216.654       0.322       0.237                0.008               0.000               0.000         37116453.223   1.00000 
  2664.070          11.382    216.654       0.322       0.237                0.008               0.000               0.000         37116453.231   1.00000 
  2665.070          11.374    216.654       0.322       0.237                0.008               0.000               0.000         37116453.239   1.00000 
  2666.070          11.366    216.654       0.322       0.237                0.008               0.000               0.000         37116453.248   1.00000 
  2667.070          11.358    216.654       0.322       0.237                0.008               0.000               0.000         37116453.256   1.00000 
  2668.070          11.350    216.654       0.322       0.237                0.008               0.000               0.000         37116453.264   1.00000 
  2669.070          11.342    216.654       0.322       0.237                0.008               0.000               0.000         37116453.272   1.00000 
  2670.070          11.334    216.654       0.322       0.237                0.008               0.000               0.000         37116453.281   1.00000 
  2671.070          11.326    216.654       0.322       0.237                0.008               0.000               0.000         37116453.289   1.00000 
  2672.070          11.318    216.654       0.322       0.237                0.008               0.000               0.000         37116453.297   1.00000 
  2673.070          11.310    216.654       0.322       0.237                0.008               0.000               0.000         37116453.305   1.00000 
  2674.070          11.302    216.654       0.322       0.237                0.008               0.000               0.000         37116453.314   1.00000 
  2675.070          11.294    216.654       0.322       0.237                0.008               0.000               0.000         37116453.322   1.00000 
  2676.070          11.287    216.654       0.322       0.237                0.008               0.000               0.000         37116453.330   1.00000 
  2677.070          11.279    216.654       0.322       0.237                0.008               0.000               0.000         37116453.338   1.00000 
  2678.070          11.271    216.654       0.322       0.237                0.008               0.000               0.000         37116453.347   1.00000 
  2679.070          11.263    216.654       0.322       0.237                0.008               0.000               0.000         37116453.355   1.00000 
  2680.070          11.255    216.654       0.322       0.237                0.008               0.000               0.000         37116453.363   1.00000 
  2681.070          11.247    216.654       0.322       0.237                0.008               0.000               0.000         37116453.371   1.00000 
  2682.070          11.239    216.654       0.322       0.237                0.008               0.000               0.000         37116453.379   1.00000 
  2683.070          11.231    216.654       0.322       0.237                0.008               0.000               0.000         37116453.387   1.00000 
  2684.070          11.223    216.654       0.322       0.237                0.008               0.000               0.000         37116453.395   1.00000 
  2685.070          11.215    216.654       0.322       0.237                0.008               0.000               0.000         37116453.404   1.00000 
  2686.070          11.207    216.654       0.322       0.237                0.008               0.000               0.000         37116453.412   1.00000 
  2687.070          11.200    216.654       0.322       0.237                0.008               0.000               0.000         37116453.420   1.00000 
  2688.070          11.192    216.654       0.322       0.237                0.008               0.000               0.000         37116453.428   1.00000 
  2689.070          11.184    216.654       0.322       0.237                0.008               0.000               0.000         37116453.436   1.00000 
  2690.070          11.176    216.654       0.322       0.237                0.008               0.000               0.000         37116453.444   1.00000 
  2691.070          11.168    216.654       0.322       0.237                0.008               0.000               0.000         37116453.452   1.00000 
  2692.070          11.160    216.654       0.322       0.237                0.008               0.000               0.000         37116453.460   1.00000 
  2693.070          11.152    216.654       0.322       0.237                0.008               0.000               0.000         37116453.468   1.00000 
  2694.070          11.145    216.654       0.322       0.237                0.008               0.000               0.000         37116453.476   1.00000 
  2695.070          11.137    216.654       0.322       0.237                0.008               0.000               0.000         37116453.484   1.00000 
  2696.070          11.129    216.654       0.322       0.237                0.008               0.000               0.000         37116453.492   1.00000 
  2697.070          11.121    216.654       0.322       0.237                0.008               0.000               0.000         37116453.500   1.00000 
  2698.070          11.113    216.654       0.322       0.237                0.008               0.000               0.000         37116453.508   1.00000 
  2699.070          11.105    216.654       0.322       0.237                0.008               0.000               0.000         37116453.516   1.00000 
  2700.070          11.097    216.654       0.322       0.237                0.008               0.000               0.000         37116453.524   1.00000 
  2701.070          11.090    216.654       0.322       0.237                0.008               0.000               0.000         37116453.532   1.00000 
  2702.070          11.082    216.654       0.322       0.237                0.008               0.000               0.000         37116453.540   1.00000 
  2703.070          11.074    216.654       0.322       0.237                0.008               0.000               0.000         37116453.548   1.00000 
  2704.070          11.066    216.654       0.322       0.237                0.008               0.000               0.000         37116453.556   1.00000 
  2705.070          11.058    216.654       0.322       0.237                0.008               0.000               0.000         37116453.564   1.00000 
  2706.070          11.051    216.654       0.322       0.237                0.008               0.000               0.000         37116453.572   1.00000 
  2707.070          11.043    216.654       0.322       0.237                0.008               0.000               0.000         37116453.579   1.00000 
  2708.070          11.035    216.654       0.322       0.237                0.008               0.000               0.000         37116453.587   1.00000 
  2709.070          11.027    216.654       0.322       0.237                0.008               0.000               0.000         37116453.595   1.00000 
  2710.070          11.019    216.654       0.322       0.237                0.008               0.000               0.000         37116453.603   1.00000 
  2711.070          11.012    216.654       0.322       0.237                0.008               0.000               0.000         37116453.611   1.00000 
  2712.070          11.004    216.654       0.322       0.237                0.008               0.000               0.000         37116453.619   1.00000 
  2713.070          10.996    216.654       0.322       0.237                0.008               0.000               0.000         37116453.627   1.00000 
  2714.070          10.988    216.654       0.322       0.237                0.008               0.000               0.000         37116453.634   1.00000 
  2715.070          10.981    216.654       0.322       0.237                0.008               0.000               0.000         37116453.642   1.00000 
  2716.070          10.973    216.654       0.322       0.237                0.008               0.000               0.000         37116453.650   1.00000 
  2717.070          10.965    216.654       0.322       0.237                0.008               0.000               0.000         37116453.658   1.00000 
  2718.070          10.957    216.654       0.322       0.237                0.008               0.000               0.000         37116453.666   1.00000 
  2719.070          10.950    216.654       0.322       0.237                0.008               0.000               0.000         37116453.673   1.00000 
  2720.070          10.942    216.654       0.322       0.237                0.008               0.000               0.000         37116453.681   1.00000 
  2721.070          10.934    216.654       0.322       0.237                0.008               0.000               0.000         37116453.689   1.00000 
  2722.070          10.926    216.654       0.322       0.237                0.008               0.000               0.000         37116453.697   1.00000 
  2723.070          10.919    216.654       0.322       0.237                0.008               0.000               0.000         37116453.704   1.00000 
  2724.070          10.911    216.654       0.322       0.237                0.008               0.000               0.000         37116453.712   1.00000 
  2725.070          10.903    216.654       0.322       0.237                0.008               0.000               0.000         37116453.720   1.00000 
  2726.070          10.895    216.654       0.322       0.237                0.008               0.000               0.000         37116453.727   1.00000 
  2727.070          10.888    216.654       0.322       0.237                0.008               0.000               0.000         37116453.735   1.00000 
  2728.070          10.880    216.654       0.322       0.237                0.008               0.000               0.000         37116453.743   1.00000 
  2729.070          10.872    216.654       0.322       0.237                0.008               0.000               0.000         37116453.751   1.00000 
  2730.070          10.865    216.654       0.322       0.237                0.008               0.000               0.000         37116453.758   1.00000 
  2731.070          10.857    216.655       0.322       0.237                0.008               0.000               0.000         37116453.766   1.00000 
  2732.070          10.849    216.655       0.322       0.237                0.008               0.000               0.000         37116453.774   1.00000 
  2733.070          10.841    216.655       0.322       0.237                0.008               0.000               0.000         37116453.781   1.00000 
  2734.070          10.834    216.655       0.322       0.237                0.008               0.000               0.000         37116453.789   1.00000 
  2735.070          10.826    216.655       0.322       0.237                0.008               0.000               0.000         37116453.797   1.00000 
  2736.070          10.818    216.655       0.322       0.237                0.008               0.000               0.000         37116453.804   1.00000 
  2737.070          10.811    216.655       0.322       0.237                0.008               0.000               0.000         37116453.812   1.00000 
  2738.070          10.803    216.655       0.322       0.237                0.008               0.000               0.000         37116453.819   1.00000 
  2739.070          10.795    216.655       0.322       0.237                0.008               0.000               0.000         37116453.827   1.00000 
  2740.070          10.788    216.655       0.322       0.237                0.008               0.000               0.000         37116453.835   1.00000 
  2741.070          10.780    216.655       0.322       0.237                0.008               0.000               0.000         37116453.842   1.00000 
  2742.070          10.772    216.655       0.322       0.237                0.008               0.000               0.000         37116453.850   1.00000 
  2743.070          10.765    216.655       0.322       0.237                0.008               0.000               0.000         37116453.857   1.00000 
  2744.070          10.757    216.655       0.322       0.237                0.008               0.000               0.000         37116453.865   1.00000 
  2745.070          10.749    216.655       0.322       0.237                0.008               0.000               0.000         37116453.873   1.00000 
  2746.070          10.742    216.655       0.322       0.237                0.008               0.000               0.000         37116453.880   1.00000 
  2747.070          10.734    216.655       0.322       0.237                0.008               0.000               0.000         37116453.888   1.00000 
  2748.070          10.726    216.655       0.322       0.237                0.008               0.000               0.000         37116453.895   1.00000 
  2749.070          10.719    216.655       0.322       0.237                0.008               0.000               0.000         37116453.903   1.00000 
  2750.070          10.711    216.655       0.322       0.237                0.008               0.000               0.000         37116453.910   1.00000 
  2751.070          10.703    216.655       0.322       0.237                0.008               0.000               0.000         37116453.918   1.00000 
  2752.070          10.696    216.655       0.322       0.237                0.008               0.000               0.000         37116453.925   1.00000 
  2753.070          10.688    216.655       0.322       0.237                0.008               0.000               0.000         37116453.933   1.00000 
  2754.070          10.680    216.655       0.322       0.237                0.007               0.000               0.000         37116453.940   1.00000 
  2755.070          10.673    216.655       0.322       0.237                0.007               0.000               0.000         37116453.948   1.00000 
  2756.070          10.665    216.655       0.322       0.237                0.007               0.000               0.000         37116453.955   1.00000 
  2757.070          10.657    216.655       0.322       0.237                0.007               0.000               0.000         37116453.963   1.00000 
  2758.070          10.650    216.655       0.322       0.237                0.007               0.000               0.000         37116453.970   1.00000 
  2759.070          10.642    216.655       0.322       0.237                0.007               0.000               0.000         37116453.978   1.00000 
  2760.070          10.635    216.655       0.322       0.237                0.007               0.000               0.000         37116453.985   1.00000 
  2761.070          10.627    216.655       0.322       0.237                0.007               0.000               0.000         37116453.993   1.00000 
  2762.070          10.619    216.655       0.322       0.237                0.007               0.000               0.000         37116454.000   1.00000 
  2763.070          10.612    216.655       0.322       0.237                0.007               0.000               0.000         37116454.007   1.00000 
  2764.070          10.604    216.655       0.322       0.237                0.007               0.000               0.000         37116454.015   1.00000 
  2765.070          10.597    216.655       0.322       0.237                0.007               0.000               0.000         37116454.022   1.00000 
  2766.070          10.589    216.655       0.322       0.237                0.007               0.000               0.000         37116454.030   1.00000 
  2767.070          10.581    216.655       0.322       0.237                0.007               0.000               0.000         37116454.037   1.00000 
  2768.070          10.574    216.656       0.322       0.237                0.007               0.000               0.000         37116454.044   1.00000 
  2769.070          10.566    216.656       0.322       0.237                0.007               0.000               0.000         37116454.052   1.00000 
  2770.070          10.559    216.656       0.322       0.237                0.007               0.000               0.000         37116454.059   1.00000 
  2771.070          10.551    216.656       0.322       0.237                0.007               0.000               0.000         37116454.067   1.00000 
  2772.070          10.544    216.656       0.322       0.237                0.007               0.000               0.000         37116454.074   1.00000 
  2773.070          10.536    216.656       0.322       0.237                0.007               0.000               0.000         37116454.081   1.00000 
  2774.070          10.528    216.656       0.322       0.237                0.007               0.000               0.000         37116454.089   1.00000 
  2775.070          10.521    216.656       0.322       0.237                0.007               0.000               0.000         37116454.096   1.00000 
  2776.070          10.513    216.656       0.322       0.237                0.007               0.000               0.000         37116454.103   1.00000 
  2777.070          10.506    216.656       0.322       0.237                0.007               0.000               0.000         37116454.111   1.00000 
  2778.070          10.498    216.656       0.322       0.237                0.007               0.000               0.000         37116454.118   1.00000 
  2779.070          10.491    216.656       0.322       0.237                0.007               0.000               0.000         37116454.125   1.00000 
  2780.070          10.483    216.656       0.322       0.237                0.007               0.000               0.000         37116454.133   1.00000 
  2781.070          10.475    216.656       0.322       0.237                0.007               0.000               0.000         37116454.140   1.00000 
  2782.070          10.468    216.656       0.322       0.237                0.007               0.000               0.000         37116454.147   1.00000 
  2783.070          10.460    216.656       0.322       0.237                0.007               0.000               0.000         37116454.154   1.00000 
  2784.070          10.453    216.656       0.322       0.237                0.007               0.000               0.000         37116454.162   1.00000 
  2785.070          10.445    216.656       0.322       0.237                0.007               0.000               0.000         37116454.169   1.00000 
  2786.070          10.438    216.656       0.322       0.237                0.007               0.000               0.000         37116454.176   1.00000 
  2787.070          10.430    216.656       0.322       0.237                0.007               0.000               0.000         37116454.183   1.00000 
  2788.070          10.423    216.656       0.322       0.237                0.007               0.000               0.000         37116454.191   1.00000 
  2789.070          10.415    216.656       0.322       0.237                0.007               0.000               0.000         37116454.198   1.00000 
  2790.070          10.408    216.656       0.322       0.237                0.007               0.000               0.000         37116454.205   1.00000 
  2791.070          10.400    216.656       0.322       0.237                0.007               0.000               0.000         37116454.212   1.00000 
  2792.070          10.393    216.656       0.322       0.237                0.007               0.000               0.000         37116454.220   1.00000 
  2793.070          10.385    216.656       0.322       0.237                0.007               0.000               0.000         37116454.227   1.00000 
  2794.070          10.378    216.656       0.322       0.237                0.007               0.000               0.000         37116454.234   1.00000 
  2795.070          10.370    216.656       0.322       0.237                0.007               0.000               0.000         37116454.241   1.00000 
  2796.070          10.363    216.656       0.322       0.237                0.007               0.000               0.000         37116454.248   1.00000 
  2797.070          10.355    216.656       0.322       0.237                0.007               0.000               0.000         37116454.256   1.00000 
  2798.070          10.348    216.656       0.322       0.237                0.007               0.000               0.000         37116454.263   1.00000 
  2799.070          10.340    216.656       0.322       0.237                0.007               0.000               0.000         37116454.270   1.00000 
  2800.070          10.333    216.656       0.322       0.237                0.007               0.000               0.000         37116454.277   1.00000 
  2801.070          10.325    216.656       0.322       0.237                0.007               0.000               0.000         37116454.284   1.00000 
  2802.070          10.318    216.656       0.322       0.237                0.007               0.000               0.000         37116454.291   1.00000 
  2803.070          10.310    216.656       0.322       0.237                0.007               0.000               0.000         37116454.298   1.00000 
  2804.070          10.303    216.656       0.322       0.237                0.007               0.000               0.000         37116454.306   1.00000 
  2805.070          10.295    216.656       0.322       0.237                0.007               0.000               0.000         37116454.313   1.00000 
  2806.070          10.288    216.656       0.322       0.237                0.007               0.000               0.000         37116454.320   1.00000 
  2807.070          10.280    216.657       0.322       0.237                0.007               0.000               0.000         37116454.327   1.00000 
  2808.070          10.273    216.657       0.322       0.237                0.007               0.000               0.000         37116454.334   1.00000 
  2809.070          10.266    216.657       0.322       0.237                0.007               0.000               0.000         37116454.341   1.00000 
  2810.070          10.258    216.657       0.322       0.237                0.007               0.000               0.000         37116454.348   1.00000 
  2811.070          10.251    216.657       0.322       0.237                0.007               0.000               0.000         37116454.355   1.00000 
  2812.070          10.243    216.657       0.322       0.237                0.007               0.000               0.000         37116454.362   1.00000 
  2813.070          10.236    216.657       0.322       0.237                0.007               0.000               0.000         37116454.369   1.00000 
  2814.070          10.228    216.657       0.322       0.237                0.007               0.000               0.000         37116454.376   1.00000 
  2815.070          10.221    216.657       0.322       0.237                0.007               0.000               0.000         37116454.384   1.00000 
  2816.070          10.213    216.657       0.322       0.237                0.007               0.000               0.000         37116454.391   1.00000 
  2817.070          10.206    216.657       0.322       0.237                0.007               0.000               0.000         37116454.398   1.00000 
  2818.070          10.199    216.657       0.322       0.237                0.007               0.000               0.000         37116454.405   1.00000 
  2819.070          10.191    216.657       0.322       0.237                0.007               0.000               0.000         37116454.412   1.00000 
  2820.070          10.184    216.657       0.322       0.237                0.007               0.000               0.000         37116454.419   1.00000 
  2821.070          10.176    216.657       0.322       0.237                0.007               0.000               0.000         37116454.426   1.00000 
  2822.070          10.169    216.657       0.322       0.237                0.007               0.000               0.000         37116454.433   1.00000 
  2823.070          10.162    216.657       0.322       0.237                0.007               0.000               0.000         37116454.440   1.00000 
  2824.070          10.154    216.657       0.322       0.237                0.007               0.000               0.000         37116454.447   1.00000 
  2825.070          10.147    216.657       0.322       0.237                0.007               0.000               0.000         37116454.454   1.00000 
  2826.070          10.139    216.657       0.322       0.237                0.007               0.000               0.000         37116454.461   1.00000 
  2827.070          10.132    216.657       0.322       0.237                0.007               0.000               0.000         37116454.468   1.00000 
  2828.070          10.125    216.657       0.322       0.237                0.007               0.000               0.000         37116454.475   1.00000 
  2829.070          10.117    216.657       0.322       0.237                0.007               0.000               0.000         37116454.481   1.00000 
  2830.070          10.110    216.657       0.322       0.237                0.007               0.000               0.000         37116454.488   1.00000 
  2831.070          10.102    216.657       0.322       0.237                0.007               0.000               0.000         37116454.495   1.00000 
  2832.070          10.095    216.657       0.322       0.237                0.007               0.000               0.000         37116454.502   1.00000 
  2833.070          10.088    216.657       0.322       0.237                0.007               0.000               0.000         37116454.509   1.00000 
  2834.070          10.080    216.657       0.322       0.237                0.007               0.000               0.000         37116454.516   1.00000 
  2835.070          10.073    216.657       0.322       0.237                0.007               0.000               0.000         37116454.523   1.00000 
  2836.070          10.065    216.657       0.322       0.237                0.007               0.000               0.000         37116454.530   1.00000 
  2837.070          10.058    216.657       0.322       0.237                0.007               0.000               0.000         37116454.537   1.00000 
  2838.070          10.051    216.657       0.322       0.237                0.007               0.000               0.000         37116454.544   1.00000 
  2839.070          10.043    216.657       0.322       0.237                0.007               0.000               0.000         37116454.551   1.00000 
  2840.070          10.036    216.657       0.322       0.237                0.007               0.000               0.000         37116454.558   1.00000 
  2841.070          10.029    216.657       0.322       0.237                0.007               0.000               0.000         37116454.564   1.00000 
  2842.070          10.021    216.657       0.322       0.237                0.007               0.000               0.000         37116454.571   1.00000 
  2843.070          10.014    216.657       0.322       0.237                0.007               0.000               0.000         37116454.578   1.00000 
  2844.070          10.007    216.657       0.322       0.237                0.007               0.000               0.000         37116454.585   1.00000 
  2845.070           9.999    216.657       0.322       0.237                0.007               0.000               0.000         37116454.592   1.00000 
  2846.070           9.992    216.657       0.322       0.237                0.007               0.000               0.000         37116454.599   1.00000 
  2847.070           9.985    216.657       0.322       0.237                0.007               0.000               0.000         37116454.605   1.00000 
  2848.070           9.977    216.658       0.322       0.237                0.007               0.000               0.000         37116454.612   1.00000 
  2849.070           9.970    216.658       0.322       0.237                0.007               0.000               0.000         37116454.619   1.00000 
  2850.070           9.963    216.658       0.322       0.237                0.007               0.000               0.000         37116454.626   1.00000 
  2851.070           9.955    216.658       0.322       0.237                0.007               0.000               0.000         37116454.633   1.00000 
  2852.070           9.948    216.658       0.322       0.237                0.007               0.000               0.000         37116454.640   1.00000 
  2853.070           9.941    216.658       0.322       0.237                0.007               0.000               0.000         37116454.646   1.00000 
  2854.070           9.933    216.658       0.322       0.237                0.007               0.000               0.000         37116454.653   1.00000 
  2855.070           9.926    216.658       0.322       0.237                0.007               0.000               0.000         37116454.660   1.00000 
  2856.070           9.919    216.658       0.322       0.237                0.007               0.000               0.000         37116454.667   1.00000 
  2857.070           9.911    216.658       0.322       0.237                0.007               0.000               0.000         37116454.673   1.00000 
  2858.070           9.904    216.658       0.322       0.237                0.007               0.000               0.000         37116454.680   1.00000 
  2859.070           9.897    216.658       0.322       0.237                0.007               0.000               0.000         37116454.687   1.00000 
  2860.070           9.890    216.658       0.322       0.237                0.007               0.000               0.000         37116454.694   1.00000 
  2861.070           9.882    216.658       0.322       0.237                0.007               0.000               0.000         37116454.700   1.00000 
  2862.070           9.875    216.658       0.322       0.237                0.007               0.000               0.000         37116454.707   1.00000 
  2863.070           9.868    216.658       0.322       0.237                0.007               0.000               0.000         37116454.714   1.00000 
  2864.070           9.860    216.658       0.322       0.237                0.007               0.000               0.000         37116454.721   1.00000 
  2865.070           9.853    216.658       0.322       0.237                0.007               0.000               0.000         37116454.727   1.00000 
  2866.070           9.846    216.658       0.322       0.237                0.007               0.000               0.000         37116454.734   1.00000 
  2867.070           9.839    216.658       0.322       0.237                0.007               0.000               0.000         37116454.741   1.00000 
  2868.070           9.831    216.658       0.322       0.237                0.007               0.000               0.000         37116454.747   1.00000 
  2869.070           9.824    216.658       0.322       0.237                0.007               0.000               0.000         37116454.754   1.00000 
  2870.070           9.817    216.658       0.322       0.237                0.007               0.000               0.000         37116454.761   1.00000 
  2871.070           9.810    216.658       0.322       0.237                0.007               0.000               0.000         37116454.767   1.00000 
  2872.070           9.802    216.658       0.322       0.237                0.007               0.000               0.000         37116454.774   1.00000 
  2873.070           9.795    216.658       0.322       0.237                0.007               0.000               0.000         37116454.781   1.00000 
  2874.070           9.788    216.658       0.322       0.237                0.007               0.000               0.000         37116454.787   1.00000 
  2875.070           9.781    216.658       0.322       0.237                0.007               0.000               0.000         37116454.794   1.00000 
  2876.070           9.773    216.658       0.322       0.237                0.007               0.000               0.000         37116454.801   1.00000 
  2877.070           9.766    216.658       0.322       0.237                0.007               0.000               0.000         37116454.807   1.00000 
  2878.070           9.759    216.658       0.322       0.237                0.007               0.000               0.000         37116454.814   1.00000 
  2879.070           9.752    216.658       0.322       0.237                0.007               0.000               0.000         37116454.821   1.00000 
  2880.070           9.744    216.658       0.322       0.237                0.007               0.000               0.000         37116454.827   1.00000 
  2881.070           9.737    216.658       0.322       0.237                0.007               0.000               0.000         37116454.834   1.00000 
  2882.070           9.730    216.658       0.322       0.237                0.007               0.000               0.000         37116454.840   1.00000 
  2883.070           9.723    216.658       0.322       0.237                0.007               0.000               0.000         37116454.847   1.00000 
  2884.070           9.715    216.658       0.322       0.237                0.007               0.000               0.000         37116454.854   1.00000 
  2885.070           9.708    216.658       0.322       0.237                0.007               0.000               0.000         37116454.860   1.00000 
  2886.070           9.701    216.658       0.322       0.237                0.007               0.000               0.000         37116454.867   1.00000 
  2887.070           9.694    216.658       0.322       0.237                0.007               0.000               0.000         37116454.873   1.00000 
  2888.070           9.687    216.658       0.322       0.237                0.007               0.000               0.000         37116454.880   1.00000 
  2889.070           9.679    216.658       0.322       0.237                0.007               0.000               0.000         37116454.887   1.00000 
  2890.070           9.672    216.659       0.322       0.237                0.007               0.000               0.000         37116454.893   1.00000 
  2891.070           9.665    216.659       0.322       0.237                0.007               0.000               0.000         37116454.900   1.00000 
  2892.070           9.658    216.659       0.322       0.237                0.007               0.000               0.000         37116454.906   1.00000 
  2893.070           9.651    216.659       0.322       0.237                0.007               0.000               0.000         37116454.913   1.00000 
  2894.070           9.643    216.659       0.322       0.237                0.007               0.000               0.000         37116454.919   1.00000 
  2895.070           9.636    216.659       0.322       0.237                0.007               0.000               0.000         37116454.926   1.00000 
  2896.070           9.629    216.659       0.322       0.237                0.007               0.000               0.000         37116454.932   1.00000 
  2897.070           9.622    216.659       0.322       0.237                0.007               0.000               0.000         37116454.939   1.00000 
  2898.070           9.615    216.659       0.322       0.237                0.007               0.000               0.000         37116454.945   1.00000 
  2899.070           9.608    216.659       0.322       0.237                0.007               0.000               0.000         37116454.952   1.00000 
  2900.070           9.600    216.659       0.322       0.237                0.006               0.000               0.000         37116454.958   1.00000 
  2901.070           9.593    216.659       0.322       0.237                0.006               0.000               0.000         37116454.965   1.00000 
  2902.070           9.586    216.659       0.322       0.237                0.006               0.000               0.000         37116454.971   1.00000 
  2903.070           9.579    216.659       0.322       0.237                0.006               0.000               0.000         37116454.978   1.00000 
  2904.070           9.572    216.659       0.322       0.237                0.006               0.000               0.000         37116454.984   1.00000 
  2905.070           9.565    216.659       0.322       0.237                0.006               0.000               0.000         37116454.991   1.00000 
  2906.070           9.557    216.659       0.322       0.237                0.006               0.000               0.000         37116454.997   1.00000 
  2907.070           9.550    216.659       0.322       0.237                0.006               0.000               0.000         37116455.004   1.00000 
  2908.070           9.543    216.659       0.322       0.237                0.006               0.000               0.000         37116455.010   1.00000 
  2909.070           9.536    216.659       0.322       0.237                0.006               0.000               0.000         37116455.016   1.00000 
  2910.070           9.529    216.659       0.322       0.237                0.006               0.000               0.000         37116455.023   1.00000 
  2911.070           9.522    216.659       0.322       0.237                0.006               0.000               0.000         37116455.029   1.00000 
  2912.070           9.515    216.659       0.322       0.237                0.006               0.000               0.000         37116455.036   1.00000 
  2913.070           9.507    216.659       0.322       0.237                0.006               0.000               0.000         37116455.042   1.00000 
  2914.070           9.500    216.659       0.322       0.237                0.006               0.000               0.000         37116455.049   1.00000 
  2915.070           9.493    216.659       0.322       0.237                0.006               0.000               0.000         37116455.055   1.00000 
  2916.070           9.486    216.659       0.322       0.237                0.006               0.000               0.000         37116455.061   1.00000 
  2917.070           9.479    216.659       0.322       0.237                0.006               0.000               0.000         37116455.068   1.00000 
  2918.070           9.472    216.659       0.322       0.237                0.006               0.000               0.000         37116455.074   1.00000 
  2919.070           9.465    216.659       0.322       0.237                0.006               0.000               0.000         37116455.081   1.00000 
  2920.070           9.458    216.659       0.322       0.237                0.006               0.000               0.000         37116455.087   1.00000 
  2921.070           9.451    216.659       0.322       0.237                0.006               0.000               0.000         37116455.093   1.00000 
  2922.070           9.443    216.659       0.322       0.237                0.006               0.000               0.000         37116455.100   1.00000 
  2923.070           9.436    216.659       0.322       0.237                0.006               0.000               0.000         37116455.106   1.00000 
  2924.070           9.429    216.659       0.322       0.237                0.006               0.000               0.000         37116455.112   1.00000 
  2925.070           9.422    216.659       0.322       0.237                0.006               0.000               0.000         37116455.119   1.00000 
  2926.070           9.415    216.659       0.322       0.237                0.006               0.000               0.000         37116455.125   1.00000 
  2927.070           9.408    216.659       0.322       0.237                0.006               0.000               0.000         37116455.131   1.00000 
  2928.070           9.401    216.659       0.322       0.237                0.006               0.000               0.000         37116455.138   1.00000 
  2929.070           9.394    216.659       0.322       0.237                0.006               0.000               0.000         37116455.144   1.00000 
  2930.070           9.387    216.659       0.322       0.237                0.006               0.000               0.000         37116455.150   1.00000 
  2931.070           9.380    216.659       0.322       0.237                0.006               0.000               0.000         37116455.157   1.00000 
  2932.070           9.373    216.659       0.322       0.237                0.006               0.000               0.000         37116455.163   1.00000 
  2933.070           9.365    216.659       0.322       0.237                0.006               0.000               0.000         37116455.169   1.00000 
  2934.070           9.358    216.660       0.322       0.237                0.006               0.000               0.000         37116455.176   1.00000 
  2935.070           9.351    216.660       0.322       0.237                0.006               0.000               0.000         37116455.182   1.00000 
  2936.070           9.344    216.660       0.322       0.237                0.006               0.000               0.000         37116455.188   1.00000 
  2937.070           9.337    216.660       0.322       0.237                0.006               0.000               0.000         37116455.194   1.00000 
  2938.070           9.330    216.660       0.322       0.237                0.006               0.000               0.000         37116455.201   1.00000 
  2939.070           9.323    216.660       0.322       0.237                0.006               0.000               0.000         37116455.207   1.00000 
  2940.070           9.316    216.660       0.322       0.237                0.006               0.000               0.000         37116455.213   1.00000 
  2941.070           9.309    216.660       0.322       0.237                0.006               0.000               0.000         37116455.219   1.00000 
  2942.070           9.302    216.660       0.322       0.237                0.006               0.000               0.000         37116455.226   1.00000 
  2943.070           9.295    216.660       0.322       0.237                0.006               0.000               0.000         37116455.232   1.00000 
  2944.070           9.288    216.660       0.322       0.237                0.006               0.000               0.000         37116455.238   1.00000 
  2945.070           9.281    216.660       0.322       0.237                0.006               0.000               0.000         37116455.244   1.00000 
  2946.070           9.274    216.660       0.322       0.237                0.006               0.000               0.000         37116455.251   1.00000 
  2947.070           9.267    216.660       0.322       0.237                0.006               0.000               0.000         37116455.257   1.00000 
  2948.070           9.260    216.660       0.322       0.237                0.006               0.000               0.000         37116455.263   1.00000 
  2949.070           9.253    216.660       0.322       0.237                0.006               0.000               0.000         37116455.269   1.00000 
  2950.070           9.246    216.660       0.322       0.237                0.006               0.000               0.000         37116455.275   1.00000 
  2951.070           9.239    216.660       0.322       0.237                0.006               0.000               0.000         37116455.282   1.00000 
  2952.070           9.232    216.660       0.322       0.237                0.006               0.000               0.000         37116455.288   1.00000 
  2953.070           9.225    216.660       0.322       0.237                0.006               0.000               0.000         37116455.294   1.00000 
  2954.070           9.218    216.660       0.322       0.237                0.006               0.000               0.000         37116455.300   1.00000 
  2955.070           9.211    216.660       0.322       0.237                0.006               0.000               0.000         37116455.306   1.00000 
  2956.070           9.204    216.660       0.322       0.237                0.006               0.000               0.000         37116455.313   1.00000 
  2957.070           9.197    216.660       0.322       0.237                0.006               0.000               0.000         37116455.319   1.00000 
  2958.070           9.190    216.660       0.322       0.237                0.006               0.000               0.000         37116455.325   1.00000 
  2959.070           9.183    216.660       0.322       0.237                0.006               0.000               0.000         37116455.331   1.00000 
  2960.070           9.176    216.660       0.322       0.237                0.006               0.000               0.000         37116455.337   1.00000 
  2961.070           9.169    216.660       0.322       0.237                0.006               0.000               0.000         37116455.343   1.00000 
  2962.070           9.162    216.660       0.322       0.237                0.006               0.000               0.000         37116455.349   1.00000 
  2963.070           9.155    216.660       0.322       0.237                0.006               0.000               0.000         37116455.356   1.00000 
  2964.070           9.148    216.660       0.322       0.237                0.006               0.000               0.000         37116455.362   1.00000 
  2965.070           9.141    216.660       0.322       0.237                0.006               0.000               0.000         37116455.368   1.00000 
  2966.070           9.134    216.660       0.322       0.237                0.006               0.000               0.000         37116455.374   1.00000 
  2967.070           9.127    216.660       0.322       0.237                0.006               0.000               0.000         37116455.380   1.00000 
  2968.070           9.120    216.660       0.322       0.237                0.006               0.000               0.000         37116455.386   1.00000 
  2969.070           9.113    216.660       0.322       0.237                0.006               0.000               0.000         37116455.392   1.00000 
  2970.070           9.106    216.660       0.322       0.237                0.006               0.000               0.000         37116455.398   1.00000 
  2971.070           9.099    216.660       0.322       0.237                0.006               0.000               0.000         37116455.404   1.00000 
  2972.070           9.092    216.660       0.322       0.237                0.006               0.000               0.000         37116455.410   1.00000 
  2973.070           9.085    216.660       0.322       0.237                0.006               0.000               0.000         37116455.417   1.00000 
  2974.070           9.078    216.660       0.322       0.237                0.006               0.000               0.000         37116455.423   1.00000 
  2975.070           9.071    216.660       0.322       0.237                0.006               0.000               0.000         37116455.429   1.00000 
  2976.070           9.064    216.660       0.322       0.237                0.006               0.000               0.000         37116455.435   1.00000 
  2977.070           9.057    216.660       0.322       0.237                0.006               0.000               0.000         37116455.441   1.00000 
  2978.070           9.050    216.660       0.322       0.237                0.006               0.000               0.000         37116455.447   1.00000 
  2979.070           9.043    216.660       0.322       0.237                0.006               0.000               0.000         37116455.453   1.00000 
  2980.070           9.036    216.661       0.322       0.237                0.006               0.000               0.000         37116455.459   1.00000 
  2981.070           9.030    216.661       0.322       0.237                0.006               0.000               0.000         37116455.465   1.00000 
  2982.070           9.023    216.661       0.322       0.237                0.006               0.000               0.000         37116455.471   1.00000 
  2983.070           9.016    216.661       0.322       0.237                0.006               0.000               0.000         37116455.477   1.00000 
  2984.070           9.009    216.661       0.322       0.237                0.006               0.000               0.000         37116455.483   1.00000 
  2985.070           9.002    216.661       0.322       0.237                0.006               0.000               0.000         37116455.489   1.00000 
  2986.070           8.995    216.661       0.322       0.237                0.006               0.000               0.000         37116455.495   1.00000 
  2987.070           8.988    216.661       0.322       0.237                0.006               0.000               0.000         37116455.501   1.00000 
  2988.070           8.981    216.661       0.322       0.237                0.006               0.000               0.000         37116455.507   1.00000 
  2989.070           8.974    216.661       0.322       0.237                0.006               0.000               0.000         37116455.513   1.00000 
  2990.070           8.967    216.661       0.322       0.237                0.006               0.000               0.000         37116455.519   1.00000 
  2991.070           8.960    216.661       0.322       0.237                0.006               0.000               0.000         37116455.525   1.00000 
  2992.070           8.954    216.661       0.322       0.237                0.006               0.000               0.000         37116455.531   1.00000 
  2993.070           8.947    216.661       0.322       0.237                0.006               0.000               0.000         37116455.537   1.00000 
  2994.070           8.940    216.661       0.322       0.237                0.006               0.000               0.000         37116455.543   1.00000 
  2995.070           8.933    216.661       0.322       0.237                0.006               0.000               0.000         37116455.549   1.00000 
  2996.070           8.926    216.661       0.322       0.237                0.006               0.000               0.000         37116455.555   1.00000 
  2997.070           8.919    216.661       0.322       0.237                0.006               0.000               0.000         37116455.561   1.00000 
  2998.070           8.912    216.661       0.322       0.237                0.006               0.000               0.000         37116455.567   1.00000 
  2999.070           8.905    216.661       0.322       0.237                0.006               0.000               0.000         37116455.573   1.00000 
  3000.070           8.898    216.661       0.322       0.237                0.006               0.000               0.000         37116455.579   1.00000 
  3001.070           8.892    216.661       0.322       0.237                0.006               0.000               0.000         37116455.584   1.00000 
  3002.070           8.885    216.661       0.322       0.237                0.006               0.000               0.000         37116455.590   1.00000 
  3003.070           8.878    216.661       0.322       0.237                0.006               0.000               0.000         37116455.596   1.00000 
  3004.070           8.871    216.661       0.322       0.237                0.006               0.000               0.000         37116455.602   1.00000 
  3005.070           8.864    216.661       0.322       0.237                0.006               0.000               0.000         37116455.608   1.00000 
  3006.070           8.857    216.661       0.322       0.237                0.006               0.000               0.000         37116455.614   1.00000 
  3007.070           8.850    216.661       0.322       0.237                0.006               0.000               0.000         37116455.620   1.00000 
  3008.070           8.844    216.661       0.322       0.237                0.006               0.000               0.000         37116455.626   1.00000 
  3009.070           8.837    216.661       0.322       0.237                0.006               0.000               0.000         37116455.632   1.00000 
  3010.070           8.830    216.661       0.322       0.237                0.006               0.000               0.000         37116455.638   1.00000 
  3011.070           8.823    216.661       0.322       0.237                0.006               0.000               0.000         37116455.643   1.00000 
  3012.070           8.816    216.661       0.322       0.237                0.006               0.000               0.000         37116455.649   1.00000 
  3013.070           8.809    216.661       0.322       0.237                0.006               0.000               0.000         37116455.655   1.00000 
  3014.070           8.803    216.661       0.322       0.237                0.006               0.000               0.000         37116455.661   1.00000 
  3015.070           8.796    216.661       0.322       0.237                0.006               0.000               0.000         37116455.667   1.00000 
  3016.070           8.789    216.661       0.322       0.237                0.006               0.000               0.000         37116455.673   1.00000 
  3017.070           8.782    216.661       0.322       0.237                0.006               0.000               0.000         37116455.679   1.00000 
  3018.070           8.775    216.661       0.322       0.237                0.006               0.000               0.000         37116455.684   1.00000 
  3019.070           8.768    216.661       0.322       0.237                0.006               0.000               0.000         37116455.690   1.00000 
  3020.070           8.762    216.661       0.322       0.237                0.006               0.000               0.000         37116455.696   1.00000 
  3021.070           8.755    216.661       0.322       0.237                0.006               0.000               0.000         37116455.702   1.00000 
  3022.070           8.748    216.661       0.322       0.237                0.006               0.000               0.000         37116455.708   1.00000 
  3023.070           8.741    216.661       0.322       0.237                0.006               0.000               0.000         37116455.713   1.00000 
  3024.070           8.734    216.661       0.322       0.237                0.006               0.000               0.000         37116455.719   1.00000 
  3025.070           8.728    216.661       0.322       0.237                0.006               0.000               0.000         37116455.725   1.00000 
  3026.070           8.721    216.661       0.322       0.237                0.006               0.000               0.000         37116455.731   1.00000 
  3027.070           8.714    216.661       0.322       0.237                0.006               0.000               0.000         37116455.737   1.00000 
  3028.070           8.707    216.662       0.322       0.237                0.006               0.000               0.000         37116455.742   1.00000 
  3029.070           8.700    216.662       0.322       0.237                0.006               0.000               0.000         37116455.748   1.00000 
  3030.070           8.694    216.662       0.322       0.237                0.006               0.000               0.000         37116455.754   1.00000 
  3031.070           8.687    216.662       0.322       0.237                0.006               0.000               0.000         37116455.760   1.00000 
  3032.070           8.680    216.662       0.322       0.237                0.006               0.000               0.000         37116455.766   1.00000 
  3033.070           8.673    216.662       0.322       0.237                0.006               0.000               0.000         37116455.771   1.00000 
  3034.070           8.666    216.662       0.322       0.237                0.006               0.000               0.000         37116455.777   1.00000 
  3035.070           8.660    216.662       0.322       0.237                0.006               0.000               0.000         37116455.783   1.00000 
  3036.070           8.653    216.662       0.322       0.237                0.006               0.000               0.000         37116455.789   1.00000 
  3037.070           8.646    216.662       0.322       0.237                0.006               0.000               0.000         37116455.794   1.00000 
  3038.070           8.639    216.662       0.322       0.237                0.006               0.000               0.000         37116455.800   1.00000 
  3039.070           8.633    216.662       0.322       0.237                0.006               0.000               0.000         37116455.806   1.00000 
  3040.070           8.626    216.662       0.322       0.237                0.006               0.000               0.000         37116455.812   1.00000 
  3041.070           8.619    216.662       0.322       0.237                0.006               0.000               0.000         37116455.817   1.00000 
  3042.070           8.612    216.662       0.322       0.237                0.006               0.000               0.000         37116455.823   1.00000 
  3043.070           8.606    216.662       0.322       0.237                0.006               0.000               0.000         37116455.829   1.00000 
  3044.070           8.599    216.662       0.322       0.237                0.006               0.000               0.000         37116455.834   1.00000 
  3045.070           8.592    216.662       0.322       0.237                0.006               0.000               0.000         37116455.840   1.00000 
  3046.070           8.585    216.662       0.322       0.237                0.006               0.000               0.000         37116455.846   1.00000 
  3047.070           8.579    216.662       0.322       0.237                0.006               0.000               0.000         37116455.851   1.00000 
  3048.070           8.572    216.662       0.322       0.237                0.006               0.000               0.000         37116455.857   1.00000 
  3049.070           8.565    216.662       0.322       0.237                0.006               0.000               0.000         37116455.863   1.00000 
  3050.070           8.558    216.662       0.322       0.237                0.006               0.000               0.000         37116455.869   1.00000 
  3051.070           8.552    216.662       0.322       0.237                0.006               0.000               0.000         37116455.874   1.00000 
  3052.070           8.545    216.662       0.322       0.237                0.006               0.000               0.000         37116455.880   1.00000 
  3053.070           8.538    216.662       0.322       0.237                0.006               0.000               0.000         37116455.886   1.00000 
  3054.070           8.531    216.662       0.322       0.237                0.006               0.000               0.000         37116455.891   1.00000 
  3055.070           8.525    216.662       0.322       0.237                0.006               0.000               0.000         37116455.897   1.00000 
  3056.070           8.518    216.662       0.322       0.237                0.006               0.000               0.000         37116455.902   1.00000 
  3057.070           8.511    216.662       0.322       0.237                0.006               0.000               0.000         37116455.908   1.00000 
  3058.070           8.505    216.662       0.322       0.237                0.006               0.000               0.000         37116455.914   1.00000 
  3059.070           8.498    216.662       0.322       0.237                0.006               0.000               0.000         37116455.919   1.00000 
  3060.070           8.491    216.662       0.322       0.237                0.006               0.000               0.000         37116455.925   1.00000 
  3061.070           8.484    216.662       0.322       0.237                0.006               0.000               0.000         37116455.931   1.00000 
  3062.070           8.478    216.662       0.322       0.237                0.006               0.000               0.000         37116455.936   1.00000 
  3063.070           8.471    216.662       0.322       0.237                0.006               0.000               0.000         37116455.942   1.00000 
  3064.070           8.464    216.662       0.322       0.237                0.006               0.000               0.000         37116455.947   1.00000 
  3065.070           8.458    216.662       0.322       0.237                0.006               0.000               0.000         37116455.953   1.00000 
  3066.070           8.451    216.662       0.322       0.237                0.006               0.000               0.000         37116455.959   1.00000 
  3067.070           8.444    216.662       0.322       0.237                0.006               0.000               0.000         37116455.964   1.00000 
  3068.070           8.438    216.662       0.322       0.237                0.006               0.000               0.000         37116455.970   1.00000 
  3069.070           8.431    216.662       0.322       0.237                0.006               0.000               0.000         37116455.975   1.00000 
  3070.070           8.424    216.662       0.322       0.237                0.006               0.000               0.000         37116455.981   1.00000 
  3071.070           8.418    216.662       0.322       0.237                0.006               0.000               0.000         37116455.987   1.00000 
  3072.070           8.411    216.662       0.322       0.237                0.006               0.000               0.000         37116455.992   1.00000 
  3073.070           8.404    216.662       0.322       0.237                0.006               0.000               0.000         37116455.998   1.00000 
  3074.070           8.398    216.662       0.322       0.237                0.006               0.000               0.000         37116456.003   1.00000 
  3075.070           8.391    216.662       0.322       0.237                0.006               0.000               0.000         37116456.009   1.00000 
  3076.070           8.384    216.662       0.322       0.237                0.006               0.000               0.000         37116456.014   1.00000 
  3077.070           8.378    216.663       0.322       0.237                0.006               0.000               0.000         37116456.020   1.00000 
  3078.070           8.371    216.663       0.322       0.237                0.006               0.000               0.000         37116456.026   1.00000 
  3079.070           8.364    216.663       0.322       0.237                0.006               0.000               0.000         37116456.031   1.00000 
  3080.070           8.358    216.663       0.322       0.237                0.006               0.000               0.000         37116456.037   1.00000 
  3081.070           8.351    216.663       0.322       0.237                0.006               0.000               0.000         37116456.042   1.00000 
  3082.070           8.344    216.663       0.322       0.237                0.006               0.000               0.000         37116456.048   1.00000 
  3083.070           8.338    216.663       0.322       0.237                0.006               0.000               0.000         37116456.053   1.00000 
  3084.070           8.331    216.663       0.322       0.237                0.006               0.000               0.000         37116456.059   1.00000 
  3085.070           8.324    216.663       0.322       0.237                0.006               0.000               0.000         37116456.064   1.00000 
  3086.070           8.318    216.663       0.322       0.237                0.006               0.000               0.000         37116456.070   1.00000 
  3087.070           8.311    216.663       0.322       0.237                0.006               0.000               0.000         37116456.075   1.00000 
  3088.070           8.305    216.663       0.322       0.237                0.005               0.000               0.000         37116456.081   1.00000 
  3089.070           8.298    216.663       0.322       0.237                0.005               0.000               0.000         37116456.086   1.00000 
  3090.070           8.291    216.663       0.322       0.237                0.005               0.000               0.000         37116456.092   1.00000 
  3091.070           8.285    216.663       0.322       0.237                0.005               0.000               0.000         37116456.097   1.00000 
  3092.070           8.278    216.663       0.322       0.237                0.005               0.000               0.000         37116456.103   1.00000 
  3093.070           8.271    216.663       0.322       0.237                0.005               0.000               0.000         37116456.108   1.00000 
  3094.070           8.265    216.663       0.322       0.237                0.005               0.000               0.000         37116456.114   1.00000 
  3095.070           8.258    216.663       0.322       0.237                0.005               0.000               0.000         37116456.119   1.00000 
  3096.070           8.252    216.663       0.322       0.237                0.005               0.000               0.000         37116456.125   1.00000 
  3097.070           8.245    216.663       0.322       0.237                0.005               0.000               0.000         37116456.130   1.00000 
  3098.070           8.238    216.663       0.322       0.237                0.005               0.000               0.000         37116456.135   1.00000 
  3099.070           8.232    216.663       0.322       0.237                0.005               0.000               0.000         37116456.141   1.00000 
  3100.070           8.225    216.663       0.322       0.237                0.005               0.000               0.000         37116456.146   1.00000 
  3101.070           8.219    216.663       0.322       0.237                0.005               0.000               0.000         37116456.152   1.00000 
  3102.070           8.212    216.663       0.322       0.237                0.005               0.000               0.000         37116456.157   1.00000 
  3103.070           8.205    216.663       0.322       0.237                0.005               0.000               0.000         37116456.163   1.00000 
  3104.070           8.199    216.663       0.322       0.237                0.005               0.000               0.000         37116456.168   1.00000 
  3105.070           8.192    216.663       0.322       0.237                0.005               0.000               0.000         37116456.174   1.00000 
  3106.070           8.186    216.663       0.322       0.237                0.005               0.000               0.000         37116456.179   1.00000 
  3107.070           8.179    216.663       0.322       0.237                0.005               0.000               0.000         37116456.184   1.00000 
  3108.070           8.173    216.663       0.322       0.237                0.005               0.000               0.000         37116456.190   1.00000 
  3109.070           8.166    216.663       0.322       0.237                0.005               0.000               0.000         37116456.195   1.00000 
  3110.070           8.159    216.663       0.322       0.237                0.005               0.000               0.000         37116456.201   1.00000 
  3111.070           8.153    216.663       0.322       0.237                0.005               0.000               0.000         37116456.206   1.00000 
  3112.070           8.146    216.663       0.322       0.237                0.005               0.000               0.000         37116456.211   1.00000 
  3113.070           8.140    216.663       0.322       0.237                0.005               0.000               0.000         37116456.217   1.00000 
  3114.070           8.133    216.663       0.322       0.237                0.005               0.000               0.000         37116456.222   1.00000 
  3115.070           8.127    216.663       0.322       0.237                0.005               0.000               0.000         37116456.227   1.00000 
  3116.070           8.120    216.663       0.322       0.237                0.005               0.000               0.000         37116456.233   1.00000 
  3117.070           8.114    216.663       0.322       0.237                0.005               0.000               0.000         37116456.238   1.00000 
  3118.070           8.107    216.663       0.322       0.237                0.005               0.000               0.000         37116456.244   1.00000 
  3119.070           8.100    216.663       0.322       0.237                0.005               0.000               0.000         37116456.249   1.00000 
  3120.070           8.094    216.663       0.322       0.237                0.005               0.000               0.000         37116456.254   1.00000 
  3121.070           8.087    216.663       0.322       0.237                0.005               0.000               0.000         37116456.260   1.00000 
  3122.070           8.081    216.663       0.322       0.237                0.005               0.000               0.000         37116456.265   1.00000 
  3123.070           8.074    216.663       0.322       0.237                0.005               0.000               0.000         37116456.270   1.00000 
  3124.070           8.068    216.663       0.322       0.237                0.005               0.000               0.000         37116456.276   1.00000 
  3125.070           8.061    216.663       0.322       0.237                0.005               0.000               0.000         37116456.281   1.00000 
  3126.070           8.055    216.663       0.322       0.237                0.005               0.000               0.000         37116456.286   1.00000 
  3127.070           8.048    216.663       0.322       0.237                0.005               0.000               0.000         37116456.292   1.00000 
  3128.070           8.042    216.663       0.322       0.237                0.005               0.000               0.000         37116456.297   1.00000 
  3129.070           8.035    216.663       0.322       0.237                0.005               0.000               0.000         37116456.302   1.00000 
  3130.070           8.029    216.664       0.322       0.237                0.005               0.000               0.000         37116456.308   1.00000 
  3131.070           8.022    216.664       0.322       0.237                0.005               0.000               0.000         37116456.313   1.00000 
  3132.070           8.016    216.664       0.322       0.237                0.005               0.000               0.000         37116456.318   1.00000 
  3133.070           8.009    216.664       0.322       0.237                0.005               0.000               0.000         37116456.324   1.00000 
  3134.070           8.003    216.664       0.322       0.237                0.005               0.000               0.000         37116456.329   1.00000 
  3135.070           7.996    216.664       0.322       0.237                0.005               0.000               0.000         37116456.334   1.00000 
  3136.070           7.990    216.664       0.322       0.237                0.005               0.000               0.000         37116456.339   1.00000 
  3137.070           7.983    216.664       0.322       0.237                0.005               0.000               0.000         37116456.345   1.00000 
  3138.070           7.977    216.664       0.322       0.237                0.005               0.000               0.000         37116456.350   1.00000 
  3139.070           7.970    216.664       0.322       0.237                0.005               0.000               0.000         37116456.355   1.00000 
  3140.070           7.964    216.664       0.322       0.237                0.005               0.000               0.000         37116456.360   1.00000 
  3141.070           7.957    216.664       0.322       0.237                0.005               0.000               0.000         37116456.366   1.00000 
  3142.070           7.951    216.664       0.322       0.237                0.005               0.000               0.000         37116456.371   1.00000 
  3143.070           7.944    216.664       0.322       0.237                0.005               0.000               0.000         37116456.376   1.00000 
  3144.070           7.938    216.664       0.322       0.237                0.005               0.000               0.000         37116456.381   1.00000 
  3145.070           7.931    216.664       0.322       0.237                0.005               0.000               0.000         37116456.387   1.00000 
  3146.070           7.925    216.664       0.322       0.237                0.005               0.000               0.000         37116456.392   1.00000 
  3147.070           7.918    216.664       0.322       0.237                0.005               0.000               0.000         37116456.397   1.00000 
  3148.070           7.912    216.664       0.322       0.237                0.005               0.000               0.000         37116456.402   1.00000 
  3149.070           7.905    216.664       0.322       0.237                0.005               0.000               0.000         37116456.408   1.00000 
  3150.070           7.899    216.664       0.322       0.237                0.005               0.000               0.000         37116456.413   1.00000 
  3151.070           7.892    216.664       0.322       0.237                0.005               0.000               0.000         37116456.418   1.00000 
  3152.070           7.886    216.664       0.322       0.237                0.005               0.000               0.000         37116456.423   1.00000 
  3153.070           7.880    216.664       0.322       0.237                0.005               0.000               0.000         37116456.429   1.00000 
  3154.070           7.873    216.664       0.322       0.237                0.005               0.000               0.000         37116456.434   1.00000 
  3155.070           7.867    216.664       0.322       0.237                0.005               0.000               0.000         37116456.439   1.00000 
  3156.070           7.860    216.664       0.322       0.237                0.005               0.000               0.000         37116456.444   1.00000 
  3157.070           7.854    216.664       0.322       0.237                0.005               0.000               0.000         37116456.449   1.00000 
  3158.070           7.847    216.664       0.322       0.237                0.005               0.000               0.000         37116456.455   1.00000 
  3159.070           7.841    216.664       0.322       0.237                0.005               0.000               0.000         37116456.460   1.00000 
  3160.070           7.834    216.664       0.322       0.237                0.005               0.000               0.000         37116456.465   1.00000 
  3161.070           7.828    216.664       0.322       0.237                0.005               0.000               0.000         37116456.470   1.00000 
  3162.070           7.822    216.664       0.322       0.237                0.005               0.000               0.000         37116456.475   1.00000 
  3163.070           7.815    216.664       0.322       0.237                0.005               0.000               0.000         37116456.480   1.00000 
  3164.070           7.809    216.664       0.322       0.237                0.005               0.000               0.000         37116456.486   1.00000 
  3165.070           7.802    216.664       0.322       0.237                0.005               0.000               0.000         37116456.491   1.00000 
  3166.070           7.796    216.664       0.322       0.237                0.005               0.000               0.000         37116456.496   1.00000 
  3167.070           7.789    216.664       0.322       0.237                0.005               0.000               0.000         37116456.501   1.00000 
  3168.070           7.783    216.664       0.322       0.237                0.005               0.000               0.000         37116456.506   1.00000 
  3169.070           7.777    216.664       0.322       0.237                0.005               0.000               0.000         37116456.511   1.00000 
  3170.070           7.770    216.664       0.322       0.237                0.005               0.000               0.000         37116456.517   1.00000 
  3171.070           7.764    216.664       0.322       0.237                0.005               0.000               0.000         37116456.522   1.00000 
  3172.070           7.757    216.664       0.322       0.237                0.005               0.000               0.000         37116456.527   1.00000 
  3173.070           7.751    216.664       0.322       0.237                0.005               0.000               0.000         37116456.532   1.00000 
  3174.070           7.745    216.664       0.322       0.237                0.005               0.000               0.000         37116456.537   1.00000 
  3175.070           7.738    216.664       0.322       0.237                0.005               0.000               0.000         37116456.542   1.00000 
  3176.070           7.732    216.664       0.322       0.237                0.005               0.000               0.000         37116456.547   1.00000 
  3177.070           7.725    216.664       0.322       0.237                0.005               0.000               0.000         37116456.552   1.00000 
  3178.070           7.719    216.664       0.322       0.237                0.005               0.000               0.000         37116456.558   1.00000 
  3179.070           7.713    216.664       0.322       0.237                0.005               0.000               0.000         37116456.563   1.00000 
  3180.070           7.706    216.664       0.322       0.237                0.005               0.000               0.000         37116456.568   1.00000 
  3181.070           7.700    216.664       0.322       0.237                0.005               0.000               0.000         37116456.573   1.00000 
  3182.070           7.693    216.664       0.322       0.237                0.005               0.000               0.000         37116456.578   1.00000 
  3183.070           7.687    216.664       0.322       0.237                0.005               0.000               0.000         37116456.583   1.00000 
  3184.070           7.681    216.665       0.322       0.237                0.005               0.000               0.000         37116456.588   1.00000 
  3185.070           7.674    216.665       0.322       0.237                0.005               0.000               0.000         37116456.593   1.00000 
  3186.070           7.668    216.665       0.322       0.237                0.005               0.000               0.000         37116456.598   1.00000 
  3187.070           7.662    216.665       0.322       0.237                0.005               0.000               0.000         37116456.603   1.00000 
  3188.070           7.655    216.665       0.322       0.237                0.005               0.000               0.000         37116456.608   1.00000 
  3189.070           7.649    216.665       0.322       0.237                0.005               0.000               0.000         37116456.613   1.00000 
  3190.070           7.643    216.665       0.322       0.237                0.005               0.000               0.000         37116456.619   1.00000 
  3191.070           7.636    216.665       0.322       0.237                0.005               0.000               0.000         37116456.624   1.00000 
  3192.070           7.630    216.665       0.322       0.237                0.005               0.000               0.000         37116456.629   1.00000 
  3193.070           7.623    216.665       0.322       0.237                0.005               0.000               0.000         37116456.634   1.00000 
  3194.070           7.617    216.665       0.322       0.237                0.005               0.000               0.000         37116456.639   1.00000 
  3195.070           7.611    216.665       0.322       0.237                0.005               0.000               0.000         37116456.644   1.00000 
  3196.070           7.604    216.665       0.322       0.237                0.005               0.000               0.000         37116456.649   1.00000 
  3197.070           7.598    216.665       0.322       0.237                0.005               0.000               0.000         37116456.654   1.00000 
  3198.070           7.592    216.665       0.322       0.237                0.005               0.000               0.000         37116456.659   1.00000 
  3199.070           7.585    216.665       0.322       0.237                0.005               0.000               0.000         37116456.664   1.00000 
  3200.070           7.579    216.665       0.322       0.237                0.005               0.000               0.000         37116456.669   1.00000 
  3201.070           7.573    216.665       0.322       0.237                0.005               0.000               0.000         37116456.674   1.00000 
  3202.070           7.566    216.665       0.322       0.237                0.005               0.000               0.000         37116456.679   1.00000 
  3203.070           7.560    216.665       0.322       0.237                0.005               0.000               0.000         37116456.684   1.00000 
  3204.070           7.554    216.665       0.322       0.237                0.005               0.000               0.000         37116456.689   1.00000 
  3205.070           7.547    216.665       0.322       0.237                0.005               0.000               0.000         37116456.694   1.00000 
  3206.070           7.541    216.665       0.322       0.237                0.005               0.000               0.000         37116456.699   1.00000 
  3207.070           7.535    216.665       0.322       0.237                0.005               0.000               0.000         37116456.704   1.00000 
  3208.070           7.529    216.665       0.322       0.237                0.005               0.000               0.000         37116456.709   1.00000 
  3209.070           7.522    216.665       0.322       0.237                0.005               0.000               0.000         37116456.714   1.00000 
  3210.070           7.516    216.665       0.322       0.237                0.005               0.000               0.000         37116456.719   1.00000 
  3211.070           7.510    216.665       0.322       0.237                0.005               0.000               0.000         37116456.724   1.00000 
  3212.070           7.503    216.665       0.322       0.237                0.005               0.000               0.000         37116456.729   1.00000 
  3213.070           7.497    216.665       0.322       0.237                0.005               0.000               0.000         37116456.734   1.00000 
  3214.070           7.491    216.665       0.322       0.237                0.005               0.000               0.000         37116456.739   1.00000 
  3215.070           7.484    216.665       0.322       0.237                0.005               0.000               0.000         37116456.744   1.00000 
  3216.070           7.478    216.665       0.322       0.237                0.005               0.000               0.000         37116456.749   1.00000 
  3217.070           7.472    216.665       0.322       0.237                0.005               0.000               0.000         37116456.754   1.00000 
  3218.070           7.466    216.665       0.322       0.237                0.005               0.000               0.000         37116456.759   1.00000 
  3219.070           7.459    216.665       0.322       0.237                0.005               0.000               0.000         37116456.764   1.00000 
  3220.070           7.453    216.665       0.322       0.237                0.005               0.000               0.000         37116456.769   1.00000 
  3221.070           7.447    216.665       0.322       0.237                0.005               0.000               0.000         37116456.773   1.00000 
  3222.070           7.440    216.665       0.322       0.237                0.005               0.000               0.000         37116456.778   1.00000 
  3223.070           7.434    216.665       0.322       0.237                0.005               0.000               0.000         37116456.783   1.00000 
  3224.070           7.428    216.665       0.322       0.237                0.005               0.000               0.000         37116456.788   1.00000 
  3225.070           7.422    216.665       0.322       0.237                0.005               0.000               0.000         37116456.793   1.00000 
  3226.070           7.415    216.665       0.322       0.237                0.005               0.000               0.000         37116456.798   1.00000 
  3227.070           7.409    216.665       0.322       0.237                0.005               0.000               0.000         37116456.803   1.00000 
  3228.070           7.403    216.665       0.322       0.237                0.005               0.000               0.000         37116456.808   1.00000 
  3229.070           7.397    216.665       0.322       0.237                0.005               0.000               0.000         37116456.813   1.00000 
  3230.070           7.390    216.665       0.322       0.237                0.005               0.000               0.000         37116456.818   1.00000 
  3231.070           7.384    216.665       0.322       0.237                0.005               0.000               0.000         37116456.823   1.00000 
  3232.070           7.378    216.665       0.322       0.237                0.005               0.000               0.000         37116456.828   1.00000 
  3233.070           7.372    216.665       0.322       0.237                0.005               0.000               0.000         37116456.832   1.00000 
  3234.070           7.365    216.665       0.322       0.237                0.005               0.000               0.000         37116456.837   1.00000 
  3235.070           7.359    216.665       0.322       0.237                0.005               0.000               0.000         37116456.842   1.00000 
  3236.070           7.353    216.665       0.322       0.237                0.005               0.000               0.000         37116456.847   1.00000 
  3237.070           7.347    216.665       0.322       0.237                0.005               0.000               0.000         37116456.852   1.00000 
  3238.070           7.340    216.665       0.322       0.237                0.005               0.000               0.000         37116456.857   1.00000 
  3239.070           7.334    216.665       0.322       0.237                0.005               0.000               0.000         37116456.862   1.00000 
  3240.070           7.328    216.665       0.322       0.237                0.005               0.000               0.000         37116456.867   1.00000 
  3241.070           7.322    216.666       0.322       0.237                0.005               0.000               0.000         37116456.872   1.00000 
  3242.070           7.315    216.666       0.322       0.237                0.005               0.000               0.000         37116456.876   1.00000 
  3243.070           7.309    216.666       0.322       0.237                0.005               0.000               0.000         37116456.881   1.00000 
  3244.070           7.303    216.666       0.322       0.237                0.005               0.000               0.000         37116456.886   1.00000 
  3245.070           7.297    216.666       0.322       0.237                0.005               0.000               0.000         37116456.891   1.00000 
  3246.070           7.291    216.666       0.322       0.237                0.005               0.000               0.000         37116456.896   1.00000 
  3247.070           7.284    216.666       0.322       0.237                0.005               0.000               0.000         37116456.901   1.00000 
  3248.070           7.278    216.666       0.322       0.237                0.005               0.000               0.000         37116456.905   1.00000 
  3249.070           7.272    216.666       0.322       0.237                0.005               0.000               0.000         37116456.910   1.00000 
  3250.070           7.266    216.666       0.322       0.237                0.005               0.000               0.000         37116456.915   1.00000 
  3251.070           7.259    216.666       0.322       0.237                0.005               0.000               0.000         37116456.920   1.00000 
  3252.070           7.253    216.666       0.322       0.237                0.005               0.000               0.000         37116456.925   1.00000 
  3253.070           7.247    216.666       0.322       0.237                0.005               0.000               0.000         37116456.930   1.00000 
  3254.070           7.241    216.666       0.322       0.237                0.005               0.000               0.000         37116456.934   1.00000 
  3255.070           7.235    216.666       0.322       0.237                0.005               0.000               0.000         37116456.939   1.00000 
  3256.070           7.229    216.666       0.322       0.237                0.005               0.000               0.000         37116456.944   1.00000 
  3257.070           7.222    216.666       0.322       0.237                0.005               0.000               0.000         37116456.949   1.00000 
  3258.070           7.216    216.666       0.322       0.237                0.005               0.000               0.000         37116456.954   1.00000 
  3259.070           7.210    216.666       0.322       0.237                0.005               0.000               0.000         37116456.958   1.00000 
  3260.070           7.204    216.666       0.322       0.237                0.005               0.000               0.000         37116456.963   1.00000 
  3261.070           7.198    216.666       0.322       0.237                0.005               0.000               0.000         37116456.968   1.00000 
  3262.070           7.191    216.666       0.322       0.237                0.005               0.000               0.000         37116456.973   1.00000 
  3263.070           7.185    216.666       0.322       0.237                0.005               0.000               0.000         37116456.978   1.00000 
  3264.070           7.179    216.666       0.322       0.237                0.005               0.000               0.000         37116456.982   1.00000 
  3265.070           7.173    216.666       0.322       0.237                0.005               0.000               0.000         37116456.987   1.00000 
  3266.070           7.167    216.666       0.322       0.237                0.005               0.000               0.000         37116456.992   1.00000 
  3267.070           7.161    216.666       0.322       0.237                0.005               0.000               0.000         37116456.997   1.00000 
  3268.070           7.154    216.666       0.322       0.237                0.005               0.000               0.000         37116457.001   1.00000 
  3269.070           7.148    216.666       0.322       0.237                0.005               0.000               0.000         37116457.006   1.00000 
  3270.070           7.142    216.666       0.322       0.237                0.005               0.000               0.000         37116457.011   1.00000 
  3271.070           7.136    216.666       0.322       0.237                0.005               0.000               0.000         37116457.016   1.00000 
  3272.070           7.130    216.666       0.322       0.237                0.005               0.000               0.000         37116457.021   1.00000 
  3273.070           7.124    216.666       0.322       0.237                0.005               0.000               0.000         37116457.025   1.00000 
  3274.070           7.117    216.666       0.322       0.237                0.005               0.000               0.000         37116457.030   1.00000 
  3275.070           7.111    216.666       0.322       0.237                0.005               0.000               0.000         37116457.035   1.00000 
  3276.070           7.105    216.666       0.322       0.237                0.005               0.000               0.000         37116457.039   1.00000 
  3277.070           7.099    216.666       0.322       0.237                0.005               0.000               0.000         37116457.044   1.00000 
  3278.070           7.093    216.666       0.322       0.237                0.005               0.000               0.000         37116457.049   1.00000 
  3279.070           7.087    216.666       0.322       0.237                0.005               0.000               0.000         37116457.054   1.00000 
  3280.070           7.081    216.666       0.322       0.237                0.005               0.000               0.000         37116457.058   1.00000 
  3281.070           7.075    216.666       0.322       0.237                0.005               0.000               0.000         37116457.063   1.00000 
  3282.070           7.068    216.666       0.322       0.237                0.005               0.000               0.000         37116457.068   1.00000 
  3283.070           7.062    216.666       0.322       0.237                0.005               0.000               0.000         37116457.073   1.00000 
  3284.070           7.056    216.666       0.322       0.237                0.005               0.000               0.000         37116457.077   1.00000 
  3285.070           7.050    216.666       0.322       0.237                0.005               0.000               0.000         37116457.082   1.00000 
  3286.070           7.044    216.666       0.322       0.237                0.005               0.000               0.000         37116457.087   1.00000 
  3287.070           7.038    216.666       0.322       0.237                0.005               0.000               0.000         37116457.091   1.00000 
  3288.070           7.032    216.666       0.322       0.237                0.005               0.000               0.000         37116457.096   1.00000 
  3289.070           7.026    216.666       0.322       0.237                0.005               0.000               0.000         37116457.101   1.00000 
  3290.070           7.019    216.666       0.322       0.237                0.005               0.000               0.000         37116457.105   1.00000 
  3291.070           7.013    216.666       0.322       0.237                0.005               0.000               0.000         37116457.110   1.00000 
  3292.070           7.007    216.666       0.322       0.237                0.005               0.000               0.000         37116457.115   1.00000 
  3293.070           7.001    216.666       0.322       0.237                0.005               0.000               0.000         37116457.119   1.00000 
  3294.070           6.995    216.666       0.322       0.237                0.005               0.000               0.000         37116457.124   1.00000 
  3295.070           6.989    216.666       0.322       0.237                0.005               0.000               0.000         37116457.129   1.00000 
  3296.070           6.983    216.666       0.322       0.237                0.005               0.000               0.000         37116457.133   1.00000 
  3297.070           6.977    216.666       0.322       0.237                0.005               0.000               0.000         37116457.138   1.00000 
  3298.070           6.971    216.666       0.322       0.237                0.005               0.000               0.000         37116457.143   1.00000 
  3299.070           6.965    216.666       0.322       0.237                0.005               0.000               0.000         37116457.147   1.00000 
  3300.070           6.958    216.667       0.322       0.237                0.005               0.000               0.000         37116457.152   1.00000 
  3301.070           6.952    216.667       0.322       0.237                0.005               0.000               0.000         37116457.157   1.00000 
  3302.070           6.946    216.667       0.322       0.237                0.005               0.000               0.000         37116457.161   1.00000 
  3303.070           6.940    216.667       0.322       0.237                0.005               0.000               0.000         37116457.166   1.00000 
  3304.070           6.934    216.667       0.322       0.237                0.005               0.000               0.000         37116457.171   1.00000 
  3305.070           6.928    216.667       0.322       0.237                0.005               0.000               0.000         37116457.175   1.00000 
  3306.070           6.922    216.667       0.322       0.237                0.005               0.000               0.000         37116457.180   1.00000 
  3307.070           6.916    216.667       0.322       0.237                0.005               0.000               0.000         37116457.185   1.00000 
  3308.070           6.910    216.667       0.322       0.237                0.005               0.000               0.000         37116457.189   1.00000 
  3309.070           6.904    216.667       0.322       0.237                0.005               0.000               0.000         37116457.194   1.00000 
  3310.070           6.898    216.667       0.322       0.237                0.005               0.000               0.000         37116457.198   1.00000 
  3311.070           6.892    216.667       0.322       0.237                0.005               0.000               0.000         37116457.203   1.00000 
  3312.070           6.886    216.667       0.322       0.237                0.005               0.000               0.000         37116457.208   1.00000 
  3313.070           6.880    216.667       0.322       0.237                0.005               0.000               0.000         37116457.212   1.00000 
  3314.070           6.874    216.667       0.322       0.237                0.005               0.000               0.000         37116457.217   1.00000 
  3315.070           6.867    216.667       0.322       0.237                0.005               0.000               0.000         37116457.222   1.00000 
  3316.070           6.861    216.667       0.322       0.237                0.005               0.000               0.000         37116457.226   1.00000 
  3317.070           6.855    216.667       0.322       0.237                0.005               0.000               0.000         37116457.231   1.00000 
  3318.070           6.849    216.667       0.322       0.237                0.005               0.000               0.000         37116457.235   1.00000 
  3319.070           6.843    216.667       0.322       0.237                0.005               0.000               0.000         37116457.240   1.00000 
  3320.070           6.837    216.667       0.322       0.237                0.005               0.000               0.000         37116457.244   1.00000 
  3321.070           6.831    216.667       0.322       0.237                0.005               0.000               0.000         37116457.249   1.00000 
  3322.070           6.825    216.667       0.322       0.237                0.005               0.000               0.000         37116457.254   1.00000 
  3323.070           6.819    216.667       0.322       0.237                0.005               0.000               0.000         37116457.258   1.00000 
  3324.070           6.813    216.667       0.322       0.237                0.005               0.000               0.000         37116457.263   1.00000 
  3325.070           6.807    216.667       0.322       0.237                0.005               0.000               0.000         37116457.267   1.00000 
  3326.070           6.801    216.667       0.322       0.237                0.005               0.000               0.000         37116457.272   1.00000 
  3327.070           6.795    216.667       0.322       0.237                0.005               0.000               0.000         37116457.276   1.00000 
  3328.070           6.789    216.667       0.322       0.237                0.005               0.000               0.000         37116457.281   1.00000 
  3329.070           6.783    216.667       0.322       0.237                0.005               0.000               0.000         37116457.286   1.00000 
  3330.070           6.777    216.667       0.322       0.237                0.005               0.000               0.000         37116457.290   1.00000 
  3331.070           6.771    216.667       0.322       0.237                0.005               0.000               0.000         37116457.295   1.00000 
  3332.070           6.765    216.667       0.322       0.237                0.005               0.000               0.000         37116457.299   1.00000 
  3333.070           6.759    216.667       0.322       0.237                0.005               0.000               0.000         37116457.304   1.00000 
  3334.070           6.753    216.667       0.322       0.237                0.005               0.000               0.000         37116457.308   1.00000 
  3335.070           6.747    216.667       0.322       0.237                0.005               0.000               0.000         37116457.313   1.00000 
  3336.070           6.741    216.667       0.322       0.237                0.005               0.000               0.000         37116457.317   1.00000 
  3337.070           6.735    216.667       0.322       0.237                0.005               0.000               0.000         37116457.322   1.00000 
  3338.070           6.729    216.667       0.322       0.237                0.005               0.000               0.000         37116457.326   1.00000 
  3339.070           6.723    216.667       0.322       0.237                0.005               0.000               0.000         37116457.331   1.00000 
  3340.070           6.717    216.667       0.322       0.237                0.005               0.000               0.000         37116457.335   1.00000 
  3341.070           6.711    216.667       0.322       0.237                0.005               0.000               0.000         37116457.340   1.00000 
  3342.070           6.705    216.667       0.322       0.237                0.005               0.000               0.000         37116457.345   1.00000 
  3343.070           6.699    216.667       0.322       0.237                0.005               0.000               0.000         37116457.349   1.00000 
  3344.070           6.693    216.667       0.322       0.237                0.005               0.000               0.000         37116457.354   1.00000 
  3345.070           6.687    216.667       0.322       0.237                0.005               0.000               0.000         37116457.358   1.00000 
  3346.070           6.681    216.667       0.322       0.237                0.004               0.000               0.000         37116457.363   1.00000 
  3347.070           6.675    216.667       0.322       0.237                0.004               0.000               0.000         37116457.367   1.00000 
  3348.070           6.669    216.667       0.322       0.237                0.004               0.000               0.000         37116457.372   1.00000 
  3349.070           6.663    216.667       0.322       0.237                0.004               0.000               0.000         37116457.376   1.00000 
  3350.070           6.657    216.667       0.322       0.237                0.004               0.000               0.000         37116457.381   1.00000 
  3351.070           6.651    216.667       0.322       0.237                0.004               0.000               0.000         37116457.385   1.00000 
  3352.070           6.645    216.667       0.322       0.237                0.004               0.000               0.000         37116457.389   1.00000 
  3353.070           6.639    216.667       0.322       0.237                0.004               0.000               0.000         37116457.394   1.00000 
  3354.070           6.633    216.667       0.322       0.237                0.004               0.000               0.000         37116457.398   1.00000 
  3355.070           6.627    216.667       0.322       0.237                0.004               0.000               0.000         37116457.403   1.00000 
  3356.070           6.621    216.667       0.322       0.237                0.004               0.000               0.000         37116457.407   1.00000 
  3357.070           6.616    216.667       0.322       0.237                0.004               0.000               0.000         37116457.412   1.00000 
  3358.070           6.610    216.667       0.322       0.237                0.004               0.000               0.000         37116457.416   1.00000 
  3359.070           6.604    216.667       0.322       0.237                0.004               0.000               0.000         37116457.421   1.00000 
  3360.070           6.598    216.667       0.322       0.237                0.004               0.000               0.000         37116457.425   1.00000 
  3361.070           6.592    216.667       0.322       0.237                0.004               0.000               0.000         37116457.430   1.00000 
  3362.070           6.586    216.668       0.322       0.237                0.004               0.000               0.000         37116457.434   1.00000 
  3363.070           6.580    216.668       0.322       0.237                0.004               0.000               0.000         37116457.439   1.00000 
  3364.070           6.574    216.668       0.322       0.237                0.004               0.000               0.000         37116457.443   1.00000 
  3365.070           6.568    216.668       0.322       0.237                0.004               0.000               0.000         37116457.447   1.00000 
  3366.070           6.562    216.668       0.322       0.237                0.004               0.000               0.000         37116457.452   1.00000 
  3367.070           6.556    216.668       0.322       0.237                0.004               0.000               0.000         37116457.456   1.00000 
  3368.070           6.550    216.668       0.322       0.237                0.004               0.000               0.000         37116457.461   1.00000 
  3369.070           6.544    216.668       0.322       0.237                0.004               0.000               0.000         37116457.465   1.00000 
  3370.070           6.538    216.668       0.322       0.237                0.004               0.000               0.000         37116457.470   1.00000 
  3371.070           6.532    216.668       0.322       0.237                0.004               0.000               0.000         37116457.474   1.00000 
  3372.070           6.527    216.668       0.322       0.237                0.004               0.000               0.000         37116457.478   1.00000 
  3373.070           6.521    216.668       0.322       0.237                0.004               0.000               0.000         37116457.483   1.00000 
  3374.070           6.515    216.668       0.322       0.237                0.004               0.000               0.000         37116457.487   1.00000 
  3375.070           6.509    216.668       0.322       0.237                0.004               0.000               0.000         37116457.492   1.00000 
  3376.070           6.503    216.668       0.322       0.237                0.004               0.000               0.000         37116457.496   1.00000 
  3377.070           6.497    216.668       0.322       0.237                0.004               0.000               0.000         37116457.500   1.00000 
  3378.070           6.491    216.668       0.322       0.237                0.004               0.000               0.000         37116457.505   1.00000 
  3379.070           6.485    216.668       0.322       0.237                0.004               0.000               0.000         37116457.509   1.00000 
  3380.070           6.479    216.668       0.322       0.237                0.004               0.000               0.000         37116457.514   1.00000 
  3381.070           6.473    216.668       0.322       0.237                0.004               0.000               0.000         37116457.518   1.00000 
  3382.070           6.468    216.668       0.322       0.237                0.004               0.000               0.000         37116457.522   1.00000 
  3383.070           6.462    216.668       0.322       0.237                0.004               0.000               0.000         37116457.527   1.00000 
  3384.070           6.456    216.668       0.322       0.237                0.004               0.000               0.000         37116457.531   1.00000 
  3385.070           6.450    216.668       0.322       0.237                0.004               0.000               0.000         37116457.536   1.00000 
  3386.070           6.444    216.668       0.322       0.237                0.004               0.000               0.000         37116457.540   1.00000 
  3387.070           6.438    216.668       0.322       0.237                0.004               0.000               0.000         37116457.544   1.00000 
  3388.070           6.432    216.668       0.322       0.237                0.004               0.000               0.000         37116457.549   1.00000 
  3389.070           6.426    216.668       0.322       0.237                0.004               0.000               0.000         37116457.553   1.00000 
  3390.070           6.420    216.668       0.322       0.237                0.004               0.000               0.000         37116457.557   1.00000 
  3391.070           6.415    216.668       0.322       0.237                0.004               0.000               0.000         37116457.562   1.00000 
  3392.070           6.409    216.668       0.322       0.237                0.004               0.000               0.000         37116457.566   1.00000 
  3393.070           6.403    216.668       0.322       0.237                0.004               0.000               0.000         37116457.570   1.00000 
