#_______________________________________________________________________________
#    ######   ####     ##             #####   #####     ##    #    #    ##
#    #       #        #  #            #    #  #    #   #  #   ##  ##   #  #
#    #####    ####   ######           #    #  #####   ######  # ## #  ######
#    #            #  #    #           #    #  #    #  #    #  #    #  #    #
#____######__#####___#____#___________#####___#____#__#____#__#____#__#____#____
#
#              ESA Debris Risk Assessment and Mitigation Analysis
#
#   ---- DRAMA ( SESAM 2.1.5 ( built Nov 27 2024 11:35:36) ) ----
#                                      ESA 2022
#
#                        execution log file -sesam.log-
#                   run date+time: Wed May 21 16:06:28 2025

info: Starting Sesam
info: SESAM module initialising
info: Using spacecraft mass calculated from objects.xml: 2583.160000
info: Using voxelator cache dir: /private/var/folders/ft/8qmbtkn91jlg761l9vcjktlc0000gn/T/tmpznwblo7l/REENTRY
warning: oxideReactionProbability for drama-AA7075 < 1.0E-5 or not found. Continuing without oxidation for this material.
warning: oxideReactionProbability for drama-A316 < 1.0E-5 or not found. Continuing without oxidation for this material.
warning: oxideReactionProbability for drama-A316_Semi-Empirical < 1.0E-5 or not found. Continuing without oxidation for this material.
warning: oxideReactionProbability for drama-Bat-Li < 1.0E-5 or not found. Continuing without oxidation for this material.
warning: oxideReactionProbability for drama-Bat-NiCd < 1.0E-5 or not found. Continuing without oxidation for this material.
warning: oxideReactionProbability for drama-Beryllium < 1.0E-5 or not found. Continuing without oxidation for this material.
warning: oxideReactionProbability for drama-Carbon-Carbon < 1.0E-5 or not found. Continuing without oxidation for this material.
warning: oxideReactionProbability for drama-Copper < 1.0E-5 or not found. Continuing without oxidation for this material.
warning: oxideReactionProbability for drama-El-Mat < 1.0E-5 or not found. Continuing without oxidation for this material.
warning: oxideReactionProbability for drama-HC-AA7075 < 1.0E-5 or not found. Continuing without oxidation for this material.
warning: oxideReactionProbability for drama-HC-CFRP-4ply < 1.0E-5 or not found. Continuing without oxidation for this material.
warning: oxideReactionProbability for drama-HC-CFRP-8ply < 1.0E-5 or not found. Continuing without oxidation for this material.
warning: oxideReactionProbability for drama-HiperCo < 1.0E-5 or not found. Continuing without oxidation for this material.
warning: oxideReactionProbability for drama-Inconel718 < 1.0E-5 or not found. Continuing without oxidation for this material.
warning: oxideReactionProbability for drama-Inermet < 1.0E-5 or not found. Continuing without oxidation for this material.
warning: oxideReactionProbability for drama-Invar < 1.0E-5 or not found. Continuing without oxidation for this material.
warning: oxideReactionProbability for drama-Iron < 1.0E-5 or not found. Continuing without oxidation for this material.
warning: oxideReactionProbability for drama-SiC < 1.0E-5 or not found. Continuing without oxidation for this material.
warning: oxideReactionProbability for drama-SolarPanel-Mat < 1.0E-5 or not found. Continuing without oxidation for this material.
warning: oxideReactionProbability for drama-TiAl6v4 < 1.0E-5 or not found. Continuing without oxidation for this material.
warning: oxideReactionProbability for drama-Tungsten < 1.0E-5 or not found. Continuing without oxidation for this material.
info: Fragment satelliteOne initializing
info: Creation of object list
info: Creating Object with UniqueID: f0fbe910-c363-454d-9f20-7a5a05e2622f
info: Opening netCDF file /Applications/DRAMA-3.1.1/TOOLS/SARA/REENTRY/data/ATDB_CYLINDER.nc for reading DONE.
info: Using ATDB for CYLINDER created with ATDB_converter r1933 on 20190411 from data created by Hyperschall Technologie Göttingen GmbH.
info: Included new object 'IFring' to fragment list
info: Creating Object with UniqueID: a9c375f9-d99d-49d8-8c88-27568f7057f0
info: Opening netCDF file /Applications/DRAMA-3.1.1/TOOLS/SARA/REENTRY/data/ATDB_BOX.nc for reading DONE.
info: Using ATDB for BOX created with SAM on 20200306 from data created by Belstead Research Limited.
info: Included new object 'SolarP' to fragment list
info: Creating Object with UniqueID: d31f1317-0d9d-4f0b-8e1f-fcf3416b7f5b
info: Included new object 'SVM' to fragment list
info: Creating Object with UniqueID: d937ad92-d03c-481d-8392-3f22b0e7d086
info: Included new object 'RSJD' to fragment list
info: Creating Object with UniqueID: d1e5a0de-9083-45b1-9d5d-7f3ffe63e668
info: Included new object 'RSJD-Internal' to fragment list
info: Creating Object with UniqueID: de163939-c203-4c8e-9849-f04d653048fa
info: Included new object 'EIU' to fragment list
info: Creating Object with UniqueID: dcdfbb93-1438-4769-ba96-d991c3a76171
info: Included new object 'EIU-Internal' to fragment list
info: Creating Object with UniqueID: af70ced4-28ee-4d3a-9d58-1b24a8dc3738
info: Included new object 'RWheel1' to fragment list
info: Creating Object with UniqueID: 603cb97a-ab55-4f3c-805b-294cd708aec8
info: Included new object 'RWheel2' to fragment list
info: Creating Object with UniqueID: de9cc12c-5eb4-470b-95a6-7590d2d37d90
info: Included new object 'RWheel3' to fragment list
info: Creating Object with UniqueID: 8140b255-48fc-423e-ad9f-f730c48a160b
info: Included new object 'SADME' to fragment list
info: Creating Object with UniqueID: c5d55eb6-0c99-4255-b135-eb29e2d3533a
info: Included new object 'SADME-internal' to fragment list
info: Creating Object with UniqueID: b8bb99f6-587d-443b-a4d9-d5fc64301d94
info: Included new object 'MAC-Y' to fragment list
info: Creating Object with UniqueID: 7748539e-591c-4400-9cc9-9ec1036fb9e3
info: Included new object 'CCU' to fragment list
info: Creating Object with UniqueID: e9ac6dd3-1e30-4e13-a931-88ec30d045b3
info: Included new object 'CCU-internal' to fragment list
info: Creating Object with UniqueID: 6bbe79a5-0f24-4ab3-a2fb-15baef655496
info: Included new object 'BSP' to fragment list
info: Creating Object with UniqueID: 445d15cb-e66c-47ae-a9c0-b29e1e0810bb
info: Included new object 'BSP-internal' to fragment list
info: Creating Object with UniqueID: 1639538e-29da-4716-9d3c-53b7b487923a
info: Included new object 'OBA' to fragment list
info: Creating Object with UniqueID: 9a311fa3-eaf6-4892-9222-ba5f054d70f3
info: Included new object 'EDR' to fragment list
info: Creating Object with UniqueID: 33042274-6bb2-4c16-a86e-865ac32f7092
info: Included new object 'EDR-internal' to fragment list
info: Creating Object with UniqueID: dee53926-7642-466e-802b-b9744ba8cdb5
info: Included new object 'EPRM' to fragment list
info: Creating Object with UniqueID: 58f457b5-8a3d-4ccc-b511-c34804fc1bf9
info: Included new object 'EPRM-internal' to fragment list
info: Creating Object with UniqueID: 5f45191c-7290-4b84-8438-a6efa24cfd98
info: Included new object 'TRSP1' to fragment list
info: Creating Object with UniqueID: fe12b5b4-e0cb-4783-a96b-165cb7d5f58d
info: Included new object 'TRSP2' to fragment list
info: Creating Object with UniqueID: e35eed7f-ef13-414e-931e-da5bd7aff9d0
info: Included new object 'BEG1' to fragment list
info: Creating Object with UniqueID: 7eb7ab52-bef4-4e3c-a3a7-27a88e2a9e67
info: Included new object 'BEG1-internal' to fragment list
info: Creating Object with UniqueID: affcab05-139a-442a-8b0a-ec193dead5bf
info: Included new object 'BEG2' to fragment list
info: Creating Object with UniqueID: e9b72efb-391d-488f-8bc6-9e68f868da0c
info: Included new object 'BEG2-internal' to fragment list
info: Creating Object with UniqueID: c1252870-a411-47c8-95a1-dbe40cce3180
info: Included new object 'BEG3' to fragment list
info: Creating Object with UniqueID: f37d4ac3-4d25-412d-ba98-2978ea639983
info: Included new object 'BEG3-internal' to fragment list
info: Creating Object with UniqueID: 1407897e-78f2-4365-9835-6364215ae2b7
info: Included new object 'BEG4' to fragment list
info: Creating Object with UniqueID: c688eee3-a8e2-44a2-9566-f079885f2eb6
info: Included new object 'BEG4-internal' to fragment list
info: Creating Object with UniqueID: f9183c5e-96ee-4081-a9b7-a5be65c3a93b
info: Included new object 'Gyrosbl' to fragment list
info: Creating Object with UniqueID: 97fcac61-844e-4acc-9ea6-1c12a219162e
info: Included new object 'T4S' to fragment list
info: Creating Object with UniqueID: a69fb443-96eb-4abe-ac15-046b80a4bd92
info: Included new object 'T4S-internal' to fragment list
info: Creating Object with UniqueID: 3b71e707-35dd-4ca9-b649-37d51d847ecf
info: Included new object 'EAIM' to fragment list
info: Creating Object with UniqueID: 0016c647-94b6-44b3-924b-c232a84934b2
info: Included new object 'EAIM-internal' to fragment list
info: Creating Object with UniqueID: 2d651b05-1869-4d9c-aa83-1b971d671ddc
info: Included new object 'STD1' to fragment list
info: Creating Object with UniqueID: 9e878564-4208-4e86-ad05-fc711c4160c8
info: Included new object 'STD2' to fragment list
info: Creating Object with UniqueID: 697fe3b8-09dc-4c4f-8ee6-7e0d02a57ae9
info: Included new object 'SSD1' to fragment list
info: Creating Object with UniqueID: b2e7dabd-09fd-4a1b-88e7-b1ae042c39b0
info: Included new object 'SSD2' to fragment list
info: Creating Object with UniqueID: 5b7fd01c-6f9b-4cbb-b4c4-96dce1078b32
info: Included new object 'SADM1' to fragment list
info: Creating Object with UniqueID: 3f0d36b8-546a-4647-b4ff-c64d71f59c39
info: Included new object 'SADM1_internal' to fragment list
info: Creating Object with UniqueID: 5201153f-409f-43e2-abae-d0dee08085a2
info: Included new object 'SADM2' to fragment list
info: Creating Object with UniqueID: 875dc2f0-da7f-4fb0-bc9b-f2ce128ec2a3
info: Included new object 'SADM2-internal' to fragment list
info: Creating Object with UniqueID: ec6c3d7b-2c0b-4e0f-8ff5-5f6115948756
info: Included new object 'SAsupp1' to fragment list
info: Creating Object with UniqueID: 0ddd261b-7212-4d16-bd67-ce000a079ba8
info: Included new object 'SAsupp2' to fragment list
info: Creating Object with UniqueID: 896964bd-06c8-4dfd-919f-ff3bca91b6c6
info: Included new object 'SAsupp3' to fragment list
info: Creating Object with UniqueID: d7975ff0-7ac3-4132-b032-aa1f494ea71b
info: Included new object 'SAsupp4' to fragment list
info: Creating Object with UniqueID: 75259d18-273c-4f7e-b113-6a07d4bd046e
info: Included new object 'SAsupp5' to fragment list
info: Creating Object with UniqueID: 8c0b4342-3694-42fa-bb54-b28ece1c6b1b
info: Included new object 'SAsupp6' to fragment list
info: Creating Object with UniqueID: b1391c69-9c1b-4b55-bfd5-632fcd01a456
info: Included new object 'SAsupp7' to fragment list
info: Creating Object with UniqueID: fc852873-927a-4f88-8ea9-26fed43cae6b
info: Included new object 'SAsupp8' to fragment list
info: Creating Object with UniqueID: 6be30e75-18cc-47c2-aee6-5f20c3221737
info: Included new object 'SAsupp9' to fragment list
info: Creating Object with UniqueID: 34a3e613-ab72-44dc-8586-ba494dad4172
info: Included new object 'SAsupp10' to fragment list
info: Creating Object with UniqueID: b50f4c9b-b8ac-456a-b304-63acab4dc1cd
info: Included new object 'SAsupp11' to fragment list
info: Creating Object with UniqueID: c8f518b4-db4d-4961-846d-ec4fb720aab4
info: Included new object 'SAsupp12' to fragment list
info: Creating Object with UniqueID: dbe0cea8-a0d5-4d89-8517-e1de3fc8b8fd
info: Included new object 'CentCone' to fragment list
info: Creating Object with UniqueID: 7f2a6dfb-54f8-4dcb-8368-6194b7df99ea
info: Included new object 'Ribpanel1' to fragment list
info: Creating Object with UniqueID: 8dd18595-7d63-4c7b-be1d-893cb08a289d
info: Included new object 'Ribpanel2' to fragment list
info: Creating Object with UniqueID: 4637824e-af1f-4f16-81fe-e13fd3fe29d8
info: Included new object 'Ribpanel3' to fragment list
info: Creating Object with UniqueID: e829d70b-6a3a-4749-ab45-d542dd05964b
info: Included new object 'Ribpanel4' to fragment list
info: Creating Object with UniqueID: a9a97325-9930-4a15-bcb7-d35ddc54f136
info: Included new object 'Ribpanel5' to fragment list
info: Creating Object with UniqueID: 5979b336-f02c-480c-bbb6-e169a31f7ca8
info: Included new object 'BatFloor' to fragment list
info: Creating Object with UniqueID: cc199b51-7819-40d2-8506-d81fcfc2313d
info: Included new object 'IntRing' to fragment list
info: Creating Object with UniqueID: 4537caf3-ad08-4616-8288-301a3a41d421
info: Included new object 'PropStr' to fragment list
info: Creating Object with UniqueID: 9729fdb9-64f6-4292-87cc-5e16c1f9a611
info: Included new object 'Tank1' to fragment list
info: Creating Object with UniqueID: 30baa5e5-7052-4ea7-ab1b-39a602f2952e
info: Included new object 'Tank2' to fragment list
info: Creating Object with UniqueID: fa9558ee-ae76-48d8-82e6-cde76fd02986
info: Included new object 'Tank3' to fragment list
info: Creating Object with UniqueID: 412fae6e-e434-49a2-87f5-48289ceabd9b
info: Included new object 'Tank4' to fragment list
info: Creating Object with UniqueID: 8908b1bc-115a-431c-a614-4f92e53da761
info: Included new object 'ValvTran1' to fragment list
info: Creating Object with UniqueID: c06c2500-a2e8-428d-8358-3840e7ecc178
info: Included new object 'ValvTran2' to fragment list
info: Creating Object with UniqueID: ea4741ff-100d-4762-86d1-96ff23cbd580
info: Included new object 'ValvTran3' to fragment list
info: Creating Object with UniqueID: a6ecdded-1cb6-4f8e-8082-c511d4155286
info: Included new object 'ValvTran4' to fragment list
info: Creating Object with UniqueID: 13d8ee2c-01e2-4ab1-9e89-340e96614479
info: Included new object 'ValvTran5' to fragment list
info: Creating Object with UniqueID: 144ee139-a532-44f7-9291-b67a552d6be8
info: Included new object 'ValvTran6' to fragment list
info: Creating Object with UniqueID: b731e1c5-a432-4435-aa99-04119a660a18
info: Included new object 'Battery1' to fragment list
info: Creating Object with UniqueID: 2d29c4c5-7f95-4af3-bc4b-011beb682baf
info: Included new object 'Battery1-Internal' to fragment list
info: Creating Object with UniqueID: 80a2fb28-bc6e-4799-be4b-8d3040131be0
info: Included new object 'Battery2' to fragment list
info: Creating Object with UniqueID: 5d9f155a-ded8-4360-9010-eceeee887bb0
info: Included new object 'Battery2-Internal' to fragment list
info: Creating Object with UniqueID: 5d8e095f-d464-428d-89f6-5d85ce0f2c51
info: Included new object 'Battery3' to fragment list
info: Creating Object with UniqueID: 2699bb25-a994-4ccf-b910-2a7157b33ccf
info: Included new object 'Battery3-Internal' to fragment list
info: Creating Object with UniqueID: 76656e3e-2c2e-4ef5-979c-3b02b44161f3
info: Included new object 'Battery4' to fragment list
info: Creating Object with UniqueID: 4ac673c9-d31d-46a2-a9db-646ddc250e15
info: Included new object 'Battery4-Internal' to fragment list
info: Creating Object with UniqueID: be8502f9-6a4b-46ba-b664-dc7d82b03c4c
info: Included new object 'Battery5' to fragment list
info: Creating Object with UniqueID: f5dffc0d-a926-4634-a33f-cbf5f72a8df5
info: Included new object 'Battery5-Internal' to fragment list
info: Creating Object with UniqueID: bdeb6a36-12d0-4fe9-bdef-1f6faab885a0
info: Included new object 'PLM' to fragment list
info: Creating Object with UniqueID: 1d92482f-0fca-4932-9a63-40c4d90fb4b3
info: Included new object 'MHS-MPU' to fragment list
info: Creating Object with UniqueID: 00250585-2152-4610-9ca3-8f17fb59ce5a
info: Included new object 'MHS-MPU-internal' to fragment list
info: Creating Object with UniqueID: af9ae746-0675-4333-8b05-8e932cd4c1b0
info: Included new object 'MHS-DBU' to fragment list
info: Creating Object with UniqueID: ff76ff82-3840-4368-baea-8470e11c3029
info: Included new object 'ASCATEPC1' to fragment list
info: Creating Object with UniqueID: e3c41722-dd46-4295-8a15-4214ae9596c4
info: Included new object 'ASCATEPC1-internal' to fragment list
info: Creating Object with UniqueID: e7625e32-79e6-4f4b-9ef6-c035d7bed5a3
info: Included new object 'ASCATEPC2' to fragment list
info: Creating Object with UniqueID: 170c51e7-5a72-41fb-ad75-9abcf426fe38
info: Included new object 'ASCATEPC2-internal' to fragment list
info: Creating Object with UniqueID: fb31e106-f9ad-4645-9720-14c0d0e3a751
info: Included new object 'ASCATSSP1' to fragment list
info: Creating Object with UniqueID: c2e0d534-5cf7-4d10-b474-35f877d759b7
info: Included new object 'ASCATSSP2' to fragment list
info: Creating Object with UniqueID: 870bfb5a-8fc8-444b-9998-708e0c330e1c
info: Included new object 'ASCATHRS' to fragment list
info: Creating Object with UniqueID: d0ee71ee-faa1-4c64-a562-a3738a93e4ad
info: Included new object 'PMC1' to fragment list
info: Creating Object with UniqueID: 27c8e907-c911-4baf-b922-cc31c73200c1
info: Included new object 'PMC1-internal' to fragment list
info: Creating Object with UniqueID: f8ada8b9-06d4-40cd-bd74-3312fce12e78
info: Included new object 'PMC2' to fragment list
info: Creating Object with UniqueID: 510765ee-a809-486c-84c6-357ea3552e42
info: Included new object 'PMC2-internal' to fragment list
info: Creating Object with UniqueID: 74ad233a-a069-427e-8467-3e6a119838ac
info: Included new object 'PDU1' to fragment list
info: Creating Object with UniqueID: 8166906a-c383-40cb-aea9-6d118e82ea58
info: Included new object 'PDU1-internal' to fragment list
info: Creating Object with UniqueID: abfb6e52-d8cf-4641-a0b0-5e40edc0f564
info: Included new object 'PDU2' to fragment list
info: Creating Object with UniqueID: 7f5c3acb-06e7-447f-ab8b-621d492b9a50
info: Included new object 'PDU2-internal' to fragment list
info: Creating Object with UniqueID: 613ab40d-ac65-453f-a803-80da09b61542
info: Included new object 'RFCU1' to fragment list
info: Creating Object with UniqueID: c2653f19-0f7a-44ac-a8e5-1d0bb26d33a0
info: Included new object 'RFCU2' to fragment list
info: Creating Object with UniqueID: 23763bdd-7c0b-4077-80ac-d6a189fb2c79
info: Included new object 'RFCU3' to fragment list
info: Creating Object with UniqueID: ef6582af-e11d-4ca9-a12b-3ec47549d18c
info: Included new object 'RFCU4' to fragment list
info: Creating Object with UniqueID: aef6318c-2d97-40ba-8bdf-068bc94bd8a5
info: Included new object 'RFCU5' to fragment list
info: Creating Object with UniqueID: 4b32fec7-9f57-4649-8284-3d1fdfc20d90
info: Included new object 'RTU' to fragment list
info: Creating Object with UniqueID: 54376ec5-78f5-4aef-96d1-7f1996a5900b
info: Included new object 'RTU-internal' to fragment list
info: Creating Object with UniqueID: a1a24d98-f827-46ce-aff0-7b2d6e8e2357
info: Included new object 'SLAFilt' to fragment list
info: Creating Object with UniqueID: 0cd08834-81c1-4576-8c86-fa265f3a8f04
info: Included new object 'SARP-3' to fragment list
info: Creating Object with UniqueID: 55f2d300-0aa9-4bdd-81d9-e330bdc72385
info: Included new object 'SARP-3-internal' to fragment list
info: Creating Object with UniqueID: a8231a79-5579-4e40-8d4f-71b9a74ab3d7
info: Included new object 'SAR-Rx' to fragment list
info: Creating Object with UniqueID: 9a696b7c-0ec1-40d7-9e6e-20b11771cbfb
info: Included new object 'SAR-Rx-internal' to fragment list
info: Creating Object with UniqueID: aeda7892-1a0d-473d-938b-47f3689d7448
info: Included new object 'SAR-Tx' to fragment list
info: Creating Object with UniqueID: 14c3fb57-5e6f-4161-b4d0-16a4765fc55b
info: Included new object 'EPC1' to fragment list
info: Creating Object with UniqueID: b80a76e3-0da9-42c5-953a-ff2614be710e
info: Included new object 'EPC2' to fragment list
info: Creating Object with UniqueID: c7c6fa2c-f04e-421e-9252-6fb3260cfa54
info: Included new object 'MOD1' to fragment list
info: Creating Object with UniqueID: f5312407-e791-4f4d-a167-74a567287a2c
info: Included new object 'MOD2' to fragment list
info: Creating Object with UniqueID: 8e56ba6f-8a93-4617-a814-e9974363ade4
info: Included new object 'TWT1' to fragment list
info: Creating Object with UniqueID: b5ed6971-cc08-4353-9268-62ab81f38d58
info: Included new object 'TWT2' to fragment list
info: Creating Object with UniqueID: 1f2a4ef6-0ab3-4d25-a4be-d8e9c1642037
info: Included new object 'SRADipl' to fragment list
info: Creating Object with UniqueID: 9df1f91d-0492-4871-8bb7-f884e4fef4a3
info: Included new object 'LNA1' to fragment list
info: Creating Object with UniqueID: 8af2132f-250d-477b-80f7-615e5d67d2a0
info: Included new object 'LNA2' to fragment list
info: Creating Object with UniqueID: 69188486-6c6d-417e-a056-336b38e4b918
info: Included new object 'UDAFilt' to fragment list
info: Creating Object with UniqueID: b8b303d2-e3bb-4d85-8dc1-a7fdc76026fb
info: Included new object 'DBU1' to fragment list
info: Creating Object with UniqueID: c7768e71-50e7-47a0-a4c4-6b535ac78276
info: Included new object 'DBU2' to fragment list
info: Creating Object with UniqueID: b3b63815-7b7d-4113-81f6-cf863040232a
info: Included new object 'DBU3' to fragment list
info: Creating Object with UniqueID: 4617ce0b-186b-43d4-b84c-1fb1a32f893a
info: Included new object 'DBU4' to fragment list
info: Creating Object with UniqueID: 4ab4cfaa-2a04-4c16-80d0-43adefb563f2
info: Included new object 'DBU5' to fragment list
info: Creating Object with UniqueID: b29cc33f-19ef-48ef-a94d-d57e19b97bb3
info: Included new object 'ASCATRFU1' to fragment list
info: Creating Object with UniqueID: a430764f-ddb0-4803-a387-8f44417af1a4
info: Included new object 'ASCATRFU1-internal' to fragment list
info: Creating Object with UniqueID: f782f6c0-7963-417e-80c3-16d9fcda0a37
info: Included new object 'ASCATRFU2' to fragment list
info: Creating Object with UniqueID: 54127d8e-5208-4c00-906e-999d670afbf1
info: Included new object 'ASCATRFU2-internal' to fragment list
info: Creating Object with UniqueID: bbf22be4-2b2e-485c-afb6-40ee990bc60c
info: Included new object 'IASI-DPS' to fragment list
info: Creating Object with UniqueID: 82a1c854-070b-4ecf-9c66-92206128e0db
info: Included new object 'IASI-DPS-internal' to fragment list
info: Creating Object with UniqueID: f75aa4b9-a2e4-4d7a-8317-7397c96c9e31
info: Included new object 'RFCU' to fragment list
info: Creating Object with UniqueID: 2820083a-a07a-4a45-8a91-ae1aeb026ab8
info: Included new object 'IASI-IMS' to fragment list
info: Creating Object with UniqueID: 91faf1be-bea6-42bf-a5c5-61930dc177d5
info: Included new object 'IASI-IMS-internal' to fragment list
info: Creating Object with UniqueID: 2a0f1756-d739-4be5-acfb-5c98c1ec6d8a
info: Included new object 'DPU-SEM' to fragment list
info: Creating Object with UniqueID: 674e8f15-7ca9-49a9-880f-9964e4c6aa14
info: Included new object 'DPU-SEM-internal' to fragment list
info: Creating Object with UniqueID: 40ced179-61ac-4157-b67b-e5818d785545
info: Included new object 'PCU' to fragment list
info: Creating Object with UniqueID: adea4fd2-f7b0-40b2-898b-f1e31bdf9409
info: Included new object 'PCU-internal' to fragment list
info: Creating Object with UniqueID: 1fb5a24d-822d-4b03-b7c8-707b45f03a62
info: Included new object 'TCU' to fragment list
info: Creating Object with UniqueID: c7944422-3058-4d7c-80ba-0abe6d0f7cbc
info: Included new object 'TCU-internal' to fragment list
info: Creating Object with UniqueID: 94c7134b-e00b-4484-9ab5-793cf11a09b7
info: Included new object 'FMU1' to fragment list
info: Creating Object with UniqueID: 033f7482-d229-4653-8df8-c3666d4d7b38
info: Included new object 'FMU2' to fragment list
info: Creating Object with UniqueID: fbcc29ad-1536-4009-a797-ba57fa6a25ae
info: Included new object 'SSR' to fragment list
info: Creating Object with UniqueID: 63131438-4da3-40b8-84f2-f88252a1c3ca
info: Included new object 'SSR-internal' to fragment list
info: Creating Object with UniqueID: 8b0371d9-fcd1-4ee4-8979-f4d5247cd70f
info: Included new object 'NIU' to fragment list
info: Creating Object with UniqueID: c988d9e3-614a-444d-9796-3923a809db8f
info: Included new object 'NIU-internal' to fragment list
info: Creating Object with UniqueID: 813c8c0b-733c-44d2-acd5-ccde788a753d
info: Included new object 'L-SSPA1' to fragment list
info: Creating Object with UniqueID: f4d5dd76-6520-4bb7-965d-4ba666dfb2a8
info: Included new object 'L-SSPA2' to fragment list
info: Creating Object with UniqueID: aaafc080-8726-4cd4-93b1-07ee067df443
info: Included new object 'LH-MOD1' to fragment list
info: Creating Object with UniqueID: 2a0796a7-9f8b-4a83-bc81-8a78dd54760a
info: Included new object 'LH-MOD2' to fragment list
info: Creating Object with UniqueID: d261c2b8-14c8-4ca4-8ca6-452b32cf73ce
info: Included new object 'H-SSPA1' to fragment list
info: Creating Object with UniqueID: 9e0a805e-eac1-4103-891b-7ee76bc46231
info: Included new object 'H-SSPA2' to fragment list
info: Creating Object with UniqueID: 6b158017-2221-41d5-91de-cdad33f7fe5c
info: Included new object 'ADCS-RPU' to fragment list
info: Creating Object with UniqueID: c676e466-0834-4c64-9021-e458c7acc91a
info: Included new object 'ADCS-RPU-internal' to fragment list
info: Creating Object with UniqueID: 7dd6bb48-d93d-49a2-af82-86768fa7cf69
info: Included new object 'ADCS-TXU' to fragment list
info: Creating Object with UniqueID: 290761d5-b96d-4122-aba7-205b2ed50866
info: Included new object 'ADCS-TXU-internal' to fragment list
info: Creating Object with UniqueID: a4291dde-6a9e-492c-8841-36b2c33bf895
info: Included new object 'GRAS-GEU' to fragment list
info: Creating Object with UniqueID: 46aa8e19-07c1-48bf-b6d2-ea51e79d4295
info: Included new object 'GRAS-GEU-internal' to fragment list
info: Creating Object with UniqueID: c45549b5-46ea-4348-a189-5decd51dbeb8
info: Included new object 'ASCATICU1' to fragment list
info: Creating Object with UniqueID: 03b61fef-8e3c-4ac8-9a6a-f31f845465d1
info: Included new object 'ASCATICU2' to fragment list
info: Creating Object with UniqueID: da9d6c91-6d62-4349-a53f-1129d18d391d
info: Included new object 'ASCATDPU1' to fragment list
info: Creating Object with UniqueID: 1d295286-bbe4-43ee-893e-b44a0c5774ae
info: Included new object 'ASCATDPU1-internal' to fragment list
info: Creating Object with UniqueID: 9fb93baf-13b0-4ec7-8df1-da5d96a39ac6
info: Included new object 'ASCATDPU2' to fragment list
info: Creating Object with UniqueID: d2066ef8-9b80-4aa0-be8b-27fccd89022e
info: Included new object 'ASCATDPU2-internal' to fragment list
info: Creating Object with UniqueID: 2969ab64-09a9-4393-ac53-86b9074064be
info: Included new object 'IASI' to fragment list
info: Creating Object with UniqueID: 7e1b3419-b471-44e6-8e7c-169d125847ee
info: Included new object 'Cylind1' to fragment list
info: Creating Object with UniqueID: 8dcb8ef0-fe12-4766-9c27-6bc2e3f3855b
info: Included new object 'Cylind2' to fragment list
info: Creating Object with UniqueID: 55fcf338-3461-468f-ae95-f36d48f25aae
info: Included new object 'SheWallY1' to fragment list
info: Creating Object with UniqueID: b60d0506-ecc9-4926-961e-24ec487e1e61
info: Included new object 'SheWallY2' to fragment list
info: Creating Object with UniqueID: 4bff8081-9a95-4be6-9a40-52443d671247
info: Included new object 'SheWallY3' to fragment list
info: Creating Object with UniqueID: f8f8c63b-c1aa-46a7-b562-883465f2fdb5
info: Included new object 'SheWallY4' to fragment list
info: Creating Object with UniqueID: e33ba8a5-64be-479d-97b6-eaea89d23437
info: Included new object 'SheWallZ1' to fragment list
info: Creating Object with UniqueID: 0ba12395-99d3-44ee-8770-afa7248e60b4
info: Included new object 'SheWallZ2' to fragment list
info: Handling of inclusions
info: inclusion with parent ID: d31f1317-0d9d-4f0b-8e1f-fcf3416b7f5b
info: childID: d937ad92-d03c-481d-8392-3f22b0e7d086
info: childID: de163939-c203-4c8e-9849-f04d653048fa
info: childID: af70ced4-28ee-4d3a-9d58-1b24a8dc3738
info: childID: 603cb97a-ab55-4f3c-805b-294cd708aec8
info: childID: de9cc12c-5eb4-470b-95a6-7590d2d37d90
info: childID: 8140b255-48fc-423e-ad9f-f730c48a160b
info: childID: b8bb99f6-587d-443b-a4d9-d5fc64301d94
info: childID: 7748539e-591c-4400-9cc9-9ec1036fb9e3
info: childID: 6bbe79a5-0f24-4ab3-a2fb-15baef655496
info: childID: 1639538e-29da-4716-9d3c-53b7b487923a
info: childID: 9a311fa3-eaf6-4892-9222-ba5f054d70f3
info: childID: dee53926-7642-466e-802b-b9744ba8cdb5
info: childID: 5f45191c-7290-4b84-8438-a6efa24cfd98
info: childID: fe12b5b4-e0cb-4783-a96b-165cb7d5f58d
info: childID: e35eed7f-ef13-414e-931e-da5bd7aff9d0
info: childID: affcab05-139a-442a-8b0a-ec193dead5bf
info: childID: c1252870-a411-47c8-95a1-dbe40cce3180
info: childID: 1407897e-78f2-4365-9835-6364215ae2b7
info: childID: f9183c5e-96ee-4081-a9b7-a5be65c3a93b
info: childID: 97fcac61-844e-4acc-9ea6-1c12a219162e
info: childID: 3b71e707-35dd-4ca9-b649-37d51d847ecf
info: childID: 2d651b05-1869-4d9c-aa83-1b971d671ddc
info: childID: 9e878564-4208-4e86-ad05-fc711c4160c8
info: childID: 697fe3b8-09dc-4c4f-8ee6-7e0d02a57ae9
info: childID: b2e7dabd-09fd-4a1b-88e7-b1ae042c39b0
info: childID: 5b7fd01c-6f9b-4cbb-b4c4-96dce1078b32
info: childID: 5201153f-409f-43e2-abae-d0dee08085a2
info: childID: ec6c3d7b-2c0b-4e0f-8ff5-5f6115948756
info: childID: 0ddd261b-7212-4d16-bd67-ce000a079ba8
info: childID: 896964bd-06c8-4dfd-919f-ff3bca91b6c6
info: childID: d7975ff0-7ac3-4132-b032-aa1f494ea71b
info: childID: 75259d18-273c-4f7e-b113-6a07d4bd046e
info: childID: 8c0b4342-3694-42fa-bb54-b28ece1c6b1b
info: childID: b1391c69-9c1b-4b55-bfd5-632fcd01a456
info: childID: fc852873-927a-4f88-8ea9-26fed43cae6b
info: childID: 6be30e75-18cc-47c2-aee6-5f20c3221737
info: childID: 34a3e613-ab72-44dc-8586-ba494dad4172
info: childID: b50f4c9b-b8ac-456a-b304-63acab4dc1cd
info: childID: c8f518b4-db4d-4961-846d-ec4fb720aab4
info: childID: dbe0cea8-a0d5-4d89-8517-e1de3fc8b8fd
info: childID: 7f2a6dfb-54f8-4dcb-8368-6194b7df99ea
info: childID: 8dd18595-7d63-4c7b-be1d-893cb08a289d
info: childID: 4637824e-af1f-4f16-81fe-e13fd3fe29d8
info: childID: e829d70b-6a3a-4749-ab45-d542dd05964b
info: childID: a9a97325-9930-4a15-bcb7-d35ddc54f136
info: childID: 5979b336-f02c-480c-bbb6-e169a31f7ca8
info: childID: cc199b51-7819-40d2-8506-d81fcfc2313d
info: childID: 4537caf3-ad08-4616-8288-301a3a41d421
info: childID: 9729fdb9-64f6-4292-87cc-5e16c1f9a611
info: childID: 30baa5e5-7052-4ea7-ab1b-39a602f2952e
info: childID: fa9558ee-ae76-48d8-82e6-cde76fd02986
info: childID: 412fae6e-e434-49a2-87f5-48289ceabd9b
info: childID: 8908b1bc-115a-431c-a614-4f92e53da761
info: childID: c06c2500-a2e8-428d-8358-3840e7ecc178
info: childID: ea4741ff-100d-4762-86d1-96ff23cbd580
info: childID: a6ecdded-1cb6-4f8e-8082-c511d4155286
info: childID: 13d8ee2c-01e2-4ab1-9e89-340e96614479
info: childID: 144ee139-a532-44f7-9291-b67a552d6be8
info: childID: b731e1c5-a432-4435-aa99-04119a660a18
info: childID: 80a2fb28-bc6e-4799-be4b-8d3040131be0
info: childID: 5d8e095f-d464-428d-89f6-5d85ce0f2c51
info: childID: 76656e3e-2c2e-4ef5-979c-3b02b44161f3
info: childID: be8502f9-6a4b-46ba-b664-dc7d82b03c4c
info: Setting-up break-up triggers
info: Found breakUpTriggers for parent d31f1317-0d9d-4f0b-8e1f-fcf3416b7f5b
info: Setting breakUp altitude for parent d31f1317-0d9d-4f0b-8e1f-fcf3416b7f5b to 78000.100000
info: inclusion with parent ID: d937ad92-d03c-481d-8392-3f22b0e7d086
info: childID: d1e5a0de-9083-45b1-9d5d-7f3ffe63e668
info: Setting-up break-up triggers
info: inclusion with parent ID: de163939-c203-4c8e-9849-f04d653048fa
info: childID: dcdfbb93-1438-4769-ba96-d991c3a76171
info: Setting-up break-up triggers
info: inclusion with parent ID: 8140b255-48fc-423e-ad9f-f730c48a160b
info: childID: c5d55eb6-0c99-4255-b135-eb29e2d3533a
info: Setting-up break-up triggers
info: inclusion with parent ID: 7748539e-591c-4400-9cc9-9ec1036fb9e3
info: childID: e9ac6dd3-1e30-4e13-a931-88ec30d045b3
info: Setting-up break-up triggers
info: inclusion with parent ID: 6bbe79a5-0f24-4ab3-a2fb-15baef655496
info: childID: 445d15cb-e66c-47ae-a9c0-b29e1e0810bb
info: Setting-up break-up triggers
info: inclusion with parent ID: 9a311fa3-eaf6-4892-9222-ba5f054d70f3
info: childID: 33042274-6bb2-4c16-a86e-865ac32f7092
info: Setting-up break-up triggers
info: inclusion with parent ID: dee53926-7642-466e-802b-b9744ba8cdb5
info: childID: 58f457b5-8a3d-4ccc-b511-c34804fc1bf9
info: Setting-up break-up triggers
info: inclusion with parent ID: e35eed7f-ef13-414e-931e-da5bd7aff9d0
info: childID: 7eb7ab52-bef4-4e3c-a3a7-27a88e2a9e67
info: Setting-up break-up triggers
info: inclusion with parent ID: affcab05-139a-442a-8b0a-ec193dead5bf
info: childID: e9b72efb-391d-488f-8bc6-9e68f868da0c
info: Setting-up break-up triggers
info: inclusion with parent ID: c1252870-a411-47c8-95a1-dbe40cce3180
info: childID: f37d4ac3-4d25-412d-ba98-2978ea639983
info: Setting-up break-up triggers
info: inclusion with parent ID: 1407897e-78f2-4365-9835-6364215ae2b7
info: childID: c688eee3-a8e2-44a2-9566-f079885f2eb6
info: Setting-up break-up triggers
info: inclusion with parent ID: 97fcac61-844e-4acc-9ea6-1c12a219162e
info: childID: a69fb443-96eb-4abe-ac15-046b80a4bd92
info: Setting-up break-up triggers
info: inclusion with parent ID: 3b71e707-35dd-4ca9-b649-37d51d847ecf
info: childID: 0016c647-94b6-44b3-924b-c232a84934b2
info: Setting-up break-up triggers
info: inclusion with parent ID: 5b7fd01c-6f9b-4cbb-b4c4-96dce1078b32
info: childID: 3f0d36b8-546a-4647-b4ff-c64d71f59c39
info: Setting-up break-up triggers
info: inclusion with parent ID: 5201153f-409f-43e2-abae-d0dee08085a2
info: childID: 875dc2f0-da7f-4fb0-bc9b-f2ce128ec2a3
info: Setting-up break-up triggers
info: inclusion with parent ID: b731e1c5-a432-4435-aa99-04119a660a18
info: childID: 2d29c4c5-7f95-4af3-bc4b-011beb682baf
info: Setting-up break-up triggers
info: inclusion with parent ID: 80a2fb28-bc6e-4799-be4b-8d3040131be0
info: childID: 5d9f155a-ded8-4360-9010-eceeee887bb0
info: Setting-up break-up triggers
info: inclusion with parent ID: 5d8e095f-d464-428d-89f6-5d85ce0f2c51
info: childID: 2699bb25-a994-4ccf-b910-2a7157b33ccf
info: Setting-up break-up triggers
info: inclusion with parent ID: 76656e3e-2c2e-4ef5-979c-3b02b44161f3
info: childID: 4ac673c9-d31d-46a2-a9db-646ddc250e15
info: Setting-up break-up triggers
info: inclusion with parent ID: be8502f9-6a4b-46ba-b664-dc7d82b03c4c
info: childID: f5dffc0d-a926-4634-a33f-cbf5f72a8df5
info: Setting-up break-up triggers
info: inclusion with parent ID: bdeb6a36-12d0-4fe9-bdef-1f6faab885a0
info: childID: 1d92482f-0fca-4932-9a63-40c4d90fb4b3
info: childID: af9ae746-0675-4333-8b05-8e932cd4c1b0
info: childID: ff76ff82-3840-4368-baea-8470e11c3029
info: childID: e7625e32-79e6-4f4b-9ef6-c035d7bed5a3
info: childID: fb31e106-f9ad-4645-9720-14c0d0e3a751
info: childID: c2e0d534-5cf7-4d10-b474-35f877d759b7
info: childID: 870bfb5a-8fc8-444b-9998-708e0c330e1c
info: childID: d0ee71ee-faa1-4c64-a562-a3738a93e4ad
info: childID: f8ada8b9-06d4-40cd-bd74-3312fce12e78
info: childID: 74ad233a-a069-427e-8467-3e6a119838ac
info: childID: abfb6e52-d8cf-4641-a0b0-5e40edc0f564
info: childID: 613ab40d-ac65-453f-a803-80da09b61542
info: childID: c2653f19-0f7a-44ac-a8e5-1d0bb26d33a0
info: childID: 23763bdd-7c0b-4077-80ac-d6a189fb2c79
info: childID: ef6582af-e11d-4ca9-a12b-3ec47549d18c
info: childID: aef6318c-2d97-40ba-8bdf-068bc94bd8a5
info: childID: 4b32fec7-9f57-4649-8284-3d1fdfc20d90
info: childID: a1a24d98-f827-46ce-aff0-7b2d6e8e2357
info: childID: 0cd08834-81c1-4576-8c86-fa265f3a8f04
info: childID: a8231a79-5579-4e40-8d4f-71b9a74ab3d7
info: childID: aeda7892-1a0d-473d-938b-47f3689d7448
info: childID: 14c3fb57-5e6f-4161-b4d0-16a4765fc55b
info: childID: b80a76e3-0da9-42c5-953a-ff2614be710e
info: childID: c7c6fa2c-f04e-421e-9252-6fb3260cfa54
info: childID: f5312407-e791-4f4d-a167-74a567287a2c
info: childID: 8e56ba6f-8a93-4617-a814-e9974363ade4
info: childID: b5ed6971-cc08-4353-9268-62ab81f38d58
info: childID: 1f2a4ef6-0ab3-4d25-a4be-d8e9c1642037
info: childID: 9df1f91d-0492-4871-8bb7-f884e4fef4a3
info: childID: 8af2132f-250d-477b-80f7-615e5d67d2a0
info: childID: 69188486-6c6d-417e-a056-336b38e4b918
info: childID: b8b303d2-e3bb-4d85-8dc1-a7fdc76026fb
info: childID: c7768e71-50e7-47a0-a4c4-6b535ac78276
info: childID: b3b63815-7b7d-4113-81f6-cf863040232a
info: childID: 4617ce0b-186b-43d4-b84c-1fb1a32f893a
info: childID: 4ab4cfaa-2a04-4c16-80d0-43adefb563f2
info: childID: b29cc33f-19ef-48ef-a94d-d57e19b97bb3
info: childID: f782f6c0-7963-417e-80c3-16d9fcda0a37
info: childID: bbf22be4-2b2e-485c-afb6-40ee990bc60c
info: childID: f75aa4b9-a2e4-4d7a-8317-7397c96c9e31
info: childID: 2820083a-a07a-4a45-8a91-ae1aeb026ab8
info: childID: 2a0f1756-d739-4be5-acfb-5c98c1ec6d8a
info: childID: 40ced179-61ac-4157-b67b-e5818d785545
info: childID: 1fb5a24d-822d-4b03-b7c8-707b45f03a62
info: childID: 94c7134b-e00b-4484-9ab5-793cf11a09b7
info: childID: 033f7482-d229-4653-8df8-c3666d4d7b38
info: childID: fbcc29ad-1536-4009-a797-ba57fa6a25ae
info: childID: 8b0371d9-fcd1-4ee4-8979-f4d5247cd70f
info: childID: 813c8c0b-733c-44d2-acd5-ccde788a753d
info: childID: f4d5dd76-6520-4bb7-965d-4ba666dfb2a8
info: childID: aaafc080-8726-4cd4-93b1-07ee067df443
info: childID: 2a0796a7-9f8b-4a83-bc81-8a78dd54760a
info: childID: d261c2b8-14c8-4ca4-8ca6-452b32cf73ce
info: childID: 9e0a805e-eac1-4103-891b-7ee76bc46231
info: childID: 6b158017-2221-41d5-91de-cdad33f7fe5c
info: childID: 7dd6bb48-d93d-49a2-af82-86768fa7cf69
info: childID: a4291dde-6a9e-492c-8841-36b2c33bf895
info: childID: c45549b5-46ea-4348-a189-5decd51dbeb8
info: childID: 03b61fef-8e3c-4ac8-9a6a-f31f845465d1
info: childID: da9d6c91-6d62-4349-a53f-1129d18d391d
info: childID: 9fb93baf-13b0-4ec7-8df1-da5d96a39ac6
info: childID: 2969ab64-09a9-4393-ac53-86b9074064be
info: childID: 7e1b3419-b471-44e6-8e7c-169d125847ee
info: childID: 8dcb8ef0-fe12-4766-9c27-6bc2e3f3855b
info: childID: 55fcf338-3461-468f-ae95-f36d48f25aae
info: childID: b60d0506-ecc9-4926-961e-24ec487e1e61
info: childID: 4bff8081-9a95-4be6-9a40-52443d671247
info: childID: f8f8c63b-c1aa-46a7-b562-883465f2fdb5
info: childID: e33ba8a5-64be-479d-97b6-eaea89d23437
info: childID: 0ba12395-99d3-44ee-8770-afa7248e60b4
info: Setting-up break-up triggers
info: inclusion with parent ID: 1d92482f-0fca-4932-9a63-40c4d90fb4b3
info: childID: 00250585-2152-4610-9ca3-8f17fb59ce5a
info: Setting-up break-up triggers
info: inclusion with parent ID: ff76ff82-3840-4368-baea-8470e11c3029
info: childID: e3c41722-dd46-4295-8a15-4214ae9596c4
info: Setting-up break-up triggers
info: inclusion with parent ID: e7625e32-79e6-4f4b-9ef6-c035d7bed5a3
info: childID: 170c51e7-5a72-41fb-ad75-9abcf426fe38
info: Setting-up break-up triggers
info: inclusion with parent ID: d0ee71ee-faa1-4c64-a562-a3738a93e4ad
info: childID: 27c8e907-c911-4baf-b922-cc31c73200c1
info: Setting-up break-up triggers
info: inclusion with parent ID: f8ada8b9-06d4-40cd-bd74-3312fce12e78
info: childID: 510765ee-a809-486c-84c6-357ea3552e42
info: Setting-up break-up triggers
info: inclusion with parent ID: 74ad233a-a069-427e-8467-3e6a119838ac
info: childID: 8166906a-c383-40cb-aea9-6d118e82ea58
info: Setting-up break-up triggers
info: inclusion with parent ID: abfb6e52-d8cf-4641-a0b0-5e40edc0f564
info: childID: 7f5c3acb-06e7-447f-ab8b-621d492b9a50
info: Setting-up break-up triggers
info: inclusion with parent ID: 4b32fec7-9f57-4649-8284-3d1fdfc20d90
info: childID: 54376ec5-78f5-4aef-96d1-7f1996a5900b
info: Setting-up break-up triggers
info: inclusion with parent ID: 0cd08834-81c1-4576-8c86-fa265f3a8f04
info: childID: 55f2d300-0aa9-4bdd-81d9-e330bdc72385
info: Setting-up break-up triggers
info: inclusion with parent ID: a8231a79-5579-4e40-8d4f-71b9a74ab3d7
info: childID: 9a696b7c-0ec1-40d7-9e6e-20b11771cbfb
info: Setting-up break-up triggers
info: inclusion with parent ID: b29cc33f-19ef-48ef-a94d-d57e19b97bb3
info: childID: a430764f-ddb0-4803-a387-8f44417af1a4
info: Setting-up break-up triggers
info: inclusion with parent ID: f782f6c0-7963-417e-80c3-16d9fcda0a37
info: childID: 54127d8e-5208-4c00-906e-999d670afbf1
info: Setting-up break-up triggers
info: inclusion with parent ID: bbf22be4-2b2e-485c-afb6-40ee990bc60c
info: childID: 82a1c854-070b-4ecf-9c66-92206128e0db
info: Setting-up break-up triggers
info: inclusion with parent ID: 2820083a-a07a-4a45-8a91-ae1aeb026ab8
info: childID: 91faf1be-bea6-42bf-a5c5-61930dc177d5
info: Setting-up break-up triggers
info: inclusion with parent ID: 2a0f1756-d739-4be5-acfb-5c98c1ec6d8a
info: childID: 674e8f15-7ca9-49a9-880f-9964e4c6aa14
info: Setting-up break-up triggers
info: inclusion with parent ID: 40ced179-61ac-4157-b67b-e5818d785545
info: childID: adea4fd2-f7b0-40b2-898b-f1e31bdf9409
info: Setting-up break-up triggers
info: inclusion with parent ID: 1fb5a24d-822d-4b03-b7c8-707b45f03a62
info: childID: c7944422-3058-4d7c-80ba-0abe6d0f7cbc
info: Setting-up break-up triggers
info: inclusion with parent ID: fbcc29ad-1536-4009-a797-ba57fa6a25ae
info: childID: 63131438-4da3-40b8-84f2-f88252a1c3ca
info: Setting-up break-up triggers
info: inclusion with parent ID: 8b0371d9-fcd1-4ee4-8979-f4d5247cd70f
info: childID: c988d9e3-614a-444d-9796-3923a809db8f
info: Setting-up break-up triggers
info: inclusion with parent ID: 6b158017-2221-41d5-91de-cdad33f7fe5c
info: childID: c676e466-0834-4c64-9021-e458c7acc91a
info: Setting-up break-up triggers
info: inclusion with parent ID: 7dd6bb48-d93d-49a2-af82-86768fa7cf69
info: childID: 290761d5-b96d-4122-aba7-205b2ed50866
info: Setting-up break-up triggers
info: inclusion with parent ID: a4291dde-6a9e-492c-8841-36b2c33bf895
info: childID: 46aa8e19-07c1-48bf-b6d2-ea51e79d4295
info: Setting-up break-up triggers
info: inclusion with parent ID: da9d6c91-6d62-4349-a53f-1129d18d391d
info: childID: 1d295286-bbe4-43ee-893e-b44a0c5774ae
info: Setting-up break-up triggers
info: inclusion with parent ID: 9fb93baf-13b0-4ec7-8df1-da5d96a39ac6
info: childID: d2066ef8-9b80-4aa0-be8b-27fccd89022e
info: Setting-up break-up triggers
info: Handling of connections
info: Using spacecraft mass calculated from objects hierarchy: 2583.160000
info: Testing for altitude above 139km with input State: system= 232132, epoch= 2016-11-01T12:00:00, elements= 6628.300000, 0.001000, 10.000000, 7.300000, 2.000000, 0.000000
info: Initial altitude above 139 km. Propagating with oscar.
info: starting CstateConvertToOscar with input State: system= 232132, epoch= 2016-11-01T12:00:00, elements= 6628.300000, 0.001000, 10.000000, 7.300000, 2.000000, 0.000000
info: starting PropagateWithOscar with input State: system= 231831, epoch= 2016-11-01T12:00:00, elements= 6628.007092, 0.000472, 10.030202, 8.220109, 180.443961, 179.971395
info: Propagation ended with State: system= 231831, epoch= 2016-11-15T16:49:29, elements= 6511.758600, 0.000093, 10.029560, 243.682150, 117.280850, 184.637800
info: Testing for altitude above 139km with input State: system= 231831, epoch= 2016-11-15T16:49:29, elements= 6511.758600, 0.000093, 10.029560, 243.682150, 117.280850, 184.637800
info: starting CstateConvertToHtgSesam with input State: system= 231831, epoch= 2016-11-15T16:49:29, elements= 6511.758600, 0.000093, 10.029560, 243.682150, 117.280850, 184.637800
info: Passing geodetic state below 139 km to sesam: State: system= 235102, epoch= 2016-11-15T16:49:29, elements= 125.026893, -8.920849, -120.716546, 7.368383, -0.005295, 5.732665
info: Using dynamic wind model HWM14.
info: Using dynamic atmosphere model NRLMSISI-00 with dynamic solar activity.
info: SESAM initialisation DONE.
info: SESAM propagation started
info: Starting propagation of Fragment with uniqueID 4181261518065174452.
info: EVENT area f0fbe910-c363-454d-9f20-7a5a05e2622f 0.028488 3.622885 0.031453
info: EVENT area bdeb6a36-12d0-4fe9-bdef-1f6faab885a0 4.182129 18.025000 0.928073
info: EVENT area d31f1317-0d9d-4f0b-8e1f-fcf3416b7f5b 4.481503 22.147498 0.809392
info: EVENT area a9c375f9-d99d-49d8-8c88-27568f7057f0 20.176186 80.260000 1.005541
info: EVENT start 4181261518065174452 2583.160000 28.868305 2016-11-15T16:49:29
info: Object a9c375f9-d99d-49d8-8c88-27568f7057f0 demised.
info: EVENT object a9c375f9-d99d-49d8-8c88-27568f7057f0 demise
info: Object a9c375f9-d99d-49d8-8c88-27568f7057f0 reached end of life.
info: Compound 4181261518065174452 reached end of life because object a9c375f9-d99d-49d8-8c88-27568f7057f0 reached end of life.
info: ObjectTrajectory Written: PySara.Compound_of-IFring-PLM-SVM-SolarP.4181261518065174452_Trajectory.txt
info: GnuPlotGeneration::GenerateSingleObjectScript Wrote PySara.Compound_of-IFring-PLM-SVM-SolarP.4181261518065174452.gnu
info: AeroThermalHistory Written: PySara.IFring.4181261518065174452_f0fbe910-c363-454d-9f20-7a5a05e2622f_AeroThermalHistory.txt
info: AeroThermalHistory Written: PySara.PLM.4181261518065174452_bdeb6a36-12d0-4fe9-bdef-1f6faab885a0_AeroThermalHistory.txt
info: AeroThermalHistory Written: PySara.SVM.4181261518065174452_d31f1317-0d9d-4f0b-8e1f-fcf3416b7f5b_AeroThermalHistory.txt
info: AeroThermalHistory Written: PySara.SolarP.4181261518065174452_a9c375f9-d99d-49d8-8c88-27568f7057f0_AeroThermalHistory.txt
info: EVENT end 4181261518065174452 2523.160000
info: Object a9c375f9-d99d-49d8-8c88-27568f7057f0 reached end of life.
info: Dropping Connection between a9c375f9-d99d-49d8-8c88-27568f7057f0 and d31f1317-0d9d-4f0b-8e1f-fcf3416b7f5b because a9c375f9-d99d-49d8-8c88-27568f7057f0 demised.
info: Adding 1 new fragments to fragmentList.
info: Starting propagation of Fragment with uniqueID 1774137722065935883.
info: EVENT area f0fbe910-c363-454d-9f20-7a5a05e2622f 0.032067 3.622885 0.035405
info: EVENT area bdeb6a36-12d0-4fe9-bdef-1f6faab885a0 4.064388 18.025000 0.901945
info: EVENT area d31f1317-0d9d-4f0b-8e1f-fcf3416b7f5b 5.083827 22.147498 0.918176
info: EVENT start 1774137722065935883 2523.160000 9.180282 2016-11-15T17:27:49
info: Object d31f1317-0d9d-4f0b-8e1f-fcf3416b7f5b demised.
info: EVENT object d31f1317-0d9d-4f0b-8e1f-fcf3416b7f5b demise
info: Object d31f1317-0d9d-4f0b-8e1f-fcf3416b7f5b reached end of life.
info: Compound 1774137722065935883 reached end of life because object d31f1317-0d9d-4f0b-8e1f-fcf3416b7f5b reached end of life.
info: ObjectTrajectory Written: PySara.Compound_of-IFring-PLM-SVM.1774137722065935883_Trajectory.txt
info: GnuPlotGeneration::GenerateSingleObjectScript Wrote PySara.Compound_of-IFring-PLM-SVM.1774137722065935883.gnu
info: AeroThermalHistory Written: PySara.IFring.1774137722065935883_f0fbe910-c363-454d-9f20-7a5a05e2622f_AeroThermalHistory.txt
info: AeroThermalHistory Written: PySara.PLM.1774137722065935883_bdeb6a36-12d0-4fe9-bdef-1f6faab885a0_AeroThermalHistory.txt
info: AeroThermalHistory Written: PySara.SVM.1774137722065935883_d31f1317-0d9d-4f0b-8e1f-fcf3416b7f5b_AeroThermalHistory.txt
info: EVENT end 1774137722065935883 2410.760000
info: Object d31f1317-0d9d-4f0b-8e1f-fcf3416b7f5b reached end of life.
info: Dropping Connection between f0fbe910-c363-454d-9f20-7a5a05e2622f and d31f1317-0d9d-4f0b-8e1f-fcf3416b7f5b because d31f1317-0d9d-4f0b-8e1f-fcf3416b7f5b demised.
info: Adding 64 new fragments to fragmentList.
info: Starting propagation of Fragment with uniqueID d937ad92-d03c-481d-8392-3f22b0e7d086.
info: EVENT area d937ad92-d03c-481d-8392-3f22b0e7d086 0.344700
info: EVENT start d937ad92-d03c-481d-8392-3f22b0e7d086 46.700000 0.344700 2016-11-15T17:32:00
info: Object d937ad92-d03c-481d-8392-3f22b0e7d086 demised.
info: EVENT object d937ad92-d03c-481d-8392-3f22b0e7d086 demise
info: Object d937ad92-d03c-481d-8392-3f22b0e7d086 reached end of life.
info: ObjectTrajectory Written: PySara.RSJD.d937ad92-d03c-481d-8392-3f22b0e7d086_Trajectory.txt
info: GnuPlotGeneration::GenerateSingleObjectScript Wrote PySara.RSJD.d937ad92-d03c-481d-8392-3f22b0e7d086.gnu
info: AeroThermalHistory Written: PySara.RSJD.d937ad92-d03c-481d-8392-3f22b0e7d086_AeroThermalHistory.txt
info: EVENT end d937ad92-d03c-481d-8392-3f22b0e7d086 20.370000
info: Adding 1 new fragments to fragmentList.
info: Starting propagation of Fragment with uniqueID de163939-c203-4c8e-9849-f04d653048fa.
info: EVENT area de163939-c203-4c8e-9849-f04d653048fa 0.203602
info: EVENT start de163939-c203-4c8e-9849-f04d653048fa 28.100000 0.203602 2016-11-15T17:32:00
info: Object de163939-c203-4c8e-9849-f04d653048fa demised.
info: EVENT object de163939-c203-4c8e-9849-f04d653048fa demise
info: Object de163939-c203-4c8e-9849-f04d653048fa reached end of life.
info: ObjectTrajectory Written: PySara.EIU.de163939-c203-4c8e-9849-f04d653048fa_Trajectory.txt
info: GnuPlotGeneration::GenerateSingleObjectScript Wrote PySara.EIU.de163939-c203-4c8e-9849-f04d653048fa.gnu
info: AeroThermalHistory Written: PySara.EIU.de163939-c203-4c8e-9849-f04d653048fa_AeroThermalHistory.txt
info: EVENT end de163939-c203-4c8e-9849-f04d653048fa 12.670000
info: Adding 1 new fragments to fragmentList.
info: Starting propagation of Fragment with uniqueID af70ced4-28ee-4d3a-9d58-1b24a8dc3738.
info: EVENT area af70ced4-28ee-4d3a-9d58-1b24a8dc3738 0.107779
info: EVENT start af70ced4-28ee-4d3a-9d58-1b24a8dc3738 17.100000 0.107779 2016-11-15T17:32:00
info: Fragment af70ced4-28ee-4d3a-9d58-1b24a8dc3738 reached end of life because of ground impact.
info: Object af70ced4-28ee-4d3a-9d58-1b24a8dc3738 reached end of life.
info: EVENT fragment af70ced4-28ee-4d3a-9d58-1b24a8dc3738 impact
info: ObjectTrajectory Written: PySara.RWheel1.af70ced4-28ee-4d3a-9d58-1b24a8dc3738_Trajectory.txt
info: GnuPlotGeneration::GenerateSingleObjectScript Wrote PySara.RWheel1.af70ced4-28ee-4d3a-9d58-1b24a8dc3738.gnu
info: AeroThermalHistory Written: PySara.RWheel1.af70ced4-28ee-4d3a-9d58-1b24a8dc3738_AeroThermalHistory.txt
info: EVENT end af70ced4-28ee-4d3a-9d58-1b24a8dc3738 11.417066
info: Adding 0 new fragments to fragmentList.
info: Starting propagation of Fragment with uniqueID 603cb97a-ab55-4f3c-805b-294cd708aec8.
info: EVENT area 603cb97a-ab55-4f3c-805b-294cd708aec8 0.107779
info: EVENT start 603cb97a-ab55-4f3c-805b-294cd708aec8 17.100000 0.107779 2016-11-15T17:32:00
info: Fragment 603cb97a-ab55-4f3c-805b-294cd708aec8 reached end of life because of ground impact.
info: Object 603cb97a-ab55-4f3c-805b-294cd708aec8 reached end of life.
info: EVENT fragment 603cb97a-ab55-4f3c-805b-294cd708aec8 impact
info: ObjectTrajectory Written: PySara.RWheel2.603cb97a-ab55-4f3c-805b-294cd708aec8_Trajectory.txt
info: GnuPlotGeneration::GenerateSingleObjectScript Wrote PySara.RWheel2.603cb97a-ab55-4f3c-805b-294cd708aec8.gnu
info: AeroThermalHistory Written: PySara.RWheel2.603cb97a-ab55-4f3c-805b-294cd708aec8_AeroThermalHistory.txt
info: EVENT end 603cb97a-ab55-4f3c-805b-294cd708aec8 11.417066
info: Adding 0 new fragments to fragmentList.
info: Starting propagation of Fragment with uniqueID de9cc12c-5eb4-470b-95a6-7590d2d37d90.
info: EVENT area de9cc12c-5eb4-470b-95a6-7590d2d37d90 0.107779
info: EVENT start de9cc12c-5eb4-470b-95a6-7590d2d37d90 17.100000 0.107779 2016-11-15T17:32:00
info: Fragment de9cc12c-5eb4-470b-95a6-7590d2d37d90 reached end of life because of ground impact.
info: Object de9cc12c-5eb4-470b-95a6-7590d2d37d90 reached end of life.
info: EVENT fragment de9cc12c-5eb4-470b-95a6-7590d2d37d90 impact
info: ObjectTrajectory Written: PySara.RWheel3.de9cc12c-5eb4-470b-95a6-7590d2d37d90_Trajectory.txt
info: GnuPlotGeneration::GenerateSingleObjectScript Wrote PySara.RWheel3.de9cc12c-5eb4-470b-95a6-7590d2d37d90.gnu
info: AeroThermalHistory Written: PySara.RWheel3.de9cc12c-5eb4-470b-95a6-7590d2d37d90_AeroThermalHistory.txt
info: EVENT end de9cc12c-5eb4-470b-95a6-7590d2d37d90 11.417066
info: Adding 0 new fragments to fragmentList.
info: Starting propagation of Fragment with uniqueID 8140b255-48fc-423e-ad9f-f730c48a160b.
info: EVENT area 8140b255-48fc-423e-ad9f-f730c48a160b 0.054550
info: EVENT start 8140b255-48fc-423e-ad9f-f730c48a160b 4.500000 0.054550 2016-11-15T17:32:00
info: Object 8140b255-48fc-423e-ad9f-f730c48a160b demised.
info: EVENT object 8140b255-48fc-423e-ad9f-f730c48a160b demise
info: Object 8140b255-48fc-423e-ad9f-f730c48a160b reached end of life.
info: ObjectTrajectory Written: PySara.SADME.8140b255-48fc-423e-ad9f-f730c48a160b_Trajectory.txt
info: GnuPlotGeneration::GenerateSingleObjectScript Wrote PySara.SADME.8140b255-48fc-423e-ad9f-f730c48a160b.gnu
info: AeroThermalHistory Written: PySara.SADME.8140b255-48fc-423e-ad9f-f730c48a160b_AeroThermalHistory.txt
info: EVENT end 8140b255-48fc-423e-ad9f-f730c48a160b 0.520000
info: Adding 1 new fragments to fragmentList.
info: Starting propagation of Fragment with uniqueID b8bb99f6-587d-443b-a4d9-d5fc64301d94.
info: EVENT area b8bb99f6-587d-443b-a4d9-d5fc64301d94 0.052680
info: EVENT start b8bb99f6-587d-443b-a4d9-d5fc64301d94 4.500000 0.052680 2016-11-15T17:32:00
info: Object b8bb99f6-587d-443b-a4d9-d5fc64301d94 demised.
info: EVENT object b8bb99f6-587d-443b-a4d9-d5fc64301d94 demise
info: Fragment b8bb99f6-587d-443b-a4d9-d5fc64301d94 reached end of life because uncritical.
info: Object b8bb99f6-587d-443b-a4d9-d5fc64301d94 reached end of life.
info: ObjectTrajectory Written: PySara.MAC-Y.b8bb99f6-587d-443b-a4d9-d5fc64301d94_Trajectory.txt
info: GnuPlotGeneration::GenerateSingleObjectScript Wrote PySara.MAC-Y.b8bb99f6-587d-443b-a4d9-d5fc64301d94.gnu
info: AeroThermalHistory Written: PySara.MAC-Y.b8bb99f6-587d-443b-a4d9-d5fc64301d94_AeroThermalHistory.txt
info: EVENT end b8bb99f6-587d-443b-a4d9-d5fc64301d94 0.000000
info: Adding 0 new fragments to fragmentList.
info: Starting propagation of Fragment with uniqueID 7748539e-591c-4400-9cc9-9ec1036fb9e3.
info: EVENT area 7748539e-591c-4400-9cc9-9ec1036fb9e3 0.126047
info: EVENT start 7748539e-591c-4400-9cc9-9ec1036fb9e3 14.600000 0.126047 2016-11-15T17:32:00
info: Object 7748539e-591c-4400-9cc9-9ec1036fb9e3 demised.
info: EVENT object 7748539e-591c-4400-9cc9-9ec1036fb9e3 demise
info: Object 7748539e-591c-4400-9cc9-9ec1036fb9e3 reached end of life.
info: ObjectTrajectory Written: PySara.CCU.7748539e-591c-4400-9cc9-9ec1036fb9e3_Trajectory.txt
info: GnuPlotGeneration::GenerateSingleObjectScript Wrote PySara.CCU.7748539e-591c-4400-9cc9-9ec1036fb9e3.gnu
info: AeroThermalHistory Written: PySara.CCU.7748539e-591c-4400-9cc9-9ec1036fb9e3_AeroThermalHistory.txt
info: EVENT end 7748539e-591c-4400-9cc9-9ec1036fb9e3 5.150000
info: Adding 1 new fragments to fragmentList.
info: Starting propagation of Fragment with uniqueID 6bbe79a5-0f24-4ab3-a2fb-15baef655496.
info: EVENT area 6bbe79a5-0f24-4ab3-a2fb-15baef655496 0.139180
info: EVENT start 6bbe79a5-0f24-4ab3-a2fb-15baef655496 18.000000 0.139180 2016-11-15T17:32:00
info: Object 6bbe79a5-0f24-4ab3-a2fb-15baef655496 demised.
info: EVENT object 6bbe79a5-0f24-4ab3-a2fb-15baef655496 demise
info: Object 6bbe79a5-0f24-4ab3-a2fb-15baef655496 reached end of life.
info: ObjectTrajectory Written: PySara.BSP.6bbe79a5-0f24-4ab3-a2fb-15baef655496_Trajectory.txt
info: GnuPlotGeneration::GenerateSingleObjectScript Wrote PySara.BSP.6bbe79a5-0f24-4ab3-a2fb-15baef655496.gnu
info: AeroThermalHistory Written: PySara.BSP.6bbe79a5-0f24-4ab3-a2fb-15baef655496_AeroThermalHistory.txt
info: EVENT end 6bbe79a5-0f24-4ab3-a2fb-15baef655496 7.540000
info: Adding 1 new fragments to fragmentList.
info: Starting propagation of Fragment with uniqueID 1639538e-29da-4716-9d3c-53b7b487923a.
info: EVENT area 1639538e-29da-4716-9d3c-53b7b487923a 0.045763
info: EVENT start 1639538e-29da-4716-9d3c-53b7b487923a 2.300000 0.045763 2016-11-15T17:32:00
info: Object 1639538e-29da-4716-9d3c-53b7b487923a demised.
info: EVENT object 1639538e-29da-4716-9d3c-53b7b487923a demise
info: Fragment 1639538e-29da-4716-9d3c-53b7b487923a reached end of life because uncritical.
info: Object 1639538e-29da-4716-9d3c-53b7b487923a reached end of life.
info: ObjectTrajectory Written: PySara.OBA.1639538e-29da-4716-9d3c-53b7b487923a_Trajectory.txt
info: GnuPlotGeneration::GenerateSingleObjectScript Wrote PySara.OBA.1639538e-29da-4716-9d3c-53b7b487923a.gnu
info: AeroThermalHistory Written: PySara.OBA.1639538e-29da-4716-9d3c-53b7b487923a_AeroThermalHistory.txt
info: EVENT end 1639538e-29da-4716-9d3c-53b7b487923a 0.000000
info: Adding 0 new fragments to fragmentList.
info: Starting propagation of Fragment with uniqueID 9a311fa3-eaf6-4892-9222-ba5f054d70f3.
info: EVENT area 9a311fa3-eaf6-4892-9222-ba5f054d70f3 0.075574
info: EVENT start 9a311fa3-eaf6-4892-9222-ba5f054d70f3 8.400000 0.075574 2016-11-15T17:32:00
info: Object 9a311fa3-eaf6-4892-9222-ba5f054d70f3 demised.
info: EVENT object 9a311fa3-eaf6-4892-9222-ba5f054d70f3 demise
info: Object 9a311fa3-eaf6-4892-9222-ba5f054d70f3 reached end of life.
info: ObjectTrajectory Written: PySara.EDR.9a311fa3-eaf6-4892-9222-ba5f054d70f3_Trajectory.txt
info: GnuPlotGeneration::GenerateSingleObjectScript Wrote PySara.EDR.9a311fa3-eaf6-4892-9222-ba5f054d70f3.gnu
info: AeroThermalHistory Written: PySara.EDR.9a311fa3-eaf6-4892-9222-ba5f054d70f3_AeroThermalHistory.txt
info: EVENT end 9a311fa3-eaf6-4892-9222-ba5f054d70f3 2.810000
info: Adding 1 new fragments to fragmentList.
info: Starting propagation of Fragment with uniqueID dee53926-7642-466e-802b-b9744ba8cdb5.
info: EVENT area dee53926-7642-466e-802b-b9744ba8cdb5 0.129330
info: EVENT start dee53926-7642-466e-802b-b9744ba8cdb5 15.100000 0.129330 2016-11-15T17:32:00
info: Object dee53926-7642-466e-802b-b9744ba8cdb5 demised.
info: EVENT object dee53926-7642-466e-802b-b9744ba8cdb5 demise
info: Object dee53926-7642-466e-802b-b9744ba8cdb5 reached end of life.
info: ObjectTrajectory Written: PySara.EPRM.dee53926-7642-466e-802b-b9744ba8cdb5_Trajectory.txt
info: GnuPlotGeneration::GenerateSingleObjectScript Wrote PySara.EPRM.dee53926-7642-466e-802b-b9744ba8cdb5.gnu
info: AeroThermalHistory Written: PySara.EPRM.dee53926-7642-466e-802b-b9744ba8cdb5_AeroThermalHistory.txt
info: EVENT end dee53926-7642-466e-802b-b9744ba8cdb5 5.390000
info: Adding 1 new fragments to fragmentList.
info: Starting propagation of Fragment with uniqueID 5f45191c-7290-4b84-8438-a6efa24cfd98.
info: EVENT area 5f45191c-7290-4b84-8438-a6efa24cfd98 0.049976
info: EVENT start 5f45191c-7290-4b84-8438-a6efa24cfd98 2.600000 0.049976 2016-11-15T17:32:00
info: Object 5f45191c-7290-4b84-8438-a6efa24cfd98 demised.
info: EVENT object 5f45191c-7290-4b84-8438-a6efa24cfd98 demise
info: Fragment 5f45191c-7290-4b84-8438-a6efa24cfd98 reached end of life because uncritical.
info: Object 5f45191c-7290-4b84-8438-a6efa24cfd98 reached end of life.
info: ObjectTrajectory Written: PySara.TRSP1.5f45191c-7290-4b84-8438-a6efa24cfd98_Trajectory.txt
info: GnuPlotGeneration::GenerateSingleObjectScript Wrote PySara.TRSP1.5f45191c-7290-4b84-8438-a6efa24cfd98.gnu
info: AeroThermalHistory Written: PySara.TRSP1.5f45191c-7290-4b84-8438-a6efa24cfd98_AeroThermalHistory.txt
info: EVENT end 5f45191c-7290-4b84-8438-a6efa24cfd98 0.000000
info: Adding 0 new fragments to fragmentList.
info: Starting propagation of Fragment with uniqueID fe12b5b4-e0cb-4783-a96b-165cb7d5f58d.
info: EVENT area fe12b5b4-e0cb-4783-a96b-165cb7d5f58d 0.049976
info: EVENT start fe12b5b4-e0cb-4783-a96b-165cb7d5f58d 2.600000 0.049976 2016-11-15T17:32:00
info: Object fe12b5b4-e0cb-4783-a96b-165cb7d5f58d demised.
info: EVENT object fe12b5b4-e0cb-4783-a96b-165cb7d5f58d demise
info: Fragment fe12b5b4-e0cb-4783-a96b-165cb7d5f58d reached end of life because uncritical.
info: Object fe12b5b4-e0cb-4783-a96b-165cb7d5f58d reached end of life.
info: ObjectTrajectory Written: PySara.TRSP2.fe12b5b4-e0cb-4783-a96b-165cb7d5f58d_Trajectory.txt
info: GnuPlotGeneration::GenerateSingleObjectScript Wrote PySara.TRSP2.fe12b5b4-e0cb-4783-a96b-165cb7d5f58d.gnu
info: AeroThermalHistory Written: PySara.TRSP2.fe12b5b4-e0cb-4783-a96b-165cb7d5f58d_AeroThermalHistory.txt
info: EVENT end fe12b5b4-e0cb-4783-a96b-165cb7d5f58d 0.000000
info: Adding 0 new fragments to fragmentList.
info: Starting propagation of Fragment with uniqueID e35eed7f-ef13-414e-931e-da5bd7aff9d0.
info: EVENT area e35eed7f-ef13-414e-931e-da5bd7aff9d0 0.039724
info: EVENT start e35eed7f-ef13-414e-931e-da5bd7aff9d0 4.500000 0.039724 2016-11-15T17:32:00
info: Object e35eed7f-ef13-414e-931e-da5bd7aff9d0 demised.
info: EVENT object e35eed7f-ef13-414e-931e-da5bd7aff9d0 demise
info: Object e35eed7f-ef13-414e-931e-da5bd7aff9d0 reached end of life.
info: ObjectTrajectory Written: PySara.BEG1.e35eed7f-ef13-414e-931e-da5bd7aff9d0_Trajectory.txt
info: GnuPlotGeneration::GenerateSingleObjectScript Wrote PySara.BEG1.e35eed7f-ef13-414e-931e-da5bd7aff9d0.gnu
info: AeroThermalHistory Written: PySara.BEG1.e35eed7f-ef13-414e-931e-da5bd7aff9d0_AeroThermalHistory.txt
info: EVENT end e35eed7f-ef13-414e-931e-da5bd7aff9d0 1.640000
info: Adding 1 new fragments to fragmentList.
info: Starting propagation of Fragment with uniqueID affcab05-139a-442a-8b0a-ec193dead5bf.
info: EVENT area affcab05-139a-442a-8b0a-ec193dead5bf 0.039724
info: EVENT start affcab05-139a-442a-8b0a-ec193dead5bf 4.500000 0.039724 2016-11-15T17:32:00
info: Object affcab05-139a-442a-8b0a-ec193dead5bf demised.
info: EVENT object affcab05-139a-442a-8b0a-ec193dead5bf demise
info: Object affcab05-139a-442a-8b0a-ec193dead5bf reached end of life.
info: ObjectTrajectory Written: PySara.BEG2.affcab05-139a-442a-8b0a-ec193dead5bf_Trajectory.txt
info: GnuPlotGeneration::GenerateSingleObjectScript Wrote PySara.BEG2.affcab05-139a-442a-8b0a-ec193dead5bf.gnu
info: AeroThermalHistory Written: PySara.BEG2.affcab05-139a-442a-8b0a-ec193dead5bf_AeroThermalHistory.txt
info: EVENT end affcab05-139a-442a-8b0a-ec193dead5bf 1.640000
info: Adding 1 new fragments to fragmentList.
info: Starting propagation of Fragment with uniqueID c1252870-a411-47c8-95a1-dbe40cce3180.
info: EVENT area c1252870-a411-47c8-95a1-dbe40cce3180 0.039724
info: EVENT start c1252870-a411-47c8-95a1-dbe40cce3180 4.500000 0.039724 2016-11-15T17:32:00
info: Object c1252870-a411-47c8-95a1-dbe40cce3180 demised.
info: EVENT object c1252870-a411-47c8-95a1-dbe40cce3180 demise
info: Object c1252870-a411-47c8-95a1-dbe40cce3180 reached end of life.
info: ObjectTrajectory Written: PySara.BEG3.c1252870-a411-47c8-95a1-dbe40cce3180_Trajectory.txt
info: GnuPlotGeneration::GenerateSingleObjectScript Wrote PySara.BEG3.c1252870-a411-47c8-95a1-dbe40cce3180.gnu
info: AeroThermalHistory Written: PySara.BEG3.c1252870-a411-47c8-95a1-dbe40cce3180_AeroThermalHistory.txt
info: EVENT end c1252870-a411-47c8-95a1-dbe40cce3180 1.640000
info: Adding 1 new fragments to fragmentList.
info: Starting propagation of Fragment with uniqueID 1407897e-78f2-4365-9835-6364215ae2b7.
info: EVENT area 1407897e-78f2-4365-9835-6364215ae2b7 0.039724
info: EVENT start 1407897e-78f2-4365-9835-6364215ae2b7 4.500000 0.039724 2016-11-15T17:32:00
info: Object 1407897e-78f2-4365-9835-6364215ae2b7 demised.
info: EVENT object 1407897e-78f2-4365-9835-6364215ae2b7 demise
info: Object 1407897e-78f2-4365-9835-6364215ae2b7 reached end of life.
info: ObjectTrajectory Written: PySara.BEG4.1407897e-78f2-4365-9835-6364215ae2b7_Trajectory.txt
info: GnuPlotGeneration::GenerateSingleObjectScript Wrote PySara.BEG4.1407897e-78f2-4365-9835-6364215ae2b7.gnu
info: AeroThermalHistory Written: PySara.BEG4.1407897e-78f2-4365-9835-6364215ae2b7_AeroThermalHistory.txt
info: EVENT end 1407897e-78f2-4365-9835-6364215ae2b7 1.640000
info: Adding 1 new fragments to fragmentList.
info: Starting propagation of Fragment with uniqueID f9183c5e-96ee-4081-a9b7-a5be65c3a93b.
info: EVENT area f9183c5e-96ee-4081-a9b7-a5be65c3a93b 0.080868
info: EVENT start f9183c5e-96ee-4081-a9b7-a5be65c3a93b 8.800000 0.080868 2016-11-15T17:32:00
info: Object f9183c5e-96ee-4081-a9b7-a5be65c3a93b reached end of life because of ballooning.
info: EVENT object f9183c5e-96ee-4081-a9b7-a5be65c3a93b balloon
info: Object f9183c5e-96ee-4081-a9b7-a5be65c3a93b reached end of life.
info: ObjectTrajectory Written: PySara.Gyrosbl.f9183c5e-96ee-4081-a9b7-a5be65c3a93b_Trajectory.txt
info: GnuPlotGeneration::GenerateSingleObjectScript Wrote PySara.Gyrosbl.f9183c5e-96ee-4081-a9b7-a5be65c3a93b.gnu
info: AeroThermalHistory Written: PySara.Gyrosbl.f9183c5e-96ee-4081-a9b7-a5be65c3a93b_AeroThermalHistory.txt
info: EVENT end f9183c5e-96ee-4081-a9b7-a5be65c3a93b 0.001254
info: Adding 0 new fragments to fragmentList.
info: Starting propagation of Fragment with uniqueID 97fcac61-844e-4acc-9ea6-1c12a219162e.
info: EVENT area 97fcac61-844e-4acc-9ea6-1c12a219162e 0.123735
info: EVENT start 97fcac61-844e-4acc-9ea6-1c12a219162e 16.100000 0.123735 2016-11-15T17:32:00
info: Object 97fcac61-844e-4acc-9ea6-1c12a219162e demised.
info: EVENT object 97fcac61-844e-4acc-9ea6-1c12a219162e demise
info: Object 97fcac61-844e-4acc-9ea6-1c12a219162e reached end of life.
info: ObjectTrajectory Written: PySara.T4S.97fcac61-844e-4acc-9ea6-1c12a219162e_Trajectory.txt
info: GnuPlotGeneration::GenerateSingleObjectScript Wrote PySara.T4S.97fcac61-844e-4acc-9ea6-1c12a219162e.gnu
info: AeroThermalHistory Written: PySara.T4S.97fcac61-844e-4acc-9ea6-1c12a219162e_AeroThermalHistory.txt
info: EVENT end 97fcac61-844e-4acc-9ea6-1c12a219162e 6.830000
info: Adding 1 new fragments to fragmentList.
info: Starting propagation of Fragment with uniqueID 3b71e707-35dd-4ca9-b649-37d51d847ecf.
info: EVENT area 3b71e707-35dd-4ca9-b649-37d51d847ecf 0.236157
info: EVENT start 3b71e707-35dd-4ca9-b649-37d51d847ecf 32.000000 0.236157 2016-11-15T17:32:00
info: Object 3b71e707-35dd-4ca9-b649-37d51d847ecf demised.
info: EVENT object 3b71e707-35dd-4ca9-b649-37d51d847ecf demise
info: Object 3b71e707-35dd-4ca9-b649-37d51d847ecf reached end of life.
info: ObjectTrajectory Written: PySara.EAIM.3b71e707-35dd-4ca9-b649-37d51d847ecf_Trajectory.txt
info: GnuPlotGeneration::GenerateSingleObjectScript Wrote PySara.EAIM.3b71e707-35dd-4ca9-b649-37d51d847ecf.gnu
info: AeroThermalHistory Written: PySara.EAIM.3b71e707-35dd-4ca9-b649-37d51d847ecf_AeroThermalHistory.txt
info: EVENT end 3b71e707-35dd-4ca9-b649-37d51d847ecf 14.050000
info: Adding 1 new fragments to fragmentList.
info: Starting propagation of Fragment with uniqueID 2d651b05-1869-4d9c-aa83-1b971d671ddc.
info: EVENT area 2d651b05-1869-4d9c-aa83-1b971d671ddc 0.165150
info: EVENT start 2d651b05-1869-4d9c-aa83-1b971d671ddc 4.730000 0.165150 2016-11-15T17:32:00
info: Object 2d651b05-1869-4d9c-aa83-1b971d671ddc demised.
info: EVENT object 2d651b05-1869-4d9c-aa83-1b971d671ddc demise
info: Fragment 2d651b05-1869-4d9c-aa83-1b971d671ddc reached end of life because uncritical.
info: Object 2d651b05-1869-4d9c-aa83-1b971d671ddc reached end of life.
info: ObjectTrajectory Written: PySara.STD1.2d651b05-1869-4d9c-aa83-1b971d671ddc_Trajectory.txt
info: GnuPlotGeneration::GenerateSingleObjectScript Wrote PySara.STD1.2d651b05-1869-4d9c-aa83-1b971d671ddc.gnu
info: AeroThermalHistory Written: PySara.STD1.2d651b05-1869-4d9c-aa83-1b971d671ddc_AeroThermalHistory.txt
info: EVENT end 2d651b05-1869-4d9c-aa83-1b971d671ddc 0.000000
info: Adding 0 new fragments to fragmentList.
info: Starting propagation of Fragment with uniqueID 9e878564-4208-4e86-ad05-fc711c4160c8.
info: EVENT area 9e878564-4208-4e86-ad05-fc711c4160c8 0.165150
info: EVENT start 9e878564-4208-4e86-ad05-fc711c4160c8 4.730000 0.165150 2016-11-15T17:32:00
info: Object 9e878564-4208-4e86-ad05-fc711c4160c8 demised.
info: EVENT object 9e878564-4208-4e86-ad05-fc711c4160c8 demise
info: Fragment 9e878564-4208-4e86-ad05-fc711c4160c8 reached end of life because uncritical.
info: Object 9e878564-4208-4e86-ad05-fc711c4160c8 reached end of life.
info: ObjectTrajectory Written: PySara.STD2.9e878564-4208-4e86-ad05-fc711c4160c8_Trajectory.txt
info: GnuPlotGeneration::GenerateSingleObjectScript Wrote PySara.STD2.9e878564-4208-4e86-ad05-fc711c4160c8.gnu
info: AeroThermalHistory Written: PySara.STD2.9e878564-4208-4e86-ad05-fc711c4160c8_AeroThermalHistory.txt
info: EVENT end 9e878564-4208-4e86-ad05-fc711c4160c8 0.000000
info: Adding 0 new fragments to fragmentList.
info: Starting propagation of Fragment with uniqueID 697fe3b8-09dc-4c4f-8ee6-7e0d02a57ae9.
info: EVENT area 697fe3b8-09dc-4c4f-8ee6-7e0d02a57ae9 0.032287
info: EVENT start 697fe3b8-09dc-4c4f-8ee6-7e0d02a57ae9 1.650000 0.032287 2016-11-15T17:32:00
info: Object 697fe3b8-09dc-4c4f-8ee6-7e0d02a57ae9 demised.
info: EVENT object 697fe3b8-09dc-4c4f-8ee6-7e0d02a57ae9 demise
info: Fragment 697fe3b8-09dc-4c4f-8ee6-7e0d02a57ae9 reached end of life because uncritical.
info: Object 697fe3b8-09dc-4c4f-8ee6-7e0d02a57ae9 reached end of life.
info: ObjectTrajectory Written: PySara.SSD1.697fe3b8-09dc-4c4f-8ee6-7e0d02a57ae9_Trajectory.txt
info: GnuPlotGeneration::GenerateSingleObjectScript Wrote PySara.SSD1.697fe3b8-09dc-4c4f-8ee6-7e0d02a57ae9.gnu
info: AeroThermalHistory Written: PySara.SSD1.697fe3b8-09dc-4c4f-8ee6-7e0d02a57ae9_AeroThermalHistory.txt
info: EVENT end 697fe3b8-09dc-4c4f-8ee6-7e0d02a57ae9 0.000000
info: Adding 0 new fragments to fragmentList.
info: Starting propagation of Fragment with uniqueID b2e7dabd-09fd-4a1b-88e7-b1ae042c39b0.
info: EVENT area b2e7dabd-09fd-4a1b-88e7-b1ae042c39b0 0.032287
info: EVENT start b2e7dabd-09fd-4a1b-88e7-b1ae042c39b0 1.650000 0.032287 2016-11-15T17:32:00
info: Object b2e7dabd-09fd-4a1b-88e7-b1ae042c39b0 demised.
info: EVENT object b2e7dabd-09fd-4a1b-88e7-b1ae042c39b0 demise
info: Fragment b2e7dabd-09fd-4a1b-88e7-b1ae042c39b0 reached end of life because uncritical.
info: Object b2e7dabd-09fd-4a1b-88e7-b1ae042c39b0 reached end of life.
info: ObjectTrajectory Written: PySara.SSD2.b2e7dabd-09fd-4a1b-88e7-b1ae042c39b0_Trajectory.txt
info: GnuPlotGeneration::GenerateSingleObjectScript Wrote PySara.SSD2.b2e7dabd-09fd-4a1b-88e7-b1ae042c39b0.gnu
info: AeroThermalHistory Written: PySara.SSD2.b2e7dabd-09fd-4a1b-88e7-b1ae042c39b0_AeroThermalHistory.txt
info: EVENT end b2e7dabd-09fd-4a1b-88e7-b1ae042c39b0 0.000000
info: Adding 0 new fragments to fragmentList.
info: Starting propagation of Fragment with uniqueID 5b7fd01c-6f9b-4cbb-b4c4-96dce1078b32.
info: EVENT area 5b7fd01c-6f9b-4cbb-b4c4-96dce1078b32 0.290376
info: EVENT start 5b7fd01c-6f9b-4cbb-b4c4-96dce1078b32 42.000000 0.290376 2016-11-15T17:32:00
info: Object 5b7fd01c-6f9b-4cbb-b4c4-96dce1078b32 demised.
info: EVENT object 5b7fd01c-6f9b-4cbb-b4c4-96dce1078b32 demise
info: Object 5b7fd01c-6f9b-4cbb-b4c4-96dce1078b32 reached end of life.
info: ObjectTrajectory Written: PySara.SADM1.5b7fd01c-6f9b-4cbb-b4c4-96dce1078b32_Trajectory.txt
info: GnuPlotGeneration::GenerateSingleObjectScript Wrote PySara.SADM1.5b7fd01c-6f9b-4cbb-b4c4-96dce1078b32.gnu
info: AeroThermalHistory Written: PySara.SADM1.5b7fd01c-6f9b-4cbb-b4c4-96dce1078b32_AeroThermalHistory.txt
info: EVENT end 5b7fd01c-6f9b-4cbb-b4c4-96dce1078b32 19.800000
info: Adding 1 new fragments to fragmentList.
info: Starting propagation of Fragment with uniqueID 5201153f-409f-43e2-abae-d0dee08085a2.
info: EVENT area 5201153f-409f-43e2-abae-d0dee08085a2 0.165000
info: EVENT start 5201153f-409f-43e2-abae-d0dee08085a2 30.000000 0.165000 2016-11-15T17:32:00
info: Object 5201153f-409f-43e2-abae-d0dee08085a2 demised.
info: EVENT object 5201153f-409f-43e2-abae-d0dee08085a2 demise
info: Object 5201153f-409f-43e2-abae-d0dee08085a2 reached end of life.
info: ObjectTrajectory Written: PySara.SADM2.5201153f-409f-43e2-abae-d0dee08085a2_Trajectory.txt
info: GnuPlotGeneration::GenerateSingleObjectScript Wrote PySara.SADM2.5201153f-409f-43e2-abae-d0dee08085a2.gnu
info: AeroThermalHistory Written: PySara.SADM2.5201153f-409f-43e2-abae-d0dee08085a2_AeroThermalHistory.txt
info: EVENT end 5201153f-409f-43e2-abae-d0dee08085a2 17.540000
info: Adding 1 new fragments to fragmentList.
info: Starting propagation of Fragment with uniqueID ec6c3d7b-2c0b-4e0f-8ff5-5f6115948756.
info: EVENT area ec6c3d7b-2c0b-4e0f-8ff5-5f6115948756 0.032812
info: EVENT start ec6c3d7b-2c0b-4e0f-8ff5-5f6115948756 1.700000 0.032812 2016-11-15T17:32:00
info: Object ec6c3d7b-2c0b-4e0f-8ff5-5f6115948756 demised.
info: EVENT object ec6c3d7b-2c0b-4e0f-8ff5-5f6115948756 demise
info: Fragment ec6c3d7b-2c0b-4e0f-8ff5-5f6115948756 reached end of life because uncritical.
info: Object ec6c3d7b-2c0b-4e0f-8ff5-5f6115948756 reached end of life.
info: ObjectTrajectory Written: PySara.SAsupp1.ec6c3d7b-2c0b-4e0f-8ff5-5f6115948756_Trajectory.txt
info: GnuPlotGeneration::GenerateSingleObjectScript Wrote PySara.SAsupp1.ec6c3d7b-2c0b-4e0f-8ff5-5f6115948756.gnu
info: AeroThermalHistory Written: PySara.SAsupp1.ec6c3d7b-2c0b-4e0f-8ff5-5f6115948756_AeroThermalHistory.txt
info: EVENT end ec6c3d7b-2c0b-4e0f-8ff5-5f6115948756 0.000000
info: Adding 0 new fragments to fragmentList.
info: Starting propagation of Fragment with uniqueID 0ddd261b-7212-4d16-bd67-ce000a079ba8.
info: EVENT area 0ddd261b-7212-4d16-bd67-ce000a079ba8 0.032812
info: EVENT start 0ddd261b-7212-4d16-bd67-ce000a079ba8 1.700000 0.032812 2016-11-15T17:32:00
info: Object 0ddd261b-7212-4d16-bd67-ce000a079ba8 demised.
info: EVENT object 0ddd261b-7212-4d16-bd67-ce000a079ba8 demise
info: Fragment 0ddd261b-7212-4d16-bd67-ce000a079ba8 reached end of life because uncritical.
info: Object 0ddd261b-7212-4d16-bd67-ce000a079ba8 reached end of life.
info: ObjectTrajectory Written: PySara.SAsupp2.0ddd261b-7212-4d16-bd67-ce000a079ba8_Trajectory.txt
info: GnuPlotGeneration::GenerateSingleObjectScript Wrote PySara.SAsupp2.0ddd261b-7212-4d16-bd67-ce000a079ba8.gnu
info: AeroThermalHistory Written: PySara.SAsupp2.0ddd261b-7212-4d16-bd67-ce000a079ba8_AeroThermalHistory.txt
info: EVENT end 0ddd261b-7212-4d16-bd67-ce000a079ba8 0.000000
info: Adding 0 new fragments to fragmentList.
info: Starting propagation of Fragment with uniqueID 896964bd-06c8-4dfd-919f-ff3bca91b6c6.
info: EVENT area 896964bd-06c8-4dfd-919f-ff3bca91b6c6 0.032812
info: EVENT start 896964bd-06c8-4dfd-919f-ff3bca91b6c6 1.700000 0.032812 2016-11-15T17:32:00
info: Object 896964bd-06c8-4dfd-919f-ff3bca91b6c6 demised.
info: EVENT object 896964bd-06c8-4dfd-919f-ff3bca91b6c6 demise
info: Fragment 896964bd-06c8-4dfd-919f-ff3bca91b6c6 reached end of life because uncritical.
info: Object 896964bd-06c8-4dfd-919f-ff3bca91b6c6 reached end of life.
info: ObjectTrajectory Written: PySara.SAsupp3.896964bd-06c8-4dfd-919f-ff3bca91b6c6_Trajectory.txt
info: GnuPlotGeneration::GenerateSingleObjectScript Wrote PySara.SAsupp3.896964bd-06c8-4dfd-919f-ff3bca91b6c6.gnu
info: AeroThermalHistory Written: PySara.SAsupp3.896964bd-06c8-4dfd-919f-ff3bca91b6c6_AeroThermalHistory.txt
info: EVENT end 896964bd-06c8-4dfd-919f-ff3bca91b6c6 0.000000
info: Adding 0 new fragments to fragmentList.
info: Starting propagation of Fragment with uniqueID d7975ff0-7ac3-4132-b032-aa1f494ea71b.
info: EVENT area d7975ff0-7ac3-4132-b032-aa1f494ea71b 0.032812
info: EVENT start d7975ff0-7ac3-4132-b032-aa1f494ea71b 1.700000 0.032812 2016-11-15T17:32:00
info: Object d7975ff0-7ac3-4132-b032-aa1f494ea71b demised.
info: EVENT object d7975ff0-7ac3-4132-b032-aa1f494ea71b demise
info: Fragment d7975ff0-7ac3-4132-b032-aa1f494ea71b reached end of life because uncritical.
info: Object d7975ff0-7ac3-4132-b032-aa1f494ea71b reached end of life.
info: ObjectTrajectory Written: PySara.SAsupp4.d7975ff0-7ac3-4132-b032-aa1f494ea71b_Trajectory.txt
info: GnuPlotGeneration::GenerateSingleObjectScript Wrote PySara.SAsupp4.d7975ff0-7ac3-4132-b032-aa1f494ea71b.gnu
info: AeroThermalHistory Written: PySara.SAsupp4.d7975ff0-7ac3-4132-b032-aa1f494ea71b_AeroThermalHistory.txt
info: EVENT end d7975ff0-7ac3-4132-b032-aa1f494ea71b 0.000000
info: Adding 0 new fragments to fragmentList.
info: Starting propagation of Fragment with uniqueID 75259d18-273c-4f7e-b113-6a07d4bd046e.
info: EVENT area 75259d18-273c-4f7e-b113-6a07d4bd046e 0.032812
info: EVENT start 75259d18-273c-4f7e-b113-6a07d4bd046e 1.700000 0.032812 2016-11-15T17:32:00
info: Object 75259d18-273c-4f7e-b113-6a07d4bd046e demised.
info: EVENT object 75259d18-273c-4f7e-b113-6a07d4bd046e demise
info: Fragment 75259d18-273c-4f7e-b113-6a07d4bd046e reached end of life because uncritical.
info: Object 75259d18-273c-4f7e-b113-6a07d4bd046e reached end of life.
info: ObjectTrajectory Written: PySara.SAsupp5.75259d18-273c-4f7e-b113-6a07d4bd046e_Trajectory.txt
info: GnuPlotGeneration::GenerateSingleObjectScript Wrote PySara.SAsupp5.75259d18-273c-4f7e-b113-6a07d4bd046e.gnu
info: AeroThermalHistory Written: PySara.SAsupp5.75259d18-273c-4f7e-b113-6a07d4bd046e_AeroThermalHistory.txt
info: EVENT end 75259d18-273c-4f7e-b113-6a07d4bd046e 0.000000
info: Adding 0 new fragments to fragmentList.
info: Starting propagation of Fragment with uniqueID 8c0b4342-3694-42fa-bb54-b28ece1c6b1b.
info: EVENT area 8c0b4342-3694-42fa-bb54-b28ece1c6b1b 0.032812
info: EVENT start 8c0b4342-3694-42fa-bb54-b28ece1c6b1b 1.700000 0.032812 2016-11-15T17:32:00
info: Object 8c0b4342-3694-42fa-bb54-b28ece1c6b1b demised.
info: EVENT object 8c0b4342-3694-42fa-bb54-b28ece1c6b1b demise
info: Fragment 8c0b4342-3694-42fa-bb54-b28ece1c6b1b reached end of life because uncritical.
info: Object 8c0b4342-3694-42fa-bb54-b28ece1c6b1b reached end of life.
info: ObjectTrajectory Written: PySara.SAsupp6.8c0b4342-3694-42fa-bb54-b28ece1c6b1b_Trajectory.txt
info: GnuPlotGeneration::GenerateSingleObjectScript Wrote PySara.SAsupp6.8c0b4342-3694-42fa-bb54-b28ece1c6b1b.gnu
info: AeroThermalHistory Written: PySara.SAsupp6.8c0b4342-3694-42fa-bb54-b28ece1c6b1b_AeroThermalHistory.txt
info: EVENT end 8c0b4342-3694-42fa-bb54-b28ece1c6b1b 0.000000
info: Adding 0 new fragments to fragmentList.
info: Starting propagation of Fragment with uniqueID b1391c69-9c1b-4b55-bfd5-632fcd01a456.
info: EVENT area b1391c69-9c1b-4b55-bfd5-632fcd01a456 0.032812
info: EVENT start b1391c69-9c1b-4b55-bfd5-632fcd01a456 1.700000 0.032812 2016-11-15T17:32:00
info: Object b1391c69-9c1b-4b55-bfd5-632fcd01a456 demised.
info: EVENT object b1391c69-9c1b-4b55-bfd5-632fcd01a456 demise
info: Fragment b1391c69-9c1b-4b55-bfd5-632fcd01a456 reached end of life because uncritical.
info: Object b1391c69-9c1b-4b55-bfd5-632fcd01a456 reached end of life.
info: ObjectTrajectory Written: PySara.SAsupp7.b1391c69-9c1b-4b55-bfd5-632fcd01a456_Trajectory.txt
info: GnuPlotGeneration::GenerateSingleObjectScript Wrote PySara.SAsupp7.b1391c69-9c1b-4b55-bfd5-632fcd01a456.gnu
info: AeroThermalHistory Written: PySara.SAsupp7.b1391c69-9c1b-4b55-bfd5-632fcd01a456_AeroThermalHistory.txt
info: EVENT end b1391c69-9c1b-4b55-bfd5-632fcd01a456 0.000000
info: Adding 0 new fragments to fragmentList.
info: Starting propagation of Fragment with uniqueID fc852873-927a-4f88-8ea9-26fed43cae6b.
info: EVENT area fc852873-927a-4f88-8ea9-26fed43cae6b 0.032812
info: EVENT start fc852873-927a-4f88-8ea9-26fed43cae6b 1.700000 0.032812 2016-11-15T17:32:00
info: Object fc852873-927a-4f88-8ea9-26fed43cae6b demised.
info: EVENT object fc852873-927a-4f88-8ea9-26fed43cae6b demise
info: Fragment fc852873-927a-4f88-8ea9-26fed43cae6b reached end of life because uncritical.
info: Object fc852873-927a-4f88-8ea9-26fed43cae6b reached end of life.
info: ObjectTrajectory Written: PySara.SAsupp8.fc852873-927a-4f88-8ea9-26fed43cae6b_Trajectory.txt
info: GnuPlotGeneration::GenerateSingleObjectScript Wrote PySara.SAsupp8.fc852873-927a-4f88-8ea9-26fed43cae6b.gnu
info: AeroThermalHistory Written: PySara.SAsupp8.fc852873-927a-4f88-8ea9-26fed43cae6b_AeroThermalHistory.txt
info: EVENT end fc852873-927a-4f88-8ea9-26fed43cae6b 0.000000
info: Adding 0 new fragments to fragmentList.
info: Starting propagation of Fragment with uniqueID 6be30e75-18cc-47c2-aee6-5f20c3221737.
info: EVENT area 6be30e75-18cc-47c2-aee6-5f20c3221737 0.032812
info: EVENT start 6be30e75-18cc-47c2-aee6-5f20c3221737 1.700000 0.032812 2016-11-15T17:32:00
info: Object 6be30e75-18cc-47c2-aee6-5f20c3221737 demised.
info: EVENT object 6be30e75-18cc-47c2-aee6-5f20c3221737 demise
info: Fragment 6be30e75-18cc-47c2-aee6-5f20c3221737 reached end of life because uncritical.
info: Object 6be30e75-18cc-47c2-aee6-5f20c3221737 reached end of life.
info: ObjectTrajectory Written: PySara.SAsupp9.6be30e75-18cc-47c2-aee6-5f20c3221737_Trajectory.txt
info: GnuPlotGeneration::GenerateSingleObjectScript Wrote PySara.SAsupp9.6be30e75-18cc-47c2-aee6-5f20c3221737.gnu
info: AeroThermalHistory Written: PySara.SAsupp9.6be30e75-18cc-47c2-aee6-5f20c3221737_AeroThermalHistory.txt
info: EVENT end 6be30e75-18cc-47c2-aee6-5f20c3221737 0.000000
info: Adding 0 new fragments to fragmentList.
info: Starting propagation of Fragment with uniqueID 34a3e613-ab72-44dc-8586-ba494dad4172.
info: EVENT area 34a3e613-ab72-44dc-8586-ba494dad4172 0.032812
info: EVENT start 34a3e613-ab72-44dc-8586-ba494dad4172 1.700000 0.032812 2016-11-15T17:32:00
info: Object 34a3e613-ab72-44dc-8586-ba494dad4172 demised.
info: EVENT object 34a3e613-ab72-44dc-8586-ba494dad4172 demise
info: Fragment 34a3e613-ab72-44dc-8586-ba494dad4172 reached end of life because uncritical.
info: Object 34a3e613-ab72-44dc-8586-ba494dad4172 reached end of life.
info: ObjectTrajectory Written: PySara.SAsupp10.34a3e613-ab72-44dc-8586-ba494dad4172_Trajectory.txt
info: GnuPlotGeneration::GenerateSingleObjectScript Wrote PySara.SAsupp10.34a3e613-ab72-44dc-8586-ba494dad4172.gnu
info: AeroThermalHistory Written: PySara.SAsupp10.34a3e613-ab72-44dc-8586-ba494dad4172_AeroThermalHistory.txt
info: EVENT end 34a3e613-ab72-44dc-8586-ba494dad4172 0.000000
info: Adding 0 new fragments to fragmentList.
info: Starting propagation of Fragment with uniqueID b50f4c9b-b8ac-456a-b304-63acab4dc1cd.
info: EVENT area b50f4c9b-b8ac-456a-b304-63acab4dc1cd 0.032812
info: EVENT start b50f4c9b-b8ac-456a-b304-63acab4dc1cd 1.700000 0.032812 2016-11-15T17:32:00
info: Object b50f4c9b-b8ac-456a-b304-63acab4dc1cd demised.
info: EVENT object b50f4c9b-b8ac-456a-b304-63acab4dc1cd demise
info: Fragment b50f4c9b-b8ac-456a-b304-63acab4dc1cd reached end of life because uncritical.
info: Object b50f4c9b-b8ac-456a-b304-63acab4dc1cd reached end of life.
info: ObjectTrajectory Written: PySara.SAsupp11.b50f4c9b-b8ac-456a-b304-63acab4dc1cd_Trajectory.txt
info: GnuPlotGeneration::GenerateSingleObjectScript Wrote PySara.SAsupp11.b50f4c9b-b8ac-456a-b304-63acab4dc1cd.gnu
info: AeroThermalHistory Written: PySara.SAsupp11.b50f4c9b-b8ac-456a-b304-63acab4dc1cd_AeroThermalHistory.txt
info: EVENT end b50f4c9b-b8ac-456a-b304-63acab4dc1cd 0.000000
info: Adding 0 new fragments to fragmentList.
info: Starting propagation of Fragment with uniqueID c8f518b4-db4d-4961-846d-ec4fb720aab4.
info: EVENT area c8f518b4-db4d-4961-846d-ec4fb720aab4 0.032812
info: EVENT start c8f518b4-db4d-4961-846d-ec4fb720aab4 1.700000 0.032812 2016-11-15T17:32:00
info: Object c8f518b4-db4d-4961-846d-ec4fb720aab4 demised.
info: EVENT object c8f518b4-db4d-4961-846d-ec4fb720aab4 demise
info: Fragment c8f518b4-db4d-4961-846d-ec4fb720aab4 reached end of life because uncritical.
info: Object c8f518b4-db4d-4961-846d-ec4fb720aab4 reached end of life.
info: ObjectTrajectory Written: PySara.SAsupp12.c8f518b4-db4d-4961-846d-ec4fb720aab4_Trajectory.txt
info: GnuPlotGeneration::GenerateSingleObjectScript Wrote PySara.SAsupp12.c8f518b4-db4d-4961-846d-ec4fb720aab4.gnu
info: AeroThermalHistory Written: PySara.SAsupp12.c8f518b4-db4d-4961-846d-ec4fb720aab4_AeroThermalHistory.txt
info: EVENT end c8f518b4-db4d-4961-846d-ec4fb720aab4 0.000000
info: Adding 0 new fragments to fragmentList.
info: Starting propagation of Fragment with uniqueID dbe0cea8-a0d5-4d89-8517-e1de3fc8b8fd.
info: EVENT area dbe0cea8-a0d5-4d89-8517-e1de3fc8b8fd 2.391380
info: EVENT start dbe0cea8-a0d5-4d89-8517-e1de3fc8b8fd 132.000000 2.391380 2016-11-15T17:32:00
info: Fragment dbe0cea8-a0d5-4d89-8517-e1de3fc8b8fd reached end of life because of ground impact.
info: Object dbe0cea8-a0d5-4d89-8517-e1de3fc8b8fd reached end of life.
info: EVENT fragment dbe0cea8-a0d5-4d89-8517-e1de3fc8b8fd impact
info: ObjectTrajectory Written: PySara.CentCone.dbe0cea8-a0d5-4d89-8517-e1de3fc8b8fd_Trajectory.txt
info: GnuPlotGeneration::GenerateSingleObjectScript Wrote PySara.CentCone.dbe0cea8-a0d5-4d89-8517-e1de3fc8b8fd.gnu
info: AeroThermalHistory Written: PySara.CentCone.dbe0cea8-a0d5-4d89-8517-e1de3fc8b8fd_AeroThermalHistory.txt
info: EVENT end dbe0cea8-a0d5-4d89-8517-e1de3fc8b8fd 122.241711
info: Adding 0 new fragments to fragmentList.
info: Starting propagation of Fragment with uniqueID 7f2a6dfb-54f8-4dcb-8368-6194b7df99ea.
info: EVENT area 7f2a6dfb-54f8-4dcb-8368-6194b7df99ea 0.408587
info: EVENT start 7f2a6dfb-54f8-4dcb-8368-6194b7df99ea 3.600000 0.408587 2016-11-15T17:32:00
info: Object 7f2a6dfb-54f8-4dcb-8368-6194b7df99ea demised.
info: EVENT object 7f2a6dfb-54f8-4dcb-8368-6194b7df99ea demise
info: Fragment 7f2a6dfb-54f8-4dcb-8368-6194b7df99ea reached end of life because uncritical.
info: Object 7f2a6dfb-54f8-4dcb-8368-6194b7df99ea reached end of life.
info: ObjectTrajectory Written: PySara.Ribpanel1.7f2a6dfb-54f8-4dcb-8368-6194b7df99ea_Trajectory.txt
info: GnuPlotGeneration::GenerateSingleObjectScript Wrote PySara.Ribpanel1.7f2a6dfb-54f8-4dcb-8368-6194b7df99ea.gnu
info: AeroThermalHistory Written: PySara.Ribpanel1.7f2a6dfb-54f8-4dcb-8368-6194b7df99ea_AeroThermalHistory.txt
info: EVENT end 7f2a6dfb-54f8-4dcb-8368-6194b7df99ea 0.000000
info: Adding 0 new fragments to fragmentList.
info: Starting propagation of Fragment with uniqueID 8dd18595-7d63-4c7b-be1d-893cb08a289d.
info: EVENT area 8dd18595-7d63-4c7b-be1d-893cb08a289d 0.408587
info: EVENT start 8dd18595-7d63-4c7b-be1d-893cb08a289d 3.600000 0.408587 2016-11-15T17:32:00
info: Object 8dd18595-7d63-4c7b-be1d-893cb08a289d demised.
info: EVENT object 8dd18595-7d63-4c7b-be1d-893cb08a289d demise
info: Fragment 8dd18595-7d63-4c7b-be1d-893cb08a289d reached end of life because uncritical.
info: Object 8dd18595-7d63-4c7b-be1d-893cb08a289d reached end of life.
info: ObjectTrajectory Written: PySara.Ribpanel2.8dd18595-7d63-4c7b-be1d-893cb08a289d_Trajectory.txt
info: GnuPlotGeneration::GenerateSingleObjectScript Wrote PySara.Ribpanel2.8dd18595-7d63-4c7b-be1d-893cb08a289d.gnu
info: AeroThermalHistory Written: PySara.Ribpanel2.8dd18595-7d63-4c7b-be1d-893cb08a289d_AeroThermalHistory.txt
info: EVENT end 8dd18595-7d63-4c7b-be1d-893cb08a289d 0.000000
info: Adding 0 new fragments to fragmentList.
info: Starting propagation of Fragment with uniqueID 4637824e-af1f-4f16-81fe-e13fd3fe29d8.
info: EVENT area 4637824e-af1f-4f16-81fe-e13fd3fe29d8 0.408587
info: EVENT start 4637824e-af1f-4f16-81fe-e13fd3fe29d8 3.600000 0.408587 2016-11-15T17:32:00
info: Object 4637824e-af1f-4f16-81fe-e13fd3fe29d8 demised.
info: EVENT object 4637824e-af1f-4f16-81fe-e13fd3fe29d8 demise
info: Fragment 4637824e-af1f-4f16-81fe-e13fd3fe29d8 reached end of life because uncritical.
info: Object 4637824e-af1f-4f16-81fe-e13fd3fe29d8 reached end of life.
info: ObjectTrajectory Written: PySara.Ribpanel3.4637824e-af1f-4f16-81fe-e13fd3fe29d8_Trajectory.txt
info: GnuPlotGeneration::GenerateSingleObjectScript Wrote PySara.Ribpanel3.4637824e-af1f-4f16-81fe-e13fd3fe29d8.gnu
info: AeroThermalHistory Written: PySara.Ribpanel3.4637824e-af1f-4f16-81fe-e13fd3fe29d8_AeroThermalHistory.txt
info: EVENT end 4637824e-af1f-4f16-81fe-e13fd3fe29d8 0.000000
info: Adding 0 new fragments to fragmentList.
info: Starting propagation of Fragment with uniqueID e829d70b-6a3a-4749-ab45-d542dd05964b.
info: EVENT area e829d70b-6a3a-4749-ab45-d542dd05964b 0.408587
info: EVENT start e829d70b-6a3a-4749-ab45-d542dd05964b 3.600000 0.408587 2016-11-15T17:32:00
info: Object e829d70b-6a3a-4749-ab45-d542dd05964b demised.
info: EVENT object e829d70b-6a3a-4749-ab45-d542dd05964b demise
info: Fragment e829d70b-6a3a-4749-ab45-d542dd05964b reached end of life because uncritical.
info: Object e829d70b-6a3a-4749-ab45-d542dd05964b reached end of life.
info: ObjectTrajectory Written: PySara.Ribpanel4.e829d70b-6a3a-4749-ab45-d542dd05964b_Trajectory.txt
info: GnuPlotGeneration::GenerateSingleObjectScript Wrote PySara.Ribpanel4.e829d70b-6a3a-4749-ab45-d542dd05964b.gnu
info: AeroThermalHistory Written: PySara.Ribpanel4.e829d70b-6a3a-4749-ab45-d542dd05964b_AeroThermalHistory.txt
info: EVENT end e829d70b-6a3a-4749-ab45-d542dd05964b 0.000000
info: Adding 0 new fragments to fragmentList.
info: Starting propagation of Fragment with uniqueID a9a97325-9930-4a15-bcb7-d35ddc54f136.
info: EVENT area a9a97325-9930-4a15-bcb7-d35ddc54f136 0.408587
info: EVENT start a9a97325-9930-4a15-bcb7-d35ddc54f136 3.600000 0.408587 2016-11-15T17:32:00
info: Object a9a97325-9930-4a15-bcb7-d35ddc54f136 demised.
info: EVENT object a9a97325-9930-4a15-bcb7-d35ddc54f136 demise
info: Fragment a9a97325-9930-4a15-bcb7-d35ddc54f136 reached end of life because uncritical.
info: Object a9a97325-9930-4a15-bcb7-d35ddc54f136 reached end of life.
info: ObjectTrajectory Written: PySara.Ribpanel5.a9a97325-9930-4a15-bcb7-d35ddc54f136_Trajectory.txt
info: GnuPlotGeneration::GenerateSingleObjectScript Wrote PySara.Ribpanel5.a9a97325-9930-4a15-bcb7-d35ddc54f136.gnu
info: AeroThermalHistory Written: PySara.Ribpanel5.a9a97325-9930-4a15-bcb7-d35ddc54f136_AeroThermalHistory.txt
info: EVENT end a9a97325-9930-4a15-bcb7-d35ddc54f136 0.000000
info: Adding 0 new fragments to fragmentList.
info: Starting propagation of Fragment with uniqueID 5979b336-f02c-480c-bbb6-e169a31f7ca8.
info: EVENT area 5979b336-f02c-480c-bbb6-e169a31f7ca8 1.453600
info: EVENT start 5979b336-f02c-480c-bbb6-e169a31f7ca8 91.000000 1.453600 2016-11-15T17:32:00
info: Fragment 5979b336-f02c-480c-bbb6-e169a31f7ca8 reached end of life because of ground impact.
info: Object 5979b336-f02c-480c-bbb6-e169a31f7ca8 reached end of life.
info: EVENT fragment 5979b336-f02c-480c-bbb6-e169a31f7ca8 impact
info: ObjectTrajectory Written: PySara.BatFloor.5979b336-f02c-480c-bbb6-e169a31f7ca8_Trajectory.txt
info: GnuPlotGeneration::GenerateSingleObjectScript Wrote PySara.BatFloor.5979b336-f02c-480c-bbb6-e169a31f7ca8.gnu
info: AeroThermalHistory Written: PySara.BatFloor.5979b336-f02c-480c-bbb6-e169a31f7ca8_AeroThermalHistory.txt
info: EVENT end 5979b336-f02c-480c-bbb6-e169a31f7ca8 12.814753
info: Adding 0 new fragments to fragmentList.
info: Starting propagation of Fragment with uniqueID cc199b51-7819-40d2-8506-d81fcfc2313d.
info: EVENT area cc199b51-7819-40d2-8506-d81fcfc2313d 0.905721
info: EVENT start cc199b51-7819-40d2-8506-d81fcfc2313d 25.350000 0.905721 2016-11-15T17:32:00
info: Object cc199b51-7819-40d2-8506-d81fcfc2313d reached end of life because of ballooning.
info: EVENT object cc199b51-7819-40d2-8506-d81fcfc2313d balloon
info: Object cc199b51-7819-40d2-8506-d81fcfc2313d reached end of life.
info: ObjectTrajectory Written: PySara.IntRing.cc199b51-7819-40d2-8506-d81fcfc2313d_Trajectory.txt
info: GnuPlotGeneration::GenerateSingleObjectScript Wrote PySara.IntRing.cc199b51-7819-40d2-8506-d81fcfc2313d.gnu
info: AeroThermalHistory Written: PySara.IntRing.cc199b51-7819-40d2-8506-d81fcfc2313d_AeroThermalHistory.txt
info: EVENT end cc199b51-7819-40d2-8506-d81fcfc2313d 0.165513
info: Adding 0 new fragments to fragmentList.
info: Starting propagation of Fragment with uniqueID 4537caf3-ad08-4616-8288-301a3a41d421.
info: EVENT area 4537caf3-ad08-4616-8288-301a3a41d421 0.675403
info: EVENT start 4537caf3-ad08-4616-8288-301a3a41d421 45.000000 0.675403 2016-11-15T17:32:00
info: Fragment 4537caf3-ad08-4616-8288-301a3a41d421 reached end of life because of ground impact.
info: Object 4537caf3-ad08-4616-8288-301a3a41d421 reached end of life.
info: EVENT fragment 4537caf3-ad08-4616-8288-301a3a41d421 impact
info: ObjectTrajectory Written: PySara.PropStr.4537caf3-ad08-4616-8288-301a3a41d421_Trajectory.txt
info: GnuPlotGeneration::GenerateSingleObjectScript Wrote PySara.PropStr.4537caf3-ad08-4616-8288-301a3a41d421.gnu
info: AeroThermalHistory Written: PySara.PropStr.4537caf3-ad08-4616-8288-301a3a41d421_AeroThermalHistory.txt
info: EVENT end 4537caf3-ad08-4616-8288-301a3a41d421 1.149400
info: Adding 0 new fragments to fragmentList.
info: Starting propagation of Fragment with uniqueID 9729fdb9-64f6-4292-87cc-5e16c1f9a611.
info: EVENT area 9729fdb9-64f6-4292-87cc-5e16c1f9a611 0.431969
info: EVENT start 9729fdb9-64f6-4292-87cc-5e16c1f9a611 56.000000 0.431969 2016-11-15T17:32:00
info: Fragment 9729fdb9-64f6-4292-87cc-5e16c1f9a611 reached end of life because of ground impact.
info: Object 9729fdb9-64f6-4292-87cc-5e16c1f9a611 reached end of life.
info: EVENT fragment 9729fdb9-64f6-4292-87cc-5e16c1f9a611 impact
info: ObjectTrajectory Written: PySara.Tank1.9729fdb9-64f6-4292-87cc-5e16c1f9a611_Trajectory.txt
info: GnuPlotGeneration::GenerateSingleObjectScript Wrote PySara.Tank1.9729fdb9-64f6-4292-87cc-5e16c1f9a611.gnu
info: AeroThermalHistory Written: PySara.Tank1.9729fdb9-64f6-4292-87cc-5e16c1f9a611_AeroThermalHistory.txt
info: EVENT end 9729fdb9-64f6-4292-87cc-5e16c1f9a611 56.000000
info: Adding 0 new fragments to fragmentList.
info: Starting propagation of Fragment with uniqueID 30baa5e5-7052-4ea7-ab1b-39a602f2952e.
info: EVENT area 30baa5e5-7052-4ea7-ab1b-39a602f2952e 0.431969
info: EVENT start 30baa5e5-7052-4ea7-ab1b-39a602f2952e 56.000000 0.431969 2016-11-15T17:32:00
info: Fragment 30baa5e5-7052-4ea7-ab1b-39a602f2952e reached end of life because of ground impact.
info: Object 30baa5e5-7052-4ea7-ab1b-39a602f2952e reached end of life.
info: EVENT fragment 30baa5e5-7052-4ea7-ab1b-39a602f2952e impact
info: ObjectTrajectory Written: PySara.Tank2.30baa5e5-7052-4ea7-ab1b-39a602f2952e_Trajectory.txt
info: GnuPlotGeneration::GenerateSingleObjectScript Wrote PySara.Tank2.30baa5e5-7052-4ea7-ab1b-39a602f2952e.gnu
info: AeroThermalHistory Written: PySara.Tank2.30baa5e5-7052-4ea7-ab1b-39a602f2952e_AeroThermalHistory.txt
info: EVENT end 30baa5e5-7052-4ea7-ab1b-39a602f2952e 56.000000
info: Adding 0 new fragments to fragmentList.
info: Starting propagation of Fragment with uniqueID fa9558ee-ae76-48d8-82e6-cde76fd02986.
info: EVENT area fa9558ee-ae76-48d8-82e6-cde76fd02986 0.431969
info: EVENT start fa9558ee-ae76-48d8-82e6-cde76fd02986 56.000000 0.431969 2016-11-15T17:32:00
info: Fragment fa9558ee-ae76-48d8-82e6-cde76fd02986 reached end of life because of ground impact.
info: Object fa9558ee-ae76-48d8-82e6-cde76fd02986 reached end of life.
info: EVENT fragment fa9558ee-ae76-48d8-82e6-cde76fd02986 impact
info: ObjectTrajectory Written: PySara.Tank3.fa9558ee-ae76-48d8-82e6-cde76fd02986_Trajectory.txt
info: GnuPlotGeneration::GenerateSingleObjectScript Wrote PySara.Tank3.fa9558ee-ae76-48d8-82e6-cde76fd02986.gnu
info: AeroThermalHistory Written: PySara.Tank3.fa9558ee-ae76-48d8-82e6-cde76fd02986_AeroThermalHistory.txt
info: EVENT end fa9558ee-ae76-48d8-82e6-cde76fd02986 56.000000
info: Adding 0 new fragments to fragmentList.
info: Starting propagation of Fragment with uniqueID 412fae6e-e434-49a2-87f5-48289ceabd9b.
info: EVENT area 412fae6e-e434-49a2-87f5-48289ceabd9b 0.431969
info: EVENT start 412fae6e-e434-49a2-87f5-48289ceabd9b 56.000000 0.431969 2016-11-15T17:32:00
info: Fragment 412fae6e-e434-49a2-87f5-48289ceabd9b reached end of life because of ground impact.
info: Object 412fae6e-e434-49a2-87f5-48289ceabd9b reached end of life.
info: EVENT fragment 412fae6e-e434-49a2-87f5-48289ceabd9b impact
info: ObjectTrajectory Written: PySara.Tank4.412fae6e-e434-49a2-87f5-48289ceabd9b_Trajectory.txt
info: GnuPlotGeneration::GenerateSingleObjectScript Wrote PySara.Tank4.412fae6e-e434-49a2-87f5-48289ceabd9b.gnu
info: AeroThermalHistory Written: PySara.Tank4.412fae6e-e434-49a2-87f5-48289ceabd9b_AeroThermalHistory.txt
info: EVENT end 412fae6e-e434-49a2-87f5-48289ceabd9b 56.000000
info: Adding 0 new fragments to fragmentList.
info: Starting propagation of Fragment with uniqueID 8908b1bc-115a-431c-a614-4f92e53da761.
info: EVENT area 8908b1bc-115a-431c-a614-4f92e53da761 0.015000
info: EVENT start 8908b1bc-115a-431c-a614-4f92e53da761 1.000000 0.015000 2016-11-15T17:32:00
info: Fragment 8908b1bc-115a-431c-a614-4f92e53da761 reached end of life because of ground impact.
info: Object 8908b1bc-115a-431c-a614-4f92e53da761 reached end of life.
info: EVENT fragment 8908b1bc-115a-431c-a614-4f92e53da761 impact
info: ObjectTrajectory Written: PySara.ValvTran1.8908b1bc-115a-431c-a614-4f92e53da761_Trajectory.txt
info: GnuPlotGeneration::GenerateSingleObjectScript Wrote PySara.ValvTran1.8908b1bc-115a-431c-a614-4f92e53da761.gnu
info: AeroThermalHistory Written: PySara.ValvTran1.8908b1bc-115a-431c-a614-4f92e53da761_AeroThermalHistory.txt
info: EVENT end 8908b1bc-115a-431c-a614-4f92e53da761 0.194818
info: Adding 0 new fragments to fragmentList.
info: Starting propagation of Fragment with uniqueID c06c2500-a2e8-428d-8358-3840e7ecc178.
info: EVENT area c06c2500-a2e8-428d-8358-3840e7ecc178 0.015000
info: EVENT start c06c2500-a2e8-428d-8358-3840e7ecc178 1.000000 0.015000 2016-11-15T17:32:00
info: Fragment c06c2500-a2e8-428d-8358-3840e7ecc178 reached end of life because of ground impact.
info: Object c06c2500-a2e8-428d-8358-3840e7ecc178 reached end of life.
info: EVENT fragment c06c2500-a2e8-428d-8358-3840e7ecc178 impact
info: ObjectTrajectory Written: PySara.ValvTran2.c06c2500-a2e8-428d-8358-3840e7ecc178_Trajectory.txt
info: GnuPlotGeneration::GenerateSingleObjectScript Wrote PySara.ValvTran2.c06c2500-a2e8-428d-8358-3840e7ecc178.gnu
info: AeroThermalHistory Written: PySara.ValvTran2.c06c2500-a2e8-428d-8358-3840e7ecc178_AeroThermalHistory.txt
info: EVENT end c06c2500-a2e8-428d-8358-3840e7ecc178 0.194818
info: Adding 0 new fragments to fragmentList.
info: Starting propagation of Fragment with uniqueID ea4741ff-100d-4762-86d1-96ff23cbd580.
info: EVENT area ea4741ff-100d-4762-86d1-96ff23cbd580 0.015000
info: EVENT start ea4741ff-100d-4762-86d1-96ff23cbd580 1.000000 0.015000 2016-11-15T17:32:00
info: Fragment ea4741ff-100d-4762-86d1-96ff23cbd580 reached end of life because of ground impact.
info: Object ea4741ff-100d-4762-86d1-96ff23cbd580 reached end of life.
info: EVENT fragment ea4741ff-100d-4762-86d1-96ff23cbd580 impact
info: ObjectTrajectory Written: PySara.ValvTran3.ea4741ff-100d-4762-86d1-96ff23cbd580_Trajectory.txt
info: GnuPlotGeneration::GenerateSingleObjectScript Wrote PySara.ValvTran3.ea4741ff-100d-4762-86d1-96ff23cbd580.gnu
info: AeroThermalHistory Written: PySara.ValvTran3.ea4741ff-100d-4762-86d1-96ff23cbd580_AeroThermalHistory.txt
info: EVENT end ea4741ff-100d-4762-86d1-96ff23cbd580 0.194818
info: Adding 0 new fragments to fragmentList.
info: Starting propagation of Fragment with uniqueID a6ecdded-1cb6-4f8e-8082-c511d4155286.
info: EVENT area a6ecdded-1cb6-4f8e-8082-c511d4155286 0.015000
info: EVENT start a6ecdded-1cb6-4f8e-8082-c511d4155286 1.000000 0.015000 2016-11-15T17:32:00
info: Fragment a6ecdded-1cb6-4f8e-8082-c511d4155286 reached end of life because of ground impact.
info: Object a6ecdded-1cb6-4f8e-8082-c511d4155286 reached end of life.
info: EVENT fragment a6ecdded-1cb6-4f8e-8082-c511d4155286 impact
info: ObjectTrajectory Written: PySara.ValvTran4.a6ecdded-1cb6-4f8e-8082-c511d4155286_Trajectory.txt
info: GnuPlotGeneration::GenerateSingleObjectScript Wrote PySara.ValvTran4.a6ecdded-1cb6-4f8e-8082-c511d4155286.gnu
info: AeroThermalHistory Written: PySara.ValvTran4.a6ecdded-1cb6-4f8e-8082-c511d4155286_AeroThermalHistory.txt
info: EVENT end a6ecdded-1cb6-4f8e-8082-c511d4155286 0.194818
info: Adding 0 new fragments to fragmentList.
info: Starting propagation of Fragment with uniqueID 13d8ee2c-01e2-4ab1-9e89-340e96614479.
info: EVENT area 13d8ee2c-01e2-4ab1-9e89-340e96614479 0.015000
info: EVENT start 13d8ee2c-01e2-4ab1-9e89-340e96614479 1.000000 0.015000 2016-11-15T17:32:00
info: Fragment 13d8ee2c-01e2-4ab1-9e89-340e96614479 reached end of life because of ground impact.
info: Object 13d8ee2c-01e2-4ab1-9e89-340e96614479 reached end of life.
info: EVENT fragment 13d8ee2c-01e2-4ab1-9e89-340e96614479 impact
info: ObjectTrajectory Written: PySara.ValvTran5.13d8ee2c-01e2-4ab1-9e89-340e96614479_Trajectory.txt
info: GnuPlotGeneration::GenerateSingleObjectScript Wrote PySara.ValvTran5.13d8ee2c-01e2-4ab1-9e89-340e96614479.gnu
info: AeroThermalHistory Written: PySara.ValvTran5.13d8ee2c-01e2-4ab1-9e89-340e96614479_AeroThermalHistory.txt
info: EVENT end 13d8ee2c-01e2-4ab1-9e89-340e96614479 0.194818
info: Adding 0 new fragments to fragmentList.
info: Starting propagation of Fragment with uniqueID 144ee139-a532-44f7-9291-b67a552d6be8.
info: EVENT area 144ee139-a532-44f7-9291-b67a552d6be8 0.015000
info: EVENT start 144ee139-a532-44f7-9291-b67a552d6be8 1.000000 0.015000 2016-11-15T17:32:00
info: Fragment 144ee139-a532-44f7-9291-b67a552d6be8 reached end of life because of ground impact.
info: Object 144ee139-a532-44f7-9291-b67a552d6be8 reached end of life.
info: EVENT fragment 144ee139-a532-44f7-9291-b67a552d6be8 impact
info: ObjectTrajectory Written: PySara.ValvTran6.144ee139-a532-44f7-9291-b67a552d6be8_Trajectory.txt
info: GnuPlotGeneration::GenerateSingleObjectScript Wrote PySara.ValvTran6.144ee139-a532-44f7-9291-b67a552d6be8.gnu
info: AeroThermalHistory Written: PySara.ValvTran6.144ee139-a532-44f7-9291-b67a552d6be8_AeroThermalHistory.txt
info: EVENT end 144ee139-a532-44f7-9291-b67a552d6be8 0.194818
info: Adding 0 new fragments to fragmentList.
info: Starting propagation of Fragment with uniqueID b731e1c5-a432-4435-aa99-04119a660a18.
info: EVENT area b731e1c5-a432-4435-aa99-04119a660a18 0.129847
info: EVENT start b731e1c5-a432-4435-aa99-04119a660a18 48.000000 0.129847 2016-11-15T17:32:00
info: Object b731e1c5-a432-4435-aa99-04119a660a18 demised.
info: EVENT object b731e1c5-a432-4435-aa99-04119a660a18 demise
info: Object b731e1c5-a432-4435-aa99-04119a660a18 reached end of life.
info: ObjectTrajectory Written: PySara.Battery1.b731e1c5-a432-4435-aa99-04119a660a18_Trajectory.txt
info: GnuPlotGeneration::GenerateSingleObjectScript Wrote PySara.Battery1.b731e1c5-a432-4435-aa99-04119a660a18.gnu
info: AeroThermalHistory Written: PySara.Battery1.b731e1c5-a432-4435-aa99-04119a660a18_AeroThermalHistory.txt
info: EVENT end b731e1c5-a432-4435-aa99-04119a660a18 38.260000
info: Adding 1 new fragments to fragmentList.
info: Starting propagation of Fragment with uniqueID 80a2fb28-bc6e-4799-be4b-8d3040131be0.
info: EVENT area 80a2fb28-bc6e-4799-be4b-8d3040131be0 0.129847
info: EVENT start 80a2fb28-bc6e-4799-be4b-8d3040131be0 48.000000 0.129847 2016-11-15T17:32:00
info: Object 80a2fb28-bc6e-4799-be4b-8d3040131be0 demised.
info: EVENT object 80a2fb28-bc6e-4799-be4b-8d3040131be0 demise
info: Object 80a2fb28-bc6e-4799-be4b-8d3040131be0 reached end of life.
info: ObjectTrajectory Written: PySara.Battery2.80a2fb28-bc6e-4799-be4b-8d3040131be0_Trajectory.txt
info: GnuPlotGeneration::GenerateSingleObjectScript Wrote PySara.Battery2.80a2fb28-bc6e-4799-be4b-8d3040131be0.gnu
info: AeroThermalHistory Written: PySara.Battery2.80a2fb28-bc6e-4799-be4b-8d3040131be0_AeroThermalHistory.txt
info: EVENT end 80a2fb28-bc6e-4799-be4b-8d3040131be0 38.260000
info: Adding 1 new fragments to fragmentList.
info: Starting propagation of Fragment with uniqueID 5d8e095f-d464-428d-89f6-5d85ce0f2c51.
info: EVENT area 5d8e095f-d464-428d-89f6-5d85ce0f2c51 0.129847
info: EVENT start 5d8e095f-d464-428d-89f6-5d85ce0f2c51 48.000000 0.129847 2016-11-15T17:32:00
info: Object 5d8e095f-d464-428d-89f6-5d85ce0f2c51 demised.
info: EVENT object 5d8e095f-d464-428d-89f6-5d85ce0f2c51 demise
info: Object 5d8e095f-d464-428d-89f6-5d85ce0f2c51 reached end of life.
info: ObjectTrajectory Written: PySara.Battery3.5d8e095f-d464-428d-89f6-5d85ce0f2c51_Trajectory.txt
info: GnuPlotGeneration::GenerateSingleObjectScript Wrote PySara.Battery3.5d8e095f-d464-428d-89f6-5d85ce0f2c51.gnu
info: AeroThermalHistory Written: PySara.Battery3.5d8e095f-d464-428d-89f6-5d85ce0f2c51_AeroThermalHistory.txt
info: EVENT end 5d8e095f-d464-428d-89f6-5d85ce0f2c51 38.260000
info: Adding 1 new fragments to fragmentList.
info: Starting propagation of Fragment with uniqueID 76656e3e-2c2e-4ef5-979c-3b02b44161f3.
info: EVENT area 76656e3e-2c2e-4ef5-979c-3b02b44161f3 0.129847
info: EVENT start 76656e3e-2c2e-4ef5-979c-3b02b44161f3 48.000000 0.129847 2016-11-15T17:32:00
info: Object 76656e3e-2c2e-4ef5-979c-3b02b44161f3 demised.
info: EVENT object 76656e3e-2c2e-4ef5-979c-3b02b44161f3 demise
info: Object 76656e3e-2c2e-4ef5-979c-3b02b44161f3 reached end of life.
info: ObjectTrajectory Written: PySara.Battery4.76656e3e-2c2e-4ef5-979c-3b02b44161f3_Trajectory.txt
info: GnuPlotGeneration::GenerateSingleObjectScript Wrote PySara.Battery4.76656e3e-2c2e-4ef5-979c-3b02b44161f3.gnu
info: AeroThermalHistory Written: PySara.Battery4.76656e3e-2c2e-4ef5-979c-3b02b44161f3_AeroThermalHistory.txt
info: EVENT end 76656e3e-2c2e-4ef5-979c-3b02b44161f3 38.260000
info: Adding 1 new fragments to fragmentList.
info: Starting propagation of Fragment with uniqueID be8502f9-6a4b-46ba-b664-dc7d82b03c4c.
info: EVENT area be8502f9-6a4b-46ba-b664-dc7d82b03c4c 0.129847
info: EVENT start be8502f9-6a4b-46ba-b664-dc7d82b03c4c 48.000000 0.129847 2016-11-15T17:32:00
info: Object be8502f9-6a4b-46ba-b664-dc7d82b03c4c demised.
info: EVENT object be8502f9-6a4b-46ba-b664-dc7d82b03c4c demise
info: Object be8502f9-6a4b-46ba-b664-dc7d82b03c4c reached end of life.
info: ObjectTrajectory Written: PySara.Battery5.be8502f9-6a4b-46ba-b664-dc7d82b03c4c_Trajectory.txt
info: GnuPlotGeneration::GenerateSingleObjectScript Wrote PySara.Battery5.be8502f9-6a4b-46ba-b664-dc7d82b03c4c.gnu
info: AeroThermalHistory Written: PySara.Battery5.be8502f9-6a4b-46ba-b664-dc7d82b03c4c_AeroThermalHistory.txt
info: EVENT end be8502f9-6a4b-46ba-b664-dc7d82b03c4c 38.260000
info: Adding 1 new fragments to fragmentList.
info: Starting propagation of Fragment with uniqueID 17348449967641550401.
info: EVENT area f0fbe910-c363-454d-9f20-7a5a05e2622f 0.613732 3.622885 0.677617
info: EVENT area bdeb6a36-12d0-4fe9-bdef-1f6faab885a0 4.359924 18.025000 0.967528
info: EVENT start 17348449967641550401 1250.650000 4.973656 2016-11-15T17:32:00
info: Object f0fbe910-c363-454d-9f20-7a5a05e2622f demised.
info: EVENT object f0fbe910-c363-454d-9f20-7a5a05e2622f demise
info: Object f0fbe910-c363-454d-9f20-7a5a05e2622f reached end of life.
info: Compound 17348449967641550401 reached end of life because object f0fbe910-c363-454d-9f20-7a5a05e2622f reached end of life.
info: ObjectTrajectory Written: PySara.Compound_of-IFring-PLM.17348449967641550401_Trajectory.txt
info: GnuPlotGeneration::GenerateSingleObjectScript Wrote PySara.Compound_of-IFring-PLM.17348449967641550401.gnu
info: AeroThermalHistory Written: PySara.IFring.17348449967641550401_f0fbe910-c363-454d-9f20-7a5a05e2622f_AeroThermalHistory.txt
info: AeroThermalHistory Written: PySara.PLM.17348449967641550401_bdeb6a36-12d0-4fe9-bdef-1f6faab885a0_AeroThermalHistory.txt
info: EVENT end 17348449967641550401 1191.322399
info: Object f0fbe910-c363-454d-9f20-7a5a05e2622f reached end of life.
info: Dropping Connection between f0fbe910-c363-454d-9f20-7a5a05e2622f and bdeb6a36-12d0-4fe9-bdef-1f6faab885a0 because f0fbe910-c363-454d-9f20-7a5a05e2622f demised.
info: Adding 1 new fragments to fragmentList.
info: Starting propagation of Fragment with uniqueID d1e5a0de-9083-45b1-9d5d-7f3ffe63e668.
info: EVENT area d1e5a0de-9083-45b1-9d5d-7f3ffe63e668 0.323854
info: EVENT start d1e5a0de-9083-45b1-9d5d-7f3ffe63e668 20.370000 0.323854 2016-11-15T17:34:34
info: Object d1e5a0de-9083-45b1-9d5d-7f3ffe63e668 demised.
info: EVENT object d1e5a0de-9083-45b1-9d5d-7f3ffe63e668 demise
info: Fragment d1e5a0de-9083-45b1-9d5d-7f3ffe63e668 reached end of life because uncritical.
info: Object d1e5a0de-9083-45b1-9d5d-7f3ffe63e668 reached end of life.
info: ObjectTrajectory Written: PySara.RSJD-Internal.d1e5a0de-9083-45b1-9d5d-7f3ffe63e668_Trajectory.txt
info: GnuPlotGeneration::GenerateSingleObjectScript Wrote PySara.RSJD-Internal.d1e5a0de-9083-45b1-9d5d-7f3ffe63e668.gnu
info: AeroThermalHistory Written: PySara.RSJD-Internal.d1e5a0de-9083-45b1-9d5d-7f3ffe63e668_AeroThermalHistory.txt
info: EVENT end d1e5a0de-9083-45b1-9d5d-7f3ffe63e668 0.000000
info: Adding 0 new fragments to fragmentList.
info: Starting propagation of Fragment with uniqueID dcdfbb93-1438-4769-ba96-d991c3a76171.
info: EVENT area dcdfbb93-1438-4769-ba96-d991c3a76171 0.227316
info: EVENT start dcdfbb93-1438-4769-ba96-d991c3a76171 12.670000 0.227316 2016-11-15T17:34:24
info: Object dcdfbb93-1438-4769-ba96-d991c3a76171 demised.
info: EVENT object dcdfbb93-1438-4769-ba96-d991c3a76171 demise
info: Fragment dcdfbb93-1438-4769-ba96-d991c3a76171 reached end of life because uncritical.
info: Object dcdfbb93-1438-4769-ba96-d991c3a76171 reached end of life.
info: ObjectTrajectory Written: PySara.EIU-Internal.dcdfbb93-1438-4769-ba96-d991c3a76171_Trajectory.txt
info: GnuPlotGeneration::GenerateSingleObjectScript Wrote PySara.EIU-Internal.dcdfbb93-1438-4769-ba96-d991c3a76171.gnu
info: AeroThermalHistory Written: PySara.EIU-Internal.dcdfbb93-1438-4769-ba96-d991c3a76171_AeroThermalHistory.txt
info: EVENT end dcdfbb93-1438-4769-ba96-d991c3a76171 0.000000
info: Adding 0 new fragments to fragmentList.
info: Starting propagation of Fragment with uniqueID c5d55eb6-0c99-4255-b135-eb29e2d3533a.
info: EVENT area c5d55eb6-0c99-4255-b135-eb29e2d3533a 0.046444
info: EVENT start c5d55eb6-0c99-4255-b135-eb29e2d3533a 0.520000 0.046444 2016-11-15T17:33:53
info: Object c5d55eb6-0c99-4255-b135-eb29e2d3533a demised.
info: EVENT object c5d55eb6-0c99-4255-b135-eb29e2d3533a demise
info: Fragment c5d55eb6-0c99-4255-b135-eb29e2d3533a reached end of life because uncritical.
info: Object c5d55eb6-0c99-4255-b135-eb29e2d3533a reached end of life.
info: ObjectTrajectory Written: PySara.SADME-internal.c5d55eb6-0c99-4255-b135-eb29e2d3533a_Trajectory.txt
info: GnuPlotGeneration::GenerateSingleObjectScript Wrote PySara.SADME-internal.c5d55eb6-0c99-4255-b135-eb29e2d3533a.gnu
info: AeroThermalHistory Written: PySara.SADME-internal.c5d55eb6-0c99-4255-b135-eb29e2d3533a_AeroThermalHistory.txt
info: EVENT end c5d55eb6-0c99-4255-b135-eb29e2d3533a 0.000000
info: Adding 0 new fragments to fragmentList.
info: Starting propagation of Fragment with uniqueID e9ac6dd3-1e30-4e13-a931-88ec30d045b3.
info: EVENT area e9ac6dd3-1e30-4e13-a931-88ec30d045b3 0.113824
info: EVENT start e9ac6dd3-1e30-4e13-a931-88ec30d045b3 5.150000 0.113824 2016-11-15T17:34:10
info: Object e9ac6dd3-1e30-4e13-a931-88ec30d045b3 demised.
info: EVENT object e9ac6dd3-1e30-4e13-a931-88ec30d045b3 demise
info: Fragment e9ac6dd3-1e30-4e13-a931-88ec30d045b3 reached end of life because uncritical.
info: Object e9ac6dd3-1e30-4e13-a931-88ec30d045b3 reached end of life.
info: ObjectTrajectory Written: PySara.CCU-internal.e9ac6dd3-1e30-4e13-a931-88ec30d045b3_Trajectory.txt
info: GnuPlotGeneration::GenerateSingleObjectScript Wrote PySara.CCU-internal.e9ac6dd3-1e30-4e13-a931-88ec30d045b3.gnu
info: AeroThermalHistory Written: PySara.CCU-internal.e9ac6dd3-1e30-4e13-a931-88ec30d045b3_AeroThermalHistory.txt
info: EVENT end e9ac6dd3-1e30-4e13-a931-88ec30d045b3 0.000000
info: Adding 0 new fragments to fragmentList.
info: Starting propagation of Fragment with uniqueID 445d15cb-e66c-47ae-a9c0-b29e1e0810bb.
info: EVENT area 445d15cb-e66c-47ae-a9c0-b29e1e0810bb 0.126398
info: EVENT start 445d15cb-e66c-47ae-a9c0-b29e1e0810bb 7.540000 0.126398 2016-11-15T17:34:14
info: Object 445d15cb-e66c-47ae-a9c0-b29e1e0810bb demised.
info: EVENT object 445d15cb-e66c-47ae-a9c0-b29e1e0810bb demise
info: Fragment 445d15cb-e66c-47ae-a9c0-b29e1e0810bb reached end of life because uncritical.
info: Object 445d15cb-e66c-47ae-a9c0-b29e1e0810bb reached end of life.
info: ObjectTrajectory Written: PySara.BSP-internal.445d15cb-e66c-47ae-a9c0-b29e1e0810bb_Trajectory.txt
info: GnuPlotGeneration::GenerateSingleObjectScript Wrote PySara.BSP-internal.445d15cb-e66c-47ae-a9c0-b29e1e0810bb.gnu
info: AeroThermalHistory Written: PySara.BSP-internal.445d15cb-e66c-47ae-a9c0-b29e1e0810bb_AeroThermalHistory.txt
info: EVENT end 445d15cb-e66c-47ae-a9c0-b29e1e0810bb 0.000000
info: Adding 0 new fragments to fragmentList.
info: Starting propagation of Fragment with uniqueID 33042274-6bb2-4c16-a86e-865ac32f7092.
info: EVENT area 33042274-6bb2-4c16-a86e-865ac32f7092 0.066404
info: EVENT start 33042274-6bb2-4c16-a86e-865ac32f7092 2.810000 0.066404 2016-11-15T17:34:02
info: Object 33042274-6bb2-4c16-a86e-865ac32f7092 demised.
info: EVENT object 33042274-6bb2-4c16-a86e-865ac32f7092 demise
info: Fragment 33042274-6bb2-4c16-a86e-865ac32f7092 reached end of life because uncritical.
info: Object 33042274-6bb2-4c16-a86e-865ac32f7092 reached end of life.
info: ObjectTrajectory Written: PySara.EDR-internal.33042274-6bb2-4c16-a86e-865ac32f7092_Trajectory.txt
info: GnuPlotGeneration::GenerateSingleObjectScript Wrote PySara.EDR-internal.33042274-6bb2-4c16-a86e-865ac32f7092.gnu
info: AeroThermalHistory Written: PySara.EDR-internal.33042274-6bb2-4c16-a86e-865ac32f7092_AeroThermalHistory.txt
info: EVENT end 33042274-6bb2-4c16-a86e-865ac32f7092 0.000000
info: Adding 0 new fragments to fragmentList.
info: Starting propagation of Fragment with uniqueID 58f457b5-8a3d-4ccc-b511-c34804fc1bf9.
info: EVENT area 58f457b5-8a3d-4ccc-b511-c34804fc1bf9 0.117192
info: EVENT start 58f457b5-8a3d-4ccc-b511-c34804fc1bf9 5.390000 0.117192 2016-11-15T17:34:14
info: Object 58f457b5-8a3d-4ccc-b511-c34804fc1bf9 demised.
info: EVENT object 58f457b5-8a3d-4ccc-b511-c34804fc1bf9 demise
info: Fragment 58f457b5-8a3d-4ccc-b511-c34804fc1bf9 reached end of life because uncritical.
info: Object 58f457b5-8a3d-4ccc-b511-c34804fc1bf9 reached end of life.
info: ObjectTrajectory Written: PySara.EPRM-internal.58f457b5-8a3d-4ccc-b511-c34804fc1bf9_Trajectory.txt
info: GnuPlotGeneration::GenerateSingleObjectScript Wrote PySara.EPRM-internal.58f457b5-8a3d-4ccc-b511-c34804fc1bf9.gnu
info: AeroThermalHistory Written: PySara.EPRM-internal.58f457b5-8a3d-4ccc-b511-c34804fc1bf9_AeroThermalHistory.txt
info: EVENT end 58f457b5-8a3d-4ccc-b511-c34804fc1bf9 0.000000
info: Adding 0 new fragments to fragmentList.
info: Starting propagation of Fragment with uniqueID 7eb7ab52-bef4-4e3c-a3a7-27a88e2a9e67.
info: EVENT area 7eb7ab52-bef4-4e3c-a3a7-27a88e2a9e67 0.032878
info: EVENT start 7eb7ab52-bef4-4e3c-a3a7-27a88e2a9e67 1.640000 0.032878 2016-11-15T17:33:43
info: Object 7eb7ab52-bef4-4e3c-a3a7-27a88e2a9e67 demised.
info: EVENT object 7eb7ab52-bef4-4e3c-a3a7-27a88e2a9e67 demise
info: Fragment 7eb7ab52-bef4-4e3c-a3a7-27a88e2a9e67 reached end of life because uncritical.
info: Object 7eb7ab52-bef4-4e3c-a3a7-27a88e2a9e67 reached end of life.
info: ObjectTrajectory Written: PySara.BEG1-internal.7eb7ab52-bef4-4e3c-a3a7-27a88e2a9e67_Trajectory.txt
info: GnuPlotGeneration::GenerateSingleObjectScript Wrote PySara.BEG1-internal.7eb7ab52-bef4-4e3c-a3a7-27a88e2a9e67.gnu
info: AeroThermalHistory Written: PySara.BEG1-internal.7eb7ab52-bef4-4e3c-a3a7-27a88e2a9e67_AeroThermalHistory.txt
info: EVENT end 7eb7ab52-bef4-4e3c-a3a7-27a88e2a9e67 0.000000
info: Adding 0 new fragments to fragmentList.
info: Starting propagation of Fragment with uniqueID e9b72efb-391d-488f-8bc6-9e68f868da0c.
info: EVENT area e9b72efb-391d-488f-8bc6-9e68f868da0c 0.032878
info: EVENT start e9b72efb-391d-488f-8bc6-9e68f868da0c 1.640000 0.032878 2016-11-15T17:33:43
info: Object e9b72efb-391d-488f-8bc6-9e68f868da0c demised.
info: EVENT object e9b72efb-391d-488f-8bc6-9e68f868da0c demise
info: Fragment e9b72efb-391d-488f-8bc6-9e68f868da0c reached end of life because uncritical.
info: Object e9b72efb-391d-488f-8bc6-9e68f868da0c reached end of life.
info: ObjectTrajectory Written: PySara.BEG2-internal.e9b72efb-391d-488f-8bc6-9e68f868da0c_Trajectory.txt
info: GnuPlotGeneration::GenerateSingleObjectScript Wrote PySara.BEG2-internal.e9b72efb-391d-488f-8bc6-9e68f868da0c.gnu
info: AeroThermalHistory Written: PySara.BEG2-internal.e9b72efb-391d-488f-8bc6-9e68f868da0c_AeroThermalHistory.txt
info: EVENT end e9b72efb-391d-488f-8bc6-9e68f868da0c 0.000000
info: Adding 0 new fragments to fragmentList.
info: Starting propagation of Fragment with uniqueID f37d4ac3-4d25-412d-ba98-2978ea639983.
info: EVENT area f37d4ac3-4d25-412d-ba98-2978ea639983 0.032878
info: EVENT start f37d4ac3-4d25-412d-ba98-2978ea639983 1.640000 0.032878 2016-11-15T17:33:43
info: Object f37d4ac3-4d25-412d-ba98-2978ea639983 demised.
info: EVENT object f37d4ac3-4d25-412d-ba98-2978ea639983 demise
info: Fragment f37d4ac3-4d25-412d-ba98-2978ea639983 reached end of life because uncritical.
info: Object f37d4ac3-4d25-412d-ba98-2978ea639983 reached end of life.
info: ObjectTrajectory Written: PySara.BEG3-internal.f37d4ac3-4d25-412d-ba98-2978ea639983_Trajectory.txt
info: GnuPlotGeneration::GenerateSingleObjectScript Wrote PySara.BEG3-internal.f37d4ac3-4d25-412d-ba98-2978ea639983.gnu
info: AeroThermalHistory Written: PySara.BEG3-internal.f37d4ac3-4d25-412d-ba98-2978ea639983_AeroThermalHistory.txt
info: EVENT end f37d4ac3-4d25-412d-ba98-2978ea639983 0.000000
info: Adding 0 new fragments to fragmentList.
info: Starting propagation of Fragment with uniqueID c688eee3-a8e2-44a2-9566-f079885f2eb6.
info: EVENT area c688eee3-a8e2-44a2-9566-f079885f2eb6 0.032878
info: EVENT start c688eee3-a8e2-44a2-9566-f079885f2eb6 1.640000 0.032878 2016-11-15T17:33:43
info: Object c688eee3-a8e2-44a2-9566-f079885f2eb6 demised.
info: EVENT object c688eee3-a8e2-44a2-9566-f079885f2eb6 demise
info: Fragment c688eee3-a8e2-44a2-9566-f079885f2eb6 reached end of life because uncritical.
info: Object c688eee3-a8e2-44a2-9566-f079885f2eb6 reached end of life.
info: ObjectTrajectory Written: PySara.BEG4-internal.c688eee3-a8e2-44a2-9566-f079885f2eb6_Trajectory.txt
info: GnuPlotGeneration::GenerateSingleObjectScript Wrote PySara.BEG4-internal.c688eee3-a8e2-44a2-9566-f079885f2eb6.gnu
info: AeroThermalHistory Written: PySara.BEG4-internal.c688eee3-a8e2-44a2-9566-f079885f2eb6_AeroThermalHistory.txt
info: EVENT end c688eee3-a8e2-44a2-9566-f079885f2eb6 0.000000
info: Adding 0 new fragments to fragmentList.
info: Starting propagation of Fragment with uniqueID a69fb443-96eb-4abe-ac15-046b80a4bd92.
info: EVENT area a69fb443-96eb-4abe-ac15-046b80a4bd92 0.111737
info: EVENT start a69fb443-96eb-4abe-ac15-046b80a4bd92 6.830000 0.111737 2016-11-15T17:34:11
info: Object a69fb443-96eb-4abe-ac15-046b80a4bd92 demised.
info: EVENT object a69fb443-96eb-4abe-ac15-046b80a4bd92 demise
info: Fragment a69fb443-96eb-4abe-ac15-046b80a4bd92 reached end of life because uncritical.
info: Object a69fb443-96eb-4abe-ac15-046b80a4bd92 reached end of life.
info: ObjectTrajectory Written: PySara.T4S-internal.a69fb443-96eb-4abe-ac15-046b80a4bd92_Trajectory.txt
info: GnuPlotGeneration::GenerateSingleObjectScript Wrote PySara.T4S-internal.a69fb443-96eb-4abe-ac15-046b80a4bd92.gnu
info: AeroThermalHistory Written: PySara.T4S-internal.a69fb443-96eb-4abe-ac15-046b80a4bd92_AeroThermalHistory.txt
info: EVENT end a69fb443-96eb-4abe-ac15-046b80a4bd92 0.000000
info: Adding 0 new fragments to fragmentList.
info: Starting propagation of Fragment with uniqueID 0016c647-94b6-44b3-924b-c232a84934b2.
info: EVENT area 0016c647-94b6-44b3-924b-c232a84934b2 0.219581
info: EVENT start 0016c647-94b6-44b3-924b-c232a84934b2 14.050000 0.219581 2016-11-15T17:34:28
info: Object 0016c647-94b6-44b3-924b-c232a84934b2 demised.
info: EVENT object 0016c647-94b6-44b3-924b-c232a84934b2 demise
info: Fragment 0016c647-94b6-44b3-924b-c232a84934b2 reached end of life because uncritical.
info: Object 0016c647-94b6-44b3-924b-c232a84934b2 reached end of life.
info: ObjectTrajectory Written: PySara.EAIM-internal.0016c647-94b6-44b3-924b-c232a84934b2_Trajectory.txt
info: GnuPlotGeneration::GenerateSingleObjectScript Wrote PySara.EAIM-internal.0016c647-94b6-44b3-924b-c232a84934b2.gnu
info: AeroThermalHistory Written: PySara.EAIM-internal.0016c647-94b6-44b3-924b-c232a84934b2_AeroThermalHistory.txt
info: EVENT end 0016c647-94b6-44b3-924b-c232a84934b2 0.000000
info: Adding 0 new fragments to fragmentList.
info: Starting propagation of Fragment with uniqueID 3f0d36b8-546a-4647-b4ff-c64d71f59c39.
info: EVENT area 3f0d36b8-546a-4647-b4ff-c64d71f59c39 0.271602
info: EVENT start 3f0d36b8-546a-4647-b4ff-c64d71f59c39 19.800000 0.271602 2016-11-15T17:34:31
info: Object 3f0d36b8-546a-4647-b4ff-c64d71f59c39 demised.
info: EVENT object 3f0d36b8-546a-4647-b4ff-c64d71f59c39 demise
info: Fragment 3f0d36b8-546a-4647-b4ff-c64d71f59c39 reached end of life because uncritical.
info: Object 3f0d36b8-546a-4647-b4ff-c64d71f59c39 reached end of life.
info: ObjectTrajectory Written: PySara.SADM1_internal.3f0d36b8-546a-4647-b4ff-c64d71f59c39_Trajectory.txt
info: GnuPlotGeneration::GenerateSingleObjectScript Wrote PySara.SADM1_internal.3f0d36b8-546a-4647-b4ff-c64d71f59c39.gnu
info: AeroThermalHistory Written: PySara.SADM1_internal.3f0d36b8-546a-4647-b4ff-c64d71f59c39_AeroThermalHistory.txt
info: EVENT end 3f0d36b8-546a-4647-b4ff-c64d71f59c39 0.000000
info: Adding 0 new fragments to fragmentList.
info: Starting propagation of Fragment with uniqueID 875dc2f0-da7f-4fb0-bc9b-f2ce128ec2a3.
info: EVENT area 875dc2f0-da7f-4fb0-bc9b-f2ce128ec2a3 0.151294
info: EVENT start 875dc2f0-da7f-4fb0-bc9b-f2ce128ec2a3 17.540000 0.151294 2016-11-15T17:34:20
info: Object 875dc2f0-da7f-4fb0-bc9b-f2ce128ec2a3 demised.
info: EVENT object 875dc2f0-da7f-4fb0-bc9b-f2ce128ec2a3 demise
info: Fragment 875dc2f0-da7f-4fb0-bc9b-f2ce128ec2a3 reached end of life because uncritical.
info: Object 875dc2f0-da7f-4fb0-bc9b-f2ce128ec2a3 reached end of life.
info: ObjectTrajectory Written: PySara.SADM2-internal.875dc2f0-da7f-4fb0-bc9b-f2ce128ec2a3_Trajectory.txt
info: GnuPlotGeneration::GenerateSingleObjectScript Wrote PySara.SADM2-internal.875dc2f0-da7f-4fb0-bc9b-f2ce128ec2a3.gnu
info: AeroThermalHistory Written: PySara.SADM2-internal.875dc2f0-da7f-4fb0-bc9b-f2ce128ec2a3_AeroThermalHistory.txt
info: EVENT end 875dc2f0-da7f-4fb0-bc9b-f2ce128ec2a3 0.000000
info: Adding 0 new fragments to fragmentList.
info: Starting propagation of Fragment with uniqueID 2d29c4c5-7f95-4af3-bc4b-011beb682baf.
info: EVENT area 2d29c4c5-7f95-4af3-bc4b-011beb682baf 0.117331
info: EVENT start 2d29c4c5-7f95-4af3-bc4b-011beb682baf 38.260000 0.117331 2016-11-15T17:34:08
info: Object 2d29c4c5-7f95-4af3-bc4b-011beb682baf reached end of life because of ballooning.
info: EVENT object 2d29c4c5-7f95-4af3-bc4b-011beb682baf balloon
info: Object 2d29c4c5-7f95-4af3-bc4b-011beb682baf reached end of life.
info: ObjectTrajectory Written: PySara.Battery1-Internal.2d29c4c5-7f95-4af3-bc4b-011beb682baf_Trajectory.txt
info: GnuPlotGeneration::GenerateSingleObjectScript Wrote PySara.Battery1-Internal.2d29c4c5-7f95-4af3-bc4b-011beb682baf.gnu
info: AeroThermalHistory Written: PySara.Battery1-Internal.2d29c4c5-7f95-4af3-bc4b-011beb682baf_AeroThermalHistory.txt
info: EVENT end 2d29c4c5-7f95-4af3-bc4b-011beb682baf 0.038651
info: Adding 0 new fragments to fragmentList.
info: Starting propagation of Fragment with uniqueID 5d9f155a-ded8-4360-9010-eceeee887bb0.
info: EVENT area 5d9f155a-ded8-4360-9010-eceeee887bb0 0.117331
info: EVENT start 5d9f155a-ded8-4360-9010-eceeee887bb0 38.260000 0.117331 2016-11-15T17:34:08
info: Object 5d9f155a-ded8-4360-9010-eceeee887bb0 reached end of life because of ballooning.
info: EVENT object 5d9f155a-ded8-4360-9010-eceeee887bb0 balloon
info: Object 5d9f155a-ded8-4360-9010-eceeee887bb0 reached end of life.
info: ObjectTrajectory Written: PySara.Battery2-Internal.5d9f155a-ded8-4360-9010-eceeee887bb0_Trajectory.txt
info: GnuPlotGeneration::GenerateSingleObjectScript Wrote PySara.Battery2-Internal.5d9f155a-ded8-4360-9010-eceeee887bb0.gnu
info: AeroThermalHistory Written: PySara.Battery2-Internal.5d9f155a-ded8-4360-9010-eceeee887bb0_AeroThermalHistory.txt
info: EVENT end 5d9f155a-ded8-4360-9010-eceeee887bb0 0.038651
info: Adding 0 new fragments to fragmentList.
info: Starting propagation of Fragment with uniqueID 2699bb25-a994-4ccf-b910-2a7157b33ccf.
info: EVENT area 2699bb25-a994-4ccf-b910-2a7157b33ccf 0.117331
info: EVENT start 2699bb25-a994-4ccf-b910-2a7157b33ccf 38.260000 0.117331 2016-11-15T17:34:08
info: Object 2699bb25-a994-4ccf-b910-2a7157b33ccf reached end of life because of ballooning.
info: EVENT object 2699bb25-a994-4ccf-b910-2a7157b33ccf balloon
info: Object 2699bb25-a994-4ccf-b910-2a7157b33ccf reached end of life.
info: ObjectTrajectory Written: PySara.Battery3-Internal.2699bb25-a994-4ccf-b910-2a7157b33ccf_Trajectory.txt
info: GnuPlotGeneration::GenerateSingleObjectScript Wrote PySara.Battery3-Internal.2699bb25-a994-4ccf-b910-2a7157b33ccf.gnu
info: AeroThermalHistory Written: PySara.Battery3-Internal.2699bb25-a994-4ccf-b910-2a7157b33ccf_AeroThermalHistory.txt
info: EVENT end 2699bb25-a994-4ccf-b910-2a7157b33ccf 0.038651
info: Adding 0 new fragments to fragmentList.
info: Starting propagation of Fragment with uniqueID 4ac673c9-d31d-46a2-a9db-646ddc250e15.
info: EVENT area 4ac673c9-d31d-46a2-a9db-646ddc250e15 0.117331
info: EVENT start 4ac673c9-d31d-46a2-a9db-646ddc250e15 38.260000 0.117331 2016-11-15T17:34:08
info: Object 4ac673c9-d31d-46a2-a9db-646ddc250e15 reached end of life because of ballooning.
info: EVENT object 4ac673c9-d31d-46a2-a9db-646ddc250e15 balloon
info: Object 4ac673c9-d31d-46a2-a9db-646ddc250e15 reached end of life.
info: ObjectTrajectory Written: PySara.Battery4-Internal.4ac673c9-d31d-46a2-a9db-646ddc250e15_Trajectory.txt
info: GnuPlotGeneration::GenerateSingleObjectScript Wrote PySara.Battery4-Internal.4ac673c9-d31d-46a2-a9db-646ddc250e15.gnu
info: AeroThermalHistory Written: PySara.Battery4-Internal.4ac673c9-d31d-46a2-a9db-646ddc250e15_AeroThermalHistory.txt
info: EVENT end 4ac673c9-d31d-46a2-a9db-646ddc250e15 0.038651
info: Adding 0 new fragments to fragmentList.
info: Starting propagation of Fragment with uniqueID f5dffc0d-a926-4634-a33f-cbf5f72a8df5.
info: EVENT area f5dffc0d-a926-4634-a33f-cbf5f72a8df5 0.117331
info: EVENT start f5dffc0d-a926-4634-a33f-cbf5f72a8df5 38.260000 0.117331 2016-11-15T17:34:08
info: Object f5dffc0d-a926-4634-a33f-cbf5f72a8df5 reached end of life because of ballooning.
info: EVENT object f5dffc0d-a926-4634-a33f-cbf5f72a8df5 balloon
info: Object f5dffc0d-a926-4634-a33f-cbf5f72a8df5 reached end of life.
info: ObjectTrajectory Written: PySara.Battery5-Internal.f5dffc0d-a926-4634-a33f-cbf5f72a8df5_Trajectory.txt
info: GnuPlotGeneration::GenerateSingleObjectScript Wrote PySara.Battery5-Internal.f5dffc0d-a926-4634-a33f-cbf5f72a8df5.gnu
info: AeroThermalHistory Written: PySara.Battery5-Internal.f5dffc0d-a926-4634-a33f-cbf5f72a8df5_AeroThermalHistory.txt
info: EVENT end f5dffc0d-a926-4634-a33f-cbf5f72a8df5 0.038651
info: Adding 0 new fragments to fragmentList.
info: Starting propagation of Fragment with uniqueID bdeb6a36-12d0-4fe9-bdef-1f6faab885a0.
info: EVENT area bdeb6a36-12d0-4fe9-bdef-1f6faab885a0 4.506250
info: EVENT start bdeb6a36-12d0-4fe9-bdef-1f6faab885a0 1191.322399 4.506250 2016-11-15T17:33:57
info: Object bdeb6a36-12d0-4fe9-bdef-1f6faab885a0 demised.
info: EVENT object bdeb6a36-12d0-4fe9-bdef-1f6faab885a0 demise
info: Object bdeb6a36-12d0-4fe9-bdef-1f6faab885a0 reached end of life.
info: ObjectTrajectory Written: PySara.PLM.bdeb6a36-12d0-4fe9-bdef-1f6faab885a0_Trajectory.txt
info: GnuPlotGeneration::GenerateSingleObjectScript Wrote PySara.PLM.bdeb6a36-12d0-4fe9-bdef-1f6faab885a0.gnu
info: AeroThermalHistory Written: PySara.PLM.bdeb6a36-12d0-4fe9-bdef-1f6faab885a0_AeroThermalHistory.txt
info: EVENT end bdeb6a36-12d0-4fe9-bdef-1f6faab885a0 838.300000
info: Adding 70 new fragments to fragmentList.
info: Starting propagation of Fragment with uniqueID 1d92482f-0fca-4932-9a63-40c4d90fb4b3.
info: EVENT area 1d92482f-0fca-4932-9a63-40c4d90fb4b3 0.076366
info: EVENT start 1d92482f-0fca-4932-9a63-40c4d90fb4b3 7.800000 0.076366 2016-11-15T17:35:19
info: Object 1d92482f-0fca-4932-9a63-40c4d90fb4b3 demised.
info: EVENT object 1d92482f-0fca-4932-9a63-40c4d90fb4b3 demise
info: Object 1d92482f-0fca-4932-9a63-40c4d90fb4b3 reached end of life.
info: ObjectTrajectory Written: PySara.MHS-MPU.1d92482f-0fca-4932-9a63-40c4d90fb4b3_Trajectory.txt
info: GnuPlotGeneration::GenerateSingleObjectScript Wrote PySara.MHS-MPU.1d92482f-0fca-4932-9a63-40c4d90fb4b3.gnu
info: AeroThermalHistory Written: PySara.MHS-MPU.1d92482f-0fca-4932-9a63-40c4d90fb4b3_AeroThermalHistory.txt
info: EVENT end 1d92482f-0fca-4932-9a63-40c4d90fb4b3 2.150000
info: Adding 1 new fragments to fragmentList.
info: Starting propagation of Fragment with uniqueID af9ae746-0675-4333-8b05-8e932cd4c1b0.
info: EVENT area af9ae746-0675-4333-8b05-8e932cd4c1b0 0.010100
info: EVENT start af9ae746-0675-4333-8b05-8e932cd4c1b0 0.400000 0.010100 2016-11-15T17:35:19
info: Object af9ae746-0675-4333-8b05-8e932cd4c1b0 demised.
info: EVENT object af9ae746-0675-4333-8b05-8e932cd4c1b0 demise
info: Fragment af9ae746-0675-4333-8b05-8e932cd4c1b0 reached end of life because uncritical.
info: Object af9ae746-0675-4333-8b05-8e932cd4c1b0 reached end of life.
info: ObjectTrajectory Written: PySara.MHS-DBU.af9ae746-0675-4333-8b05-8e932cd4c1b0_Trajectory.txt
info: GnuPlotGeneration::GenerateSingleObjectScript Wrote PySara.MHS-DBU.af9ae746-0675-4333-8b05-8e932cd4c1b0.gnu
info: AeroThermalHistory Written: PySara.MHS-DBU.af9ae746-0675-4333-8b05-8e932cd4c1b0_AeroThermalHistory.txt
info: EVENT end af9ae746-0675-4333-8b05-8e932cd4c1b0 0.000000
info: Adding 0 new fragments to fragmentList.
info: Starting propagation of Fragment with uniqueID ff76ff82-3840-4368-baea-8470e11c3029.
info: EVENT area ff76ff82-3840-4368-baea-8470e11c3029 0.051390
info: EVENT start ff76ff82-3840-4368-baea-8470e11c3029 5.300000 0.051390 2016-11-15T17:35:19
info: Object ff76ff82-3840-4368-baea-8470e11c3029 demised.
info: EVENT object ff76ff82-3840-4368-baea-8470e11c3029 demise
info: Object ff76ff82-3840-4368-baea-8470e11c3029 reached end of life.
info: ObjectTrajectory Written: PySara.ASCATEPC1.ff76ff82-3840-4368-baea-8470e11c3029_Trajectory.txt
info: GnuPlotGeneration::GenerateSingleObjectScript Wrote PySara.ASCATEPC1.ff76ff82-3840-4368-baea-8470e11c3029.gnu
info: AeroThermalHistory Written: PySara.ASCATEPC1.ff76ff82-3840-4368-baea-8470e11c3029_AeroThermalHistory.txt
info: EVENT end ff76ff82-3840-4368-baea-8470e11c3029 1.550000
info: Adding 1 new fragments to fragmentList.
info: Starting propagation of Fragment with uniqueID e7625e32-79e6-4f4b-9ef6-c035d7bed5a3.
info: EVENT area e7625e32-79e6-4f4b-9ef6-c035d7bed5a3 0.051390
info: EVENT start e7625e32-79e6-4f4b-9ef6-c035d7bed5a3 5.300000 0.051390 2016-11-15T17:35:19
info: Object e7625e32-79e6-4f4b-9ef6-c035d7bed5a3 demised.
info: EVENT object e7625e32-79e6-4f4b-9ef6-c035d7bed5a3 demise
info: Object e7625e32-79e6-4f4b-9ef6-c035d7bed5a3 reached end of life.
info: ObjectTrajectory Written: PySara.ASCATEPC2.e7625e32-79e6-4f4b-9ef6-c035d7bed5a3_Trajectory.txt
info: GnuPlotGeneration::GenerateSingleObjectScript Wrote PySara.ASCATEPC2.e7625e32-79e6-4f4b-9ef6-c035d7bed5a3.gnu
info: AeroThermalHistory Written: PySara.ASCATEPC2.e7625e32-79e6-4f4b-9ef6-c035d7bed5a3_AeroThermalHistory.txt
info: EVENT end e7625e32-79e6-4f4b-9ef6-c035d7bed5a3 1.550000
info: Adding 1 new fragments to fragmentList.
info: Starting propagation of Fragment with uniqueID fb31e106-f9ad-4645-9720-14c0d0e3a751.
info: EVENT area fb31e106-f9ad-4645-9720-14c0d0e3a751 0.076030
info: EVENT start fb31e106-f9ad-4645-9720-14c0d0e3a751 3.200000 0.076030 2016-11-15T17:35:19
info: Fragment fb31e106-f9ad-4645-9720-14c0d0e3a751 reached end of life because uncritical.
info: EVENT fragment fb31e106-f9ad-4645-9720-14c0d0e3a751 uncritical
info: Object fb31e106-f9ad-4645-9720-14c0d0e3a751 reached end of life.
info: ObjectTrajectory Written: PySara.ASCATSSP1.fb31e106-f9ad-4645-9720-14c0d0e3a751_Trajectory.txt
info: GnuPlotGeneration::GenerateSingleObjectScript Wrote PySara.ASCATSSP1.fb31e106-f9ad-4645-9720-14c0d0e3a751.gnu
info: AeroThermalHistory Written: PySara.ASCATSSP1.fb31e106-f9ad-4645-9720-14c0d0e3a751_AeroThermalHistory.txt
info: EVENT end fb31e106-f9ad-4645-9720-14c0d0e3a751 0.099695
info: Adding 0 new fragments to fragmentList.
info: Starting propagation of Fragment with uniqueID c2e0d534-5cf7-4d10-b474-35f877d759b7.
info: EVENT area c2e0d534-5cf7-4d10-b474-35f877d759b7 0.076030
info: EVENT start c2e0d534-5cf7-4d10-b474-35f877d759b7 3.200000 0.076030 2016-11-15T17:35:19
info: Fragment c2e0d534-5cf7-4d10-b474-35f877d759b7 reached end of life because uncritical.
info: EVENT fragment c2e0d534-5cf7-4d10-b474-35f877d759b7 uncritical
info: Object c2e0d534-5cf7-4d10-b474-35f877d759b7 reached end of life.
info: ObjectTrajectory Written: PySara.ASCATSSP2.c2e0d534-5cf7-4d10-b474-35f877d759b7_Trajectory.txt
info: GnuPlotGeneration::GenerateSingleObjectScript Wrote PySara.ASCATSSP2.c2e0d534-5cf7-4d10-b474-35f877d759b7.gnu
info: AeroThermalHistory Written: PySara.ASCATSSP2.c2e0d534-5cf7-4d10-b474-35f877d759b7_AeroThermalHistory.txt
info: EVENT end c2e0d534-5cf7-4d10-b474-35f877d759b7 0.099695
info: Adding 0 new fragments to fragmentList.
info: Starting propagation of Fragment with uniqueID 870bfb5a-8fc8-444b-9998-708e0c330e1c.
info: EVENT area 870bfb5a-8fc8-444b-9998-708e0c330e1c 0.014250
info: EVENT start 870bfb5a-8fc8-444b-9998-708e0c330e1c 0.400000 0.014250 2016-11-15T17:35:19
info: Object 870bfb5a-8fc8-444b-9998-708e0c330e1c demised.
info: EVENT object 870bfb5a-8fc8-444b-9998-708e0c330e1c demise
info: Fragment 870bfb5a-8fc8-444b-9998-708e0c330e1c reached end of life because uncritical.
info: Object 870bfb5a-8fc8-444b-9998-708e0c330e1c reached end of life.
info: ObjectTrajectory Written: PySara.ASCATHRS.870bfb5a-8fc8-444b-9998-708e0c330e1c_Trajectory.txt
info: GnuPlotGeneration::GenerateSingleObjectScript Wrote PySara.ASCATHRS.870bfb5a-8fc8-444b-9998-708e0c330e1c.gnu
info: AeroThermalHistory Written: PySara.ASCATHRS.870bfb5a-8fc8-444b-9998-708e0c330e1c_AeroThermalHistory.txt
info: EVENT end 870bfb5a-8fc8-444b-9998-708e0c330e1c 0.000000
info: Adding 0 new fragments to fragmentList.
info: Starting propagation of Fragment with uniqueID d0ee71ee-faa1-4c64-a562-a3738a93e4ad.
info: EVENT area d0ee71ee-faa1-4c64-a562-a3738a93e4ad 0.101950
info: EVENT start d0ee71ee-faa1-4c64-a562-a3738a93e4ad 9.900000 0.101950 2016-11-15T17:35:19
info: Object d0ee71ee-faa1-4c64-a562-a3738a93e4ad demised.
info: EVENT object d0ee71ee-faa1-4c64-a562-a3738a93e4ad demise
info: Object d0ee71ee-faa1-4c64-a562-a3738a93e4ad reached end of life.
info: ObjectTrajectory Written: PySara.PMC1.d0ee71ee-faa1-4c64-a562-a3738a93e4ad_Trajectory.txt
info: GnuPlotGeneration::GenerateSingleObjectScript Wrote PySara.PMC1.d0ee71ee-faa1-4c64-a562-a3738a93e4ad.gnu
info: AeroThermalHistory Written: PySara.PMC1.d0ee71ee-faa1-4c64-a562-a3738a93e4ad_AeroThermalHistory.txt
info: EVENT end d0ee71ee-faa1-4c64-a562-a3738a93e4ad 2.290000
info: Adding 1 new fragments to fragmentList.
info: Starting propagation of Fragment with uniqueID f8ada8b9-06d4-40cd-bd74-3312fce12e78.
info: EVENT area f8ada8b9-06d4-40cd-bd74-3312fce12e78 0.101950
info: EVENT start f8ada8b9-06d4-40cd-bd74-3312fce12e78 9.900000 0.101950 2016-11-15T17:35:19
info: Object f8ada8b9-06d4-40cd-bd74-3312fce12e78 demised.
info: EVENT object f8ada8b9-06d4-40cd-bd74-3312fce12e78 demise
info: Object f8ada8b9-06d4-40cd-bd74-3312fce12e78 reached end of life.
info: ObjectTrajectory Written: PySara.PMC2.f8ada8b9-06d4-40cd-bd74-3312fce12e78_Trajectory.txt
info: GnuPlotGeneration::GenerateSingleObjectScript Wrote PySara.PMC2.f8ada8b9-06d4-40cd-bd74-3312fce12e78.gnu
info: AeroThermalHistory Written: PySara.PMC2.f8ada8b9-06d4-40cd-bd74-3312fce12e78_AeroThermalHistory.txt
info: EVENT end f8ada8b9-06d4-40cd-bd74-3312fce12e78 2.290000
info: Adding 1 new fragments to fragmentList.
info: Starting propagation of Fragment with uniqueID 74ad233a-a069-427e-8467-3e6a119838ac.
info: EVENT area 74ad233a-a069-427e-8467-3e6a119838ac 0.147828
info: EVENT start 74ad233a-a069-427e-8467-3e6a119838ac 17.100000 0.147828 2016-11-15T17:35:19
info: Object 74ad233a-a069-427e-8467-3e6a119838ac demised.
info: EVENT object 74ad233a-a069-427e-8467-3e6a119838ac demise
info: Object 74ad233a-a069-427e-8467-3e6a119838ac reached end of life.
info: ObjectTrajectory Written: PySara.PDU1.74ad233a-a069-427e-8467-3e6a119838ac_Trajectory.txt
info: GnuPlotGeneration::GenerateSingleObjectScript Wrote PySara.PDU1.74ad233a-a069-427e-8467-3e6a119838ac.gnu
info: AeroThermalHistory Written: PySara.PDU1.74ad233a-a069-427e-8467-3e6a119838ac_AeroThermalHistory.txt
info: EVENT end 74ad233a-a069-427e-8467-3e6a119838ac 5.960000
info: Adding 1 new fragments to fragmentList.
info: Starting propagation of Fragment with uniqueID abfb6e52-d8cf-4641-a0b0-5e40edc0f564.
info: EVENT area abfb6e52-d8cf-4641-a0b0-5e40edc0f564 0.147828
info: EVENT start abfb6e52-d8cf-4641-a0b0-5e40edc0f564 17.100000 0.147828 2016-11-15T17:35:19
info: Object abfb6e52-d8cf-4641-a0b0-5e40edc0f564 demised.
info: EVENT object abfb6e52-d8cf-4641-a0b0-5e40edc0f564 demise
info: Object abfb6e52-d8cf-4641-a0b0-5e40edc0f564 reached end of life.
info: ObjectTrajectory Written: PySara.PDU2.abfb6e52-d8cf-4641-a0b0-5e40edc0f564_Trajectory.txt
info: GnuPlotGeneration::GenerateSingleObjectScript Wrote PySara.PDU2.abfb6e52-d8cf-4641-a0b0-5e40edc0f564.gnu
info: AeroThermalHistory Written: PySara.PDU2.abfb6e52-d8cf-4641-a0b0-5e40edc0f564_AeroThermalHistory.txt
info: EVENT end abfb6e52-d8cf-4641-a0b0-5e40edc0f564 5.960000
info: Adding 1 new fragments to fragmentList.
info: Starting propagation of Fragment with uniqueID 613ab40d-ac65-453f-a803-80da09b61542.
info: EVENT area 613ab40d-ac65-453f-a803-80da09b61542 0.029393
info: EVENT start 613ab40d-ac65-453f-a803-80da09b61542 1.800000 0.029393 2016-11-15T17:35:19
info: Fragment 613ab40d-ac65-453f-a803-80da09b61542 reached end of life because uncritical.
info: EVENT fragment 613ab40d-ac65-453f-a803-80da09b61542 uncritical
info: Object 613ab40d-ac65-453f-a803-80da09b61542 reached end of life.
info: ObjectTrajectory Written: PySara.RFCU1.613ab40d-ac65-453f-a803-80da09b61542_Trajectory.txt
info: GnuPlotGeneration::GenerateSingleObjectScript Wrote PySara.RFCU1.613ab40d-ac65-453f-a803-80da09b61542.gnu
info: AeroThermalHistory Written: PySara.RFCU1.613ab40d-ac65-453f-a803-80da09b61542_AeroThermalHistory.txt
info: EVENT end 613ab40d-ac65-453f-a803-80da09b61542 0.026483
info: Adding 0 new fragments to fragmentList.
info: Starting propagation of Fragment with uniqueID c2653f19-0f7a-44ac-a8e5-1d0bb26d33a0.
info: EVENT area c2653f19-0f7a-44ac-a8e5-1d0bb26d33a0 0.029393
info: EVENT start c2653f19-0f7a-44ac-a8e5-1d0bb26d33a0 1.800000 0.029393 2016-11-15T17:35:19
info: Fragment c2653f19-0f7a-44ac-a8e5-1d0bb26d33a0 reached end of life because uncritical.
info: EVENT fragment c2653f19-0f7a-44ac-a8e5-1d0bb26d33a0 uncritical
info: Object c2653f19-0f7a-44ac-a8e5-1d0bb26d33a0 reached end of life.
info: ObjectTrajectory Written: PySara.RFCU2.c2653f19-0f7a-44ac-a8e5-1d0bb26d33a0_Trajectory.txt
info: GnuPlotGeneration::GenerateSingleObjectScript Wrote PySara.RFCU2.c2653f19-0f7a-44ac-a8e5-1d0bb26d33a0.gnu
info: AeroThermalHistory Written: PySara.RFCU2.c2653f19-0f7a-44ac-a8e5-1d0bb26d33a0_AeroThermalHistory.txt
info: EVENT end c2653f19-0f7a-44ac-a8e5-1d0bb26d33a0 0.026483
info: Adding 0 new fragments to fragmentList.
info: Starting propagation of Fragment with uniqueID 23763bdd-7c0b-4077-80ac-d6a189fb2c79.
info: EVENT area 23763bdd-7c0b-4077-80ac-d6a189fb2c79 0.029393
info: EVENT start 23763bdd-7c0b-4077-80ac-d6a189fb2c79 1.800000 0.029393 2016-11-15T17:35:19
info: Fragment 23763bdd-7c0b-4077-80ac-d6a189fb2c79 reached end of life because uncritical.
info: EVENT fragment 23763bdd-7c0b-4077-80ac-d6a189fb2c79 uncritical
info: Object 23763bdd-7c0b-4077-80ac-d6a189fb2c79 reached end of life.
info: ObjectTrajectory Written: PySara.RFCU3.23763bdd-7c0b-4077-80ac-d6a189fb2c79_Trajectory.txt
info: GnuPlotGeneration::GenerateSingleObjectScript Wrote PySara.RFCU3.23763bdd-7c0b-4077-80ac-d6a189fb2c79.gnu
info: AeroThermalHistory Written: PySara.RFCU3.23763bdd-7c0b-4077-80ac-d6a189fb2c79_AeroThermalHistory.txt
info: EVENT end 23763bdd-7c0b-4077-80ac-d6a189fb2c79 0.026483
info: Adding 0 new fragments to fragmentList.
info: Starting propagation of Fragment with uniqueID ef6582af-e11d-4ca9-a12b-3ec47549d18c.
info: EVENT area ef6582af-e11d-4ca9-a12b-3ec47549d18c 0.029393
info: EVENT start ef6582af-e11d-4ca9-a12b-3ec47549d18c 1.800000 0.029393 2016-11-15T17:35:19
info: Fragment ef6582af-e11d-4ca9-a12b-3ec47549d18c reached end of life because uncritical.
info: EVENT fragment ef6582af-e11d-4ca9-a12b-3ec47549d18c uncritical
info: Object ef6582af-e11d-4ca9-a12b-3ec47549d18c reached end of life.
info: ObjectTrajectory Written: PySara.RFCU4.ef6582af-e11d-4ca9-a12b-3ec47549d18c_Trajectory.txt
info: GnuPlotGeneration::GenerateSingleObjectScript Wrote PySara.RFCU4.ef6582af-e11d-4ca9-a12b-3ec47549d18c.gnu
info: AeroThermalHistory Written: PySara.RFCU4.ef6582af-e11d-4ca9-a12b-3ec47549d18c_AeroThermalHistory.txt
info: EVENT end ef6582af-e11d-4ca9-a12b-3ec47549d18c 0.026483
info: Adding 0 new fragments to fragmentList.
info: Starting propagation of Fragment with uniqueID aef6318c-2d97-40ba-8bdf-068bc94bd8a5.
info: EVENT area aef6318c-2d97-40ba-8bdf-068bc94bd8a5 0.029393
info: EVENT start aef6318c-2d97-40ba-8bdf-068bc94bd8a5 1.800000 0.029393 2016-11-15T17:35:19
info: Fragment aef6318c-2d97-40ba-8bdf-068bc94bd8a5 reached end of life because uncritical.
info: EVENT fragment aef6318c-2d97-40ba-8bdf-068bc94bd8a5 uncritical
info: Object aef6318c-2d97-40ba-8bdf-068bc94bd8a5 reached end of life.
info: ObjectTrajectory Written: PySara.RFCU5.aef6318c-2d97-40ba-8bdf-068bc94bd8a5_Trajectory.txt
info: GnuPlotGeneration::GenerateSingleObjectScript Wrote PySara.RFCU5.aef6318c-2d97-40ba-8bdf-068bc94bd8a5.gnu
info: AeroThermalHistory Written: PySara.RFCU5.aef6318c-2d97-40ba-8bdf-068bc94bd8a5_AeroThermalHistory.txt
info: EVENT end aef6318c-2d97-40ba-8bdf-068bc94bd8a5 0.026483
info: Adding 0 new fragments to fragmentList.
info: Starting propagation of Fragment with uniqueID 4b32fec7-9f57-4649-8284-3d1fdfc20d90.
info: EVENT area 4b32fec7-9f57-4649-8284-3d1fdfc20d90 0.128750
info: EVENT start 4b32fec7-9f57-4649-8284-3d1fdfc20d90 12.300000 0.128750 2016-11-15T17:35:19
info: Object 4b32fec7-9f57-4649-8284-3d1fdfc20d90 demised.
info: EVENT object 4b32fec7-9f57-4649-8284-3d1fdfc20d90 demise
info: Object 4b32fec7-9f57-4649-8284-3d1fdfc20d90 reached end of life.
info: ObjectTrajectory Written: PySara.RTU.4b32fec7-9f57-4649-8284-3d1fdfc20d90_Trajectory.txt
info: GnuPlotGeneration::GenerateSingleObjectScript Wrote PySara.RTU.4b32fec7-9f57-4649-8284-3d1fdfc20d90.gnu
info: AeroThermalHistory Written: PySara.RTU.4b32fec7-9f57-4649-8284-3d1fdfc20d90_AeroThermalHistory.txt
info: EVENT end 4b32fec7-9f57-4649-8284-3d1fdfc20d90 2.640000
info: Adding 1 new fragments to fragmentList.
info: Starting propagation of Fragment with uniqueID a1a24d98-f827-46ce-aff0-7b2d6e8e2357.
info: EVENT area a1a24d98-f827-46ce-aff0-7b2d6e8e2357 0.016627
info: EVENT start a1a24d98-f827-46ce-aff0-7b2d6e8e2357 0.700000 0.016627 2016-11-15T17:35:19
info: Object a1a24d98-f827-46ce-aff0-7b2d6e8e2357 reached end of life because of ballooning.
info: EVENT object a1a24d98-f827-46ce-aff0-7b2d6e8e2357 balloon
info: Object a1a24d98-f827-46ce-aff0-7b2d6e8e2357 reached end of life.
info: ObjectTrajectory Written: PySara.SLAFilt.a1a24d98-f827-46ce-aff0-7b2d6e8e2357_Trajectory.txt
info: GnuPlotGeneration::GenerateSingleObjectScript Wrote PySara.SLAFilt.a1a24d98-f827-46ce-aff0-7b2d6e8e2357.gnu
info: AeroThermalHistory Written: PySara.SLAFilt.a1a24d98-f827-46ce-aff0-7b2d6e8e2357_AeroThermalHistory.txt
info: EVENT end a1a24d98-f827-46ce-aff0-7b2d6e8e2357 0.001033
info: Adding 0 new fragments to fragmentList.
info: Starting propagation of Fragment with uniqueID 0cd08834-81c1-4576-8c86-fa265f3a8f04.
info: EVENT area 0cd08834-81c1-4576-8c86-fa265f3a8f04 0.111200
info: EVENT start 0cd08834-81c1-4576-8c86-fa265f3a8f04 14.200000 0.111200 2016-11-15T17:35:19
info: Object 0cd08834-81c1-4576-8c86-fa265f3a8f04 demised.
info: EVENT object 0cd08834-81c1-4576-8c86-fa265f3a8f04 demise
info: Object 0cd08834-81c1-4576-8c86-fa265f3a8f04 reached end of life.
info: ObjectTrajectory Written: PySara.SARP-3.0cd08834-81c1-4576-8c86-fa265f3a8f04_Trajectory.txt
info: GnuPlotGeneration::GenerateSingleObjectScript Wrote PySara.SARP-3.0cd08834-81c1-4576-8c86-fa265f3a8f04.gnu
info: AeroThermalHistory Written: PySara.SARP-3.0cd08834-81c1-4576-8c86-fa265f3a8f04_AeroThermalHistory.txt
info: EVENT end 0cd08834-81c1-4576-8c86-fa265f3a8f04 5.890000
info: Adding 1 new fragments to fragmentList.
info: Starting propagation of Fragment with uniqueID a8231a79-5579-4e40-8d4f-71b9a74ab3d7.
info: EVENT area a8231a79-5579-4e40-8d4f-71b9a74ab3d7 0.184000
info: EVENT start a8231a79-5579-4e40-8d4f-71b9a74ab3d7 14.600000 0.184000 2016-11-15T17:35:19
info: Fragment a8231a79-5579-4e40-8d4f-71b9a74ab3d7 reached end of life because of ground impact.
info: Object a8231a79-5579-4e40-8d4f-71b9a74ab3d7 reached end of life.
info: EVENT fragment a8231a79-5579-4e40-8d4f-71b9a74ab3d7 impact
info: ObjectTrajectory Written: PySara.SAR-Rx.a8231a79-5579-4e40-8d4f-71b9a74ab3d7_Trajectory.txt
info: GnuPlotGeneration::GenerateSingleObjectScript Wrote PySara.SAR-Rx.a8231a79-5579-4e40-8d4f-71b9a74ab3d7.gnu
info: AeroThermalHistory Written: PySara.SAR-Rx.a8231a79-5579-4e40-8d4f-71b9a74ab3d7_AeroThermalHistory.txt
info: EVENT end a8231a79-5579-4e40-8d4f-71b9a74ab3d7 2.846523
info: Adding 0 new fragments to fragmentList.
info: Starting propagation of Fragment with uniqueID aeda7892-1a0d-473d-938b-47f3689d7448.
info: EVENT area aeda7892-1a0d-473d-938b-47f3689d7448 0.108670
info: EVENT start aeda7892-1a0d-473d-938b-47f3689d7448 4.600000 0.108670 2016-11-15T17:35:19
info: Fragment aeda7892-1a0d-473d-938b-47f3689d7448 reached end of life because of ground impact.
info: Object aeda7892-1a0d-473d-938b-47f3689d7448 reached end of life.
info: EVENT fragment aeda7892-1a0d-473d-938b-47f3689d7448 impact
info: ObjectTrajectory Written: PySara.SAR-Tx.aeda7892-1a0d-473d-938b-47f3689d7448_Trajectory.txt
info: GnuPlotGeneration::GenerateSingleObjectScript Wrote PySara.SAR-Tx.aeda7892-1a0d-473d-938b-47f3689d7448.gnu
info: AeroThermalHistory Written: PySara.SAR-Tx.aeda7892-1a0d-473d-938b-47f3689d7448_AeroThermalHistory.txt
info: EVENT end aeda7892-1a0d-473d-938b-47f3689d7448 0.321661
info: Adding 0 new fragments to fragmentList.
info: Starting propagation of Fragment with uniqueID 14c3fb57-5e6f-4161-b4d0-16a4765fc55b.
info: EVENT area 14c3fb57-5e6f-4161-b4d0-16a4765fc55b 0.027520
info: EVENT start 14c3fb57-5e6f-4161-b4d0-16a4765fc55b 1.600000 0.027520 2016-11-15T17:35:19
info: Object 14c3fb57-5e6f-4161-b4d0-16a4765fc55b reached end of life because of ballooning.
info: EVENT object 14c3fb57-5e6f-4161-b4d0-16a4765fc55b balloon
info: Object 14c3fb57-5e6f-4161-b4d0-16a4765fc55b reached end of life.
info: ObjectTrajectory Written: PySara.EPC1.14c3fb57-5e6f-4161-b4d0-16a4765fc55b_Trajectory.txt
info: GnuPlotGeneration::GenerateSingleObjectScript Wrote PySara.EPC1.14c3fb57-5e6f-4161-b4d0-16a4765fc55b.gnu
info: AeroThermalHistory Written: PySara.EPC1.14c3fb57-5e6f-4161-b4d0-16a4765fc55b_AeroThermalHistory.txt
info: EVENT end 14c3fb57-5e6f-4161-b4d0-16a4765fc55b 0.006021
info: Adding 0 new fragments to fragmentList.
info: Starting propagation of Fragment with uniqueID b80a76e3-0da9-42c5-953a-ff2614be710e.
info: EVENT area b80a76e3-0da9-42c5-953a-ff2614be710e 0.027520
info: EVENT start b80a76e3-0da9-42c5-953a-ff2614be710e 1.600000 0.027520 2016-11-15T17:35:19
info: Object b80a76e3-0da9-42c5-953a-ff2614be710e reached end of life because of ballooning.
info: EVENT object b80a76e3-0da9-42c5-953a-ff2614be710e balloon
info: Object b80a76e3-0da9-42c5-953a-ff2614be710e reached end of life.
info: ObjectTrajectory Written: PySara.EPC2.b80a76e3-0da9-42c5-953a-ff2614be710e_Trajectory.txt
info: GnuPlotGeneration::GenerateSingleObjectScript Wrote PySara.EPC2.b80a76e3-0da9-42c5-953a-ff2614be710e.gnu
info: AeroThermalHistory Written: PySara.EPC2.b80a76e3-0da9-42c5-953a-ff2614be710e_AeroThermalHistory.txt
info: EVENT end b80a76e3-0da9-42c5-953a-ff2614be710e 0.006021
info: Adding 0 new fragments to fragmentList.
info: Starting propagation of Fragment with uniqueID c7c6fa2c-f04e-421e-9252-6fb3260cfa54.
info: EVENT area c7c6fa2c-f04e-421e-9252-6fb3260cfa54 0.019251
info: EVENT start c7c6fa2c-f04e-421e-9252-6fb3260cfa54 0.900000 0.019251 2016-11-15T17:35:19
info: Object c7c6fa2c-f04e-421e-9252-6fb3260cfa54 reached end of life because of ballooning.
info: EVENT object c7c6fa2c-f04e-421e-9252-6fb3260cfa54 balloon
info: Object c7c6fa2c-f04e-421e-9252-6fb3260cfa54 reached end of life.
info: ObjectTrajectory Written: PySara.MOD1.c7c6fa2c-f04e-421e-9252-6fb3260cfa54_Trajectory.txt
info: GnuPlotGeneration::GenerateSingleObjectScript Wrote PySara.MOD1.c7c6fa2c-f04e-421e-9252-6fb3260cfa54.gnu
info: AeroThermalHistory Written: PySara.MOD1.c7c6fa2c-f04e-421e-9252-6fb3260cfa54_AeroThermalHistory.txt
info: EVENT end c7c6fa2c-f04e-421e-9252-6fb3260cfa54 0.001236
info: Adding 0 new fragments to fragmentList.
info: Starting propagation of Fragment with uniqueID f5312407-e791-4f4d-a167-74a567287a2c.
info: EVENT area f5312407-e791-4f4d-a167-74a567287a2c 0.019251
info: EVENT start f5312407-e791-4f4d-a167-74a567287a2c 0.900000 0.019251 2016-11-15T17:35:19
info: Object f5312407-e791-4f4d-a167-74a567287a2c reached end of life because of ballooning.
info: EVENT object f5312407-e791-4f4d-a167-74a567287a2c balloon
info: Object f5312407-e791-4f4d-a167-74a567287a2c reached end of life.
info: ObjectTrajectory Written: PySara.MOD2.f5312407-e791-4f4d-a167-74a567287a2c_Trajectory.txt
info: GnuPlotGeneration::GenerateSingleObjectScript Wrote PySara.MOD2.f5312407-e791-4f4d-a167-74a567287a2c.gnu
info: AeroThermalHistory Written: PySara.MOD2.f5312407-e791-4f4d-a167-74a567287a2c_AeroThermalHistory.txt
info: EVENT end f5312407-e791-4f4d-a167-74a567287a2c 0.001236
info: Adding 0 new fragments to fragmentList.
info: Starting propagation of Fragment with uniqueID 8e56ba6f-8a93-4617-a814-e9974363ade4.
info: EVENT area 8e56ba6f-8a93-4617-a814-e9974363ade4 0.017618
info: EVENT start 8e56ba6f-8a93-4617-a814-e9974363ade4 0.900000 0.017618 2016-11-15T17:35:19
info: Object 8e56ba6f-8a93-4617-a814-e9974363ade4 demised.
info: EVENT object 8e56ba6f-8a93-4617-a814-e9974363ade4 demise
info: Fragment 8e56ba6f-8a93-4617-a814-e9974363ade4 reached end of life because uncritical.
info: Object 8e56ba6f-8a93-4617-a814-e9974363ade4 reached end of life.
info: ObjectTrajectory Written: PySara.TWT1.8e56ba6f-8a93-4617-a814-e9974363ade4_Trajectory.txt
info: GnuPlotGeneration::GenerateSingleObjectScript Wrote PySara.TWT1.8e56ba6f-8a93-4617-a814-e9974363ade4.gnu
info: AeroThermalHistory Written: PySara.TWT1.8e56ba6f-8a93-4617-a814-e9974363ade4_AeroThermalHistory.txt
info: EVENT end 8e56ba6f-8a93-4617-a814-e9974363ade4 0.000000
info: Adding 0 new fragments to fragmentList.
info: Starting propagation of Fragment with uniqueID b5ed6971-cc08-4353-9268-62ab81f38d58.
info: EVENT area b5ed6971-cc08-4353-9268-62ab81f38d58 0.017618
info: EVENT start b5ed6971-cc08-4353-9268-62ab81f38d58 0.900000 0.017618 2016-11-15T17:35:19
info: Object b5ed6971-cc08-4353-9268-62ab81f38d58 demised.
info: EVENT object b5ed6971-cc08-4353-9268-62ab81f38d58 demise
info: Fragment b5ed6971-cc08-4353-9268-62ab81f38d58 reached end of life because uncritical.
info: Object b5ed6971-cc08-4353-9268-62ab81f38d58 reached end of life.
info: ObjectTrajectory Written: PySara.TWT2.b5ed6971-cc08-4353-9268-62ab81f38d58_Trajectory.txt
info: GnuPlotGeneration::GenerateSingleObjectScript Wrote PySara.TWT2.b5ed6971-cc08-4353-9268-62ab81f38d58.gnu
info: AeroThermalHistory Written: PySara.TWT2.b5ed6971-cc08-4353-9268-62ab81f38d58_AeroThermalHistory.txt
info: EVENT end b5ed6971-cc08-4353-9268-62ab81f38d58 0.000000
info: Adding 0 new fragments to fragmentList.
info: Starting propagation of Fragment with uniqueID 1f2a4ef6-0ab3-4d25-a4be-d8e9c1642037.
info: EVENT area 1f2a4ef6-0ab3-4d25-a4be-d8e9c1642037 0.045570
info: EVENT start 1f2a4ef6-0ab3-4d25-a4be-d8e9c1642037 1.800000 0.045570 2016-11-15T17:35:19
info: Object 1f2a4ef6-0ab3-4d25-a4be-d8e9c1642037 reached end of life because of ballooning.
info: EVENT object 1f2a4ef6-0ab3-4d25-a4be-d8e9c1642037 balloon
info: Object 1f2a4ef6-0ab3-4d25-a4be-d8e9c1642037 reached end of life.
info: ObjectTrajectory Written: PySara.SRADipl.1f2a4ef6-0ab3-4d25-a4be-d8e9c1642037_Trajectory.txt
info: GnuPlotGeneration::GenerateSingleObjectScript Wrote PySara.SRADipl.1f2a4ef6-0ab3-4d25-a4be-d8e9c1642037.gnu
info: AeroThermalHistory Written: PySara.SRADipl.1f2a4ef6-0ab3-4d25-a4be-d8e9c1642037_AeroThermalHistory.txt
info: EVENT end 1f2a4ef6-0ab3-4d25-a4be-d8e9c1642037 0.012993
info: Adding 0 new fragments to fragmentList.
info: Starting propagation of Fragment with uniqueID 9df1f91d-0492-4871-8bb7-f884e4fef4a3.
info: EVENT area 9df1f91d-0492-4871-8bb7-f884e4fef4a3 0.013900
info: EVENT start 9df1f91d-0492-4871-8bb7-f884e4fef4a3 0.400000 0.013900 2016-11-15T17:35:19
info: Fragment 9df1f91d-0492-4871-8bb7-f884e4fef4a3 reached end of life because uncritical.
info: EVENT fragment 9df1f91d-0492-4871-8bb7-f884e4fef4a3 uncritical
info: Object 9df1f91d-0492-4871-8bb7-f884e4fef4a3 reached end of life.
info: ObjectTrajectory Written: PySara.LNA1.9df1f91d-0492-4871-8bb7-f884e4fef4a3_Trajectory.txt
info: GnuPlotGeneration::GenerateSingleObjectScript Wrote PySara.LNA1.9df1f91d-0492-4871-8bb7-f884e4fef4a3.gnu
info: AeroThermalHistory Written: PySara.LNA1.9df1f91d-0492-4871-8bb7-f884e4fef4a3_AeroThermalHistory.txt
info: EVENT end 9df1f91d-0492-4871-8bb7-f884e4fef4a3 0.000003
info: Adding 0 new fragments to fragmentList.
info: Starting propagation of Fragment with uniqueID 8af2132f-250d-477b-80f7-615e5d67d2a0.
info: EVENT area 8af2132f-250d-477b-80f7-615e5d67d2a0 0.013900
info: EVENT start 8af2132f-250d-477b-80f7-615e5d67d2a0 0.400000 0.013900 2016-11-15T17:35:19
info: Fragment 8af2132f-250d-477b-80f7-615e5d67d2a0 reached end of life because uncritical.
info: EVENT fragment 8af2132f-250d-477b-80f7-615e5d67d2a0 uncritical
info: Object 8af2132f-250d-477b-80f7-615e5d67d2a0 reached end of life.
info: ObjectTrajectory Written: PySara.LNA2.8af2132f-250d-477b-80f7-615e5d67d2a0_Trajectory.txt
info: GnuPlotGeneration::GenerateSingleObjectScript Wrote PySara.LNA2.8af2132f-250d-477b-80f7-615e5d67d2a0.gnu
info: AeroThermalHistory Written: PySara.LNA2.8af2132f-250d-477b-80f7-615e5d67d2a0_AeroThermalHistory.txt
info: EVENT end 8af2132f-250d-477b-80f7-615e5d67d2a0 0.000003
info: Adding 0 new fragments to fragmentList.
info: Starting propagation of Fragment with uniqueID 69188486-6c6d-417e-a056-336b38e4b918.
info: EVENT area 69188486-6c6d-417e-a056-336b38e4b918 0.032408
info: EVENT start 69188486-6c6d-417e-a056-336b38e4b918 1.100000 0.032408 2016-11-15T17:35:19
info: Object 69188486-6c6d-417e-a056-336b38e4b918 reached end of life because of ballooning.
info: EVENT object 69188486-6c6d-417e-a056-336b38e4b918 balloon
info: Object 69188486-6c6d-417e-a056-336b38e4b918 reached end of life.
info: ObjectTrajectory Written: PySara.UDAFilt.69188486-6c6d-417e-a056-336b38e4b918_Trajectory.txt
info: GnuPlotGeneration::GenerateSingleObjectScript Wrote PySara.UDAFilt.69188486-6c6d-417e-a056-336b38e4b918.gnu
info: AeroThermalHistory Written: PySara.UDAFilt.69188486-6c6d-417e-a056-336b38e4b918_AeroThermalHistory.txt
info: EVENT end 69188486-6c6d-417e-a056-336b38e4b918 0.005455
info: Adding 0 new fragments to fragmentList.
info: Starting propagation of Fragment with uniqueID b8b303d2-e3bb-4d85-8dc1-a7fdc76026fb.
info: EVENT area b8b303d2-e3bb-4d85-8dc1-a7fdc76026fb 0.010100
info: EVENT start b8b303d2-e3bb-4d85-8dc1-a7fdc76026fb 0.400000 0.010100 2016-11-15T17:35:19
info: Object b8b303d2-e3bb-4d85-8dc1-a7fdc76026fb demised.
info: EVENT object b8b303d2-e3bb-4d85-8dc1-a7fdc76026fb demise
info: Fragment b8b303d2-e3bb-4d85-8dc1-a7fdc76026fb reached end of life because uncritical.
info: Object b8b303d2-e3bb-4d85-8dc1-a7fdc76026fb reached end of life.
info: ObjectTrajectory Written: PySara.DBU1.b8b303d2-e3bb-4d85-8dc1-a7fdc76026fb_Trajectory.txt
info: GnuPlotGeneration::GenerateSingleObjectScript Wrote PySara.DBU1.b8b303d2-e3bb-4d85-8dc1-a7fdc76026fb.gnu
info: AeroThermalHistory Written: PySara.DBU1.b8b303d2-e3bb-4d85-8dc1-a7fdc76026fb_AeroThermalHistory.txt
info: EVENT end b8b303d2-e3bb-4d85-8dc1-a7fdc76026fb 0.000000
info: Adding 0 new fragments to fragmentList.
info: Starting propagation of Fragment with uniqueID c7768e71-50e7-47a0-a4c4-6b535ac78276.
info: EVENT area c7768e71-50e7-47a0-a4c4-6b535ac78276 0.010100
info: EVENT start c7768e71-50e7-47a0-a4c4-6b535ac78276 0.400000 0.010100 2016-11-15T17:35:19
info: Object c7768e71-50e7-47a0-a4c4-6b535ac78276 demised.
info: EVENT object c7768e71-50e7-47a0-a4c4-6b535ac78276 demise
info: Fragment c7768e71-50e7-47a0-a4c4-6b535ac78276 reached end of life because uncritical.
info: Object c7768e71-50e7-47a0-a4c4-6b535ac78276 reached end of life.
info: ObjectTrajectory Written: PySara.DBU2.c7768e71-50e7-47a0-a4c4-6b535ac78276_Trajectory.txt
info: GnuPlotGeneration::GenerateSingleObjectScript Wrote PySara.DBU2.c7768e71-50e7-47a0-a4c4-6b535ac78276.gnu
info: AeroThermalHistory Written: PySara.DBU2.c7768e71-50e7-47a0-a4c4-6b535ac78276_AeroThermalHistory.txt
info: EVENT end c7768e71-50e7-47a0-a4c4-6b535ac78276 0.000000
info: Adding 0 new fragments to fragmentList.
info: Starting propagation of Fragment with uniqueID b3b63815-7b7d-4113-81f6-cf863040232a.
info: EVENT area b3b63815-7b7d-4113-81f6-cf863040232a 0.010100
info: EVENT start b3b63815-7b7d-4113-81f6-cf863040232a 0.400000 0.010100 2016-11-15T17:35:19
info: Object b3b63815-7b7d-4113-81f6-cf863040232a demised.
info: EVENT object b3b63815-7b7d-4113-81f6-cf863040232a demise
info: Fragment b3b63815-7b7d-4113-81f6-cf863040232a reached end of life because uncritical.
info: Object b3b63815-7b7d-4113-81f6-cf863040232a reached end of life.
info: ObjectTrajectory Written: PySara.DBU3.b3b63815-7b7d-4113-81f6-cf863040232a_Trajectory.txt
info: GnuPlotGeneration::GenerateSingleObjectScript Wrote PySara.DBU3.b3b63815-7b7d-4113-81f6-cf863040232a.gnu
info: AeroThermalHistory Written: PySara.DBU3.b3b63815-7b7d-4113-81f6-cf863040232a_AeroThermalHistory.txt
info: EVENT end b3b63815-7b7d-4113-81f6-cf863040232a 0.000000
info: Adding 0 new fragments to fragmentList.
info: Starting propagation of Fragment with uniqueID 4617ce0b-186b-43d4-b84c-1fb1a32f893a.
info: EVENT area 4617ce0b-186b-43d4-b84c-1fb1a32f893a 0.010100
info: EVENT start 4617ce0b-186b-43d4-b84c-1fb1a32f893a 0.400000 0.010100 2016-11-15T17:35:19
info: Object 4617ce0b-186b-43d4-b84c-1fb1a32f893a demised.
info: EVENT object 4617ce0b-186b-43d4-b84c-1fb1a32f893a demise
info: Fragment 4617ce0b-186b-43d4-b84c-1fb1a32f893a reached end of life because uncritical.
info: Object 4617ce0b-186b-43d4-b84c-1fb1a32f893a reached end of life.
info: ObjectTrajectory Written: PySara.DBU4.4617ce0b-186b-43d4-b84c-1fb1a32f893a_Trajectory.txt
info: GnuPlotGeneration::GenerateSingleObjectScript Wrote PySara.DBU4.4617ce0b-186b-43d4-b84c-1fb1a32f893a.gnu
info: AeroThermalHistory Written: PySara.DBU4.4617ce0b-186b-43d4-b84c-1fb1a32f893a_AeroThermalHistory.txt
info: EVENT end 4617ce0b-186b-43d4-b84c-1fb1a32f893a 0.000000
info: Adding 0 new fragments to fragmentList.
info: Starting propagation of Fragment with uniqueID 4ab4cfaa-2a04-4c16-80d0-43adefb563f2.
info: EVENT area 4ab4cfaa-2a04-4c16-80d0-43adefb563f2 0.010100
info: EVENT start 4ab4cfaa-2a04-4c16-80d0-43adefb563f2 0.400000 0.010100 2016-11-15T17:35:19
info: Object 4ab4cfaa-2a04-4c16-80d0-43adefb563f2 demised.
info: EVENT object 4ab4cfaa-2a04-4c16-80d0-43adefb563f2 demise
info: Fragment 4ab4cfaa-2a04-4c16-80d0-43adefb563f2 reached end of life because uncritical.
info: Object 4ab4cfaa-2a04-4c16-80d0-43adefb563f2 reached end of life.
info: ObjectTrajectory Written: PySara.DBU5.4ab4cfaa-2a04-4c16-80d0-43adefb563f2_Trajectory.txt
info: GnuPlotGeneration::GenerateSingleObjectScript Wrote PySara.DBU5.4ab4cfaa-2a04-4c16-80d0-43adefb563f2.gnu
info: AeroThermalHistory Written: PySara.DBU5.4ab4cfaa-2a04-4c16-80d0-43adefb563f2_AeroThermalHistory.txt
info: EVENT end 4ab4cfaa-2a04-4c16-80d0-43adefb563f2 0.000000
info: Adding 0 new fragments to fragmentList.
info: Starting propagation of Fragment with uniqueID b29cc33f-19ef-48ef-a94d-d57e19b97bb3.
info: EVENT area b29cc33f-19ef-48ef-a94d-d57e19b97bb3 0.059212
info: EVENT start b29cc33f-19ef-48ef-a94d-d57e19b97bb3 4.500000 0.059212 2016-11-15T17:35:19
info: Fragment b29cc33f-19ef-48ef-a94d-d57e19b97bb3 reached end of life because of ground impact.
info: Object b29cc33f-19ef-48ef-a94d-d57e19b97bb3 reached end of life.
info: EVENT fragment b29cc33f-19ef-48ef-a94d-d57e19b97bb3 impact
info: ObjectTrajectory Written: PySara.ASCATRFU1.b29cc33f-19ef-48ef-a94d-d57e19b97bb3_Trajectory.txt
info: GnuPlotGeneration::GenerateSingleObjectScript Wrote PySara.ASCATRFU1.b29cc33f-19ef-48ef-a94d-d57e19b97bb3.gnu
info: AeroThermalHistory Written: PySara.ASCATRFU1.b29cc33f-19ef-48ef-a94d-d57e19b97bb3_AeroThermalHistory.txt
info: EVENT end b29cc33f-19ef-48ef-a94d-d57e19b97bb3 0.246001
info: Adding 0 new fragments to fragmentList.
info: Starting propagation of Fragment with uniqueID f782f6c0-7963-417e-80c3-16d9fcda0a37.
info: EVENT area f782f6c0-7963-417e-80c3-16d9fcda0a37 0.059212
info: EVENT start f782f6c0-7963-417e-80c3-16d9fcda0a37 4.500000 0.059212 2016-11-15T17:35:19
info: Fragment f782f6c0-7963-417e-80c3-16d9fcda0a37 reached end of life because of ground impact.
info: Object f782f6c0-7963-417e-80c3-16d9fcda0a37 reached end of life.
info: EVENT fragment f782f6c0-7963-417e-80c3-16d9fcda0a37 impact
info: ObjectTrajectory Written: PySara.ASCATRFU2.f782f6c0-7963-417e-80c3-16d9fcda0a37_Trajectory.txt
info: GnuPlotGeneration::GenerateSingleObjectScript Wrote PySara.ASCATRFU2.f782f6c0-7963-417e-80c3-16d9fcda0a37.gnu
info: AeroThermalHistory Written: PySara.ASCATRFU2.f782f6c0-7963-417e-80c3-16d9fcda0a37_AeroThermalHistory.txt
info: EVENT end f782f6c0-7963-417e-80c3-16d9fcda0a37 0.246001
info: Adding 0 new fragments to fragmentList.
info: Starting propagation of Fragment with uniqueID bbf22be4-2b2e-485c-afb6-40ee990bc60c.
info: EVENT area bbf22be4-2b2e-485c-afb6-40ee990bc60c 0.100297
info: EVENT start bbf22be4-2b2e-485c-afb6-40ee990bc60c 12.200000 0.100297 2016-11-15T17:35:19
info: Object bbf22be4-2b2e-485c-afb6-40ee990bc60c demised.
info: EVENT object bbf22be4-2b2e-485c-afb6-40ee990bc60c demise
info: Object bbf22be4-2b2e-485c-afb6-40ee990bc60c reached end of life.
info: ObjectTrajectory Written: PySara.IASI-DPS.bbf22be4-2b2e-485c-afb6-40ee990bc60c_Trajectory.txt
info: GnuPlotGeneration::GenerateSingleObjectScript Wrote PySara.IASI-DPS.bbf22be4-2b2e-485c-afb6-40ee990bc60c.gnu
info: AeroThermalHistory Written: PySara.IASI-DPS.bbf22be4-2b2e-485c-afb6-40ee990bc60c_AeroThermalHistory.txt
info: EVENT end bbf22be4-2b2e-485c-afb6-40ee990bc60c 4.720000
info: Adding 1 new fragments to fragmentList.
info: Starting propagation of Fragment with uniqueID f75aa4b9-a2e4-4d7a-8317-7397c96c9e31.
info: EVENT area f75aa4b9-a2e4-4d7a-8317-7397c96c9e31 0.029393
info: EVENT start f75aa4b9-a2e4-4d7a-8317-7397c96c9e31 1.800000 0.029393 2016-11-15T17:35:19
info: Fragment f75aa4b9-a2e4-4d7a-8317-7397c96c9e31 reached end of life because uncritical.
info: EVENT fragment f75aa4b9-a2e4-4d7a-8317-7397c96c9e31 uncritical
info: Object f75aa4b9-a2e4-4d7a-8317-7397c96c9e31 reached end of life.
info: ObjectTrajectory Written: PySara.RFCU.f75aa4b9-a2e4-4d7a-8317-7397c96c9e31_Trajectory.txt
info: GnuPlotGeneration::GenerateSingleObjectScript Wrote PySara.RFCU.f75aa4b9-a2e4-4d7a-8317-7397c96c9e31.gnu
info: AeroThermalHistory Written: PySara.RFCU.f75aa4b9-a2e4-4d7a-8317-7397c96c9e31_AeroThermalHistory.txt
info: EVENT end f75aa4b9-a2e4-4d7a-8317-7397c96c9e31 0.026483
info: Adding 0 new fragments to fragmentList.
info: Starting propagation of Fragment with uniqueID 2820083a-a07a-4a45-8a91-ae1aeb026ab8.
info: EVENT area 2820083a-a07a-4a45-8a91-ae1aeb026ab8 0.106750
info: EVENT start 2820083a-a07a-4a45-8a91-ae1aeb026ab8 14.100000 0.106750 2016-11-15T17:35:19
info: Object 2820083a-a07a-4a45-8a91-ae1aeb026ab8 demised.
info: EVENT object 2820083a-a07a-4a45-8a91-ae1aeb026ab8 demise
info: Object 2820083a-a07a-4a45-8a91-ae1aeb026ab8 reached end of life.
info: ObjectTrajectory Written: PySara.IASI-IMS.2820083a-a07a-4a45-8a91-ae1aeb026ab8_Trajectory.txt
info: GnuPlotGeneration::GenerateSingleObjectScript Wrote PySara.IASI-IMS.2820083a-a07a-4a45-8a91-ae1aeb026ab8.gnu
info: AeroThermalHistory Written: PySara.IASI-IMS.2820083a-a07a-4a45-8a91-ae1aeb026ab8_AeroThermalHistory.txt
info: EVENT end 2820083a-a07a-4a45-8a91-ae1aeb026ab8 6.130000
info: Adding 1 new fragments to fragmentList.
info: Starting propagation of Fragment with uniqueID 2a0f1756-d739-4be5-acfb-5c98c1ec6d8a.
info: EVENT area 2a0f1756-d739-4be5-acfb-5c98c1ec6d8a 0.054160
info: EVENT start 2a0f1756-d739-4be5-acfb-5c98c1ec6d8a 4.400000 0.054160 2016-11-15T17:35:19
info: Object 2a0f1756-d739-4be5-acfb-5c98c1ec6d8a demised.
info: EVENT object 2a0f1756-d739-4be5-acfb-5c98c1ec6d8a demise
info: Object 2a0f1756-d739-4be5-acfb-5c98c1ec6d8a reached end of life.
info: ObjectTrajectory Written: PySara.DPU-SEM.2a0f1756-d739-4be5-acfb-5c98c1ec6d8a_Trajectory.txt
info: GnuPlotGeneration::GenerateSingleObjectScript Wrote PySara.DPU-SEM.2a0f1756-d739-4be5-acfb-5c98c1ec6d8a.gnu
info: AeroThermalHistory Written: PySara.DPU-SEM.2a0f1756-d739-4be5-acfb-5c98c1ec6d8a_AeroThermalHistory.txt
info: EVENT end 2a0f1756-d739-4be5-acfb-5c98c1ec6d8a 0.450000
info: Adding 1 new fragments to fragmentList.
info: Starting propagation of Fragment with uniqueID 40ced179-61ac-4157-b67b-e5818d785545.
info: EVENT area 40ced179-61ac-4157-b67b-e5818d785545 0.178215
info: EVENT start 40ced179-61ac-4157-b67b-e5818d785545 21.700000 0.178215 2016-11-15T17:35:19
info: Object 40ced179-61ac-4157-b67b-e5818d785545 demised.
info: EVENT object 40ced179-61ac-4157-b67b-e5818d785545 demise
info: Object 40ced179-61ac-4157-b67b-e5818d785545 reached end of life.
info: ObjectTrajectory Written: PySara.PCU.40ced179-61ac-4157-b67b-e5818d785545_Trajectory.txt
info: GnuPlotGeneration::GenerateSingleObjectScript Wrote PySara.PCU.40ced179-61ac-4157-b67b-e5818d785545.gnu
info: AeroThermalHistory Written: PySara.PCU.40ced179-61ac-4157-b67b-e5818d785545_AeroThermalHistory.txt
info: EVENT end 40ced179-61ac-4157-b67b-e5818d785545 8.250000
info: Adding 1 new fragments to fragmentList.
info: Starting propagation of Fragment with uniqueID 1fb5a24d-822d-4b03-b7c8-707b45f03a62.
info: EVENT area 1fb5a24d-822d-4b03-b7c8-707b45f03a62 0.180255
info: EVENT start 1fb5a24d-822d-4b03-b7c8-707b45f03a62 23.200000 0.180255 2016-11-15T17:35:19
info: Object 1fb5a24d-822d-4b03-b7c8-707b45f03a62 demised.
info: EVENT object 1fb5a24d-822d-4b03-b7c8-707b45f03a62 demise
info: Object 1fb5a24d-822d-4b03-b7c8-707b45f03a62 reached end of life.
info: ObjectTrajectory Written: PySara.TCU.1fb5a24d-822d-4b03-b7c8-707b45f03a62_Trajectory.txt
info: GnuPlotGeneration::GenerateSingleObjectScript Wrote PySara.TCU.1fb5a24d-822d-4b03-b7c8-707b45f03a62.gnu
info: AeroThermalHistory Written: PySara.TCU.1fb5a24d-822d-4b03-b7c8-707b45f03a62_AeroThermalHistory.txt
info: EVENT end 1fb5a24d-822d-4b03-b7c8-707b45f03a62 9.570000
info: Adding 1 new fragments to fragmentList.
info: Starting propagation of Fragment with uniqueID 94c7134b-e00b-4484-9ab5-793cf11a09b7.
info: EVENT area 94c7134b-e00b-4484-9ab5-793cf11a09b7 0.085927
info: EVENT start 94c7134b-e00b-4484-9ab5-793cf11a09b7 5.500000 0.085927 2016-11-15T17:35:19
info: Fragment 94c7134b-e00b-4484-9ab5-793cf11a09b7 reached end of life because of ground impact.
info: Object 94c7134b-e00b-4484-9ab5-793cf11a09b7 reached end of life.
info: EVENT fragment 94c7134b-e00b-4484-9ab5-793cf11a09b7 impact
info: ObjectTrajectory Written: PySara.FMU1.94c7134b-e00b-4484-9ab5-793cf11a09b7_Trajectory.txt
info: GnuPlotGeneration::GenerateSingleObjectScript Wrote PySara.FMU1.94c7134b-e00b-4484-9ab5-793cf11a09b7.gnu
info: AeroThermalHistory Written: PySara.FMU1.94c7134b-e00b-4484-9ab5-793cf11a09b7_AeroThermalHistory.txt
info: EVENT end 94c7134b-e00b-4484-9ab5-793cf11a09b7 0.482271
info: Adding 0 new fragments to fragmentList.
info: Starting propagation of Fragment with uniqueID 033f7482-d229-4653-8df8-c3666d4d7b38.
info: EVENT area 033f7482-d229-4653-8df8-c3666d4d7b38 0.085927
info: EVENT start 033f7482-d229-4653-8df8-c3666d4d7b38 5.500000 0.085927 2016-11-15T17:35:19
info: Fragment 033f7482-d229-4653-8df8-c3666d4d7b38 reached end of life because of ground impact.
info: Object 033f7482-d229-4653-8df8-c3666d4d7b38 reached end of life.
info: EVENT fragment 033f7482-d229-4653-8df8-c3666d4d7b38 impact
info: ObjectTrajectory Written: PySara.FMU2.033f7482-d229-4653-8df8-c3666d4d7b38_Trajectory.txt
info: GnuPlotGeneration::GenerateSingleObjectScript Wrote PySara.FMU2.033f7482-d229-4653-8df8-c3666d4d7b38.gnu
info: AeroThermalHistory Written: PySara.FMU2.033f7482-d229-4653-8df8-c3666d4d7b38_AeroThermalHistory.txt
info: EVENT end 033f7482-d229-4653-8df8-c3666d4d7b38 0.482271
info: Adding 0 new fragments to fragmentList.
info: Starting propagation of Fragment with uniqueID fbcc29ad-1536-4009-a797-ba57fa6a25ae.
info: EVENT area fbcc29ad-1536-4009-a797-ba57fa6a25ae 0.190431
info: EVENT start fbcc29ad-1536-4009-a797-ba57fa6a25ae 23.700000 0.190431 2016-11-15T17:35:19
info: Object fbcc29ad-1536-4009-a797-ba57fa6a25ae demised.
info: EVENT object fbcc29ad-1536-4009-a797-ba57fa6a25ae demise
info: Object fbcc29ad-1536-4009-a797-ba57fa6a25ae reached end of life.
info: ObjectTrajectory Written: PySara.SSR.fbcc29ad-1536-4009-a797-ba57fa6a25ae_Trajectory.txt
info: GnuPlotGeneration::GenerateSingleObjectScript Wrote PySara.SSR.fbcc29ad-1536-4009-a797-ba57fa6a25ae.gnu
info: AeroThermalHistory Written: PySara.SSR.fbcc29ad-1536-4009-a797-ba57fa6a25ae_AeroThermalHistory.txt
info: EVENT end fbcc29ad-1536-4009-a797-ba57fa6a25ae 9.280000
info: Adding 1 new fragments to fragmentList.
info: Starting propagation of Fragment with uniqueID 8b0371d9-fcd1-4ee4-8979-f4d5247cd70f.
info: EVENT area 8b0371d9-fcd1-4ee4-8979-f4d5247cd70f 0.116838
info: EVENT start 8b0371d9-fcd1-4ee4-8979-f4d5247cd70f 11.000000 0.116838 2016-11-15T17:35:19
info: Object 8b0371d9-fcd1-4ee4-8979-f4d5247cd70f demised.
info: EVENT object 8b0371d9-fcd1-4ee4-8979-f4d5247cd70f demise
info: Object 8b0371d9-fcd1-4ee4-8979-f4d5247cd70f reached end of life.
info: ObjectTrajectory Written: PySara.NIU.8b0371d9-fcd1-4ee4-8979-f4d5247cd70f_Trajectory.txt
info: GnuPlotGeneration::GenerateSingleObjectScript Wrote PySara.NIU.8b0371d9-fcd1-4ee4-8979-f4d5247cd70f.gnu
info: AeroThermalHistory Written: PySara.NIU.8b0371d9-fcd1-4ee4-8979-f4d5247cd70f_AeroThermalHistory.txt
info: EVENT end 8b0371d9-fcd1-4ee4-8979-f4d5247cd70f 2.250000
info: Adding 1 new fragments to fragmentList.
info: Starting propagation of Fragment with uniqueID 813c8c0b-733c-44d2-acd5-ccde788a753d.
info: EVENT area 813c8c0b-733c-44d2-acd5-ccde788a753d 0.038196
info: EVENT start 813c8c0b-733c-44d2-acd5-ccde788a753d 2.500000 0.038196 2016-11-15T17:35:19
info: Fragment 813c8c0b-733c-44d2-acd5-ccde788a753d reached end of life because uncritical.
info: EVENT fragment 813c8c0b-733c-44d2-acd5-ccde788a753d uncritical
info: Object 813c8c0b-733c-44d2-acd5-ccde788a753d reached end of life.
info: ObjectTrajectory Written: PySara.L-SSPA1.813c8c0b-733c-44d2-acd5-ccde788a753d_Trajectory.txt
info: GnuPlotGeneration::GenerateSingleObjectScript Wrote PySara.L-SSPA1.813c8c0b-733c-44d2-acd5-ccde788a753d.gnu
info: AeroThermalHistory Written: PySara.L-SSPA1.813c8c0b-733c-44d2-acd5-ccde788a753d_AeroThermalHistory.txt
info: EVENT end 813c8c0b-733c-44d2-acd5-ccde788a753d 0.040548
info: Adding 0 new fragments to fragmentList.
info: Starting propagation of Fragment with uniqueID f4d5dd76-6520-4bb7-965d-4ba666dfb2a8.
info: EVENT area f4d5dd76-6520-4bb7-965d-4ba666dfb2a8 0.038196
info: EVENT start f4d5dd76-6520-4bb7-965d-4ba666dfb2a8 2.500000 0.038196 2016-11-15T17:35:19
info: Fragment f4d5dd76-6520-4bb7-965d-4ba666dfb2a8 reached end of life because uncritical.
info: EVENT fragment f4d5dd76-6520-4bb7-965d-4ba666dfb2a8 uncritical
info: Object f4d5dd76-6520-4bb7-965d-4ba666dfb2a8 reached end of life.
info: ObjectTrajectory Written: PySara.L-SSPA2.f4d5dd76-6520-4bb7-965d-4ba666dfb2a8_Trajectory.txt
info: GnuPlotGeneration::GenerateSingleObjectScript Wrote PySara.L-SSPA2.f4d5dd76-6520-4bb7-965d-4ba666dfb2a8.gnu
info: AeroThermalHistory Written: PySara.L-SSPA2.f4d5dd76-6520-4bb7-965d-4ba666dfb2a8_AeroThermalHistory.txt
info: EVENT end f4d5dd76-6520-4bb7-965d-4ba666dfb2a8 0.040548
info: Adding 0 new fragments to fragmentList.
info: Starting propagation of Fragment with uniqueID aaafc080-8726-4cd4-93b1-07ee067df443.
info: EVENT area aaafc080-8726-4cd4-93b1-07ee067df443 0.037747
info: EVENT start aaafc080-8726-4cd4-93b1-07ee067df443 2.400000 0.037747 2016-11-15T17:35:19
info: Fragment aaafc080-8726-4cd4-93b1-07ee067df443 reached end of life because uncritical.
info: EVENT fragment aaafc080-8726-4cd4-93b1-07ee067df443 uncritical
info: Object aaafc080-8726-4cd4-93b1-07ee067df443 reached end of life.
info: ObjectTrajectory Written: PySara.LH-MOD1.aaafc080-8726-4cd4-93b1-07ee067df443_Trajectory.txt
info: GnuPlotGeneration::GenerateSingleObjectScript Wrote PySara.LH-MOD1.aaafc080-8726-4cd4-93b1-07ee067df443.gnu
info: AeroThermalHistory Written: PySara.LH-MOD1.aaafc080-8726-4cd4-93b1-07ee067df443_AeroThermalHistory.txt
info: EVENT end aaafc080-8726-4cd4-93b1-07ee067df443 0.040886
info: Adding 0 new fragments to fragmentList.
info: Starting propagation of Fragment with uniqueID 2a0796a7-9f8b-4a83-bc81-8a78dd54760a.
info: EVENT area 2a0796a7-9f8b-4a83-bc81-8a78dd54760a 0.037747
info: EVENT start 2a0796a7-9f8b-4a83-bc81-8a78dd54760a 2.400000 0.037747 2016-11-15T17:35:19
info: Fragment 2a0796a7-9f8b-4a83-bc81-8a78dd54760a reached end of life because uncritical.
info: EVENT fragment 2a0796a7-9f8b-4a83-bc81-8a78dd54760a uncritical
info: Object 2a0796a7-9f8b-4a83-bc81-8a78dd54760a reached end of life.
info: ObjectTrajectory Written: PySara.LH-MOD2.2a0796a7-9f8b-4a83-bc81-8a78dd54760a_Trajectory.txt
info: GnuPlotGeneration::GenerateSingleObjectScript Wrote PySara.LH-MOD2.2a0796a7-9f8b-4a83-bc81-8a78dd54760a.gnu
info: AeroThermalHistory Written: PySara.LH-MOD2.2a0796a7-9f8b-4a83-bc81-8a78dd54760a_AeroThermalHistory.txt
info: EVENT end 2a0796a7-9f8b-4a83-bc81-8a78dd54760a 0.040886
info: Adding 0 new fragments to fragmentList.
info: Starting propagation of Fragment with uniqueID d261c2b8-14c8-4ca4-8ca6-452b32cf73ce.
info: EVENT area d261c2b8-14c8-4ca4-8ca6-452b32cf73ce 0.026375
info: EVENT start d261c2b8-14c8-4ca4-8ca6-452b32cf73ce 1.200000 0.026375 2016-11-15T17:35:19
info: Object d261c2b8-14c8-4ca4-8ca6-452b32cf73ce reached end of life because of ballooning.
info: EVENT object d261c2b8-14c8-4ca4-8ca6-452b32cf73ce balloon
info: Object d261c2b8-14c8-4ca4-8ca6-452b32cf73ce reached end of life.
info: ObjectTrajectory Written: PySara.H-SSPA1.d261c2b8-14c8-4ca4-8ca6-452b32cf73ce_Trajectory.txt
info: GnuPlotGeneration::GenerateSingleObjectScript Wrote PySara.H-SSPA1.d261c2b8-14c8-4ca4-8ca6-452b32cf73ce.gnu
info: AeroThermalHistory Written: PySara.H-SSPA1.d261c2b8-14c8-4ca4-8ca6-452b32cf73ce_AeroThermalHistory.txt
info: EVENT end d261c2b8-14c8-4ca4-8ca6-452b32cf73ce 0.004175
info: Adding 0 new fragments to fragmentList.
info: Starting propagation of Fragment with uniqueID 9e0a805e-eac1-4103-891b-7ee76bc46231.
info: EVENT area 9e0a805e-eac1-4103-891b-7ee76bc46231 0.026375
info: EVENT start 9e0a805e-eac1-4103-891b-7ee76bc46231 1.200000 0.026375 2016-11-15T17:35:19
info: Object 9e0a805e-eac1-4103-891b-7ee76bc46231 reached end of life because of ballooning.
info: EVENT object 9e0a805e-eac1-4103-891b-7ee76bc46231 balloon
info: Object 9e0a805e-eac1-4103-891b-7ee76bc46231 reached end of life.
info: ObjectTrajectory Written: PySara.H-SSPA2.9e0a805e-eac1-4103-891b-7ee76bc46231_Trajectory.txt
info: GnuPlotGeneration::GenerateSingleObjectScript Wrote PySara.H-SSPA2.9e0a805e-eac1-4103-891b-7ee76bc46231.gnu
info: AeroThermalHistory Written: PySara.H-SSPA2.9e0a805e-eac1-4103-891b-7ee76bc46231_AeroThermalHistory.txt
info: EVENT end 9e0a805e-eac1-4103-891b-7ee76bc46231 0.004175
info: Adding 0 new fragments to fragmentList.
info: Starting propagation of Fragment with uniqueID 6b158017-2221-41d5-91de-cdad33f7fe5c.
info: EVENT area 6b158017-2221-41d5-91de-cdad33f7fe5c 0.113665
info: EVENT start 6b158017-2221-41d5-91de-cdad33f7fe5c 14.000000 0.113665 2016-11-15T17:35:19
info: Object 6b158017-2221-41d5-91de-cdad33f7fe5c demised.
info: EVENT object 6b158017-2221-41d5-91de-cdad33f7fe5c demise
info: Object 6b158017-2221-41d5-91de-cdad33f7fe5c reached end of life.
info: ObjectTrajectory Written: PySara.ADCS-RPU.6b158017-2221-41d5-91de-cdad33f7fe5c_Trajectory.txt
info: GnuPlotGeneration::GenerateSingleObjectScript Wrote PySara.ADCS-RPU.6b158017-2221-41d5-91de-cdad33f7fe5c.gnu
info: AeroThermalHistory Written: PySara.ADCS-RPU.6b158017-2221-41d5-91de-cdad33f7fe5c_AeroThermalHistory.txt
info: EVENT end 6b158017-2221-41d5-91de-cdad33f7fe5c 5.500000
info: Adding 1 new fragments to fragmentList.
info: Starting propagation of Fragment with uniqueID 7dd6bb48-d93d-49a2-af82-86768fa7cf69.
info: EVENT area 7dd6bb48-d93d-49a2-af82-86768fa7cf69 0.072900
info: EVENT start 7dd6bb48-d93d-49a2-af82-86768fa7cf69 7.000000 0.072900 2016-11-15T17:35:19
info: Object 7dd6bb48-d93d-49a2-af82-86768fa7cf69 demised.
info: EVENT object 7dd6bb48-d93d-49a2-af82-86768fa7cf69 demise
info: Object 7dd6bb48-d93d-49a2-af82-86768fa7cf69 reached end of life.
info: ObjectTrajectory Written: PySara.ADCS-TXU.7dd6bb48-d93d-49a2-af82-86768fa7cf69_Trajectory.txt
info: GnuPlotGeneration::GenerateSingleObjectScript Wrote PySara.ADCS-TXU.7dd6bb48-d93d-49a2-af82-86768fa7cf69.gnu
info: AeroThermalHistory Written: PySara.ADCS-TXU.7dd6bb48-d93d-49a2-af82-86768fa7cf69_AeroThermalHistory.txt
info: EVENT end 7dd6bb48-d93d-49a2-af82-86768fa7cf69 1.630000
info: Adding 1 new fragments to fragmentList.
info: Starting propagation of Fragment with uniqueID a4291dde-6a9e-492c-8841-36b2c33bf895.
info: EVENT area a4291dde-6a9e-492c-8841-36b2c33bf895 0.070816
info: EVENT start a4291dde-6a9e-492c-8841-36b2c33bf895 5.900000 0.070816 2016-11-15T17:35:19
info: Object a4291dde-6a9e-492c-8841-36b2c33bf895 demised.
info: EVENT object a4291dde-6a9e-492c-8841-36b2c33bf895 demise
info: Object a4291dde-6a9e-492c-8841-36b2c33bf895 reached end of life.
info: ObjectTrajectory Written: PySara.GRAS-GEU.a4291dde-6a9e-492c-8841-36b2c33bf895_Trajectory.txt
info: GnuPlotGeneration::GenerateSingleObjectScript Wrote PySara.GRAS-GEU.a4291dde-6a9e-492c-8841-36b2c33bf895.gnu
info: AeroThermalHistory Written: PySara.GRAS-GEU.a4291dde-6a9e-492c-8841-36b2c33bf895_AeroThermalHistory.txt
info: EVENT end a4291dde-6a9e-492c-8841-36b2c33bf895 0.670000
info: Adding 1 new fragments to fragmentList.
info: Starting propagation of Fragment with uniqueID c45549b5-46ea-4348-a189-5decd51dbeb8.
info: EVENT area c45549b5-46ea-4348-a189-5decd51dbeb8 0.071180
info: EVENT start c45549b5-46ea-4348-a189-5decd51dbeb8 5.300000 0.071180 2016-11-15T17:35:19
info: Fragment c45549b5-46ea-4348-a189-5decd51dbeb8 reached end of life because of ground impact.
info: Object c45549b5-46ea-4348-a189-5decd51dbeb8 reached end of life.
info: EVENT fragment c45549b5-46ea-4348-a189-5decd51dbeb8 impact
info: ObjectTrajectory Written: PySara.ASCATICU1.c45549b5-46ea-4348-a189-5decd51dbeb8_Trajectory.txt
info: GnuPlotGeneration::GenerateSingleObjectScript Wrote PySara.ASCATICU1.c45549b5-46ea-4348-a189-5decd51dbeb8.gnu
info: AeroThermalHistory Written: PySara.ASCATICU1.c45549b5-46ea-4348-a189-5decd51dbeb8_AeroThermalHistory.txt
info: EVENT end c45549b5-46ea-4348-a189-5decd51dbeb8 0.391956
info: Adding 0 new fragments to fragmentList.
info: Starting propagation of Fragment with uniqueID 03b61fef-8e3c-4ac8-9a6a-f31f845465d1.
info: EVENT area 03b61fef-8e3c-4ac8-9a6a-f31f845465d1 0.071180
info: EVENT start 03b61fef-8e3c-4ac8-9a6a-f31f845465d1 5.300000 0.071180 2016-11-15T17:35:19
info: Fragment 03b61fef-8e3c-4ac8-9a6a-f31f845465d1 reached end of life because of ground impact.
info: Object 03b61fef-8e3c-4ac8-9a6a-f31f845465d1 reached end of life.
info: EVENT fragment 03b61fef-8e3c-4ac8-9a6a-f31f845465d1 impact
info: ObjectTrajectory Written: PySara.ASCATICU2.03b61fef-8e3c-4ac8-9a6a-f31f845465d1_Trajectory.txt
info: GnuPlotGeneration::GenerateSingleObjectScript Wrote PySara.ASCATICU2.03b61fef-8e3c-4ac8-9a6a-f31f845465d1.gnu
info: AeroThermalHistory Written: PySara.ASCATICU2.03b61fef-8e3c-4ac8-9a6a-f31f845465d1_AeroThermalHistory.txt
info: EVENT end 03b61fef-8e3c-4ac8-9a6a-f31f845465d1 0.391956
info: Adding 0 new fragments to fragmentList.
info: Starting propagation of Fragment with uniqueID da9d6c91-6d62-4349-a53f-1129d18d391d.
info: EVENT area da9d6c91-6d62-4349-a53f-1129d18d391d 0.051281
info: EVENT start da9d6c91-6d62-4349-a53f-1129d18d391d 5.500000 0.051281 2016-11-15T17:35:19
info: Object da9d6c91-6d62-4349-a53f-1129d18d391d demised.
info: EVENT object da9d6c91-6d62-4349-a53f-1129d18d391d demise
info: Object da9d6c91-6d62-4349-a53f-1129d18d391d reached end of life.
info: ObjectTrajectory Written: PySara.ASCATDPU1.da9d6c91-6d62-4349-a53f-1129d18d391d_Trajectory.txt
info: GnuPlotGeneration::GenerateSingleObjectScript Wrote PySara.ASCATDPU1.da9d6c91-6d62-4349-a53f-1129d18d391d.gnu
info: AeroThermalHistory Written: PySara.ASCATDPU1.da9d6c91-6d62-4349-a53f-1129d18d391d_AeroThermalHistory.txt
info: EVENT end da9d6c91-6d62-4349-a53f-1129d18d391d 1.760000
info: Adding 1 new fragments to fragmentList.
info: Starting propagation of Fragment with uniqueID 9fb93baf-13b0-4ec7-8df1-da5d96a39ac6.
info: EVENT area 9fb93baf-13b0-4ec7-8df1-da5d96a39ac6 0.051281
info: EVENT start 9fb93baf-13b0-4ec7-8df1-da5d96a39ac6 5.500000 0.051281 2016-11-15T17:35:19
info: Object 9fb93baf-13b0-4ec7-8df1-da5d96a39ac6 demised.
info: EVENT object 9fb93baf-13b0-4ec7-8df1-da5d96a39ac6 demise
info: Object 9fb93baf-13b0-4ec7-8df1-da5d96a39ac6 reached end of life.
info: ObjectTrajectory Written: PySara.ASCATDPU2.9fb93baf-13b0-4ec7-8df1-da5d96a39ac6_Trajectory.txt
info: GnuPlotGeneration::GenerateSingleObjectScript Wrote PySara.ASCATDPU2.9fb93baf-13b0-4ec7-8df1-da5d96a39ac6.gnu
info: AeroThermalHistory Written: PySara.ASCATDPU2.9fb93baf-13b0-4ec7-8df1-da5d96a39ac6_AeroThermalHistory.txt
info: EVENT end 9fb93baf-13b0-4ec7-8df1-da5d96a39ac6 1.760000
info: Adding 1 new fragments to fragmentList.
info: Starting propagation of Fragment with uniqueID 2969ab64-09a9-4393-ac53-86b9074064be.
info: EVENT area 2969ab64-09a9-4393-ac53-86b9074064be 2.313240
info: EVENT start 2969ab64-09a9-4393-ac53-86b9074064be 200.000000 2.313240 2016-11-15T17:35:19
info: Fragment 2969ab64-09a9-4393-ac53-86b9074064be reached end of life because of ground impact.
info: Object 2969ab64-09a9-4393-ac53-86b9074064be reached end of life.
info: EVENT fragment 2969ab64-09a9-4393-ac53-86b9074064be impact
info: ObjectTrajectory Written: PySara.IASI.2969ab64-09a9-4393-ac53-86b9074064be_Trajectory.txt
info: GnuPlotGeneration::GenerateSingleObjectScript Wrote PySara.IASI.2969ab64-09a9-4393-ac53-86b9074064be.gnu
info: AeroThermalHistory Written: PySara.IASI.2969ab64-09a9-4393-ac53-86b9074064be_AeroThermalHistory.txt
info: EVENT end 2969ab64-09a9-4393-ac53-86b9074064be 200.000000
info: Adding 0 new fragments to fragmentList.
info: Starting propagation of Fragment with uniqueID 7e1b3419-b471-44e6-8e7c-169d125847ee.
info: EVENT area 7e1b3419-b471-44e6-8e7c-169d125847ee 2.204895
info: EVENT start 7e1b3419-b471-44e6-8e7c-169d125847ee 186.000000 2.204895 2016-11-15T17:35:19
info: Fragment 7e1b3419-b471-44e6-8e7c-169d125847ee reached end of life because of ground impact.
info: Object 7e1b3419-b471-44e6-8e7c-169d125847ee reached end of life.
info: EVENT fragment 7e1b3419-b471-44e6-8e7c-169d125847ee impact
info: ObjectTrajectory Written: PySara.Cylind1.7e1b3419-b471-44e6-8e7c-169d125847ee_Trajectory.txt
info: GnuPlotGeneration::GenerateSingleObjectScript Wrote PySara.Cylind1.7e1b3419-b471-44e6-8e7c-169d125847ee.gnu
info: AeroThermalHistory Written: PySara.Cylind1.7e1b3419-b471-44e6-8e7c-169d125847ee_AeroThermalHistory.txt
info: EVENT end 7e1b3419-b471-44e6-8e7c-169d125847ee 168.854362
info: Adding 0 new fragments to fragmentList.
info: Starting propagation of Fragment with uniqueID 8dcb8ef0-fe12-4766-9c27-6bc2e3f3855b.
info: EVENT area 8dcb8ef0-fe12-4766-9c27-6bc2e3f3855b 2.201000
info: EVENT start 8dcb8ef0-fe12-4766-9c27-6bc2e3f3855b 62.000000 2.201000 2016-11-15T17:35:19
info: Fragment 8dcb8ef0-fe12-4766-9c27-6bc2e3f3855b reached end of life because of ground impact.
info: Object 8dcb8ef0-fe12-4766-9c27-6bc2e3f3855b reached end of life.
info: EVENT fragment 8dcb8ef0-fe12-4766-9c27-6bc2e3f3855b impact
info: ObjectTrajectory Written: PySara.Cylind2.8dcb8ef0-fe12-4766-9c27-6bc2e3f3855b_Trajectory.txt
info: GnuPlotGeneration::GenerateSingleObjectScript Wrote PySara.Cylind2.8dcb8ef0-fe12-4766-9c27-6bc2e3f3855b.gnu
info: AeroThermalHistory Written: PySara.Cylind2.8dcb8ef0-fe12-4766-9c27-6bc2e3f3855b_AeroThermalHistory.txt
info: EVENT end 8dcb8ef0-fe12-4766-9c27-6bc2e3f3855b 39.152789
info: Adding 0 new fragments to fragmentList.
info: Starting propagation of Fragment with uniqueID 55fcf338-3461-468f-ae95-f36d48f25aae.
info: EVENT area 55fcf338-3461-468f-ae95-f36d48f25aae 0.526875
info: EVENT start 55fcf338-3461-468f-ae95-f36d48f25aae 10.000000 0.526875 2016-11-15T17:35:19
info: Fragment 55fcf338-3461-468f-ae95-f36d48f25aae reached end of life because of ground impact.
info: Object 55fcf338-3461-468f-ae95-f36d48f25aae reached end of life.
info: EVENT fragment 55fcf338-3461-468f-ae95-f36d48f25aae impact
info: ObjectTrajectory Written: PySara.SheWallY1.55fcf338-3461-468f-ae95-f36d48f25aae_Trajectory.txt
info: GnuPlotGeneration::GenerateSingleObjectScript Wrote PySara.SheWallY1.55fcf338-3461-468f-ae95-f36d48f25aae.gnu
info: AeroThermalHistory Written: PySara.SheWallY1.55fcf338-3461-468f-ae95-f36d48f25aae_AeroThermalHistory.txt
info: EVENT end 55fcf338-3461-468f-ae95-f36d48f25aae 2.677463
info: Adding 0 new fragments to fragmentList.
info: Starting propagation of Fragment with uniqueID b60d0506-ecc9-4926-961e-24ec487e1e61.
info: EVENT area b60d0506-ecc9-4926-961e-24ec487e1e61 0.526875
info: EVENT start b60d0506-ecc9-4926-961e-24ec487e1e61 10.000000 0.526875 2016-11-15T17:35:19
info: Fragment b60d0506-ecc9-4926-961e-24ec487e1e61 reached end of life because of ground impact.
info: Object b60d0506-ecc9-4926-961e-24ec487e1e61 reached end of life.
info: EVENT fragment b60d0506-ecc9-4926-961e-24ec487e1e61 impact
info: ObjectTrajectory Written: PySara.SheWallY2.b60d0506-ecc9-4926-961e-24ec487e1e61_Trajectory.txt
info: GnuPlotGeneration::GenerateSingleObjectScript Wrote PySara.SheWallY2.b60d0506-ecc9-4926-961e-24ec487e1e61.gnu
info: AeroThermalHistory Written: PySara.SheWallY2.b60d0506-ecc9-4926-961e-24ec487e1e61_AeroThermalHistory.txt
info: EVENT end b60d0506-ecc9-4926-961e-24ec487e1e61 2.677463
info: Adding 0 new fragments to fragmentList.
info: Starting propagation of Fragment with uniqueID 4bff8081-9a95-4be6-9a40-52443d671247.
info: EVENT area 4bff8081-9a95-4be6-9a40-52443d671247 0.526875
info: EVENT start 4bff8081-9a95-4be6-9a40-52443d671247 10.000000 0.526875 2016-11-15T17:35:19
info: Fragment 4bff8081-9a95-4be6-9a40-52443d671247 reached end of life because of ground impact.
info: Object 4bff8081-9a95-4be6-9a40-52443d671247 reached end of life.
info: EVENT fragment 4bff8081-9a95-4be6-9a40-52443d671247 impact
info: ObjectTrajectory Written: PySara.SheWallY3.4bff8081-9a95-4be6-9a40-52443d671247_Trajectory.txt
info: GnuPlotGeneration::GenerateSingleObjectScript Wrote PySara.SheWallY3.4bff8081-9a95-4be6-9a40-52443d671247.gnu
info: AeroThermalHistory Written: PySara.SheWallY3.4bff8081-9a95-4be6-9a40-52443d671247_AeroThermalHistory.txt
info: EVENT end 4bff8081-9a95-4be6-9a40-52443d671247 2.677463
info: Adding 0 new fragments to fragmentList.
info: Starting propagation of Fragment with uniqueID f8f8c63b-c1aa-46a7-b562-883465f2fdb5.
info: EVENT area f8f8c63b-c1aa-46a7-b562-883465f2fdb5 0.526875
info: EVENT start f8f8c63b-c1aa-46a7-b562-883465f2fdb5 10.000000 0.526875 2016-11-15T17:35:19
info: Fragment f8f8c63b-c1aa-46a7-b562-883465f2fdb5 reached end of life because of ground impact.
info: Object f8f8c63b-c1aa-46a7-b562-883465f2fdb5 reached end of life.
info: EVENT fragment f8f8c63b-c1aa-46a7-b562-883465f2fdb5 impact
info: ObjectTrajectory Written: PySara.SheWallY4.f8f8c63b-c1aa-46a7-b562-883465f2fdb5_Trajectory.txt
info: GnuPlotGeneration::GenerateSingleObjectScript Wrote PySara.SheWallY4.f8f8c63b-c1aa-46a7-b562-883465f2fdb5.gnu
info: AeroThermalHistory Written: PySara.SheWallY4.f8f8c63b-c1aa-46a7-b562-883465f2fdb5_AeroThermalHistory.txt
info: EVENT end f8f8c63b-c1aa-46a7-b562-883465f2fdb5 2.677463
info: Adding 0 new fragments to fragmentList.
info: Starting propagation of Fragment with uniqueID e33ba8a5-64be-479d-97b6-eaea89d23437.
info: EVENT area e33ba8a5-64be-479d-97b6-eaea89d23437 0.252250
info: EVENT start e33ba8a5-64be-479d-97b6-eaea89d23437 5.000000 0.252250 2016-11-15T17:35:19
info: Fragment e33ba8a5-64be-479d-97b6-eaea89d23437 reached end of life because uncritical.
info: EVENT fragment e33ba8a5-64be-479d-97b6-eaea89d23437 uncritical
info: Object e33ba8a5-64be-479d-97b6-eaea89d23437 reached end of life.
info: ObjectTrajectory Written: PySara.SheWallZ1.e33ba8a5-64be-479d-97b6-eaea89d23437_Trajectory.txt
info: GnuPlotGeneration::GenerateSingleObjectScript Wrote PySara.SheWallZ1.e33ba8a5-64be-479d-97b6-eaea89d23437.gnu
info: AeroThermalHistory Written: PySara.SheWallZ1.e33ba8a5-64be-479d-97b6-eaea89d23437_AeroThermalHistory.txt
info: EVENT end e33ba8a5-64be-479d-97b6-eaea89d23437 0.297212
info: Adding 0 new fragments to fragmentList.
info: Starting propagation of Fragment with uniqueID 0ba12395-99d3-44ee-8770-afa7248e60b4.
info: EVENT area 0ba12395-99d3-44ee-8770-afa7248e60b4 0.252250
info: EVENT start 0ba12395-99d3-44ee-8770-afa7248e60b4 5.000000 0.252250 2016-11-15T17:35:19
info: Fragment 0ba12395-99d3-44ee-8770-afa7248e60b4 reached end of life because uncritical.
info: EVENT fragment 0ba12395-99d3-44ee-8770-afa7248e60b4 uncritical
info: Object 0ba12395-99d3-44ee-8770-afa7248e60b4 reached end of life.
info: ObjectTrajectory Written: PySara.SheWallZ2.0ba12395-99d3-44ee-8770-afa7248e60b4_Trajectory.txt
info: GnuPlotGeneration::GenerateSingleObjectScript Wrote PySara.SheWallZ2.0ba12395-99d3-44ee-8770-afa7248e60b4.gnu
info: AeroThermalHistory Written: PySara.SheWallZ2.0ba12395-99d3-44ee-8770-afa7248e60b4_AeroThermalHistory.txt
info: EVENT end 0ba12395-99d3-44ee-8770-afa7248e60b4 0.297212
info: Adding 0 new fragments to fragmentList.
info: Starting propagation of Fragment with uniqueID 00250585-2152-4610-9ca3-8f17fb59ce5a.
info: EVENT area 00250585-2152-4610-9ca3-8f17fb59ce5a 0.067140
info: EVENT start 00250585-2152-4610-9ca3-8f17fb59ce5a 2.150000 0.067140 2016-11-15T17:36:08
info: Object 00250585-2152-4610-9ca3-8f17fb59ce5a demised.
info: EVENT object 00250585-2152-4610-9ca3-8f17fb59ce5a demise
info: Fragment 00250585-2152-4610-9ca3-8f17fb59ce5a reached end of life because uncritical.
info: Object 00250585-2152-4610-9ca3-8f17fb59ce5a reached end of life.
info: ObjectTrajectory Written: PySara.MHS-MPU-internal.00250585-2152-4610-9ca3-8f17fb59ce5a_Trajectory.txt
info: GnuPlotGeneration::GenerateSingleObjectScript Wrote PySara.MHS-MPU-internal.00250585-2152-4610-9ca3-8f17fb59ce5a.gnu
info: AeroThermalHistory Written: PySara.MHS-MPU-internal.00250585-2152-4610-9ca3-8f17fb59ce5a_AeroThermalHistory.txt
info: EVENT end 00250585-2152-4610-9ca3-8f17fb59ce5a 0.000000
info: Adding 0 new fragments to fragmentList.
info: Starting propagation of Fragment with uniqueID e3c41722-dd46-4295-8a15-4214ae9596c4.
info: EVENT area e3c41722-dd46-4295-8a15-4214ae9596c4 0.043816
info: EVENT start e3c41722-dd46-4295-8a15-4214ae9596c4 1.550000 0.043816 2016-11-15T17:36:01
info: Object e3c41722-dd46-4295-8a15-4214ae9596c4 demised.
info: EVENT object e3c41722-dd46-4295-8a15-4214ae9596c4 demise
info: Fragment e3c41722-dd46-4295-8a15-4214ae9596c4 reached end of life because uncritical.
info: Object e3c41722-dd46-4295-8a15-4214ae9596c4 reached end of life.
info: ObjectTrajectory Written: PySara.ASCATEPC1-internal.e3c41722-dd46-4295-8a15-4214ae9596c4_Trajectory.txt
info: GnuPlotGeneration::GenerateSingleObjectScript Wrote PySara.ASCATEPC1-internal.e3c41722-dd46-4295-8a15-4214ae9596c4.gnu
info: AeroThermalHistory Written: PySara.ASCATEPC1-internal.e3c41722-dd46-4295-8a15-4214ae9596c4_AeroThermalHistory.txt
info: EVENT end e3c41722-dd46-4295-8a15-4214ae9596c4 0.000000
info: Adding 0 new fragments to fragmentList.
info: Starting propagation of Fragment with uniqueID 170c51e7-5a72-41fb-ad75-9abcf426fe38.
info: EVENT area 170c51e7-5a72-41fb-ad75-9abcf426fe38 0.043816
info: EVENT start 170c51e7-5a72-41fb-ad75-9abcf426fe38 1.550000 0.043816 2016-11-15T17:36:01
info: Object 170c51e7-5a72-41fb-ad75-9abcf426fe38 demised.
info: EVENT object 170c51e7-5a72-41fb-ad75-9abcf426fe38 demise
info: Fragment 170c51e7-5a72-41fb-ad75-9abcf426fe38 reached end of life because uncritical.
info: Object 170c51e7-5a72-41fb-ad75-9abcf426fe38 reached end of life.
info: ObjectTrajectory Written: PySara.ASCATEPC2-internal.170c51e7-5a72-41fb-ad75-9abcf426fe38_Trajectory.txt
info: GnuPlotGeneration::GenerateSingleObjectScript Wrote PySara.ASCATEPC2-internal.170c51e7-5a72-41fb-ad75-9abcf426fe38.gnu
info: AeroThermalHistory Written: PySara.ASCATEPC2-internal.170c51e7-5a72-41fb-ad75-9abcf426fe38_AeroThermalHistory.txt
info: EVENT end 170c51e7-5a72-41fb-ad75-9abcf426fe38 0.000000
info: Adding 0 new fragments to fragmentList.
info: Starting propagation of Fragment with uniqueID 27c8e907-c911-4baf-b922-cc31c73200c1.
info: EVENT area 27c8e907-c911-4baf-b922-cc31c73200c1 0.091254
info: EVENT start 27c8e907-c911-4baf-b922-cc31c73200c1 2.290000 0.091254 2016-11-15T17:36:15
info: Fragment 27c8e907-c911-4baf-b922-cc31c73200c1 reached end of life because of ground impact.
info: Object 27c8e907-c911-4baf-b922-cc31c73200c1 reached end of life.
info: EVENT fragment 27c8e907-c911-4baf-b922-cc31c73200c1 impact
info: ObjectTrajectory Written: PySara.PMC1-internal.27c8e907-c911-4baf-b922-cc31c73200c1_Trajectory.txt
info: GnuPlotGeneration::GenerateSingleObjectScript Wrote PySara.PMC1-internal.27c8e907-c911-4baf-b922-cc31c73200c1.gnu
info: AeroThermalHistory Written: PySara.PMC1-internal.27c8e907-c911-4baf-b922-cc31c73200c1_AeroThermalHistory.txt
info: EVENT end 27c8e907-c911-4baf-b922-cc31c73200c1 0.302112
info: Adding 0 new fragments to fragmentList.
info: Starting propagation of Fragment with uniqueID 510765ee-a809-486c-84c6-357ea3552e42.
info: EVENT area 510765ee-a809-486c-84c6-357ea3552e42 0.091254
info: EVENT start 510765ee-a809-486c-84c6-357ea3552e42 2.290000 0.091254 2016-11-15T17:36:15
info: Fragment 510765ee-a809-486c-84c6-357ea3552e42 reached end of life because of ground impact.
info: Object 510765ee-a809-486c-84c6-357ea3552e42 reached end of life.
info: EVENT fragment 510765ee-a809-486c-84c6-357ea3552e42 impact
info: ObjectTrajectory Written: PySara.PMC2-internal.510765ee-a809-486c-84c6-357ea3552e42_Trajectory.txt
info: GnuPlotGeneration::GenerateSingleObjectScript Wrote PySara.PMC2-internal.510765ee-a809-486c-84c6-357ea3552e42.gnu
info: AeroThermalHistory Written: PySara.PMC2-internal.510765ee-a809-486c-84c6-357ea3552e42_AeroThermalHistory.txt
info: EVENT end 510765ee-a809-486c-84c6-357ea3552e42 0.302112
info: Adding 0 new fragments to fragmentList.
info: Starting propagation of Fragment with uniqueID 8166906a-c383-40cb-aea9-6d118e82ea58.
info: EVENT area 8166906a-c383-40cb-aea9-6d118e82ea58 0.134906
info: EVENT start 8166906a-c383-40cb-aea9-6d118e82ea58 5.960000 0.134906 2016-11-15T17:36:17
info: Fragment 8166906a-c383-40cb-aea9-6d118e82ea58 reached end of life because of ground impact.
info: Object 8166906a-c383-40cb-aea9-6d118e82ea58 reached end of life.
info: EVENT fragment 8166906a-c383-40cb-aea9-6d118e82ea58 impact
info: ObjectTrajectory Written: PySara.PDU1-internal.8166906a-c383-40cb-aea9-6d118e82ea58_Trajectory.txt
info: GnuPlotGeneration::GenerateSingleObjectScript Wrote PySara.PDU1-internal.8166906a-c383-40cb-aea9-6d118e82ea58.gnu
info: AeroThermalHistory Written: PySara.PDU1-internal.8166906a-c383-40cb-aea9-6d118e82ea58_AeroThermalHistory.txt
info: EVENT end 8166906a-c383-40cb-aea9-6d118e82ea58 0.520878
info: Adding 0 new fragments to fragmentList.
info: Starting propagation of Fragment with uniqueID 7f5c3acb-06e7-447f-ab8b-621d492b9a50.
info: EVENT area 7f5c3acb-06e7-447f-ab8b-621d492b9a50 0.134906
info: EVENT start 7f5c3acb-06e7-447f-ab8b-621d492b9a50 5.960000 0.134906 2016-11-15T17:36:17
info: Fragment 7f5c3acb-06e7-447f-ab8b-621d492b9a50 reached end of life because of ground impact.
info: Object 7f5c3acb-06e7-447f-ab8b-621d492b9a50 reached end of life.
info: EVENT fragment 7f5c3acb-06e7-447f-ab8b-621d492b9a50 impact
info: ObjectTrajectory Written: PySara.PDU2-internal.7f5c3acb-06e7-447f-ab8b-621d492b9a50_Trajectory.txt
info: GnuPlotGeneration::GenerateSingleObjectScript Wrote PySara.PDU2-internal.7f5c3acb-06e7-447f-ab8b-621d492b9a50.gnu
info: AeroThermalHistory Written: PySara.PDU2-internal.7f5c3acb-06e7-447f-ab8b-621d492b9a50_AeroThermalHistory.txt
info: EVENT end 7f5c3acb-06e7-447f-ab8b-621d492b9a50 0.520878
info: Adding 0 new fragments to fragmentList.
info: Starting propagation of Fragment with uniqueID 54376ec5-78f5-4aef-96d1-7f1996a5900b.
info: EVENT area 54376ec5-78f5-4aef-96d1-7f1996a5900b 0.116584
info: EVENT start 54376ec5-78f5-4aef-96d1-7f1996a5900b 2.640000 0.116584 2016-11-15T17:36:19
info: Fragment 54376ec5-78f5-4aef-96d1-7f1996a5900b reached end of life because of ground impact.
info: Object 54376ec5-78f5-4aef-96d1-7f1996a5900b reached end of life.
info: EVENT fragment 54376ec5-78f5-4aef-96d1-7f1996a5900b impact
info: ObjectTrajectory Written: PySara.RTU-internal.54376ec5-78f5-4aef-96d1-7f1996a5900b_Trajectory.txt
info: GnuPlotGeneration::GenerateSingleObjectScript Wrote PySara.RTU-internal.54376ec5-78f5-4aef-96d1-7f1996a5900b.gnu
info: AeroThermalHistory Written: PySara.RTU-internal.54376ec5-78f5-4aef-96d1-7f1996a5900b_AeroThermalHistory.txt
info: EVENT end 54376ec5-78f5-4aef-96d1-7f1996a5900b 1.952423
info: Adding 0 new fragments to fragmentList.
info: Starting propagation of Fragment with uniqueID 55f2d300-0aa9-4bdd-81d9-e330bdc72385.
info: EVENT area 55f2d300-0aa9-4bdd-81d9-e330bdc72385 0.099874
info: EVENT start 55f2d300-0aa9-4bdd-81d9-e330bdc72385 5.890000 0.099874 2016-11-15T17:36:08
info: Object 55f2d300-0aa9-4bdd-81d9-e330bdc72385 demised.
info: EVENT object 55f2d300-0aa9-4bdd-81d9-e330bdc72385 demise
info: Fragment 55f2d300-0aa9-4bdd-81d9-e330bdc72385 reached end of life because uncritical.
info: Object 55f2d300-0aa9-4bdd-81d9-e330bdc72385 reached end of life.
info: ObjectTrajectory Written: PySara.SARP-3-internal.55f2d300-0aa9-4bdd-81d9-e330bdc72385_Trajectory.txt
info: GnuPlotGeneration::GenerateSingleObjectScript Wrote PySara.SARP-3-internal.55f2d300-0aa9-4bdd-81d9-e330bdc72385.gnu
info: AeroThermalHistory Written: PySara.SARP-3-internal.55f2d300-0aa9-4bdd-81d9-e330bdc72385_AeroThermalHistory.txt
info: EVENT end 55f2d300-0aa9-4bdd-81d9-e330bdc72385 0.000000
info: Adding 0 new fragments to fragmentList.
info: Starting propagation of Fragment with uniqueID 82a1c854-070b-4ecf-9c66-92206128e0db.
info: EVENT area 82a1c854-070b-4ecf-9c66-92206128e0db 0.089685
info: EVENT start 82a1c854-070b-4ecf-9c66-92206128e0db 4.720000 0.089685 2016-11-15T17:36:09
info: Object 82a1c854-070b-4ecf-9c66-92206128e0db demised.
info: EVENT object 82a1c854-070b-4ecf-9c66-92206128e0db demise
info: Fragment 82a1c854-070b-4ecf-9c66-92206128e0db reached end of life because uncritical.
info: Object 82a1c854-070b-4ecf-9c66-92206128e0db reached end of life.
info: ObjectTrajectory Written: PySara.IASI-DPS-internal.82a1c854-070b-4ecf-9c66-92206128e0db_Trajectory.txt
info: GnuPlotGeneration::GenerateSingleObjectScript Wrote PySara.IASI-DPS-internal.82a1c854-070b-4ecf-9c66-92206128e0db.gnu
info: AeroThermalHistory Written: PySara.IASI-DPS-internal.82a1c854-070b-4ecf-9c66-92206128e0db_AeroThermalHistory.txt
info: EVENT end 82a1c854-070b-4ecf-9c66-92206128e0db 0.000000
info: Adding 0 new fragments to fragmentList.
info: Starting propagation of Fragment with uniqueID 91faf1be-bea6-42bf-a5c5-61930dc177d5.
info: EVENT area 91faf1be-bea6-42bf-a5c5-61930dc177d5 0.095704
info: EVENT start 91faf1be-bea6-42bf-a5c5-61930dc177d5 6.130000 0.095704 2016-11-15T17:36:08
info: Object 91faf1be-bea6-42bf-a5c5-61930dc177d5 demised.
info: EVENT object 91faf1be-bea6-42bf-a5c5-61930dc177d5 demise
info: Fragment 91faf1be-bea6-42bf-a5c5-61930dc177d5 reached end of life because uncritical.
info: Object 91faf1be-bea6-42bf-a5c5-61930dc177d5 reached end of life.
info: ObjectTrajectory Written: PySara.IASI-IMS-internal.91faf1be-bea6-42bf-a5c5-61930dc177d5_Trajectory.txt
info: GnuPlotGeneration::GenerateSingleObjectScript Wrote PySara.IASI-IMS-internal.91faf1be-bea6-42bf-a5c5-61930dc177d5.gnu
info: AeroThermalHistory Written: PySara.IASI-IMS-internal.91faf1be-bea6-42bf-a5c5-61930dc177d5_AeroThermalHistory.txt
info: EVENT end 91faf1be-bea6-42bf-a5c5-61930dc177d5 0.000000
info: Adding 0 new fragments to fragmentList.
info: Starting propagation of Fragment with uniqueID 674e8f15-7ca9-49a9-880f-9964e4c6aa14.
info: EVENT area 674e8f15-7ca9-49a9-880f-9964e4c6aa14 0.046068
info: EVENT start 674e8f15-7ca9-49a9-880f-9964e4c6aa14 0.450000 0.046068 2016-11-15T17:36:06
info: Object 674e8f15-7ca9-49a9-880f-9964e4c6aa14 reached end of life because of ballooning.
info: EVENT object 674e8f15-7ca9-49a9-880f-9964e4c6aa14 balloon
info: Object 674e8f15-7ca9-49a9-880f-9964e4c6aa14 reached end of life.
info: ObjectTrajectory Written: PySara.DPU-SEM-internal.674e8f15-7ca9-49a9-880f-9964e4c6aa14_Trajectory.txt
info: GnuPlotGeneration::GenerateSingleObjectScript Wrote PySara.DPU-SEM-internal.674e8f15-7ca9-49a9-880f-9964e4c6aa14.gnu
info: AeroThermalHistory Written: PySara.DPU-SEM-internal.674e8f15-7ca9-49a9-880f-9964e4c6aa14_AeroThermalHistory.txt
info: EVENT end 674e8f15-7ca9-49a9-880f-9964e4c6aa14 0.005340
info: Adding 0 new fragments to fragmentList.
info: Starting propagation of Fragment with uniqueID adea4fd2-f7b0-40b2-898b-f1e31bdf9409.
info: EVENT area adea4fd2-f7b0-40b2-898b-f1e31bdf9409 0.163291
info: EVENT start adea4fd2-f7b0-40b2-898b-f1e31bdf9409 8.250000 0.163291 2016-11-15T17:36:14
info: Object adea4fd2-f7b0-40b2-898b-f1e31bdf9409 reached end of life because of ballooning.
info: EVENT object adea4fd2-f7b0-40b2-898b-f1e31bdf9409 balloon
info: Object adea4fd2-f7b0-40b2-898b-f1e31bdf9409 reached end of life.
info: ObjectTrajectory Written: PySara.PCU-internal.adea4fd2-f7b0-40b2-898b-f1e31bdf9409_Trajectory.txt
info: GnuPlotGeneration::GenerateSingleObjectScript Wrote PySara.PCU-internal.adea4fd2-f7b0-40b2-898b-f1e31bdf9409.gnu
info: AeroThermalHistory Written: PySara.PCU-internal.adea4fd2-f7b0-40b2-898b-f1e31bdf9409_AeroThermalHistory.txt
info: EVENT end adea4fd2-f7b0-40b2-898b-f1e31bdf9409 0.061609
info: Adding 0 new fragments to fragmentList.
info: Starting propagation of Fragment with uniqueID c7944422-3058-4d7c-80ba-0abe6d0f7cbc.
info: EVENT area c7944422-3058-4d7c-80ba-0abe6d0f7cbc 0.180255
info: EVENT start c7944422-3058-4d7c-80ba-0abe6d0f7cbc 9.570000 0.180255 2016-11-15T17:36:17
info: Fragment c7944422-3058-4d7c-80ba-0abe6d0f7cbc reached end of life because of ground impact.
info: Object c7944422-3058-4d7c-80ba-0abe6d0f7cbc reached end of life.
info: EVENT fragment c7944422-3058-4d7c-80ba-0abe6d0f7cbc impact
info: ObjectTrajectory Written: PySara.TCU-internal.c7944422-3058-4d7c-80ba-0abe6d0f7cbc_Trajectory.txt
info: GnuPlotGeneration::GenerateSingleObjectScript Wrote PySara.TCU-internal.c7944422-3058-4d7c-80ba-0abe6d0f7cbc.gnu
info: AeroThermalHistory Written: PySara.TCU-internal.c7944422-3058-4d7c-80ba-0abe6d0f7cbc_AeroThermalHistory.txt
info: EVENT end c7944422-3058-4d7c-80ba-0abe6d0f7cbc 0.528356
info: Adding 0 new fragments to fragmentList.
info: Starting propagation of Fragment with uniqueID 63131438-4da3-40b8-84f2-f88252a1c3ca.
info: EVENT area 63131438-4da3-40b8-84f2-f88252a1c3ca 0.338393
info: EVENT start 63131438-4da3-40b8-84f2-f88252a1c3ca 9.280000 0.338393 2016-11-15T17:36:20
info: Fragment 63131438-4da3-40b8-84f2-f88252a1c3ca reached end of life because of ground impact.
info: Object 63131438-4da3-40b8-84f2-f88252a1c3ca reached end of life.
info: EVENT fragment 63131438-4da3-40b8-84f2-f88252a1c3ca impact
info: ObjectTrajectory Written: PySara.SSR-internal.63131438-4da3-40b8-84f2-f88252a1c3ca_Trajectory.txt
info: GnuPlotGeneration::GenerateSingleObjectScript Wrote PySara.SSR-internal.63131438-4da3-40b8-84f2-f88252a1c3ca.gnu
info: AeroThermalHistory Written: PySara.SSR-internal.63131438-4da3-40b8-84f2-f88252a1c3ca_AeroThermalHistory.txt
info: EVENT end 63131438-4da3-40b8-84f2-f88252a1c3ca 2.198978
info: Adding 0 new fragments to fragmentList.
info: Starting propagation of Fragment with uniqueID c988d9e3-614a-444d-9796-3923a809db8f.
info: EVENT area c988d9e3-614a-444d-9796-3923a809db8f 0.105246
info: EVENT start c988d9e3-614a-444d-9796-3923a809db8f 2.250000 0.105246 2016-11-15T17:36:18
info: Fragment c988d9e3-614a-444d-9796-3923a809db8f reached end of life because of ground impact.
info: Object c988d9e3-614a-444d-9796-3923a809db8f reached end of life.
info: EVENT fragment c988d9e3-614a-444d-9796-3923a809db8f impact
info: ObjectTrajectory Written: PySara.NIU-internal.c988d9e3-614a-444d-9796-3923a809db8f_Trajectory.txt
info: GnuPlotGeneration::GenerateSingleObjectScript Wrote PySara.NIU-internal.c988d9e3-614a-444d-9796-3923a809db8f.gnu
info: AeroThermalHistory Written: PySara.NIU-internal.c988d9e3-614a-444d-9796-3923a809db8f_AeroThermalHistory.txt
info: EVENT end c988d9e3-614a-444d-9796-3923a809db8f 1.670732
info: Adding 0 new fragments to fragmentList.
info: Starting propagation of Fragment with uniqueID c676e466-0834-4c64-9021-e458c7acc91a.
info: EVENT area c676e466-0834-4c64-9021-e458c7acc91a 0.099983
info: EVENT start c676e466-0834-4c64-9021-e458c7acc91a 5.500000 0.099983 2016-11-15T17:36:09
info: Object c676e466-0834-4c64-9021-e458c7acc91a demised.
info: EVENT object c676e466-0834-4c64-9021-e458c7acc91a demise
info: Fragment c676e466-0834-4c64-9021-e458c7acc91a reached end of life because uncritical.
info: Object c676e466-0834-4c64-9021-e458c7acc91a reached end of life.
info: ObjectTrajectory Written: PySara.ADCS-RPU-internal.c676e466-0834-4c64-9021-e458c7acc91a_Trajectory.txt
info: GnuPlotGeneration::GenerateSingleObjectScript Wrote PySara.ADCS-RPU-internal.c676e466-0834-4c64-9021-e458c7acc91a.gnu
info: AeroThermalHistory Written: PySara.ADCS-RPU-internal.c676e466-0834-4c64-9021-e458c7acc91a_AeroThermalHistory.txt
info: EVENT end c676e466-0834-4c64-9021-e458c7acc91a 0.000000
info: Adding 0 new fragments to fragmentList.
info: Starting propagation of Fragment with uniqueID 290761d5-b96d-4122-aba7-205b2ed50866.
info: EVENT area 290761d5-b96d-4122-aba7-205b2ed50866 0.063534
info: EVENT start 290761d5-b96d-4122-aba7-205b2ed50866 1.630000 0.063534 2016-11-15T17:36:06
info: Object 290761d5-b96d-4122-aba7-205b2ed50866 demised.
info: EVENT object 290761d5-b96d-4122-aba7-205b2ed50866 demise
info: Fragment 290761d5-b96d-4122-aba7-205b2ed50866 reached end of life because uncritical.
info: Object 290761d5-b96d-4122-aba7-205b2ed50866 reached end of life.
info: ObjectTrajectory Written: PySara.ADCS-TXU-internal.290761d5-b96d-4122-aba7-205b2ed50866_Trajectory.txt
info: GnuPlotGeneration::GenerateSingleObjectScript Wrote PySara.ADCS-TXU-internal.290761d5-b96d-4122-aba7-205b2ed50866.gnu
info: AeroThermalHistory Written: PySara.ADCS-TXU-internal.290761d5-b96d-4122-aba7-205b2ed50866_AeroThermalHistory.txt
info: EVENT end 290761d5-b96d-4122-aba7-205b2ed50866 0.000000
info: Adding 0 new fragments to fragmentList.
info: Starting propagation of Fragment with uniqueID 46aa8e19-07c1-48bf-b6d2-ea51e79d4295.
info: EVENT area 46aa8e19-07c1-48bf-b6d2-ea51e79d4295 0.061940
info: EVENT start 46aa8e19-07c1-48bf-b6d2-ea51e79d4295 0.670000 0.061940 2016-11-15T17:36:14
info: Fragment 46aa8e19-07c1-48bf-b6d2-ea51e79d4295 reached end of life because of ground impact.
info: Object 46aa8e19-07c1-48bf-b6d2-ea51e79d4295 reached end of life.
info: EVENT fragment 46aa8e19-07c1-48bf-b6d2-ea51e79d4295 impact
info: ObjectTrajectory Written: PySara.GRAS-GEU-internal.46aa8e19-07c1-48bf-b6d2-ea51e79d4295_Trajectory.txt
info: GnuPlotGeneration::GenerateSingleObjectScript Wrote PySara.GRAS-GEU-internal.46aa8e19-07c1-48bf-b6d2-ea51e79d4295.gnu
info: AeroThermalHistory Written: PySara.GRAS-GEU-internal.46aa8e19-07c1-48bf-b6d2-ea51e79d4295_AeroThermalHistory.txt
info: EVENT end 46aa8e19-07c1-48bf-b6d2-ea51e79d4295 0.670000
info: Adding 0 new fragments to fragmentList.
info: Starting propagation of Fragment with uniqueID 1d295286-bbe4-43ee-893e-b44a0c5774ae.
info: EVENT area 1d295286-bbe4-43ee-893e-b44a0c5774ae 0.043622
info: EVENT start 1d295286-bbe4-43ee-893e-b44a0c5774ae 1.760000 0.043622 2016-11-15T17:36:00
info: Object 1d295286-bbe4-43ee-893e-b44a0c5774ae demised.
info: EVENT object 1d295286-bbe4-43ee-893e-b44a0c5774ae demise
info: Fragment 1d295286-bbe4-43ee-893e-b44a0c5774ae reached end of life because uncritical.
info: Object 1d295286-bbe4-43ee-893e-b44a0c5774ae reached end of life.
info: ObjectTrajectory Written: PySara.ASCATDPU1-internal.1d295286-bbe4-43ee-893e-b44a0c5774ae_Trajectory.txt
info: GnuPlotGeneration::GenerateSingleObjectScript Wrote PySara.ASCATDPU1-internal.1d295286-bbe4-43ee-893e-b44a0c5774ae.gnu
info: AeroThermalHistory Written: PySara.ASCATDPU1-internal.1d295286-bbe4-43ee-893e-b44a0c5774ae_AeroThermalHistory.txt
info: EVENT end 1d295286-bbe4-43ee-893e-b44a0c5774ae 0.000000
info: Adding 0 new fragments to fragmentList.
info: Starting propagation of Fragment with uniqueID d2066ef8-9b80-4aa0-be8b-27fccd89022e.
info: EVENT area d2066ef8-9b80-4aa0-be8b-27fccd89022e 0.043622
info: EVENT start d2066ef8-9b80-4aa0-be8b-27fccd89022e 1.760000 0.043622 2016-11-15T17:36:00
info: Object d2066ef8-9b80-4aa0-be8b-27fccd89022e demised.
info: EVENT object d2066ef8-9b80-4aa0-be8b-27fccd89022e demise
info: Fragment d2066ef8-9b80-4aa0-be8b-27fccd89022e reached end of life because uncritical.
info: Object d2066ef8-9b80-4aa0-be8b-27fccd89022e reached end of life.
info: ObjectTrajectory Written: PySara.ASCATDPU2-internal.d2066ef8-9b80-4aa0-be8b-27fccd89022e_Trajectory.txt
info: GnuPlotGeneration::GenerateSingleObjectScript Wrote PySara.ASCATDPU2-internal.d2066ef8-9b80-4aa0-be8b-27fccd89022e.gnu
info: AeroThermalHistory Written: PySara.ASCATDPU2-internal.d2066ef8-9b80-4aa0-be8b-27fccd89022e_AeroThermalHistory.txt
info: EVENT end d2066ef8-9b80-4aa0-be8b-27fccd89022e 0.000000
info: Adding 0 new fragments to fragmentList.
info: ImpactingFragmentXML::WriteXML Wrote PySara.ImpactingFragments.xml
info: GnuPlotGeneration::GenerateAllObjectsScript Wrote PySara.gnu
info: Preparing visibility maps...
info: Propagation Successful
