#_______________________________________________________________________________
#    ######   ####     ##             #####   #####     ##    #    #    ## 
#    #       #        #  #            #    #  #    #   #  #   ##  ##   #  #
#    #####    ####   ######           #    #  #####   ######  # ## #  ######
#    #            #  #    #           #    #  #    #  #    #  #    #  #    #
#____######__#####___#____#___________#####___#____#__#____#__#____#__#____#____
#
#              ESA Debris Risk Assessment and Mitigation Analysis
#
#                      ---- DRAMA ( SESAM 2.1.5 ) ----
#                                      ESA 2018
#
#                              aerothermal history file
#-------------------------------------------------------------------------------
# Filename      : sara.PLM.15006184973595261240_49858cb8-d8fb-4c9b-82b6-4699f85b8dcf_AeroThermalHistory.txt
# RunID         : sara
# ObjectID      : 49858cb8-d8fb-4c9b-82b6-4699f85b8dcf
# ObjectName    : PLM
# ReferenceArea : 3.125 [m^2]
# Content       : This file contains the aerothermal data of the object,
#                 computed by the DRAMA 3 Re-entry Analysis.
# Documentation : DRAMA Software User Manual, section OPERATIONS MANUAL / Normal operation / SARA / SARA Simulation Output / Re-entry simulation output
# Note          : The convective heat and the integrated heat values in this file take into account the visibility factor
#
#-------------------------------------------------------------------------------------------------------------------------------------------------------------------
#  Time [s]  Altitude [km]   Temp [K]   Mass [kg]   Thick [mm]  Convective Heat [W]  Radiative Heat [W]  Oxidation Heat [W]  Integrated Heat [J] VisibilityFactor [-]
#-------------------------------------------------------------------------------------------------------------------------------------------------------------------
     0.000         124.981    300.000     387.000      50.687             8228.242               0.000               0.000                0.000   0.82293 
     0.100         124.981    300.002     387.000      50.687             8228.221               0.000               0.000              822.822   0.82293 
     0.550         124.981    300.013     387.000      50.687             8228.124               0.000               0.000             4525.478   0.82293 
     1.550         124.981    300.037     387.000      50.687             8227.900               0.000               0.000            12753.378   0.82293 
     2.550         124.982    300.062     387.000      50.687             8227.661               0.000               0.000            20981.039   0.82293 
     3.550         124.982    300.086     387.000      50.687             8227.422               0.000               0.000            29208.461   0.82293 
     4.550         124.983    300.110     387.000      50.687             8227.183               0.000               0.000            37435.644   0.82293 
     5.550         124.983    300.134     387.000      50.687             8226.945               0.000               0.000            45662.589   0.82293 
     6.550         124.983    300.158     387.000      50.687             8226.706               0.000               0.000            53889.295   0.82293 
     7.550         124.984    300.182     387.000      50.687             8226.468               0.000               0.000            62115.763   0.82293 
     8.550         124.984    300.206     387.000      50.687             8226.231               0.000               0.000            70341.994   0.82293 
     9.550         124.985    300.231     387.000      50.687             8225.994               0.000               0.000            78567.988   0.82293 
    10.550         124.985    300.255     387.000      50.687             8225.757               0.000               0.000            86793.744   0.82293 
    11.550         124.985    300.279     387.000      50.687             8225.520               0.000               0.000            95019.264   0.82293 
    12.550         124.986    300.303     387.000      50.687             8225.284               0.000               0.000           103244.548   0.82293 
    13.550         124.986    300.327     387.000      50.687             8225.048               0.000               0.000           111469.596   0.82293 
    14.550         124.987    300.351     387.000      50.687             8224.812               0.000               0.000           119694.409   0.82293 
    15.550         124.987    300.375     387.000      50.687             8224.577               0.000               0.000           127918.986   0.82293 
    16.550         124.987    300.400     387.000      50.687             8224.343               0.000               0.000           136143.328   0.82293 
    17.550         124.988    300.424     387.000      50.687             8224.108               0.000               0.000           144367.437   0.82293 
    18.550         124.988    300.448     387.000      50.687             8223.874               0.000               0.000           152591.311   0.82293 
    19.550         124.989    300.472     387.000      50.687             8223.641               0.000               0.000           160814.952   0.82293 
    20.550         124.989    300.496     387.000      50.687             8223.408               0.000               0.000           169038.359   0.82293 
    21.550         124.989    300.520     387.000      50.687             8223.175               0.000               0.000           177261.534   0.82293 
    22.550         124.990    300.544     387.000      50.687             8222.943               0.000               0.000           185484.477   0.82293 
    23.550         124.990    300.568     387.000      50.687             8222.711               0.000               0.000           193707.188   0.82293 
    24.550         124.991    300.593     387.000      50.687             8222.480               0.000               0.000           201929.668   0.82293 
    25.550         124.991    300.617     387.000      50.687             8222.249               0.000               0.000           210151.916   0.82293 
    26.550         124.991    300.641     387.000      50.687             8222.018               0.000               0.000           218373.934   0.82293 
    27.550         124.992    300.665     387.000      50.687             8221.788               0.000               0.000           226595.723   0.82293 
    28.550         124.992    300.689     387.000      50.687             8221.559               0.000               0.000           234817.282   0.82293 
    29.550         124.993    300.713     387.000      50.687             8221.330               0.000               0.000           243038.612   0.82293 
    30.550         124.993    300.737     387.000      50.687             8221.101               0.000               0.000           251259.713   0.82293 
    31.550         124.993    300.761     387.000      50.687             8220.873               0.000               0.000           259480.586   0.82293 
    32.550         124.994    300.786     387.000      50.687             8220.646               0.000               0.000           267701.233   0.82293 
    33.550         124.994    300.810     387.000      50.687             8220.419               0.000               0.000           275921.652   0.82293 
    34.550         124.995    300.834     387.000      50.687             8220.193               0.000               0.000           284141.844   0.82293 
    35.550         124.995    300.858     387.000      50.687             8219.967               0.000               0.000           292361.811   0.82293 
    36.550         124.995    300.882     387.000      50.687             8219.742               0.000               0.000           300581.553   0.82293 
    37.550         124.996    300.906     387.000      50.687             8219.517               0.000               0.000           308801.070   0.82293 
    38.550         124.996    300.930     387.000      50.687             8219.293               0.000               0.000           317020.363   0.82293 
    39.550         124.996    300.954     387.000      50.687             8219.069               0.000               0.000           325239.432   0.82293 
    40.550         124.997    300.978     387.000      50.687             8218.846               0.000               0.000           333458.278   0.82293 
    41.550         124.997    301.003     387.000      50.687             8218.624               0.000               0.000           341676.902   0.82293 
    42.550         124.998    301.027     387.000      50.687             8218.402               0.000               0.000           349895.304   0.82293 
    43.550         124.998    301.051     387.000      50.687             8218.181               0.000               0.000           358113.485   0.82293 
    44.550         124.998    301.075     387.000      50.687             8217.960               0.000               0.000           366331.445   0.82293 
    45.550         124.999    301.099     387.000      50.687             8217.740               0.000               0.000           374549.186   0.82293 
    46.550         124.999    301.123     387.000      50.687             8217.521               0.000               0.000           382766.707   0.82293 
    47.550         125.000    301.147     387.000      50.687             8217.302               0.000               0.000           390984.009   0.82293 
    48.550         125.000    301.171     387.000      50.687             8217.084               0.000               0.000           399201.094   0.82293 
    49.550         125.000    301.195     387.000      50.687             8216.813               0.000               0.000           407417.907   0.82293 
    50.550         125.001    301.219     387.000      50.687             8216.503               0.000               0.000           415634.409   0.82293 
    51.550         125.001    301.244     387.000      50.687             8216.194               0.000               0.000           423850.603   0.82293 
    52.550         125.001    301.268     387.000      50.687             8215.885               0.000               0.000           432066.488   0.82293 
    53.550         125.002    301.292     387.000      50.687             8215.578               0.000               0.000           440282.067   0.82293 
    54.550         125.002    301.316     387.000      50.687             8215.272               0.000               0.000           448497.339   0.82293 
    55.550         125.002    301.340     387.000      50.687             8214.967               0.000               0.000           456712.306   0.82293 
    56.550         125.003    301.364     387.000      50.687             8214.663               0.000               0.000           464926.969   0.82293 
    57.550         125.003    301.388     387.000      50.687             8214.360               0.000               0.000           473141.329   0.82293 
    58.550         125.004    301.412     387.000      50.687             8214.058               0.000               0.000           481355.387   0.82293 
    59.550         125.004    301.436     387.000      50.687             8213.757               0.000               0.000           489569.144   0.82293 
    60.550         125.004    301.460     387.000      50.687             8213.458               0.000               0.000           497782.602   0.82293 
    61.550         125.005    301.484     387.000      50.687             8213.159               0.000               0.000           505995.762   0.82293 
    62.550         125.005    301.508     387.000      50.687             8212.862               0.000               0.000           514208.624   0.82293 
    63.550         125.005    301.533     387.000      50.687             8212.566               0.000               0.000           522421.189   0.82293 
    64.550         125.006    301.557     387.000      50.687             8212.271               0.000               0.000           530633.460   0.82293 
    65.550         125.006    301.581     387.000      50.687             8211.977               0.000               0.000           538845.437   0.82293 
    66.550         125.006    301.605     387.000      50.687             8211.684               0.000               0.000           547057.121   0.82293 
    67.550         125.007    301.629     387.000      50.687             8211.393               0.000               0.000           555268.514   0.82293 
    68.550         125.007    301.653     387.000      50.687             8211.102               0.000               0.000           563479.616   0.82293 
    69.550         125.007    301.677     387.000      50.687             8210.813               0.000               0.000           571690.429   0.82293 
    70.550         125.008    301.701     387.000      50.687             8210.525               0.000               0.000           579900.955   0.82293 
    71.550         125.008    301.725     387.000      50.687             8210.239               0.000               0.000           588111.194   0.82293 
    72.550         125.008    301.749     387.000      50.687             8209.954               0.000               0.000           596321.147   0.82293 
    73.550         125.009    301.773     387.000      50.687             8209.669               0.000               0.000           604530.817   0.82293 
    74.550         125.009    301.797     387.000      50.687             8209.387               0.000               0.000           612740.203   0.82293 
    75.550         125.009    301.821     387.000      50.687             8209.105               0.000               0.000           620949.309   0.82293 
    76.550         125.010    301.845     387.000      50.687             8208.825               0.000               0.000           629158.134   0.82293 
    77.550         125.010    301.869     387.000      50.687             8208.546               0.000               0.000           637366.680   0.82293 
    78.550         125.010    301.894     387.000      50.687             8208.269               0.000               0.000           645574.949   0.82293 
    79.550         125.011    301.918     387.000      50.687             8207.993               0.000               0.000           653782.941   0.82293 
    80.550         125.011    301.942     387.000      50.687             8207.718               0.000               0.000           661990.659   0.82293 
    81.550         125.011    301.966     387.000      50.687             8207.444               0.000               0.000           670198.103   0.82293 
    82.550         125.012    301.990     387.000      50.687             8207.172               0.000               0.000           678405.275   0.82293 
    83.550         125.012    302.014     387.000      50.687             8206.901               0.000               0.000           686612.177   0.82293 
    84.550         125.012    302.038     387.000      50.687             8206.632               0.000               0.000           694818.809   0.82293 
    85.550         125.013    302.062     387.000      50.687             8206.364               0.000               0.000           703025.173   0.82293 
    86.550         125.013    302.086     387.000      50.687             8206.098               0.000               0.000           711231.271   0.82293 
    87.550         125.013    302.110     387.000      50.687             8205.833               0.000               0.000           719437.103   0.82293 
    88.550         125.014    302.134     387.000      50.687             8205.569               0.000               0.000           727642.673   0.82293 
    89.550         125.014    302.158     387.000      50.687             8205.307               0.000               0.000           735847.980   0.82293 
    90.550         125.014    302.182     387.000      50.687             8205.046               0.000               0.000           744053.026   0.82293 
    91.550         125.014    302.206     387.000      50.687             8204.787               0.000               0.000           752257.813   0.82293 
    92.550         125.015    302.230     387.000      50.687             8204.530               0.000               0.000           760462.343   0.82293 
    93.550         125.015    302.254     387.000      50.687             8204.273               0.000               0.000           768666.616   0.82293 
    94.550         125.015    302.278     387.000      50.687             8204.019               0.000               0.000           776870.635   0.82293 
    95.550         125.016    302.302     387.000      50.687             8203.766               0.000               0.000           785074.401   0.82293 
    96.550         125.016    302.326     387.000      50.687             8203.514               0.000               0.000           793277.915   0.82293 
    97.550         125.016    302.350     387.000      50.687             8203.264               0.000               0.000           801481.179   0.82293 
    98.550         125.017    302.374     387.000      50.687             8203.016               0.000               0.000           809684.195   0.82293 
    99.550         125.017    302.398     387.000      50.687             8202.769               0.000               0.000           817886.963   0.82293 
   100.550         125.017    302.422     387.000      50.687             8202.524               0.000               0.000           826089.487   0.82293 
   101.550         125.017    302.447     387.000      50.687             8202.280               0.000               0.000           834291.767   0.82293 
   102.550         125.018    302.471     387.000      50.687             8202.038               0.000               0.000           842493.804   0.82293 
   103.550         125.018    302.495     387.000      50.687             8201.797               0.000               0.000           850695.602   0.82293 
   104.550         125.018    302.519     387.000      50.687             8201.559               0.000               0.000           858897.160   0.82293 
   105.550         125.019    302.543     387.000      50.687             8201.321               0.000               0.000           867098.482   0.82293 
   106.550         125.019    302.567     387.000      50.687             8201.086               0.000               0.000           875299.568   0.82293 
   107.550         125.019    302.591     387.000      50.687             8200.852               0.000               0.000           883500.420   0.82293 
   108.550         125.019    302.615     387.000      50.687             8200.620               0.000               0.000           891701.040   0.82293 
   109.550         125.020    302.639     387.000      50.687             8200.389               0.000               0.000           899901.429   0.82293 
   110.550         125.020    302.663     387.000      50.687             8200.161               0.000               0.000           908101.590   0.82293 
   111.550         125.020    302.687     387.000      50.687             8199.934               0.000               0.000           916301.524   0.82293 
   112.550         125.020    302.711     387.000      50.687             8199.708               0.000               0.000           924501.232   0.82293 
   113.550         125.021    302.735     387.000      50.687             8199.485               0.000               0.000           932700.717   0.82293 
   114.550         125.021    302.759     387.000      50.687             8199.263               0.000               0.000           940899.980   0.82293 
   115.550         125.021    302.783     387.000      50.687             8199.043               0.000               0.000           949099.023   0.82293 
   116.550         125.021    302.807     387.000      50.687             8198.825               0.000               0.000           957297.848   0.82293 
   117.550         125.022    302.831     387.000      50.687             8198.608               0.000               0.000           965496.456   0.82293 
   118.550         125.022    302.855     387.000      50.687             8198.394               0.000               0.000           973694.850   0.82293 
   119.550         125.022    302.879     387.000      50.687             8198.181               0.000               0.000           981893.031   0.82293 
   120.550         125.022    302.903     387.000      50.687             8197.970               0.000               0.000           990091.001   0.82293 
   121.550         125.023    302.927     387.000      50.687             8197.761               0.000               0.000           998288.761   0.82293 
   122.550         125.023    302.951     387.000      50.687             8197.553               0.000               0.000          1006486.314   0.82293 
   123.550         125.023    302.975     387.000      50.687             8197.348               0.000               0.000          1014683.662   0.82293 
   124.550         125.023    302.999     387.000      50.687             8197.144               0.000               0.000          1022880.806   0.82293 
   125.550         125.024    303.023     387.000      50.687             8196.942               0.000               0.000          1031077.749   0.82293 
   126.550         125.024    303.047     387.000      50.687             8196.743               0.000               0.000          1039274.491   0.82293 
   127.550         125.024    303.071     387.000      50.687             8196.545               0.000               0.000          1047471.036   0.82293 
   128.550         125.024    303.095     387.000      50.687             8196.349               0.000               0.000          1055667.385   0.82293 
   129.550         125.024    303.119     387.000      50.687             8196.155               0.000               0.000          1063863.539   0.82293 
   130.550         125.025    303.143     387.000      50.687             8195.962               0.000               0.000          1072059.502   0.82293 
   131.550         125.025    303.167     387.000      50.687             8195.772               0.000               0.000          1080255.274   0.82293 
   132.550         125.025    303.191     387.000      50.687             8195.584               0.000               0.000          1088450.858   0.82293 
   133.550         125.025    303.215     387.000      50.687             8195.398               0.000               0.000          1096646.255   0.82293 
   134.550         125.026    303.239     387.000      50.687             8195.213               0.000               0.000          1104841.469   0.82293 
   135.550         125.026    303.263     387.000      50.687             8195.031               0.000               0.000          1113036.500   0.82293 
   136.550         125.026    303.287     387.000      50.687             8194.851               0.000               0.000          1121231.350   0.82293 
   137.550         125.026    303.311     387.000      50.687             8194.673               0.000               0.000          1129426.023   0.82293 
   138.550         125.026    303.335     387.000      50.687             8194.496               0.000               0.000          1137620.519   0.82293 
   139.550         125.027    303.359     387.000      50.687             8194.322               0.000               0.000          1145814.841   0.82293 
   140.550         125.027    303.383     387.000      50.687             8194.150               0.000               0.000          1154008.991   0.82293 
   141.550         125.027    303.407     387.000      50.687             8193.980               0.000               0.000          1162202.971   0.82293 
   142.550         125.027    303.431     387.000      50.687             8193.812               0.000               0.000          1170396.783   0.82293 
   143.550         125.027    303.455     387.000      50.687             8193.646               0.000               0.000          1178590.429   0.82293 
   144.550         125.027    303.479     387.000      50.687             8193.482               0.000               0.000          1186783.911   0.82293 
   145.550         125.028    303.503     387.000      50.687             8193.320               0.000               0.000          1194977.232   0.82293 
   146.550         125.028    303.527     387.000      50.687             8193.161               0.000               0.000          1203170.392   0.82293 
   147.550         125.028    303.551     387.000      50.687             8193.003               0.000               0.000          1211363.396   0.82293 
   148.550         125.028    303.575     387.000      50.687             8192.848               0.000               0.000          1219556.244   0.82293 
   149.550         125.028    303.599     387.000      50.687             8192.695               0.000               0.000          1227748.939   0.82293 
   150.550         125.028    303.623     387.000      50.687             8192.544               0.000               0.000          1235941.483   0.82293 
   151.550         125.029    303.647     387.000      50.687             8192.395               0.000               0.000          1244133.878   0.82293 
   152.550         125.029    303.671     387.000      50.687             8192.249               0.000               0.000          1252326.127   0.82293 
   153.550         125.029    303.695     387.000      50.687             8192.104               0.000               0.000          1260518.231   0.82293 
   154.550         125.029    303.719     387.000      50.687             8191.962               0.000               0.000          1268710.194   0.82293 
   155.550         125.029    303.743     387.000      50.687             8191.822               0.000               0.000          1276902.016   0.82293 
   156.550         125.029    303.766     387.000      50.687             8191.684               0.000               0.000          1285093.700   0.82293 
   157.550         125.030    303.790     387.000      50.687             8191.549               0.000               0.000          1293285.249   0.82293 
   158.550         125.030    303.814     387.000      50.687             8191.416               0.000               0.000          1301476.665   0.82293 
   159.550         125.030    303.838     387.000      50.687             8191.285               0.000               0.000          1309667.950   0.82293 
   160.550         125.030    303.862     387.000      50.687             8191.156               0.000               0.000          1317859.106   0.82293 
   161.550         125.030    303.886     387.000      50.687             8191.030               0.000               0.000          1326050.136   0.82293 
   162.550         125.030    303.910     387.000      50.687             8190.906               0.000               0.000          1334241.041   0.82293 
   163.550         125.030    303.934     387.000      50.687             8190.784               0.000               0.000          1342431.825   0.82293 
   164.550         125.030    303.958     387.000      50.687             8190.665               0.000               0.000          1350622.490   0.82293 
   165.550         125.031    303.982     387.000      50.687             8190.547               0.000               0.000          1358813.037   0.82293 
   166.550         125.031    304.006     387.000      50.687             8190.433               0.000               0.000          1367003.470   0.82293 
   167.550         125.031    304.030     387.000      50.687             8190.320               0.000               0.000          1375193.790   0.82293 
   168.550         125.031    304.054     387.000      50.687             8190.210               0.000               0.000          1383384.001   0.82293 
   169.550         125.031    304.078     387.000      50.687             8190.103               0.000               0.000          1391574.104   0.82293 
   170.550         125.031    304.102     387.000      50.687             8189.998               0.000               0.000          1399764.101   0.82293 
   171.550         125.031    304.126     387.000      50.687             8189.895               0.000               0.000          1407953.996   0.82293 
   172.550         125.031    304.150     387.000      50.687             8189.794               0.000               0.000          1416143.790   0.82293 
   173.550         125.031    304.174     387.000      50.687             8189.696               0.000               0.000          1424333.487   0.82293 
   174.550         125.032    304.198     387.000      50.687             8189.601               0.000               0.000          1432523.088   0.82293 
   175.550         125.032    304.222     387.000      50.687             8189.508               0.000               0.000          1440712.595   0.82293 
   176.550         125.032    304.246     387.000      50.687             8189.417               0.000               0.000          1448902.013   0.82293 
   177.550         125.032    304.270     387.000      50.687             8189.329               0.000               0.000          1457091.342   0.82293 
   178.550         125.032    304.294     387.000      50.687             8189.243               0.000               0.000          1465280.585   0.82293 
   179.550         125.032    304.318     387.000      50.687             8189.160               0.000               0.000          1473469.745   0.82293 
   180.550         125.032    304.342     387.000      50.687             8189.080               0.000               0.000          1481658.825   0.82293 
   181.550         125.032    304.366     387.000      50.687             8189.002               0.000               0.000          1489847.827   0.82293 
   182.550         125.032    304.390     387.000      50.687             8188.926               0.000               0.000          1498036.753   0.82293 
   183.550         125.032    304.413     387.000      50.687             8188.853               0.000               0.000          1506225.606   0.82293 
   184.550         125.032    304.437     387.000      50.687             8188.782               0.000               0.000          1514414.388   0.82293 
   185.550         125.032    304.461     387.000      50.687             8188.714               0.000               0.000          1522603.102   0.82293 
   186.550         125.032    304.485     387.000      50.687             8188.649               0.000               0.000          1530791.751   0.82293 
   187.550         125.032    304.509     387.000      50.687             8188.586               0.000               0.000          1538980.338   0.82293 
   188.550         125.032    304.533     387.000      50.687             8188.526               0.000               0.000          1547168.864   0.82293 
   189.550         125.033    304.557     387.000      50.687             8188.469               0.000               0.000          1555357.333   0.82293 
   190.550         125.033    304.581     387.000      50.687             8188.414               0.000               0.000          1563545.746   0.82293 
   191.550         125.033    304.605     387.000      50.687             8188.361               0.000               0.000          1571734.108   0.82293 
   192.550         125.033    304.629     387.000      50.687             8188.312               0.000               0.000          1579922.419   0.82293 
   193.550         125.033    304.653     387.000      50.687             8188.265               0.000               0.000          1588110.684   0.82293 
   194.550         125.033    304.677     387.000      50.687             8188.220               0.000               0.000          1596298.904   0.82293 
   195.550         125.033    304.701     387.000      50.687             8188.179               0.000               0.000          1604487.083   0.82293 
   196.550         125.033    304.725     387.000      50.687             8188.140               0.000               0.000          1612675.222   0.82293 
   197.550         125.033    304.749     387.000      50.687             8188.103               0.000               0.000          1620863.326   0.82293 
   198.550         125.033    304.773     387.000      50.687             8188.070               0.000               0.000          1629051.395   0.82293 
   199.550         125.033    304.797     387.000      50.687             8188.039               0.000               0.000          1637239.434   0.82293 
   200.550         125.033    304.821     387.000      50.687             8188.011               0.000               0.000          1645427.445   0.82293 
   201.550         125.033    304.845     387.000      50.687             8187.985               0.000               0.000          1653615.431   0.82293 
   202.550         125.033    304.868     387.000      50.687             8187.963               0.000               0.000          1661803.393   0.82293 
   203.550         125.033    304.892     387.000      50.687             8187.943               0.000               0.000          1669991.336   0.82293 
   204.550         125.033    304.916     387.000      50.687             8187.926               0.000               0.000          1678179.262   0.82293 
   205.550         125.033    304.940     387.000      50.687             8187.911               0.000               0.000          1686367.173   0.82293 
   206.550         125.033    304.964     387.000      50.687             8187.900               0.000               0.000          1694555.073   0.82293 
   207.550         125.033    304.988     387.000      50.687             8187.891               0.000               0.000          1702742.965   0.82293 
   208.550         125.033    305.012     387.000      50.687             8187.885               0.000               0.000          1710930.850   0.82293 
   209.550         125.033    305.036     387.000      50.687             8187.882               0.000               0.000          1719118.733   0.82293 
   210.550         125.033    305.060     387.000      50.687             8187.882               0.000               0.000          1727306.615   0.82293 
   211.550         125.033    305.084     387.000      50.687             8187.885               0.000               0.000          1735494.500   0.82293 
   212.550         125.033    305.108     387.000      50.687             8187.890               0.000               0.000          1743682.390   0.82293 
   213.550         125.032    305.132     387.000      50.687             8187.899               0.000               0.000          1751870.289   0.82293 
   214.550         125.032    305.156     387.000      50.687             8187.910               0.000               0.000          1760058.199   0.82293 
   215.550         125.032    305.180     387.000      50.687             8187.924               0.000               0.000          1768246.123   0.82293 
   216.550         125.032    305.204     387.000      50.687             8187.941               0.000               0.000          1776434.064   0.82293 
   217.550         125.032    305.228     387.000      50.687             8187.961               0.000               0.000          1784622.025   0.82293 
   218.550         125.032    305.251     387.000      50.687             8187.984               0.000               0.000          1792810.010   0.82293 
   219.550         125.032    305.275     387.000      50.687             8188.010               0.000               0.000          1800998.020   0.82293 
   220.550         125.032    305.299     387.000      50.687             8188.039               0.000               0.000          1809186.059   0.82293 
   221.550         125.032    305.323     387.000      50.687             8188.071               0.000               0.000          1817374.130   0.82293 
   222.550         125.032    305.347     387.000      50.687             8188.106               0.000               0.000          1825562.235   0.82293 
   223.550         125.032    305.371     387.000      50.687             8188.143               0.000               0.000          1833750.379   0.82293 
   224.550         125.032    305.395     387.000      50.687             8188.184               0.000               0.000          1841938.563   0.82293 
   225.550         125.032    305.419     387.000      50.687             8188.228               0.000               0.000          1850126.791   0.82293 
   226.550         125.032    305.443     387.000      50.687             8188.275               0.000               0.000          1858315.065   0.82293 
   227.550         125.031    305.467     387.000      50.687             8188.324               0.000               0.000          1866503.390   0.82293 
   228.550         125.031    305.491     387.000      50.687             8188.377               0.000               0.000          1874691.767   0.82293 
   229.550         125.031    305.515     387.000      50.687             8188.433               0.000               0.000          1882880.200   0.82293 
   230.550         125.031    305.539     387.000      50.687             8188.492               0.000               0.000          1891068.693   0.82293 
   231.550         125.031    305.563     387.000      50.687             8188.554               0.000               0.000          1899257.247   0.82293 
   232.550         125.031    305.587     387.000      50.687             8188.619               0.000               0.000          1907445.866   0.82293 
   233.550         125.031    305.610     387.000      50.687             8188.688               0.000               0.000          1915634.554   0.82293 
   234.550         125.031    305.634     387.000      50.687             8188.759               0.000               0.000          1923823.313   0.82293 
   235.550         125.031    305.658     387.000      50.687             8188.834               0.000               0.000          1932012.147   0.82293 
   236.550         125.030    305.682     387.000      50.687             8188.911               0.000               0.000          1940201.058   0.82293 
   237.550         125.030    305.706     387.000      50.687             8188.992               0.000               0.000          1948390.050   0.82293 
   238.550         125.030    305.730     387.000      50.687             8189.076               0.000               0.000          1956579.125   0.82293 
   239.550         125.030    305.754     387.000      50.687             8189.163               0.000               0.000          1964768.288   0.82293 
   240.550         125.030    305.778     387.000      50.687             8189.253               0.000               0.000          1972957.541   0.82293 
   241.550         125.030    305.802     387.000      50.687             8189.346               0.000               0.000          1981146.888   0.82293 
   242.550         125.030    305.826     387.000      50.687             8189.443               0.000               0.000          1989336.331   0.82293 
   243.550         125.029    305.850     387.000      50.687             8189.543               0.000               0.000          1997525.874   0.82293 
   244.550         125.029    305.874     387.000      50.687             8189.646               0.000               0.000          2005715.520   0.82293 
   245.550         125.029    305.898     387.000      50.687             8189.752               0.000               0.000          2013905.272   0.82293 
   246.550         125.029    305.922     387.000      50.687             8189.862               0.000               0.000          2022095.134   0.82293 
   247.550         125.029    305.945     387.000      50.687             8189.974               0.000               0.000          2030285.108   0.82293 
   248.550         125.029    305.969     387.000      50.687             8190.090               0.000               0.000          2038475.199   0.82293 
   249.550         125.028    305.993     387.000      50.687             8190.210               0.000               0.000          2046665.408   0.82293 
   250.550         125.028    306.017     387.000      50.687             8190.332               0.000               0.000          2054855.741   0.82293 
   251.550         125.028    306.041     387.000      50.687             8190.458               0.000               0.000          2063046.199   0.82293 
   252.550         125.028    306.065     387.000      50.687             8190.587               0.000               0.000          2071236.786   0.82293 
   253.550         125.028    306.089     387.000      50.687             8190.720               0.000               0.000          2079427.506   0.82293 
   254.550         125.027    306.113     387.000      50.687             8190.856               0.000               0.000          2087618.362   0.82293 
   255.550         125.027    306.137     387.000      50.687             8190.995               0.000               0.000          2095809.357   0.82293 
   256.550         125.027    306.161     387.000      50.687             8191.137               0.000               0.000          2104000.494   0.82293 
   257.550         125.027    306.185     387.000      50.687             8191.283               0.000               0.000          2112191.778   0.82293 
   258.550         125.026    306.209     387.000      50.687             8191.433               0.000               0.000          2120383.210   0.82293 
   259.550         125.026    306.233     387.000      50.687             8191.585               0.000               0.000          2128574.795   0.82293 
   260.550         125.026    306.257     387.000      50.687             8191.741               0.000               0.000          2136766.537   0.82293 
   261.550         125.026    306.280     387.000      50.687             8191.901               0.000               0.000          2144958.437   0.82293 
   262.550         125.025    306.304     387.000      50.687             8192.063               0.000               0.000          2153150.501   0.82293 
   263.550         125.025    306.328     387.000      50.687             8192.230               0.000               0.000          2161342.730   0.82293 
   264.550         125.025    306.352     387.000      50.687             8192.399               0.000               0.000          2169535.130   0.82293 
   265.550         125.025    306.376     387.000      50.687             8192.573               0.000               0.000          2177727.702   0.82293 
   266.550         125.024    306.400     387.000      50.687             8192.749               0.000               0.000          2185920.451   0.82293 
   267.550         125.024    306.424     387.000      50.687             8192.929               0.000               0.000          2194113.381   0.82293 
   268.550         125.024    306.448     387.000      50.687             8193.113               0.000               0.000          2202306.493   0.82293 
   269.550         125.024    306.472     387.000      50.687             8193.300               0.000               0.000          2210499.793   0.82293 
   270.550         125.023    306.496     387.000      50.687             8193.490               0.000               0.000          2218693.284   0.82293 
   271.550         125.023    306.520     387.000      50.687             8193.684               0.000               0.000          2226886.968   0.82293 
   272.550         125.023    306.544     387.000      50.687             8193.882               0.000               0.000          2235080.850   0.82293 
   273.550         125.023    306.568     387.000      50.687             8194.083               0.000               0.000          2243274.933   0.82293 
   274.550         125.022    306.592     387.000      50.687             8194.288               0.000               0.000          2251469.221   0.82293 
   275.550         125.022    306.615     387.000      50.687             8194.496               0.000               0.000          2259663.717   0.82293 
   276.550         125.022    306.639     387.000      50.687             8194.708               0.000               0.000          2267858.425   0.82293 
   277.550         125.021    306.663     387.000      50.687             8194.923               0.000               0.000          2276053.349   0.82293 
   278.550         125.021    306.687     387.000      50.687             8195.142               0.000               0.000          2284248.491   0.82293 
   279.550         125.021    306.711     387.000      50.687             8195.365               0.000               0.000          2292443.856   0.82293 
   280.550         125.020    306.735     387.000      50.687             8195.591               0.000               0.000          2300639.447   0.82293 
   281.550         125.020    306.759     387.000      50.687             8195.821               0.000               0.000          2308835.267   0.82293 
   282.550         125.020    306.783     387.000      50.687             8196.054               0.000               0.000          2317031.322   0.82293 
   283.550         125.019    306.807     387.000      50.687             8196.291               0.000               0.000          2325227.613   0.82293 
   284.550         125.019    306.831     387.000      50.687             8196.532               0.000               0.000          2333424.145   0.82293 
   285.550         125.019    306.855     387.000      50.687             8196.776               0.000               0.000          2341620.922   0.82293 
   286.550         125.018    306.879     387.000      50.687             8197.025               0.000               0.000          2349817.946   0.82293 
   287.550         125.018    306.903     387.000      50.687             8197.276               0.000               0.000          2358015.223   0.82293 
   288.550         125.018    306.927     387.000      50.687             8197.532               0.000               0.000          2366212.754   0.82293 
   289.550         125.017    306.950     387.000      50.687             8197.791               0.000               0.000          2374410.545   0.82293 
   290.550         125.017    306.974     387.000      50.687             8198.054               0.000               0.000          2382608.599   0.82293 
   291.550         125.016    306.998     387.000      50.687             8198.321               0.000               0.000          2390806.920   0.82293 
   292.550         125.016    307.022     387.000      50.687             8198.591               0.000               0.000          2399005.511   0.82293 
   293.550         125.016    307.046     387.000      50.687             8198.865               0.000               0.000          2407204.376   0.82293 
   294.550         125.015    307.070     387.000      50.687             8199.143               0.000               0.000          2415403.519   0.82293 
   295.550         125.015    307.094     387.000      50.687             8199.425               0.000               0.000          2423602.943   0.82293 
   296.550         125.014    307.118     387.000      50.687             8199.710               0.000               0.000          2431802.653   0.82293 
   297.550         125.014    307.142     387.000      50.687             8199.999               0.000               0.000          2440002.653   0.82293 
   298.550         125.014    307.166     387.000      50.687             8200.292               0.000               0.000          2448202.945   0.82293 
   299.550         125.013    307.190     387.000      50.687             8200.589               0.000               0.000          2456403.534   0.82293 
   300.550         125.013    307.214     387.000      50.687             8200.890               0.000               0.000          2464604.424   0.82293 
   301.550         125.012    307.238     387.000      50.687             8201.195               0.000               0.000          2472805.619   0.82293 
   302.550         125.012    307.262     387.000      50.687             8201.503               0.000               0.000          2481007.122   0.82293 
   303.550         125.011    307.286     387.000      50.687             8201.815               0.000               0.000          2489208.937   0.82293 
   304.550         125.011    307.310     387.000      50.687             8202.131               0.000               0.000          2497411.068   0.82293 
   305.550         125.011    307.333     387.000      50.687             8202.451               0.000               0.000          2505613.519   0.82293 
   306.550         125.010    307.357     387.000      50.687             8202.775               0.000               0.000          2513816.295   0.82293 
   307.550         125.010    307.381     387.000      50.687             8203.103               0.000               0.000          2522019.398   0.82293 
   308.550         125.009    307.405     387.000      50.687             8203.435               0.000               0.000          2530222.832   0.82293 
   309.550         125.009    307.429     387.000      50.687             8203.770               0.000               0.000          2538426.603   0.82293 
   310.550         125.008    307.453     387.000      50.687             8204.110               0.000               0.000          2546630.713   0.82293 
   311.550         125.008    307.477     387.000      50.687             8204.454               0.000               0.000          2554835.167   0.82293 
   312.550         125.007    307.501     387.000      50.687             8204.801               0.000               0.000          2563039.968   0.82293 
   313.550         125.007    307.525     387.000      50.687             8205.153               0.000               0.000          2571245.121   0.82293 
   314.550         125.006    307.549     387.000      50.687             8205.508               0.000               0.000          2579450.629   0.82293 
   315.550         125.006    307.573     387.000      50.687             8205.868               0.000               0.000          2587656.496   0.82293 
   316.550         125.005    307.597     387.000      50.687             8206.231               0.000               0.000          2595862.727   0.82293 
   317.550         125.005    307.621     387.000      50.687             8206.599               0.000               0.000          2604069.326   0.82293 
   318.550         125.004    307.645     387.000      50.687             8206.970               0.000               0.000          2612276.296   0.82293 
   319.550         125.004    307.669     387.000      50.687             8207.346               0.000               0.000          2620483.642   0.82293 
   320.550         125.003    307.693     387.000      50.687             8207.725               0.000               0.000          2628691.367   0.82293 
   321.550         125.003    307.717     387.000      50.687             8208.109               0.000               0.000          2636899.476   0.82293 
   322.550         125.002    307.740     387.000      50.687             8208.497               0.000               0.000          2645107.972   0.82293 
   323.550         125.002    307.764     387.000      50.687             8208.888               0.000               0.000          2653316.861   0.82293 
   324.550         125.001    307.788     387.000      50.687             8209.284               0.000               0.000          2661526.145   0.82293 
   325.550         125.001    307.812     387.000      50.687             8209.684               0.000               0.000          2669735.829   0.82293 
   326.550         125.000    307.836     387.000      50.687             8210.088               0.000               0.000          2677945.918   0.82293 
   327.550         124.999    307.860     387.000      50.687             8210.369               0.000               0.000          2686156.286   0.82293 
   328.550         124.999    307.884     387.000      50.687             8210.638               0.000               0.000          2694366.924   0.82293 
   329.550         124.998    307.908     387.000      50.687             8210.909               0.000               0.000          2702577.833   0.82293 
   330.550         124.998    307.932     387.000      50.687             8211.184               0.000               0.000          2710789.017   0.82293 
   331.550         124.997    307.956     387.000      50.687             8211.461               0.000               0.000          2719000.478   0.82293 
   332.550         124.997    307.980     387.000      50.687             8211.741               0.000               0.000          2727212.220   0.82293 
   333.550         124.996    308.004     387.000      50.687             8212.024               0.000               0.000          2735424.244   0.82293 
   334.550         124.995    308.028     387.000      50.687             8212.310               0.000               0.000          2743636.554   0.82293 
   335.550         124.995    308.052     387.000      50.687             8212.599               0.000               0.000          2751849.153   0.82293 
   336.550         124.994    308.076     387.000      50.687             8212.890               0.000               0.000          2760062.043   0.82293 
   337.550         124.994    308.100     387.000      50.687             8213.185               0.000               0.000          2768275.228   0.82293 
   338.550         124.993    308.124     387.000      50.687             8213.482               0.000               0.000          2776488.710   0.82293 
   339.550         124.992    308.148     387.000      50.687             8213.782               0.000               0.000          2784702.491   0.82293 
   340.550         124.992    308.172     387.000      50.687             8214.085               0.000               0.000          2792916.576   0.82293 
   341.550         124.991    308.196     387.000      50.687             8214.390               0.000               0.000          2801130.966   0.82293 
   342.550         124.990    308.220     387.000      50.687             8214.699               0.000               0.000          2809345.665   0.82293 
   343.550         124.990    308.244     387.000      50.687             8215.010               0.000               0.000          2817560.675   0.82293 
   344.550         124.989    308.268     387.000      50.687             8215.325               0.000               0.000          2825776.000   0.82293 
   345.550         124.988    308.291     387.000      50.687             8215.642               0.000               0.000          2833991.642   0.82293 
   346.550         124.988    308.315     387.000      50.687             8215.962               0.000               0.000          2842207.604   0.82293 
   347.550         124.987    308.339     387.000      50.687             8216.285               0.000               0.000          2850423.889   0.82293 
   348.550         124.986    308.363     387.000      50.687             8216.611               0.000               0.000          2858640.500   0.82293 
   349.550         124.986    308.387     387.000      50.687             8216.940               0.000               0.000          2866857.440   0.82293 
   350.550         124.985    308.411     387.000      50.687             8217.272               0.000               0.000          2875074.712   0.82293 
   351.550         124.984    308.435     387.000      50.687             8217.607               0.000               0.000          2883292.319   0.82293 
   352.550         124.984    308.459     387.000      50.687             8217.944               0.000               0.000          2891510.263   0.82293 
   353.550         124.983    308.483     387.000      50.687             8218.285               0.000               0.000          2899728.548   0.82293 
   354.550         124.982    308.507     387.000      50.687             8218.629               0.000               0.000          2907947.177   0.82293 
   355.550         124.981    308.531     387.000      50.687             8218.975               0.000               0.000          2916166.152   0.82293 
   356.550         124.981    308.555     387.000      50.687             8219.325               0.000               0.000          2924385.477   0.82293 
   357.550         124.980    308.579     387.000      50.687             8219.677               0.000               0.000          2932605.154   0.82293 
   358.550         124.979    308.603     387.000      50.687             8220.033               0.000               0.000          2940825.187   0.82293 
   359.550         124.979    308.627     387.000      50.687             8220.391               0.000               0.000          2949045.578   0.82293 
   360.550         124.978    308.651     387.000      50.687             8220.753               0.000               0.000          2957266.331   0.82293 
   361.550         124.977    308.675     387.000      50.687             8221.118               0.000               0.000          2965487.449   0.82293 
   362.550         124.976    308.699     387.000      50.687             8221.485               0.000               0.000          2973708.934   0.82293 
   363.550         124.976    308.723     387.000      50.687             8221.856               0.000               0.000          2981930.790   0.82293 
   364.550         124.975    308.747     387.000      50.687             8222.229               0.000               0.000          2990153.019   0.82293 
   365.550         124.974    308.771     387.000      50.687             8222.606               0.000               0.000          2998375.625   0.82293 
   366.550         124.973    308.795     387.000      50.687             8222.986               0.000               0.000          3006598.611   0.82293 
   367.550         124.972    308.819     387.000      50.687             8223.368               0.000               0.000          3014821.979   0.82293 
   368.550         124.972    308.843     387.000      50.687             8223.754               0.000               0.000          3023045.734   0.82293 
   369.550         124.971    308.867     387.000      50.687             8224.143               0.000               0.000          3031269.877   0.82293 
   370.550         124.970    308.891     387.000      50.687             8224.535               0.000               0.000          3039494.412   0.82293 
   371.550         124.969    308.915     387.000      50.687             8224.930               0.000               0.000          3047719.342   0.82293 
   372.550         124.968    308.939     387.000      50.687             8225.328               0.000               0.000          3055944.670   0.82293 
   373.550         124.968    308.963     387.000      50.687             8225.730               0.000               0.000          3064170.400   0.82293 
   374.550         124.967    308.987     387.000      50.687             8226.134               0.000               0.000          3072396.534   0.82293 
   375.550         124.966    309.011     387.000      50.687             8226.541               0.000               0.000          3080623.075   0.82293 
   376.550         124.965    309.035     387.000      50.687             8226.952               0.000               0.000          3088850.027   0.82293 
   377.550         124.964    309.059     387.000      50.687             8227.366               0.000               0.000          3097077.393   0.82293 
   378.550         124.963    309.083     387.000      50.687             8227.782               0.000               0.000          3105305.175   0.82293 
   379.550         124.962    309.107     387.000      50.687             8228.202               0.000               0.000          3113533.377   0.82293 
   380.550         124.962    309.130     387.000      50.687             8228.625               0.000               0.000          3121762.003   0.82293 
   381.550         124.961    309.154     387.000      50.687             8229.052               0.000               0.000          3129991.055   0.82293 
   382.550         124.960    309.178     387.000      50.687             8229.481               0.000               0.000          3138220.536   0.82293 
   383.550         124.959    309.202     387.000      50.687             8229.914               0.000               0.000          3146450.449   0.82293 
   384.550         124.958    309.226     387.000      50.687             8230.349               0.000               0.000          3154680.799   0.82293 
   385.550         124.957    309.250     387.000      50.687             8230.788               0.000               0.000          3162911.587   0.82293 
   386.550         124.956    309.274     387.000      50.687             8231.231               0.000               0.000          3171142.818   0.82293 
   387.550         124.955    309.298     387.000      50.687             8231.676               0.000               0.000          3179374.494   0.82293 
   388.550         124.954    309.322     387.000      50.687             8232.124               0.000               0.000          3187606.618   0.82293 
   389.550         124.954    309.346     387.000      50.687             8232.576               0.000               0.000          3195839.194   0.82293 
   390.550         124.953    309.370     387.000      50.687             8233.031               0.000               0.000          3204072.225   0.82293 
   391.550         124.952    309.394     387.000      50.687             8233.489               0.000               0.000          3212305.715   0.82293 
   392.550         124.951    309.418     387.000      50.687             8233.951               0.000               0.000          3220539.665   0.82293 
   393.550         124.950    309.442     387.000      50.687             8234.415               0.000               0.000          3228774.081   0.82293 
   394.550         124.949    309.466     387.000      50.687             8234.883               0.000               0.000          3237008.964   0.82293 
   395.550         124.948    309.490     387.000      50.687             8235.354               0.000               0.000          3245244.318   0.82293 
   396.550         124.947    309.514     387.000      50.687             8235.829               0.000               0.000          3253480.147   0.82293 
   397.550         124.946    309.538     387.000      50.687             8236.306               0.000               0.000          3261716.454   0.82293 
   398.550         124.945    309.562     387.000      50.687             8236.787               0.000               0.000          3269953.241   0.82293 
   399.550         124.944    309.586     387.000      50.687             8237.272               0.000               0.000          3278190.513   0.82293 
   400.550         124.943    309.610     387.000      50.687             8237.759               0.000               0.000          3286428.272   0.82293 
   401.550         124.942    309.634     387.000      50.687             8238.250               0.000               0.000          3294666.522   0.82293 
   402.550         124.941    309.658     387.000      50.687             8238.744               0.000               0.000          3302905.266   0.82293 
   403.550         124.940    309.682     387.000      50.687             8239.242               0.000               0.000          3311144.508   0.82293 
   404.550         124.939    309.706     387.000      50.687             8239.742               0.000               0.000          3319384.250   0.82293 
   405.550         124.938    309.730     387.000      50.687             8240.246               0.000               0.000          3327624.497   0.82293 
   406.550         124.937    309.754     387.000      50.687             8240.754               0.000               0.000          3335865.251   0.82293 
   407.550         124.936    309.778     387.000      50.687             8241.265               0.000               0.000          3344106.515   0.82293 
   408.550         124.935    309.802     387.000      50.687             8241.779               0.000               0.000          3352348.294   0.82293 
   409.550         124.934    309.826     387.000      50.687             8242.296               0.000               0.000          3360590.590   0.82293 
   410.550         124.933    309.850     387.000      50.687             8242.817               0.000               0.000          3368833.407   0.82293 
   411.550         124.932    309.874     387.000      50.687             8243.341               0.000               0.000          3377076.748   0.82293 
   412.550         124.931    309.898     387.000      50.687             8243.869               0.000               0.000          3385320.617   0.82293 
   413.550         124.930    309.922     387.000      50.687             8244.400               0.000               0.000          3393565.017   0.82293 
   414.550         124.929    309.947     387.000      50.687             8244.934               0.000               0.000          3401809.951   0.82293 
   415.550         124.927    309.971     387.000      50.687             8245.472               0.000               0.000          3410055.422   0.82293 
   416.550         124.926    309.995     387.000      50.687             8246.013               0.000               0.000          3418301.435   0.82293 
   417.550         124.925    310.019     387.000      50.687             8246.557               0.000               0.000          3426547.993   0.82293 
   418.550         124.924    310.043     387.000      50.687             8247.105               0.000               0.000          3434795.098   0.82293 
   419.550         124.923    310.067     387.000      50.687             8247.657               0.000               0.000          3443042.755   0.82293 
   420.550         124.922    310.091     387.000      50.687             8248.212               0.000               0.000          3451290.967   0.82293 
   421.550         124.921    310.115     387.000      50.687             8248.770               0.000               0.000          3459539.736   0.82293 
   422.550         124.920    310.139     387.000      50.687             8249.332               0.000               0.000          3467789.068   0.82293 
   423.550         124.919    310.163     387.000      50.687             8249.897               0.000               0.000          3476038.965   0.82293 
   424.550         124.917    310.187     387.000      50.687             8250.465               0.000               0.000          3484289.430   0.82293 
   425.550         124.916    310.211     387.000      50.687             8251.037               0.000               0.000          3492540.468   0.82293 
   426.550         124.915    310.235     387.000      50.687             8251.613               0.000               0.000          3500792.081   0.82293 
   427.550         124.914    310.259     387.000      50.687             8252.192               0.000               0.000          3509044.273   0.82293 
   428.550         124.913    310.283     387.000      50.687             8252.775               0.000               0.000          3517297.047   0.82293 
   429.550         124.912    310.307     387.000      50.687             8253.361               0.000               0.000          3525550.408   0.82293 
   430.550         124.910    310.331     387.000      50.687             8253.950               0.000               0.000          3533804.358   0.82293 
   431.550         124.909    310.355     387.000      50.687             8254.543               0.000               0.000          3542058.901   0.82293 
   432.550         124.908    310.379     387.000      50.687             8255.140               0.000               0.000          3550314.041   0.82293 
   433.550         124.907    310.403     387.000      50.687             8255.740               0.000               0.000          3558569.781   0.82293 
   434.550         124.906    310.427     387.000      50.687             8256.344               0.000               0.000          3566826.125   0.82293 
   435.550         124.904    310.451     387.000      50.687             8256.951               0.000               0.000          3575083.076   0.82293 
   436.550         124.903    310.475     387.000      50.687             8257.562               0.000               0.000          3583340.637   0.82293 
   437.550         124.902    310.499     387.000      50.687             8258.176               0.000               0.000          3591598.813   0.82293 
   438.550         124.901    310.523     387.000      50.687             8258.794               0.000               0.000          3599857.607   0.82293 
   439.550         124.900    310.547     387.000      50.687             8259.587               0.000               0.000          3608117.194   0.82293 
   440.550         124.898    310.571     387.000      50.687             8260.857               0.000               0.000          3616378.051   0.82293 
   441.550         124.897    310.595     387.000      50.687             8262.133               0.000               0.000          3624640.184   0.82293 
   442.550         124.896    310.620     387.000      50.687             8263.417               0.000               0.000          3632903.601   0.82293 
   443.550         124.894    310.644     387.000      50.687             8264.708               0.000               0.000          3641168.310   0.82293 
   444.550         124.893    310.668     387.000      50.687             8266.007               0.000               0.000          3649434.316   0.82293 
   445.550         124.892    310.692     387.000      50.687             8267.312               0.000               0.000          3657701.629   0.82293 
   446.550         124.891    310.716     387.000      50.687             8268.625               0.000               0.000          3665970.254   0.82293 
   447.550         124.889    310.740     387.000      50.687             8269.946               0.000               0.000          3674240.200   0.82293 
   448.550         124.888    310.764     387.000      50.687             8271.274               0.000               0.000          3682511.473   0.82293 
   449.550         124.887    310.788     387.000      50.687             8272.609               0.000               0.000          3690784.082   0.82293 
   450.550         124.885    310.812     387.000      50.687             8273.951               0.000               0.000          3699058.033   0.82293 
   451.550         124.884    310.836     387.000      50.687             8275.301               0.000               0.000          3707333.334   0.82293 
   452.550         124.883    310.860     387.000      50.687             8276.658               0.000               0.000          3715609.992   0.82293 
   453.550         124.881    310.884     387.000      50.687             8278.023               0.000               0.000          3723888.015   0.82293 
   454.550         124.880    310.908     387.000      50.687             8279.395               0.000               0.000          3732167.410   0.82293 
   455.550         124.879    310.933     387.000      50.687             8280.775               0.000               0.000          3740448.185   0.82293 
   456.550         124.877    310.957     387.000      50.687             8282.162               0.000               0.000          3748730.347   0.82293 
   457.550         124.876    310.981     387.000      50.687             8283.556               0.000               0.000          3757013.903   0.82293 
   458.550         124.875    311.005     387.000      50.687             8284.958               0.000               0.000          3765298.862   0.82293 
   459.550         124.873    311.029     387.000      50.687             8286.368               0.000               0.000          3773585.230   0.82293 
   460.550         124.872    311.053     387.000      50.687             8287.785               0.000               0.000          3781873.015   0.82293 
   461.550         124.870    311.077     387.000      50.687             8289.210               0.000               0.000          3790162.225   0.82293 
   462.550         124.869    311.101     387.000      50.687             8290.642               0.000               0.000          3798452.868   0.82293 
   463.550         124.868    311.126     387.000      50.687             8292.082               0.000               0.000          3806744.950   0.82293 
   464.550         124.866    311.150     387.000      50.687             8293.530               0.000               0.000          3815038.480   0.82293 
   465.550         124.865    311.174     387.000      50.687             8294.985               0.000               0.000          3823333.465   0.82293 
   466.550         124.863    311.198     387.000      50.687             8296.448               0.000               0.000          3831629.912   0.82293 
   467.550         124.862    311.222     387.000      50.687             8297.918               0.000               0.000          3839927.831   0.82293 
   468.550         124.860    311.246     387.000      50.687             8299.396               0.000               0.000          3848227.227   0.82293 
   469.550         124.859    311.270     387.000      50.687             8300.882               0.000               0.000          3856528.109   0.82293 
   470.550         124.858    311.295     387.000      50.687             8302.376               0.000               0.000          3864830.485   0.82293 
   471.550         124.856    311.319     387.000      50.687             8303.877               0.000               0.000          3873134.362   0.82293 
   472.550         124.855    311.343     387.000      50.687             8305.386               0.000               0.000          3881439.748   0.82293 
   473.550         124.853    311.367     387.000      50.687             8306.903               0.000               0.000          3889746.651   0.82293 
   474.550         124.852    311.391     387.000      50.687             8308.427               0.000               0.000          3898055.078   0.82293 
   475.550         124.850    311.415     387.000      50.687             8309.960               0.000               0.000          3906365.038   0.82293 
   476.550         124.849    311.440     387.000      50.687             8311.500               0.000               0.000          3914676.537   0.82293 
   477.550         124.847    311.464     387.000      50.687             8313.048               0.000               0.000          3922989.585   0.82293 
   478.550         124.846    311.488     387.000      50.687             8314.604               0.000               0.000          3931304.189   0.82293 
   479.550         124.844    311.512     387.000      50.687             8316.167               0.000               0.000          3939620.356   0.82293 
   480.550         124.843    311.536     387.000      50.687             8317.739               0.000               0.000          3947938.095   0.82293 
   481.550         124.841    311.561     387.000      50.687             8319.318               0.000               0.000          3956257.413   0.82293 
   482.550         124.839    311.585     387.000      50.687             8320.906               0.000               0.000          3964578.319   0.82293 
   483.550         124.838    311.609     387.000      50.687             8322.501               0.000               0.000          3972900.820   0.82293 
   484.550         124.836    311.633     387.000      50.687             8324.104               0.000               0.000          3981224.924   0.82293 
   485.550         124.835    311.658     387.000      50.687             8325.715               0.000               0.000          3989550.639   0.82293 
   486.550         124.833    311.682     387.000      50.687             8327.335               0.000               0.000          3997877.974   0.82293 
   487.550         124.832    311.706     387.000      50.687             8328.962               0.000               0.000          4006206.935   0.82293 
   488.550         124.830    311.730     387.000      50.687             8330.597               0.000               0.000          4014537.532   0.82293 
   489.550         124.828    311.754     387.000      50.687             8332.240               0.000               0.000          4022869.772   0.82293 
   490.550         124.827    311.779     387.000      50.687             8333.891               0.000               0.000          4031203.664   0.82293 
   491.550         124.825    311.803     387.000      50.687             8335.551               0.000               0.000          4039539.214   0.82293 
   492.550         124.824    311.827     387.000      50.687             8337.218               0.000               0.000          4047876.432   0.82293 
   493.550         124.822    311.851     387.000      50.687             8338.894               0.000               0.000          4056215.326   0.82293 
   494.550         124.820    311.876     387.000      50.687             8340.577               0.000               0.000          4064555.903   0.82293 
   495.550         124.819    311.900     387.000      50.687             8342.269               0.000               0.000          4072898.172   0.82293 
   496.550         124.817    311.924     387.000      50.687             8343.969               0.000               0.000          4081242.141   0.82293 
   497.550         124.815    311.949     387.000      50.687             8345.677               0.000               0.000          4089587.818   0.82293 
   498.550         124.814    311.973     387.000      50.687             8347.393               0.000               0.000          4097935.211   0.82293 
   499.550         124.812    311.997     387.000      50.687             8349.118               0.000               0.000          4106284.329   0.82293 
   500.550         124.810    312.021     387.000      50.687             8350.850               0.000               0.000          4114635.180   0.82293 
   501.550         124.809    312.046     387.000      50.687             8352.591               0.000               0.000          4122987.771   0.82293 
   502.550         124.807    312.070     387.000      50.687             8354.340               0.000               0.000          4131342.111   0.82293 
   503.550         124.805    312.094     387.000      50.687             8356.098               0.000               0.000          4139698.209   0.82293 
   504.550         124.804    312.119     387.000      50.687             8357.864               0.000               0.000          4148056.073   0.82293 
   505.550         124.802    312.143     387.000      50.687             8359.638               0.000               0.000          4156415.710   0.82293 
   506.550         124.800    312.167     387.000      50.687             8361.420               0.000               0.000          4164777.130   0.82293 
   507.550         124.798    312.192     387.000      50.687             8362.863               0.000               0.000          4173139.993   0.82293 
   508.550         124.797    312.216     387.000      50.687             8364.214               0.000               0.000          4181504.208   0.82293 
   509.550         124.795    312.240     387.000      50.687             8365.572               0.000               0.000          4189869.780   0.82293 
   510.550         124.793    312.265     387.000      50.687             8366.936               0.000               0.000          4198236.716   0.82293 
   511.550         124.791    312.289     387.000      50.687             8368.307               0.000               0.000          4206605.022   0.82293 
   512.550         124.790    312.313     387.000      50.687             8369.683               0.000               0.000          4214974.706   0.82293 
   513.550         124.788    312.338     387.000      50.687             8371.066               0.000               0.000          4223345.772   0.82293 
   514.550         124.786    312.362     387.000      50.687             8372.455               0.000               0.000          4231718.227   0.82293 
   515.550         124.784    312.386     387.000      50.687             8373.851               0.000               0.000          4240092.078   0.82293 
   516.550         124.782    312.411     387.000      50.687             8375.253               0.000               0.000          4248467.330   0.82293 
   517.550         124.781    312.435     387.000      50.687             8376.661               0.000               0.000          4256843.991   0.82293 
   518.550         124.779    312.459     387.000      50.687             8378.075               0.000               0.000          4265222.067   0.82293 
   519.550         124.777    312.484     387.000      50.687             8379.496               0.000               0.000          4273601.563   0.82293 
   520.550         124.775    312.508     387.000      50.687             8380.924               0.000               0.000          4281982.487   0.82293 
   521.550         124.773    312.532     387.000      50.687             8382.358               0.000               0.000          4290364.844   0.82293 
   522.550         124.772    312.557     387.000      50.687             8383.798               0.000               0.000          4298748.642   0.82293 
   523.550         124.770    312.581     387.000      50.687             8385.244               0.000               0.000          4307133.886   0.82293 
   524.550         124.768    312.606     387.000      50.687             8386.697               0.000               0.000          4315520.584   0.82293 
   525.550         124.766    312.630     387.000      50.687             8388.157               0.000               0.000          4323908.741   0.82293 
   526.550         124.764    312.654     387.000      50.687             8389.623               0.000               0.000          4332298.363   0.82293 
   527.550         124.762    312.679     387.000      50.687             8391.095               0.000               0.000          4340689.458   0.82293 
   528.550         124.760    312.703     387.000      50.687             8392.574               0.000               0.000          4349082.033   0.82293 
   529.550         124.758    312.728     387.000      50.687             8394.059               0.000               0.000          4357476.092   0.82293 
   530.550         124.756    312.752     387.000      50.687             8395.551               0.000               0.000          4365871.643   0.82293 
   531.550         124.755    312.776     387.000      50.687             8397.050               0.000               0.000          4374268.693   0.82293 
   532.550         124.753    312.801     387.000      50.687             8398.555               0.000               0.000          4382667.248   0.82293 
   533.550         124.751    312.825     387.000      50.687             8400.066               0.000               0.000          4391067.314   0.82293 
   534.550         124.749    312.850     387.000      50.687             8401.584               0.000               0.000          4399468.898   0.82293 
   535.550         124.747    312.874     387.000      50.687             8403.109               0.000               0.000          4407872.007   0.82293 
   536.550         124.745    312.899     387.000      50.687             8404.640               0.000               0.000          4416276.648   0.82293 
   537.550         124.743    312.923     387.000      50.687             8406.178               0.000               0.000          4424682.826   0.82293 
   538.550         124.741    312.947     387.000      50.687             8407.723               0.000               0.000          4433090.548   0.82293 
   539.550         124.739    312.972     387.000      50.687             8409.274               0.000               0.000          4441499.822   0.82293 
   540.550         124.737    312.996     387.000      50.687             8410.831               0.000               0.000          4449910.653   0.82293 
   541.550         124.735    313.021     387.000      50.687             8412.396               0.000               0.000          4458323.049   0.82293 
   542.550         124.733    313.045     387.000      50.687             8413.967               0.000               0.000          4466737.015   0.82293 
   543.550         124.731    313.070     387.000      50.687             8415.544               0.000               0.000          4475152.560   0.82293 
   544.550         124.729    313.094     387.000      50.687             8417.129               0.000               0.000          4483569.689   0.82293 
   545.550         124.727    313.119     387.000      50.687             8418.720               0.000               0.000          4491988.409   0.82293 
   546.550         124.725    313.143     387.000      50.687             8420.318               0.000               0.000          4500408.727   0.82293 
   547.550         124.723    313.168     387.000      50.687             8421.922               0.000               0.000          4508830.649   0.82293 
   548.550         124.721    313.192     387.000      50.687             8423.534               0.000               0.000          4517254.182   0.82293 
   549.550         124.719    313.217     387.000      50.687             8425.152               0.000               0.000          4525679.334   0.82293 
   550.550         124.717    313.241     387.000      50.687             8426.777               0.000               0.000          4534106.111   0.82293 
   551.550         124.714    313.266     387.000      50.687             8428.408               0.000               0.000          4542534.519   0.82293 
   552.550         124.712    313.290     387.000      50.687             8430.046               0.000               0.000          4550964.565   0.82293 
   553.550         124.710    313.315     387.000      50.687             8431.692               0.000               0.000          4559396.257   0.82293 
   554.550         124.708    313.339     387.000      50.687             8433.344               0.000               0.000          4567829.601   0.82293 
   555.550         124.706    313.364     387.000      50.687             8435.003               0.000               0.000          4576264.603   0.82293 
   556.550         124.704    313.388     387.000      50.687             8436.668               0.000               0.000          4584701.271   0.82293 
   557.550         124.702    313.413     387.000      50.687             8438.341               0.000               0.000          4593139.612   0.82293 
   558.550         124.700    313.437     387.000      50.687             8440.020               0.000               0.000          4601579.633   0.82293 
   559.550         124.698    313.462     387.000      50.687             8441.712               0.000               0.000          4610021.345   0.82293 
   560.550         124.695    313.486     387.000      50.687             8443.411               0.000               0.000          4618464.756   0.82293 
   561.550         124.693    313.511     387.000      50.687             8445.117               0.000               0.000          4626909.873   0.82293 
   562.550         124.691    313.535     387.000      50.687             8446.830               0.000               0.000          4635356.703   0.82293 
   563.550         124.689    313.560     387.000      50.687             8448.550               0.000               0.000          4643805.252   0.82293 
   564.550         124.687    313.584     387.000      50.687             8450.276               0.000               0.000          4652255.529   0.82293 
   565.550         124.685    313.609     387.000      50.687             8452.010               0.000               0.000          4660707.538   0.82293 
   566.550         124.682    313.634     387.000      50.687             8453.751               0.000               0.000          4669161.289   0.82293 
   567.550         124.680    313.658     387.000      50.687             8455.498               0.000               0.000          4677616.787   0.82293 
   568.550         124.678    313.683     387.000      50.687             8457.253               0.000               0.000          4686074.040   0.82293 
   569.550         124.676    313.707     387.000      50.687             8459.015               0.000               0.000          4694533.055   0.82293 
   570.550         124.673    313.732     387.000      50.687             8460.784               0.000               0.000          4702993.839   0.82293 
   571.550         124.671    313.756     387.000      50.687             8462.560               0.000               0.000          4711456.399   0.82293 
   572.550         124.669    313.781     387.000      50.687             8464.343               0.000               0.000          4719920.741   0.82293 
   573.550         124.667    313.806     387.000      50.687             8466.133               0.000               0.000          4728386.874   0.82293 
   574.550         124.664    313.830     387.000      50.687             8467.930               0.000               0.000          4736854.804   0.82293 
   575.550         124.662    313.855     387.000      50.687             8469.734               0.000               0.000          4745324.538   0.82293 
   576.550         124.660    313.879     387.000      50.687             8471.546               0.000               0.000          4753796.083   0.82293 
   577.550         124.658    313.904     387.000      50.687             8473.364               0.000               0.000          4762269.448   0.82293 
   578.550         124.655    313.929     387.000      50.687             8475.190               0.000               0.000          4770744.638   0.82293 
   579.550         124.653    313.953     387.000      50.687             8477.023               0.000               0.000          4779221.660   0.82293 
   580.550         124.651    313.978     387.000      50.687             8478.863               0.000               0.000          4787700.523   0.82293 
   581.550         124.648    314.003     387.000      50.687             8480.710               0.000               0.000          4796181.234   0.82293 
   582.550         124.646    314.027     387.000      50.687             8482.565               0.000               0.000          4804663.799   0.82293 
   583.550         124.644    314.052     387.000      50.687             8484.427               0.000               0.000          4813148.225   0.82293 
   584.550         124.641    314.077     387.000      50.687             8486.296               0.000               0.000          4821634.521   0.82293 
   585.550         124.639    314.101     387.000      50.687             8488.172               0.000               0.000          4830122.693   0.82293 
   586.550         124.636    314.126     387.000      50.687             8490.055               0.000               0.000          4838612.748   0.82293 
   587.550         124.634    314.150     387.000      50.687             8491.946               0.000               0.000          4847104.695   0.82293 
   588.550         124.632    314.175     387.000      50.687             8493.844               0.000               0.000          4855598.539   0.82293 
   589.550         124.629    314.200     387.000      50.687             8495.750               0.000               0.000          4864094.289   0.82293 
   590.550         124.627    314.225     387.000      50.687             8497.663               0.000               0.000          4872591.952   0.82293 
   591.550         124.625    314.249     387.000      50.687             8499.583               0.000               0.000          4881091.535   0.82293 
   592.550         124.622    314.274     387.000      50.687             8501.510               0.000               0.000          4889593.045   0.82293 
   593.550         124.620    314.299     387.000      50.687             8503.445               0.000               0.000          4898096.490   0.82293 
   594.550         124.617    314.323     387.000      50.687             8505.387               0.000               0.000          4906601.877   0.82293 
   595.550         124.615    314.348     387.000      50.687             8507.337               0.000               0.000          4915109.214   0.82293 
   596.550         124.612    314.373     387.000      50.687             8509.294               0.000               0.000          4923618.508   0.82293 
   597.550         124.610    314.397     387.000      50.687             8511.258               0.000               0.000          4932129.766   0.82293 
   598.550         124.607    314.422     387.000      50.687             8513.230               0.000               0.000          4940642.996   0.82293 
   599.550         124.605    314.447     387.000      50.687             8515.210               0.000               0.000          4949158.206   0.82293 
   600.550         124.602    314.472     387.000      50.687             8517.196               0.000               0.000          4957675.402   0.82293 
   601.550         124.600    314.496     387.000      50.687             8519.191               0.000               0.000          4966194.593   0.82293 
   602.550         124.597    314.521     387.000      50.687             8521.199               0.000               0.000          4974715.791   0.82293 
   603.550         124.595    314.546     387.000      50.687             8523.215               0.000               0.000          4983239.006   0.82293 
   604.550         124.592    314.571     387.000      50.687             8525.238               0.000               0.000          4991764.244   0.82293 
   605.550         124.590    314.595     387.000      50.687             8527.269               0.000               0.000          5000291.513   0.82293 
   606.550         124.587    314.620     387.000      50.687             8529.308               0.000               0.000          5008820.821   0.82293 
   607.550         124.585    314.645     387.000      50.687             8531.354               0.000               0.000          5017352.175   0.82293 
   608.550         124.582    314.670     387.000      50.687             8533.408               0.000               0.000          5025885.583   0.82293 
   609.550         124.580    314.694     387.000      50.687             8535.470               0.000               0.000          5034421.053   0.82293 
   610.550         124.577    314.719     387.000      50.687             8537.539               0.000               0.000          5042958.592   0.82293 
   611.550         124.574    314.744     387.000      50.687             8539.616               0.000               0.000          5051498.207   0.82293 
   612.550         124.572    314.769     387.000      50.687             8541.700               0.000               0.000          5060039.907   0.82293 
   613.550         124.569    314.794     387.000      50.687             8543.792               0.000               0.000          5068583.699   0.82293 
   614.550         124.567    314.818     387.000      50.687             8545.892               0.000               0.000          5077129.591   0.82293 
   615.550         124.564    314.843     387.000      50.687             8547.999               0.000               0.000          5085677.591   0.82293 
   616.550         124.561    314.868     387.000      50.687             8550.115               0.000               0.000          5094227.705   0.82293 
   617.550         124.559    314.893     387.000      50.687             8552.238               0.000               0.000          5102779.943   0.82293 
   618.550         124.556    314.918     387.000      50.687             8554.368               0.000               0.000          5111334.312   0.82293 
   619.550         124.553    314.943     387.000      50.687             8556.507               0.000               0.000          5119890.818   0.82293 
   620.550         124.551    314.967     387.000      50.687             8558.653               0.000               0.000          5128449.472   0.82293 
   621.550         124.548    314.992     387.000      50.687             8560.807               0.000               0.000          5137010.279   0.82293 
   622.550         124.545    315.017     387.000      50.687             8562.969               0.000               0.000          5145573.248   0.82293 
   623.550         124.543    315.042     387.000      50.687             8565.139               0.000               0.000          5154138.387   0.82293 
   624.550         124.540    315.067     387.000      50.687             8567.316               0.000               0.000          5162705.703   0.82293 
   625.550         124.537    315.092     387.000      50.687             8569.502               0.000               0.000          5171275.205   0.82293 
   626.550         124.535    315.117     387.000      50.687             8571.695               0.000               0.000          5179846.900   0.82293 
   627.550         124.532    315.142     387.000      50.687             8573.896               0.000               0.000          5188420.796   0.82293 
   628.550         124.529    315.166     387.000      50.687             8576.105               0.000               0.000          5196996.901   0.82293 
   629.550         124.526    315.191     387.000      50.687             8578.322               0.000               0.000          5205575.223   0.82293 
   630.550         124.524    315.216     387.000      50.687             8580.547               0.000               0.000          5214155.769   0.82293 
   631.550         124.521    315.241     387.000      50.687             8582.780               0.000               0.000          5222738.549   0.82293 
   632.550         124.518    315.266     387.000      50.687             8585.020               0.000               0.000          5231323.569   0.82293 
   633.550         124.515    315.291     387.000      50.687             8587.269               0.000               0.000          5239910.838   0.82293 
   634.550         124.512    315.316     387.000      50.687             8589.526               0.000               0.000          5248500.364   0.82293 
   635.550         124.510    315.341     387.000      50.687             8591.790               0.000               0.000          5257092.154   0.82293 
   636.550         124.507    315.366     387.000      50.687             8594.063               0.000               0.000          5265686.217   0.82293 
   637.550         124.504    315.391     387.000      50.687             8596.344               0.000               0.000          5274282.561   0.82293 
   638.550         124.501    315.416     387.000      50.687             8598.633               0.000               0.000          5282881.194   0.82293 
   639.550         124.498    315.441     387.000      50.687             8600.933               0.000               0.000          5291482.127   0.82293 
   640.550         124.495    315.466     387.000      50.687             8603.246               0.000               0.000          5300085.372   0.82293 
   641.550         124.493    315.491     387.000      50.687             8605.566               0.000               0.000          5308690.939   0.82293 
   642.550         124.490    315.516     387.000      50.687             8607.895               0.000               0.000          5317298.834   0.82293 
   643.550         124.487    315.541     387.000      50.687             8610.232               0.000               0.000          5325909.067   0.82293 
   644.550         124.484    315.566     387.000      50.687             8612.578               0.000               0.000          5334521.644   0.82293 
   645.550         124.481    315.591     387.000      50.687             8614.931               0.000               0.000          5343136.575   0.82293 
   646.550         124.478    315.616     387.000      50.687             8617.292               0.000               0.000          5351753.868   0.82293 
   647.550         124.475    315.641     387.000      50.687             8619.662               0.000               0.000          5360373.530   0.82293 
   648.550         124.472    315.666     387.000      50.687             8622.040               0.000               0.000          5368995.570   0.82293 
   649.550         124.469    315.691     387.000      50.687             8624.426               0.000               0.000          5377619.997   0.82293 
   650.550         124.466    315.716     387.000      50.687             8626.821               0.000               0.000          5386246.818   0.82293 
   651.550         124.463    315.741     387.000      50.687             8629.224               0.000               0.000          5394876.041   0.82293 
   652.550         124.461    315.766     387.000      50.687             8631.635               0.000               0.000          5403507.676   0.82293 
   653.550         124.458    315.791     387.000      50.687             8634.054               0.000               0.000          5412141.730   0.82293 
   654.550         124.455    315.816     387.000      50.687             8636.482               0.000               0.000          5420778.212   0.82293 
   655.550         124.452    315.841     387.000      50.687             8638.918               0.000               0.000          5429417.130   0.82293 
   656.550         124.449    315.866     387.000      50.687             8641.362               0.000               0.000          5438058.492   0.82293 
   657.550         124.446    315.891     387.000      50.687             8643.815               0.000               0.000          5446702.307   0.82293 
   658.550         124.443    315.916     387.000      50.687             8646.276               0.000               0.000          5455348.583   0.82293 
   659.550         124.440    315.941     387.000      50.687             8648.745               0.000               0.000          5463997.328   0.82293 
   660.550         124.437    315.966     387.000      50.687             8651.223               0.000               0.000          5472648.551   0.82293 
   661.550         124.433    315.992     387.000      50.687             8653.710               0.000               0.000          5481302.261   0.82293 
   662.550         124.430    316.017     387.000      50.687             8656.204               0.000               0.000          5489958.465   0.82293 
   663.550         124.427    316.042     387.000      50.687             8658.707               0.000               0.000          5498617.173   0.82293 
   664.550         124.424    316.067     387.000      50.687             8661.219               0.000               0.000          5507278.392   0.82293 
   665.550         124.421    316.092     387.000      50.687             8663.739               0.000               0.000          5515942.131   0.82293 
   666.550         124.418    316.117     387.000      50.687             8666.268               0.000               0.000          5524608.399   0.82293 
   667.550         124.415    316.142     387.000      50.687             8668.805               0.000               0.000          5533277.204   0.82293 
   668.550         124.412    316.167     387.000      50.687             8671.351               0.000               0.000          5541948.555   0.82293 
   669.550         124.409    316.193     387.000      50.687             8673.905               0.000               0.000          5550622.460   0.82293 
   670.550         124.406    316.218     387.000      50.687             8676.468               0.000               0.000          5559298.928   0.82293 
   671.550         124.403    316.243     387.000      50.687             8679.039               0.000               0.000          5567977.968   0.82293 
   672.550         124.399    316.268     387.000      50.687             8681.620               0.000               0.000          5576659.588   0.82293 
   673.550         124.396    316.293     387.000      50.687             8684.217               0.000               0.000          5585343.805   0.82293 
   674.550         124.393    316.319     387.000      50.687             8686.823               0.000               0.000          5594030.629   0.82293 
   675.550         124.390    316.344     387.000      50.687             8689.438               0.000               0.000          5602720.067   0.82293 
   676.550         124.387    316.369     387.000      50.687             8692.062               0.000               0.000          5611412.129   0.82293 
   677.550         124.383    316.394     387.000      50.687             8694.694               0.000               0.000          5620106.822   0.82293 
   678.550         124.380    316.419     387.000      50.687             8697.334               0.000               0.000          5628804.157   0.82293 
   679.550         124.377    316.445     387.000      50.687             8699.984               0.000               0.000          5637504.141   0.82293 
   680.550         124.374    316.470     387.000      50.687             8702.642               0.000               0.000          5646206.783   0.82293 
   681.550         124.371    316.495     387.000      50.687             8705.309               0.000               0.000          5654912.093   0.82293 
   682.550         124.367    316.520     387.000      50.687             8707.985               0.000               0.000          5663620.078   0.82293 
   683.550         124.364    316.546     387.000      50.687             8710.670               0.000               0.000          5672330.748   0.82293 
   684.550         124.361    316.571     387.000      50.687             8713.364               0.000               0.000          5681044.112   0.82293 
   685.550         124.358    316.596     387.000      50.687             8716.066               0.000               0.000          5689760.178   0.82293 
   686.550         124.354    316.622     387.000      50.687             8718.777               0.000               0.000          5698478.955   0.82293 
   687.550         124.351    316.647     387.000      50.687             8721.497               0.000               0.000          5707200.452   0.82293 
   688.550         124.348    316.672     387.000      50.687             8724.226               0.000               0.000          5715924.679   0.82293 
   689.550         124.344    316.697     387.000      50.687             8726.964               0.000               0.000          5724651.643   0.82293 
   690.550         124.341    316.723     387.000      50.687             8729.711               0.000               0.000          5733381.354   0.82293 
   691.550         124.338    316.748     387.000      50.687             8732.467               0.000               0.000          5742113.821   0.82293 
   692.550         124.334    316.773     387.000      50.687             8735.232               0.000               0.000          5750849.053   0.82293 
   693.550         124.331    316.799     387.000      50.687             8738.005               0.000               0.000          5759587.058   0.82293 
   694.550         124.328    316.824     387.000      50.687             8740.788               0.000               0.000          5768327.846   0.82293 
   695.550         124.324    316.849     387.000      50.687             8743.580               0.000               0.000          5777071.426   0.82293 
   696.550         124.321    316.875     387.000      50.687             8746.381               0.000               0.000          5785817.807   0.82293 
   697.550         124.318    316.900     387.000      50.687             8749.190               0.000               0.000          5794566.997   0.82293 
   698.550         124.314    316.926     387.000      50.687             8752.009               0.000               0.000          5803319.006   0.82293 
   699.550         124.311    316.951     387.000      50.687             8754.837               0.000               0.000          5812073.843   0.82293 
   700.550         124.307    316.976     387.000      50.687             8757.674               0.000               0.000          5820831.517   0.82293 
   701.550         124.304    317.002     387.000      50.687             8760.520               0.000               0.000          5829592.037   0.82293 
   702.550         124.300    317.027     387.000      50.687             8763.375               0.000               0.000          5838355.413   0.82293 
   703.550         124.297    317.053     387.000      50.687             8766.277               0.000               0.000          5847121.690   0.82293 
   704.550         124.294    317.078     387.000      50.687             8769.200               0.000               0.000          5855890.890   0.82293 
   705.550         124.290    317.103     387.000      50.687             8772.133               0.000               0.000          5864663.023   0.82293 
   706.550         124.287    317.129     387.000      50.687             8775.075               0.000               0.000          5873438.098   0.82293 
   707.550         124.283    317.154     387.000      50.687             8778.026               0.000               0.000          5882216.124   0.82293 
   708.550         124.280    317.180     387.000      50.687             8780.987               0.000               0.000          5890997.111   0.82293 
   709.550         124.276    317.205     387.000      50.687             8783.957               0.000               0.000          5899781.069   0.82293 
   710.550         124.273    317.231     387.000      50.687             8786.937               0.000               0.000          5908568.006   0.82293 
   711.550         124.269    317.256     387.000      50.687             8789.926               0.000               0.000          5917357.932   0.82293 
   712.550         124.266    317.282     387.000      50.687             8792.925               0.000               0.000          5926150.857   0.82293 
   713.550         124.262    317.307     387.000      50.687             8795.933               0.000               0.000          5934946.790   0.82293 
   714.550         124.258    317.333     387.000      50.687             8798.951               0.000               0.000          5943745.741   0.82293 
   715.550         124.255    317.358     387.000      50.687             8801.978               0.000               0.000          5952547.719   0.82293 
   716.550         124.251    317.384     387.000      50.687             8805.015               0.000               0.000          5961352.733   0.82293 
   717.550         124.248    317.409     387.000      50.687             8808.061               0.000               0.000          5970160.794   0.82293 
   718.550         124.244    317.435     387.000      50.687             8811.117               0.000               0.000          5978971.911   0.82293 
   719.550         124.240    317.460     387.000      50.687             8814.182               0.000               0.000          5987786.093   0.82293 
   720.550         124.237    317.486     387.000      50.687             8817.257               0.000               0.000          5996603.351   0.82293 
   721.550         124.233    317.511     387.000      50.687             8820.342               0.000               0.000          6005423.693   0.82293 
   722.550         124.230    317.537     387.000      50.687             8823.437               0.000               0.000          6014247.130   0.82293 
   723.550         124.226    317.563     387.000      50.687             8826.541               0.000               0.000          6023073.670   0.82293 
   724.550         124.222    317.588     387.000      50.687             8829.654               0.000               0.000          6031903.325   0.82293 
   725.550         124.219    317.614     387.000      50.687             8832.778               0.000               0.000          6040736.103   0.82293 
   726.550         124.215    317.639     387.000      50.687             8835.911               0.000               0.000          6049572.014   0.82293 
   727.550         124.211    317.665     387.000      50.687             8839.054               0.000               0.000          6058411.068   0.82293 
   728.550         124.208    317.691     387.000      50.687             8842.207               0.000               0.000          6067253.275   0.82293 
   729.550         124.204    317.716     387.000      50.687             8845.369               0.000               0.000          6076098.644   0.82293 
   730.550         124.200    317.742     387.000      50.687             8848.542               0.000               0.000          6084947.186   0.82293 
   731.550         124.196    317.768     387.000      50.687             8851.660               0.000               0.000          6093798.846   0.82293 
   732.550         124.193    317.793     387.000      50.687             8854.775               0.000               0.000          6102653.620   0.82293 
   733.550         124.189    317.819     387.000      50.687             8857.900               0.000               0.000          6111511.520   0.82293 
   734.550         124.185    317.845     387.000      50.687             8861.034               0.000               0.000          6120372.554   0.82293 
   735.550         124.181    317.870     387.000      50.687             8864.178               0.000               0.000          6129236.732   0.82293 
   736.550         124.178    317.896     387.000      50.687             8867.332               0.000               0.000          6138104.064   0.82293 
   737.550         124.174    317.922     387.000      50.687             8870.495               0.000               0.000          6146974.559   0.82293 
   738.550         124.170    317.947     387.000      50.687             8873.668               0.000               0.000          6155848.228   0.82293 
   739.550         124.166    317.973     387.000      50.687             8876.851               0.000               0.000          6164725.079   0.82293 
   740.550         124.162    317.999     387.000      50.687             8880.044               0.000               0.000          6173605.122   0.82293 
   741.550         124.159    318.025     387.000      50.687             8883.246               0.000               0.000          6182488.368   0.82293 
   742.550         124.155    318.050     387.000      50.687             8886.458               0.000               0.000          6191374.826   0.82293 
   743.550         124.151    318.076     387.000      50.687             8889.680               0.000               0.000          6200264.506   0.82293 
   744.550         124.147    318.102     387.000      50.687             8892.911               0.000               0.000          6209157.417   0.82293 
   745.550         124.143    318.128     387.000      50.687             8896.153               0.000               0.000          6218053.570   0.82293 
   746.550         124.139    318.153     387.000      50.687             8899.404               0.000               0.000          6226952.974   0.82293 
   747.550         124.135    318.179     387.000      50.687             8902.665               0.000               0.000          6235855.639   0.82293 
   748.550         124.131    318.205     387.000      50.687             8905.936               0.000               0.000          6244761.575   0.82293 
   749.550         124.128    318.231     387.000      50.687             8909.217               0.000               0.000          6253670.792   0.82293 
   750.550         124.124    318.257     387.000      50.687             8912.508               0.000               0.000          6262583.300   0.82293 
   751.550         124.120    318.283     387.000      50.687             8915.808               0.000               0.000          6271499.108   0.82293 
   752.550         124.116    318.308     387.000      50.687             8919.119               0.000               0.000          6280418.227   0.82293 
   753.550         124.112    318.334     387.000      50.687             8922.440               0.000               0.000          6289340.667   0.82293 
   754.550         124.108    318.360     387.000      50.687             8925.770               0.000               0.000          6298266.437   0.82293 
   755.550         124.104    318.386     387.000      50.687             8929.111               0.000               0.000          6307195.549   0.82293 
   756.550         124.100    318.412     387.000      50.687             8932.462               0.000               0.000          6316128.010   0.82293 
   757.550         124.096    318.438     387.000      50.687             8935.876               0.000               0.000          6325063.886   0.82293 
   758.550         124.092    318.464     387.000      50.687             8939.305               0.000               0.000          6334003.192   0.82293 
   759.550         124.088    318.490     387.000      50.687             8942.745               0.000               0.000          6342945.937   0.82293 
   760.550         124.084    318.515     387.000      50.687             8946.196               0.000               0.000          6351892.133   0.82293 
   761.550         124.080    318.541     387.000      50.687             8949.656               0.000               0.000          6360841.789   0.82293 
   762.550         124.076    318.567     387.000      50.687             8953.127               0.000               0.000          6369794.916   0.82293 
   763.550         124.072    318.593     387.000      50.687             8956.608               0.000               0.000          6378751.524   0.82293 
   764.550         124.068    318.619     387.000      50.687             8960.100               0.000               0.000          6387711.624   0.82293 
   765.550         124.064    318.645     387.000      50.687             8963.602               0.000               0.000          6396675.226   0.82293 
   766.550         124.059    318.671     387.000      50.687             8967.114               0.000               0.000          6405642.340   0.82293 
   767.550         124.055    318.697     387.000      50.687             8970.637               0.000               0.000          6414612.977   0.82293 
   768.550         124.051    318.723     387.000      50.687             8974.171               0.000               0.000          6423587.148   0.82293 
   769.550         124.047    318.749     387.000      50.687             8977.714               0.000               0.000          6432564.862   0.82293 
   770.550         124.043    318.775     387.000      50.687             8981.269               0.000               0.000          6441546.131   0.82293 
   771.550         124.039    318.801     387.000      50.687             8984.833               0.000               0.000          6450530.964   0.82293 
   772.550         124.035    318.827     387.000      50.687             8988.409               0.000               0.000          6459519.373   0.82293 
   773.550         124.031    318.853     387.000      50.687             8991.995               0.000               0.000          6468511.368   0.82293 
   774.550         124.026    318.879     387.000      50.687             8995.591               0.000               0.000          6477506.959   0.82293 
   775.550         124.022    318.905     387.000      50.687             8999.198               0.000               0.000          6486506.157   0.82293 
   776.550         124.018    318.931     387.000      50.687             9002.816               0.000               0.000          6495508.973   0.82293 
   777.550         124.014    318.958     387.000      50.687             9006.444               0.000               0.000          6504515.417   0.82293 
   778.550         124.010    318.984     387.000      50.687             9010.083               0.000               0.000          6513525.501   0.82293 
   779.550         124.005    319.010     387.000      50.687             9013.733               0.000               0.000          6522539.234   0.82293 
   780.550         124.001    319.036     387.000      50.687             9017.393               0.000               0.000          6531556.627   0.82293 
   781.550         123.997    319.062     387.000      50.687             9021.072               0.000               0.000          6540577.699   0.82293 
   782.550         123.993    319.088     387.000      50.687             9024.767               0.000               0.000          6549602.466   0.82293 
   783.550         123.988    319.114     387.000      50.687             9028.472               0.000               0.000          6558630.938   0.82293 
   784.550         123.984    319.140     387.000      50.687             9032.188               0.000               0.000          6567663.125   0.82293 
   785.550         123.980    319.167     387.000      50.687             9035.915               0.000               0.000          6576699.040   0.82293 
   786.550         123.975    319.193     387.000      50.687             9039.652               0.000               0.000          6585738.692   0.82293 
   787.550         123.971    319.219     387.000      50.687             9043.401               0.000               0.000          6594782.093   0.82293 
   788.550         123.967    319.245     387.000      50.687             9047.160               0.000               0.000          6603829.253   0.82293 
   789.550         123.962    319.271     387.000      50.687             9050.931               0.000               0.000          6612880.184   0.82293 
   790.550         123.958    319.298     387.000      50.687             9054.712               0.000               0.000          6621934.896   0.82293 
   791.550         123.954    319.324     387.000      50.687             9058.504               0.000               0.000          6630993.401   0.82293 
   792.550         123.949    319.350     387.000      50.687             9062.308               0.000               0.000          6640055.708   0.82293 
   793.550         123.945    319.376     387.000      50.687             9066.122               0.000               0.000          6649121.830   0.82293 
   794.550         123.941    319.403     387.000      50.687             9069.947               0.000               0.000          6658191.778   0.82293 
   795.550         123.936    319.429     387.000      50.687             9073.784               0.000               0.000          6667265.562   0.82293 
   796.550         123.932    319.455     387.000      50.687             9077.631               0.000               0.000          6676343.193   0.82293 
   797.550         123.927    319.481     387.000      50.687             9081.490               0.000               0.000          6685424.683   0.82293 
   798.550         123.923    319.508     387.000      50.687             9085.360               0.000               0.000          6694510.043   0.82293 
   799.550         123.918    319.534     387.000      50.687             9089.241               0.000               0.000          6703599.283   0.82293 
   800.550         123.914    319.560     387.000      50.687             9093.133               0.000               0.000          6712692.416   0.82293 
   801.550         123.910    319.587     387.000      50.687             9097.036               0.000               0.000          6721789.452   0.82293 
   802.550         123.905    319.613     387.000      50.687             9100.950               0.000               0.000          6730890.402   0.82293 
   803.550         123.901    319.639     387.000      50.687             9104.876               0.000               0.000          6739995.278   0.82293 
   804.550         123.896    319.666     387.000      50.687             9108.823               0.000               0.000          6749104.101   0.82293 
   805.550         123.892    319.692     387.000      50.687             9112.784               0.000               0.000          6758216.885   0.82293 
   806.550         123.887    319.719     387.000      50.687             9116.757               0.000               0.000          6767333.643   0.82293 
   807.550         123.883    319.745     387.000      50.687             9120.742               0.000               0.000          6776454.385   0.82293 
   808.550         123.878    319.771     387.000      50.687             9124.737               0.000               0.000          6785579.122   0.82293 
   809.550         123.873    319.798     387.000      50.687             9128.745               0.000               0.000          6794707.867   0.82293 
   810.550         123.869    319.824     387.000      50.687             9132.763               0.000               0.000          6803840.630   0.82293 
   811.550         123.864    319.851     387.000      50.687             9136.793               0.000               0.000          6812977.423   0.82293 
   812.550         123.860    319.877     387.000      50.687             9140.835               0.000               0.000          6822118.257   0.82293 
   813.550         123.855    319.904     387.000      50.687             9144.888               0.000               0.000          6831263.145   0.82293 
   814.550         123.850    319.930     387.000      50.687             9148.952               0.000               0.000          6840412.097   0.82293 
   815.550         123.846    319.957     387.000      50.687             9153.028               0.000               0.000          6849565.125   0.82293 
   816.550         123.841    319.983     387.000      50.687             9157.116               0.000               0.000          6858722.241   0.82293 
   817.550         123.837    320.010     387.000      50.687             9161.215               0.000               0.000          6867883.455   0.82293 
   818.550         123.832    320.036     387.000      50.687             9165.326               0.000               0.000          6877048.781   0.82293 
   819.550         123.827    320.063     387.000      50.687             9169.448               0.000               0.000          6886218.229   0.82293 
   820.550         123.823    320.089     387.000      50.687             9173.582               0.000               0.000          6895391.811   0.82293 
   821.550         123.818    320.116     387.000      50.687             9177.728               0.000               0.000          6904569.538   0.82293 
   822.550         123.813    320.142     387.000      50.687             9181.885               0.000               0.000          6913751.424   0.82293 
   823.550         123.809    320.169     387.000      50.687             9186.054               0.000               0.000          6922937.478   0.82293 
   824.550         123.804    320.196     387.000      50.687             9190.235               0.000               0.000          6932127.713   0.82293 
   825.550         123.799    320.222     387.000      50.687             9194.429               0.000               0.000          6941322.142   0.82293 
   826.550         123.794    320.249     387.000      50.687             9198.648               0.000               0.000          6950520.790   0.82293 
   827.550         123.790    320.275     387.000      50.687             9202.878               0.000               0.000          6959723.668   0.82293 
   828.550         123.785    320.302     387.000      50.687             9207.121               0.000               0.000          6968930.789   0.82293 
   829.550         123.780    320.329     387.000      50.687             9211.375               0.000               0.000          6978142.164   0.82293 
   830.550         123.775    320.355     387.000      50.687             9215.642               0.000               0.000          6987357.806   0.82293 
   831.550         123.770    320.382     387.000      50.687             9219.920               0.000               0.000          6996577.726   0.82293 
   832.550         123.766    320.409     387.000      50.687             9224.210               0.000               0.000          7005801.936   0.82293 
   833.550         123.761    320.435     387.000      50.687             9228.513               0.000               0.000          7015030.449   0.82293 
   834.550         123.756    320.462     387.000      50.687             9232.827               0.000               0.000          7024263.276   0.82293 
   835.550         123.751    320.489     387.000      50.687             9237.153               0.000               0.000          7033500.429   0.82293 
   836.550         123.746    320.516     387.000      50.687             9241.492               0.000               0.000          7042741.921   0.82293 
   837.550         123.741    320.542     387.000      50.687             9245.842               0.000               0.000          7051987.763   0.82293 
   838.550         123.737    320.569     387.000      50.687             9250.205               0.000               0.000          7061237.968   0.82293 
   839.550         123.732    320.596     387.000      50.687             9254.580               0.000               0.000          7070492.548   0.82293 
   840.550         123.727    320.623     387.000      50.687             9258.967               0.000               0.000          7079751.515   0.82293 
   841.550         123.722    320.650     387.000      50.687             9263.366               0.000               0.000          7089014.882   0.82293 
   842.550         123.717    320.676     387.000      50.687             9267.778               0.000               0.000          7098282.659   0.82293 
   843.550         123.712    320.703     387.000      50.687             9272.201               0.000               0.000          7107554.860   0.82293 
   844.550         123.707    320.730     387.000      50.687             9276.637               0.000               0.000          7116831.497   0.82293 
   845.550         123.702    320.757     387.000      50.687             9281.085               0.000               0.000          7126112.583   0.82293 
   846.550         123.697    320.784     387.000      50.687             9285.553               0.000               0.000          7135398.136   0.82293 
   847.550         123.692    320.811     387.000      50.687             9290.041               0.000               0.000          7144688.176   0.82293 
   848.550         123.687    320.838     387.000      50.687             9294.541               0.000               0.000          7153982.718   0.82293 
   849.550         123.682    320.864     387.000      50.687             9299.054               0.000               0.000          7163281.772   0.82293 
   850.550         123.677    320.891     387.000      50.687             9303.580               0.000               0.000          7172585.352   0.82293 
   851.550         123.672    320.918     387.000      50.687             9308.118               0.000               0.000          7181893.470   0.82293 
   852.550         123.667    320.945     387.000      50.687             9312.668               0.000               0.000          7191206.139   0.82293 
   853.550         123.662    320.972     387.000      50.687             9317.231               0.000               0.000          7200523.370   0.82293 
   854.550         123.657    320.999     387.000      50.687             9321.807               0.000               0.000          7209845.177   0.82293 
   855.550         123.652    321.026     387.000      50.687             9326.395               0.000               0.000          7219171.572   0.82293 
   856.550         123.647    321.053     387.000      50.687             9330.996               0.000               0.000          7228502.568   0.82293 
   857.550         123.642    321.080     387.000      50.687             9335.609               0.000               0.000          7237838.177   0.82293 
   858.550         123.637    321.107     387.000      50.687             9340.235               0.000               0.000          7247178.413   0.82293 
   859.550         123.632    321.134     387.000      50.687             9344.874               0.000               0.000          7256523.287   0.82293 
   860.550         123.626    321.161     387.000      50.687             9349.526               0.000               0.000          7265872.813   0.82293 
   861.550         123.621    321.188     387.000      50.687             9354.190               0.000               0.000          7275227.002   0.82293 
   862.550         123.616    321.215     387.000      50.687             9358.867               0.000               0.000          7284585.869   0.82293 
   863.550         123.611    321.242     387.000      50.687             9363.557               0.000               0.000          7293949.426   0.82293 
   864.550         123.606    321.270     387.000      50.687             9368.259               0.000               0.000          7303317.685   0.82293 
   865.550         123.601    321.297     387.000      50.687             9372.975               0.000               0.000          7312690.660   0.82293 
   866.550         123.595    321.324     387.000      50.687             9376.625               0.000               0.000          7322067.285   0.82293 
   867.550         123.590    321.351     387.000      50.687             9379.943               0.000               0.000          7331447.227   0.82293 
   868.550         123.585    321.378     387.000      50.687             9383.269               0.000               0.000          7340830.496   0.82293 
   869.550         123.580    321.405     387.000      50.687             9386.604               0.000               0.000          7350217.100   0.82293 
   870.550         123.575    321.432     387.000      50.687             9389.947               0.000               0.000          7359607.047   0.82293 
   871.550         123.569    321.460     387.000      50.687             9393.299               0.000               0.000          7369000.345   0.82293 
   872.550         123.564    321.487     387.000      50.687             9396.659               0.000               0.000          7378397.005   0.82293 
   873.550         123.559    321.514     387.000      50.687             9400.029               0.000               0.000          7387797.034   0.82293 
   874.550         123.553    321.541     387.000      50.687             9403.407               0.000               0.000          7397200.440   0.82293 
   875.550         123.548    321.568     387.000      50.687             9406.793               0.000               0.000          7406607.233   0.82293 
   876.550         123.543    321.596     387.000      50.687             9410.189               0.000               0.000          7416017.422   0.82293 
   877.550         123.537    321.623     387.000      50.687             9413.593               0.000               0.000          7425431.015   0.82293 
   878.550         123.532    321.650     387.000      50.687             9417.005               0.000               0.000          7434848.020   0.82293 
   879.550         123.527    321.677     387.000      50.687             9420.427               0.000               0.000          7444268.447   0.82293 
   880.550         123.521    321.704     387.000      50.687             9423.857               0.000               0.000          7453692.303   0.82293 
   881.550         123.516    321.732     387.000      50.687             9427.296               0.000               0.000          7463119.599   0.82293 
   882.550         123.511    321.759     387.000      50.687             9430.744               0.000               0.000          7472550.343   0.82293 
   883.550         123.505    321.786     387.000      50.687             9434.200               0.000               0.000          7481984.543   0.82293 
   884.550         123.500    321.814     387.000      50.687             9437.666               0.000               0.000          7491422.209   0.82293 
   885.550         123.494    321.841     387.000      50.687             9443.862               0.000               0.000          7500866.071   0.82293 
   886.550         123.489    321.868     387.000      50.687             9450.386               0.000               0.000          7510316.457   0.82293 
   887.550         123.484    321.896     387.000      50.687             9456.928               0.000               0.000          7519773.384   0.82293 
   888.550         123.478    321.923     387.000      50.687             9463.489               0.000               0.000          7529236.873   0.82293 
   889.550         123.473    321.950     387.000      50.687             9470.068               0.000               0.000          7538706.941   0.82293 
   890.550         123.467    321.978     387.000      50.687             9476.666               0.000               0.000          7548183.607   0.82293 
   891.550         123.462    322.005     387.000      50.687             9483.283               0.000               0.000          7557666.890   0.82293 
   892.550         123.456    322.033     387.000      50.687             9489.919               0.000               0.000          7567156.808   0.82293 
   893.550         123.451    322.060     387.000      50.687             9496.573               0.000               0.000          7576653.382   0.82293 
   894.550         123.445    322.088     387.000      50.687             9503.246               0.000               0.000          7586156.628   0.82293 
   895.550         123.440    322.115     387.000      50.687             9509.939               0.000               0.000          7595666.566   0.82293 
   896.550         123.434    322.143     387.000      50.687             9516.650               0.000               0.000          7605183.216   0.82293 
   897.550         123.429    322.170     387.000      50.687             9523.380               0.000               0.000          7614706.596   0.82293 
   898.550         123.423    322.198     387.000      50.687             9530.129               0.000               0.000          7624236.725   0.82293 
   899.550         123.417    322.225     387.000      50.687             9536.897               0.000               0.000          7633773.623   0.82293 
   900.550         123.412    322.253     387.000      50.687             9543.685               0.000               0.000          7643317.308   0.82293 
   901.550         123.406    322.280     387.000      50.687             9550.492               0.000               0.000          7652867.799   0.82293 
   902.550         123.401    322.308     387.000      50.687             9557.317               0.000               0.000          7662425.117   0.82293 
   903.550         123.395    322.336     387.000      50.687             9562.939               0.000               0.000          7671988.055   0.82293 
   904.550         123.389    322.363     387.000      50.687             9568.230               0.000               0.000          7681556.286   0.82293 
   905.550         123.384    322.391     387.000      50.687             9573.536               0.000               0.000          7691129.822   0.82293 
   906.550         123.378    322.419     387.000      50.687             9578.856               0.000               0.000          7700708.678   0.82293 
   907.550         123.372    322.446     387.000      50.687             9584.191               0.000               0.000          7710292.869   0.82293 
   908.550         123.367    322.474     387.000      50.687             9589.539               0.000               0.000          7719882.408   0.82293 
   909.550         123.361    322.502     387.000      50.687             9594.902               0.000               0.000          7729477.310   0.82293 
   910.550         123.355    322.530     387.000      50.687             9600.278               0.000               0.000          7739077.588   0.82293 
   911.550         123.349    322.557     387.000      50.687             9605.670               0.000               0.000          7748683.258   0.82293 
   912.550         123.344    322.585     387.000      50.687             9611.075               0.000               0.000          7758294.333   0.82293 
   913.550         123.338    322.613     387.000      50.687             9616.495               0.000               0.000          7767910.828   0.82293 
   914.550         123.332    322.641     387.000      50.687             9621.929               0.000               0.000          7777532.757   0.82293 
   915.550         123.326    322.669     387.000      50.687             9627.378               0.000               0.000          7787160.134   0.82293 
   916.550         123.321    322.696     387.000      50.687             9632.841               0.000               0.000          7796792.975   0.82293 
   917.550         123.315    322.724     387.000      50.687             9638.318               0.000               0.000          7806431.293   0.82293 
   918.550         123.309    322.752     387.000      50.687             9643.810               0.000               0.000          7816075.102   0.82293 
   919.550         123.303    322.780     387.000      50.687             9649.316               0.000               0.000          7825724.419   0.82293 
   920.550         123.297    322.808     387.000      50.687             9654.844               0.000               0.000          7835379.263   0.82293 
   921.550         123.291    322.836     387.000      50.687             9660.398               0.000               0.000          7845039.661   0.82293 
   922.550         123.286    322.864     387.000      50.687             9665.968               0.000               0.000          7854705.629   0.82293 
   923.550         123.280    322.892     387.000      50.687             9671.552               0.000               0.000          7864377.181   0.82293 
   924.550         123.274    322.920     387.000      50.687             9677.151               0.000               0.000          7874054.331   0.82293 
   925.550         123.268    322.948     387.000      50.687             9682.764               0.000               0.000          7883737.095   0.82293 
   926.550         123.262    322.976     387.000      50.687             9688.393               0.000               0.000          7893425.488   0.82293 
   927.550         123.256    323.004     387.000      50.687             9694.036               0.000               0.000          7903119.524   0.82293 
   928.550         123.250    323.032     387.000      50.687             9699.694               0.000               0.000          7912819.217   0.82293 
   929.550         123.244    323.060     387.000      50.687             9705.367               0.000               0.000          7922524.584   0.82293 
   930.550         123.238    323.088     387.000      50.687             9711.054               0.000               0.000          7932235.638   0.82293 
   931.550         123.232    323.116     387.000      50.687             9716.757               0.000               0.000          7941952.396   0.82293 
   932.550         123.226    323.144     387.000      50.687             9722.475               0.000               0.000          7951674.871   0.82293 
   933.550         123.220    323.172     387.000      50.687             9728.208               0.000               0.000          7961403.079   0.82293 
   934.550         123.214    323.200     387.000      50.687             9733.956               0.000               0.000          7971137.034   0.82293 
   935.550         123.208    323.228     387.000      50.687             9739.719               0.000               0.000          7980876.753   0.82293 
   936.550         123.202    323.257     387.000      50.687             9745.497               0.000               0.000          7990622.249   0.82293 
   937.550         123.196    323.285     387.000      50.687             9751.300               0.000               0.000          8000373.549   0.82293 
   938.550         123.190    323.313     387.000      50.687             9757.128               0.000               0.000          8010130.677   0.82293 
   939.550         123.184    323.341     387.000      50.687             9762.972               0.000               0.000          8019893.649   0.82293 
   940.550         123.178    323.369     387.000      50.687             9768.831               0.000               0.000          8029662.480   0.82293 
   941.550         123.172    323.398     387.000      50.687             9774.705               0.000               0.000          8039437.185   0.82293 
   942.550         123.166    323.426     387.000      50.687             9780.595               0.000               0.000          8049217.779   0.82293 
   943.550         123.160    323.454     387.000      50.687             9786.500               0.000               0.000          8059004.279   0.82293 
   944.550         123.154    323.482     387.000      50.687             9792.420               0.000               0.000          8068796.700   0.82293 
   945.550         123.147    323.511     387.000      50.687             9798.356               0.000               0.000          8078595.056   0.82293 
   946.550         123.141    323.539     387.000      50.687             9804.308               0.000               0.000          8088399.364   0.82293 
   947.550         123.135    323.567     387.000      50.687             9810.275               0.000               0.000          8098209.639   0.82293 
   948.550         123.129    323.596     387.000      50.687             9816.257               0.000               0.000          8108025.896   0.82293 
   949.550         123.123    323.624     387.000      50.687             9822.255               0.000               0.000          8117848.151   0.82293 
   950.550         123.117    323.653     387.000      50.687             9828.269               0.000               0.000          8127676.421   0.82293 
   951.550         123.110    323.681     387.000      50.687             9834.299               0.000               0.000          8137510.719   0.82293 
   952.550         123.104    323.709     387.000      50.687             9840.344               0.000               0.000          8147351.063   0.82293 
   953.550         123.098    323.738     387.000      50.687             9846.409               0.000               0.000          8157197.472   0.82293 
   954.550         123.092    323.766     387.000      50.687             9852.507               0.000               0.000          8167049.980   0.82293 
   955.550         123.085    323.795     387.000      50.687             9858.621               0.000               0.000          8176908.600   0.82293 
   956.550         123.079    323.823     387.000      50.687             9864.750               0.000               0.000          8186773.350   0.82293 
   957.550         123.073    323.852     387.000      50.687             9870.896               0.000               0.000          8196644.246   0.82293 
   958.550         123.066    323.880     387.000      50.687             9877.057               0.000               0.000          8206521.303   0.82293 
   959.550         123.060    323.909     387.000      50.687             9883.234               0.000               0.000          8216404.537   0.82293 
   960.550         123.054    323.937     387.000      50.687             9889.428               0.000               0.000          8226293.965   0.82293 
   961.550         123.047    323.966     387.000      50.687             9895.637               0.000               0.000          8236189.602   0.82293 
   962.550         123.041    323.995     387.000      50.687             9901.863               0.000               0.000          8246091.465   0.82293 
   963.550         123.035    324.023     387.000      50.687             9908.104               0.000               0.000          8255999.569   0.82293 
   964.550         123.028    324.052     387.000      50.687             9914.362               0.000               0.000          8265913.931   0.82293 
   965.550         123.022    324.081     387.000      50.687             9920.636               0.000               0.000          8275834.567   0.82293 
   966.550         123.016    324.109     387.000      50.687             9926.927               0.000               0.000          8285761.494   0.82293 
   967.550         123.009    324.138     387.000      50.687             9933.233               0.000               0.000          8295694.727   0.82293 
   968.550         123.003    324.167     387.000      50.687             9939.556               0.000               0.000          8305634.283   0.82293 
   969.550         122.996    324.195     387.000      50.687             9945.349               0.000               0.000          8315579.632   0.82293 
   970.550         122.990    324.224     387.000      50.687             9950.522               0.000               0.000          8325530.155   0.82293 
   971.550         122.983    324.253     387.000      50.687             9955.709               0.000               0.000          8335485.864   0.82293 
   972.550         122.977    324.282     387.000      50.687             9960.908               0.000               0.000          8345446.772   0.82293 
   973.550         122.970    324.310     387.000      50.687             9966.120               0.000               0.000          8355412.892   0.82293 
   974.550         122.964    324.339     387.000      50.687             9971.345               0.000               0.000          8365384.238   0.82293 
   975.550         122.957    324.368     387.000      50.687             9976.583               0.000               0.000          8375360.821   0.82293 
   976.550         122.951    324.397     387.000      50.687             9981.834               0.000               0.000          8385342.655   0.82293 
   977.550         122.944    324.426     387.000      50.687             9987.098               0.000               0.000          8395329.753   0.82293 
   978.550         122.938    324.455     387.000      50.687             9992.375               0.000               0.000          8405322.128   0.82293 
   979.550         122.931    324.483     387.000      50.687             9997.664               0.000               0.000          8415319.792   0.82293 
   980.550         122.924    324.512     387.000      50.687            10002.967               0.000               0.000          8425322.759   0.82293 
   981.550         122.918    324.541     387.000      50.687            10008.283               0.000               0.000          8435331.041   0.82293 
   982.550         122.911    324.570     387.000      50.687            10013.611               0.000               0.000          8445344.653   0.82293 
   983.550         122.905    324.599     387.000      50.687            10018.953               0.000               0.000          8455363.606   0.82293 
   984.550         122.898    324.628     387.000      50.687            10024.747               0.000               0.000          8465388.353   0.82293 
   985.550         122.891    324.657     387.000      50.687            10032.636               0.000               0.000          8475420.990   0.82293 
   986.550         122.885    324.686     387.000      50.687            10040.547               0.000               0.000          8485461.537   0.82293 
   987.550         122.878    324.715     387.000      50.687            10048.479               0.000               0.000          8495510.015   0.82293 
   988.550         122.871    324.744     387.000      50.687            10056.432               0.000               0.000          8505566.447   0.82293 
   989.550         122.865    324.773     387.000      50.687            10064.406               0.000               0.000          8515630.853   0.82293 
   990.550         122.858    324.802     387.000      50.687            10072.402               0.000               0.000          8525703.254   0.82293 
   991.550         122.851    324.831     387.000      50.687            10080.419               0.000               0.000          8535783.674   0.82293 
   992.550         122.844    324.860     387.000      50.687            10088.458               0.000               0.000          8545872.132   0.82293 
   993.550         122.838    324.890     387.000      50.687            10096.518               0.000               0.000          8555968.650   0.82293 
   994.550         122.831    324.919     387.000      50.687            10104.600               0.000               0.000          8566073.250   0.82293 
   995.550         122.824    324.948     387.000      50.687            10112.704               0.000               0.000          8576185.954   0.82293 
   996.550         122.817    324.977     387.000      50.687            10120.830               0.000               0.000          8586306.784   0.82293 
   997.550         122.811    325.006     387.000      50.687            10128.977               0.000               0.000          8596435.761   0.82293 
   998.550         122.804    325.036     387.000      50.687            10137.146               0.000               0.000          8606572.907   0.82293 
   999.550         122.797    325.065     387.000      50.687            10144.925               0.000               0.000          8616717.832   0.82293 
  1000.550         122.790    325.094     387.000      50.687            10151.862               0.000               0.000          8626869.694   0.82293 
  1001.550         122.783    325.124     387.000      50.687            10158.816               0.000               0.000          8637028.510   0.82293 
  1002.550         122.776    325.153     387.000      50.687            10165.789               0.000               0.000          8647194.299   0.82293 
  1003.550         122.769    325.182     387.000      50.687            10172.779               0.000               0.000          8657367.078   0.82293 
  1004.550         122.763    325.212     387.000      50.687            10179.787               0.000               0.000          8667546.864   0.82293 
  1005.550         122.756    325.241     387.000      50.687            10186.813               0.000               0.000          8677733.677   0.82293 
  1006.550         122.749    325.270     387.000      50.687            10193.857               0.000               0.000          8687927.533   0.82293 
  1007.550         122.742    325.300     387.000      50.687            10200.918               0.000               0.000          8698128.452   0.82293 
  1008.550         122.735    325.329     387.000      50.687            10207.998               0.000               0.000          8708336.450   0.82293 
  1009.550         122.728    325.359     387.000      50.687            10215.096               0.000               0.000          8718551.546   0.82293 
  1010.550         122.721    325.388     387.000      50.687            10222.212               0.000               0.000          8728773.759   0.82293 
  1011.550         122.714    325.418     387.000      50.687            10229.347               0.000               0.000          8739003.105   0.82293 
  1012.550         122.707    325.447     387.000      50.687            10236.499               0.000               0.000          8749239.604   0.82293 
  1013.550         122.700    325.477     387.000      50.687            10243.670               0.000               0.000          8759483.274   0.82293 
  1014.550         122.693    325.507     387.000      50.687            10250.881               0.000               0.000          8769734.155   0.82293 
  1015.550         122.686    325.536     387.000      50.687            10258.113               0.000               0.000          8779992.268   0.82293 
  1016.550         122.679    325.566     387.000      50.687            10265.364               0.000               0.000          8790257.633   0.82293 
  1017.550         122.672    325.596     387.000      50.687            10272.634               0.000               0.000          8800530.267   0.82293 
  1018.550         122.665    325.625     387.000      50.687            10279.922               0.000               0.000          8810810.189   0.82293 
  1019.550         122.658    325.655     387.000      50.687            10287.228               0.000               0.000          8821097.417   0.82293 
  1020.550         122.651    325.685     387.000      50.687            10294.554               0.000               0.000          8831391.971   0.82293 
  1021.550         122.643    325.714     387.000      50.687            10301.897               0.000               0.000          8841693.868   0.82293 
  1022.550         122.636    325.744     387.000      50.687            10309.260               0.000               0.000          8852003.128   0.82293 
  1023.550         122.629    325.774     387.000      50.687            10316.641               0.000               0.000          8862319.769   0.82293 
  1024.550         122.622    325.804     387.000      50.687            10324.041               0.000               0.000          8872643.811   0.82293 
  1025.550         122.615    325.833     387.000      50.687            10331.460               0.000               0.000          8882975.271   0.82293 
  1026.550         122.608    325.863     387.000      50.687            10338.898               0.000               0.000          8893314.169   0.82293 
  1027.550         122.600    325.893     387.000      50.687            10346.354               0.000               0.000          8903660.523   0.82293 
  1028.550         122.593    325.923     387.000      50.687            10353.851               0.000               0.000          8914014.374   0.82293 
  1029.550         122.586    325.953     387.000      50.687            10361.372               0.000               0.000          8924375.747   0.82293 
  1030.550         122.579    325.983     387.000      50.687            10368.912               0.000               0.000          8934744.659   0.82293 
  1031.550         122.572    326.013     387.000      50.687            10376.471               0.000               0.000          8945121.130   0.82293 
  1032.550         122.564    326.043     387.000      50.687            10384.050               0.000               0.000          8955505.180   0.82293 
  1033.550         122.557    326.073     387.000      50.687            10391.647               0.000               0.000          8965896.828   0.82293 
  1034.550         122.550    326.103     387.000      50.687            10399.264               0.000               0.000          8976296.092   0.82293 
  1035.550         122.542    326.133     387.000      50.687            10406.901               0.000               0.000          8986702.992   0.82293 
  1036.550         122.535    326.163     387.000      50.687            10414.556               0.000               0.000          8997117.549   0.82293 
  1037.550         122.528    326.193     387.000      50.687            10422.231               0.000               0.000          9007539.780   0.82293 
  1038.550         122.520    326.223     387.000      50.687            10429.926               0.000               0.000          9017969.705   0.82293 
  1039.550         122.513    326.253     387.000      50.687            10437.640               0.000               0.000          9028407.345   0.82293 
  1040.550         122.506    326.283     387.000      50.687            10445.373               0.000               0.000          9038852.718   0.82293 
  1041.550         122.498    326.313     387.000      50.687            10453.129               0.000               0.000          9049305.848   0.82293 
  1042.550         122.491    326.344     387.000      50.687            10460.929               0.000               0.000          9059766.777   0.82293 
  1043.550         122.483    326.374     387.000      50.687            10468.749               0.000               0.000          9070235.527   0.82293 
  1044.550         122.476    326.404     387.000      50.687            10476.589               0.000               0.000          9080712.116   0.82293 
  1045.550         122.469    326.434     387.000      50.687            10484.449               0.000               0.000          9091196.565   0.82293 
  1046.550         122.461    326.465     387.000      50.687            10492.328               0.000               0.000          9101688.893   0.82293 
  1047.550         122.454    326.495     387.000      50.687            10500.228               0.000               0.000          9112189.121   0.82293 
  1048.550         122.446    326.525     387.000      50.687            10508.148               0.000               0.000          9122697.269   0.82293 
  1049.550         122.439    326.556     387.000      50.687            10516.087               0.000               0.000          9133213.356   0.82293 
  1050.550         122.431    326.586     387.000      50.687            10524.047               0.000               0.000          9143737.403   0.82293 
  1051.550         122.424    326.616     387.000      50.687            10532.027               0.000               0.000          9154269.429   0.82293 
  1052.550         122.416    326.647     387.000      50.687            10540.027               0.000               0.000          9164809.456   0.82293 
  1053.550         122.409    326.677     387.000      50.687            10548.047               0.000               0.000          9175357.503   0.82293 
  1054.550         122.401    326.708     387.000      50.687            10556.087               0.000               0.000          9185913.590   0.82293 
  1055.550         122.394    326.738     387.000      50.687            10564.169               0.000               0.000          9196477.759   0.82293 
  1056.550         122.386    326.769     387.000      50.687            10572.279               0.000               0.000          9207050.038   0.82293 
  1057.550         122.378    326.799     387.000      50.687            10580.409               0.000               0.000          9217630.447   0.82293 
  1058.550         122.371    326.830     387.000      50.687            10588.560               0.000               0.000          9228219.007   0.82293 
  1059.550         122.363    326.860     387.000      50.687            10596.732               0.000               0.000          9238815.739   0.82293 
  1060.550         122.355    326.891     387.000      50.687            10604.924               0.000               0.000          9249420.663   0.82293 
  1061.550         122.348    326.921     387.000      50.687            10613.137               0.000               0.000          9260033.799   0.82293 
  1062.550         122.340    326.952     387.000      50.687            10621.370               0.000               0.000          9270655.169   0.82293 
  1063.550         122.332    326.983     387.000      50.687            10629.625               0.000               0.000          9281284.794   0.82293 
  1064.550         122.325    327.013     387.000      50.687            10637.900               0.000               0.000          9291922.694   0.82293 
  1065.550         122.317    327.044     387.000      50.687            10646.196               0.000               0.000          9302568.889   0.82293 
  1066.550         122.309    327.075     387.000      50.687            10654.513               0.000               0.000          9313223.402   0.82293 
  1067.550         122.302    327.106     387.000      50.687            10662.851               0.000               0.000          9323886.254   0.82293 
  1068.550         122.294    327.136     387.000      50.687            10671.230               0.000               0.000          9334557.484   0.82293 
  1069.550         122.286    327.167     387.000      50.687            10679.640               0.000               0.000          9345237.123   0.82293 
  1070.550         122.278    327.198     387.000      50.687            10688.071               0.000               0.000          9355925.195   0.82293 
  1071.550         122.271    327.229     387.000      50.687            10696.524               0.000               0.000          9366621.718   0.82293 
  1072.550         122.263    327.260     387.000      50.687            10704.997               0.000               0.000          9377326.716   0.82293 
  1073.550         122.255    327.291     387.000      50.687            10713.493               0.000               0.000          9388040.208   0.82293 
  1074.550         122.247    327.322     387.000      50.687            10722.009               0.000               0.000          9398762.217   0.82293 
  1075.550         122.239    327.352     387.000      50.687            10730.547               0.000               0.000          9409492.765   0.82293 
  1076.550         122.231    327.383     387.000      50.687            10739.107               0.000               0.000          9420231.872   0.82293 
  1077.550         122.224    327.414     387.000      50.687            10747.688               0.000               0.000          9430979.560   0.82293 
  1078.550         122.216    327.445     387.000      50.687            10756.291               0.000               0.000          9441735.851   0.82293 
  1079.550         122.208    327.476     387.000      50.687            10764.916               0.000               0.000          9452500.767   0.82293 
  1080.550         122.200    327.508     387.000      50.687            10773.562               0.000               0.000          9463274.329   0.82293 
  1081.550         122.192    327.539     387.000      50.687            10782.258               0.000               0.000          9474056.587   0.82293 
  1082.550         122.184    327.570     387.000      50.687            10790.979               0.000               0.000          9484847.566   0.82293 
  1083.550         122.176    327.601     387.000      50.687            10799.722               0.000               0.000          9495647.287   0.82293 
  1084.550         122.168    327.632     387.000      50.687            10808.486               0.000               0.000          9506455.774   0.82293 
  1085.550         122.160    327.663     387.000      50.687            10817.273               0.000               0.000          9517273.047   0.82293 
  1086.550         122.152    327.694     387.000      50.687            10826.083               0.000               0.000          9528099.130   0.82293 
  1087.550         122.144    327.726     387.000      50.687            10834.914               0.000               0.000          9538934.044   0.82293 
  1088.550         122.136    327.757     387.000      50.687            10843.768               0.000               0.000          9549777.811   0.82293 
  1089.550         122.128    327.788     387.000      50.687            10852.644               0.000               0.000          9560630.455   0.82293 
  1090.550         122.120    327.820     387.000      50.687            10861.542               0.000               0.000          9571491.997   0.82293 
  1091.550         122.112    327.851     387.000      50.687            10870.463               0.000               0.000          9582362.459   0.82293 
  1092.550         122.104    327.882     387.000      50.687            10879.406               0.000               0.000          9593241.865   0.82293 
  1093.550         122.096    327.914     387.000      50.687            10888.384               0.000               0.000          9604130.250   0.82293 
  1094.550         122.088    327.945     387.000      50.687            10897.405               0.000               0.000          9615027.654   0.82293 
  1095.550         122.079    327.977     387.000      50.687            10906.448               0.000               0.000          9625934.102   0.82293 
  1096.550         122.071    328.008     387.000      50.687            10915.514               0.000               0.000          9636849.616   0.82293 
  1097.550         122.063    328.040     387.000      50.687            10924.602               0.000               0.000          9647774.218   0.82293 
  1098.550         122.055    328.071     387.000      50.687            10933.714               0.000               0.000          9658707.932   0.82293 
  1099.550         122.047    328.103     387.000      50.687            10942.849               0.000               0.000          9669650.781   0.82293 
  1100.550         122.039    328.134     387.000      50.687            10952.006               0.000               0.000          9680602.787   0.82293 
  1101.550         122.030    328.166     387.000      50.687            10961.187               0.000               0.000          9691563.973   0.82293 
  1102.550         122.022    328.197     387.000      50.687            10970.390               0.000               0.000          9702534.364   0.82293 
  1103.550         122.014    328.229     387.000      50.687            10979.617               0.000               0.000          9713513.981   0.82293 
  1104.550         122.006    328.261     387.000      50.687            10988.867               0.000               0.000          9724502.848   0.82293 
  1105.550         121.997    328.292     387.000      50.687            10998.147               0.000               0.000          9735500.995   0.82293 
  1106.550         121.989    328.324     387.000      50.687            11007.477               0.000               0.000          9746508.472   0.82293 
  1107.550         121.981    328.356     387.000      50.687            11016.830               0.000               0.000          9757525.302   0.82293 
  1108.550         121.973    328.388     387.000      50.687            11026.207               0.000               0.000          9768551.510   0.82293 
  1109.550         121.964    328.420     387.000      50.687            11035.608               0.000               0.000          9779587.118   0.82293 
  1110.550         121.956    328.451     387.000      50.687            11045.032               0.000               0.000          9790632.150   0.82293 
  1111.550         121.948    328.483     387.000      50.687            11054.480               0.000               0.000          9801686.630   0.82293 
  1112.550         121.939    328.515     387.000      50.687            11063.952               0.000               0.000          9812750.583   0.82293 
  1113.550         121.931    328.547     387.000      50.687            11073.448               0.000               0.000          9823824.031   0.82293 
  1114.550         121.922    328.579     387.000      50.687            11082.968               0.000               0.000          9834906.998   0.82293 
  1115.550         121.914    328.611     387.000      50.687            11092.511               0.000               0.000          9845999.510   0.82293 
  1116.550         121.906    328.643     387.000      50.687            11102.079               0.000               0.000          9857101.588   0.82293 
  1117.550         121.897    328.675     387.000      50.687            11111.677               0.000               0.000          9868213.266   0.82293 
  1118.550         121.889    328.707     387.000      50.687            11121.328               0.000               0.000          9879334.594   0.82293 
  1119.550         121.880    328.739     387.000      50.687            11131.002               0.000               0.000          9890465.596   0.82293 
  1120.550         121.872    328.771     387.000      50.687            11140.701               0.000               0.000          9901606.297   0.82293 
  1121.550         121.863    328.803     387.000      50.687            11150.425               0.000               0.000          9912756.722   0.82293 
  1122.550         121.855    328.836     387.000      50.687            11160.173               0.000               0.000          9923916.895   0.82293 
  1123.550         121.846    328.868     387.000      50.687            11169.945               0.000               0.000          9935086.840   0.82293 
  1124.550         121.838    328.900     387.000      50.687            11179.742               0.000               0.000          9946266.582   0.82293 
  1125.550         121.829    328.932     387.000      50.687            11189.564               0.000               0.000          9957456.146   0.82293 
  1126.550         121.821    328.964     387.000      50.687            11199.410               0.000               0.000          9968655.556   0.82293 
  1127.550         121.812    328.997     387.000      50.687            11209.282               0.000               0.000          9979864.838   0.82293 
  1128.550         121.804    329.029     387.000      50.687            11219.178               0.000               0.000          9991084.015   0.82293 
  1129.550         121.795    329.061     387.000      50.687            11229.115               0.000               0.000         10002313.130   0.82293 
  1130.550         121.786    329.094     387.000      50.687            11239.097               0.000               0.000         10013552.227   0.82293 
  1131.550         121.778    329.126     387.000      50.687            11249.104               0.000               0.000         10024801.331   0.82293 
  1132.550         121.769    329.159     387.000      50.687            11259.136               0.000               0.000         10036060.466   0.82293 
  1133.550         121.760    329.191     387.000      50.687            11269.193               0.000               0.000         10047329.660   0.82293 
  1134.550         121.752    329.224     387.000      50.687            11279.276               0.000               0.000         10058608.935   0.82293 
  1135.550         121.743    329.256     387.000      50.687            11289.384               0.000               0.000         10069898.319   0.82293 
  1136.550         121.734    329.289     387.000      50.687            11299.517               0.000               0.000         10081197.837   0.82293 
  1137.550         121.726    329.321     387.000      50.687            11309.677               0.000               0.000         10092507.513   0.82293 
  1138.550         121.717    329.354     387.000      50.687            11319.861               0.000               0.000         10103827.375   0.82293 
  1139.550         121.708    329.387     387.000      50.687            11330.072               0.000               0.000         10115157.446   0.82293 
  1140.550         121.699    329.419     387.000      50.687            11340.308               0.000               0.000         10126497.754   0.82293 
  1141.550         121.691    329.452     387.000      50.687            11350.604               0.000               0.000         10137848.358   0.82293 
  1142.550         121.682    329.485     387.000      50.687            11360.929               0.000               0.000         10149209.287   0.82293 
  1143.550         121.673    329.518     387.000      50.687            11371.280               0.000               0.000         10160580.567   0.82293 
  1144.550         121.664    329.550     387.000      50.687            11381.657               0.000               0.000         10171962.224   0.82293 
  1145.550         121.655    329.583     387.000      50.687            11392.060               0.000               0.000         10183354.283   0.82293 
  1146.550         121.647    329.616     387.000      50.687            11402.489               0.000               0.000         10194756.773   0.82293 
  1147.550         121.638    329.649     387.000      50.687            11412.945               0.000               0.000         10206169.717   0.82293 
  1148.550         121.629    329.682     387.000      50.687            11423.426               0.000               0.000         10217593.144   0.82293 
  1149.550         121.620    329.715     387.000      50.687            11433.935               0.000               0.000         10229027.078   0.82293 
  1150.550         121.611    329.748     387.000      50.687            11444.470               0.000               0.000         10240471.548   0.82293 
  1151.550         121.602    329.781     387.000      50.687            11455.031               0.000               0.000         10251926.579   0.82293 
  1152.550         121.593    329.814     387.000      50.687            11465.643               0.000               0.000         10263392.222   0.82293 
  1153.550         121.584    329.847     387.000      50.687            11476.297               0.000               0.000         10274868.519   0.82293 
  1154.550         121.575    329.880     387.000      50.687            11486.976               0.000               0.000         10286355.495   0.82293 
  1155.550         121.566    329.913     387.000      50.687            11497.683               0.000               0.000         10297853.179   0.82293 
  1156.550         121.557    329.946     387.000      50.687            11508.417               0.000               0.000         10309361.596   0.82293 
  1157.550         121.548    329.979     387.000      50.687            11519.178               0.000               0.000         10320880.774   0.82293 
  1158.550         121.539    330.013     387.000      50.687            11529.966               0.000               0.000         10332410.740   0.82293 
  1159.550         121.530    330.046     387.000      50.687            11540.782               0.000               0.000         10343951.522   0.82293 
  1160.550         121.521    330.079     387.000      50.687            11551.624               0.000               0.000         10355503.146   0.82293 
  1161.550         121.512    330.112     387.000      50.687            11562.494               0.000               0.000         10367065.640   0.82293 
  1162.550         121.503    330.146     387.000      50.687            11573.391               0.000               0.000         10378639.032   0.82293 
  1163.550         121.494    330.179     387.000      50.687            11584.338               0.000               0.000         10390223.370   0.82293 
  1164.550         121.485    330.212     387.000      50.687            11595.330               0.000               0.000         10401818.700   0.82293 
  1165.550         121.476    330.246     387.000      50.687            11606.350               0.000               0.000         10413425.050   0.82293 
  1166.550         121.467    330.279     387.000      50.687            11617.398               0.000               0.000         10425042.448   0.82293 
  1167.550         121.457    330.313     387.000      50.687            11628.473               0.000               0.000         10436670.921   0.82293 
  1168.550         121.448    330.346     387.000      50.687            11639.577               0.000               0.000         10448310.498   0.82293 
  1169.550         121.439    330.380     387.000      50.687            11650.709               0.000               0.000         10459961.207   0.82293 
  1170.550         121.430    330.414     387.000      50.687            11661.869               0.000               0.000         10471623.075   0.82293 
  1171.550         121.421    330.447     387.000      50.687            11673.056               0.000               0.000         10483296.132   0.82293 
  1172.550         121.411    330.481     387.000      50.687            11684.273               0.000               0.000         10494980.405   0.82293 
  1173.550         121.402    330.514     387.000      50.687            11695.517               0.000               0.000         10506675.922   0.82293 
  1174.550         121.393    330.548     387.000      50.687            11706.817               0.000               0.000         10518382.739   0.82293 
  1175.550         121.384    330.582     387.000      50.687            11718.159               0.000               0.000         10530100.898   0.82293 
  1176.550         121.374    330.616     387.000      50.687            11729.530               0.000               0.000         10541830.428   0.82293 
  1177.550         121.365    330.650     387.000      50.687            11740.930               0.000               0.000         10553571.359   0.82293 
  1178.550         121.356    330.683     387.000      50.687            11752.359               0.000               0.000         10565323.718   0.82293 
  1179.550         121.346    330.717     387.000      50.687            11763.817               0.000               0.000         10577087.535   0.82293 
  1180.550         121.337    330.751     387.000      50.687            11775.304               0.000               0.000         10588862.839   0.82293 
  1181.550         121.328    330.785     387.000      50.687            11786.819               0.000               0.000         10600649.658   0.82293 
  1182.550         121.318    330.819     387.000      50.687            11798.364               0.000               0.000         10612448.022   0.82293 
  1183.550         121.309    330.853     387.000      50.687            11809.938               0.000               0.000         10624257.961   0.82293 
  1184.550         121.299    330.887     387.000      50.687            11821.542               0.000               0.000         10636079.503   0.82293 
  1185.550         121.290    330.921     387.000      50.687            11833.214               0.000               0.000         10647912.717   0.82293 
  1186.550         121.281    330.955     387.000      50.687            11844.919               0.000               0.000         10659757.635   0.82293 
  1187.550         121.271    330.989     387.000      50.687            11856.653               0.000               0.000         10671614.288   0.82293 
  1188.550         121.262    331.024     387.000      50.687            11868.417               0.000               0.000         10683482.706   0.82293 
  1189.550         121.252    331.058     387.000      50.687            11880.211               0.000               0.000         10695362.917   0.82293 
  1190.550         121.243    331.092     387.000      50.687            11892.035               0.000               0.000         10707254.951   0.82293 
  1191.550         121.233    331.126     387.000      50.687            11903.889               0.000               0.000         10719158.840   0.82293 
  1192.550         121.224    331.161     387.000      50.687            11915.772               0.000               0.000         10731074.612   0.82293 
  1193.550         121.214    331.195     387.000      50.687            11927.686               0.000               0.000         10743002.298   0.82293 
  1194.550         121.205    331.229     387.000      50.687            11939.630               0.000               0.000         10754941.929   0.82293 
  1195.550         121.195    331.264     387.000      50.687            11951.622               0.000               0.000         10766893.550   0.82293 
  1196.550         121.185    331.298     387.000      50.687            11963.670               0.000               0.000         10778857.221   0.82293 
  1197.550         121.176    331.333     387.000      50.687            11975.749               0.000               0.000         10790832.970   0.82293 
  1198.550         121.166    331.367     387.000      50.687            11987.859               0.000               0.000         10802820.829   0.82293 
  1199.550         121.157    331.402     387.000      50.687            12000.000               0.000               0.000         10814820.829   0.82293 
  1200.550         121.147    331.436     387.000      50.687            12012.171               0.000               0.000         10826833.000   0.82293 
  1201.550         121.137    331.471     387.000      50.687            12024.373               0.000               0.000         10838857.373   0.82293 
  1202.550         121.128    331.506     387.000      50.687            12036.606               0.000               0.000         10850893.980   0.82293 
  1203.550         121.118    331.540     387.000      50.687            12048.871               0.000               0.000         10862942.850   0.82293 
  1204.550         121.108    331.575     387.000      50.687            12061.166               0.000               0.000         10875004.016   0.82293 
  1205.550         121.098    331.610     387.000      50.687            12073.494               0.000               0.000         10887077.510   0.82293 
  1206.550         121.089    331.645     387.000      50.687            12085.897               0.000               0.000         10899163.408   0.82293 
  1207.550         121.079    331.679     387.000      50.687            12098.332               0.000               0.000         10911261.739   0.82293 
  1208.550         121.069    331.714     387.000      50.687            12110.798               0.000               0.000         10923372.538   0.82293 
  1209.550         121.059    331.749     387.000      50.687            12123.296               0.000               0.000         10935495.834   0.82293 
  1210.550         121.050    331.784     387.000      50.687            12135.826               0.000               0.000         10947631.660   0.82293 
  1211.550         121.040    331.819     387.000      50.687            12148.388               0.000               0.000         10959780.048   0.82293 
  1212.550         121.030    331.854     387.000      50.687            12160.981               0.000               0.000         10971941.029   0.82293 
  1213.550         121.020    331.889     387.000      50.687            12173.607               0.000               0.000         10984114.637   0.82293 
  1214.550         121.010    331.924     387.000      50.687            12186.265               0.000               0.000         10996300.901   0.82293 
  1215.550         121.000    331.959     387.000      50.687            12198.955               0.000               0.000         11008499.856   0.82293 
  1216.550         120.991    331.994     387.000      50.687            12211.511               0.000               0.000         11020711.367   0.82293 
  1217.550         120.981    332.030     387.000      50.687            12224.065               0.000               0.000         11032935.432   0.82293 
  1218.550         120.971    332.065     387.000      50.687            12236.651               0.000               0.000         11045172.083   0.82293 
  1219.550         120.961    332.100     387.000      50.687            12249.269               0.000               0.000         11057421.352   0.82293 
  1220.550         120.951    332.135     387.000      50.687            12261.918               0.000               0.000         11069683.270   0.82293 
  1221.550         120.941    332.171     387.000      50.687            12274.600               0.000               0.000         11081957.870   0.82293 
  1222.550         120.931    332.206     387.000      50.687            12287.313               0.000               0.000         11094245.184   0.82293 
  1223.550         120.921    332.241     387.000      50.687            12300.059               0.000               0.000         11106545.243   0.82293 
  1224.550         120.911    332.277     387.000      50.687            12312.837               0.000               0.000         11118858.080   0.82293 
  1225.550         120.901    332.312     387.000      50.687            12325.648               0.000               0.000         11131183.728   0.82293 
  1226.550         120.891    332.348     387.000      50.687            12338.928               0.000               0.000         11143522.656   0.82293 
  1227.550         120.881    332.383     387.000      50.687            12352.360               0.000               0.000         11155875.016   0.82293 
  1228.550         120.871    332.419     387.000      50.687            12365.826               0.000               0.000         11168240.842   0.82293 
  1229.550         120.861    332.455     387.000      50.687            12379.326               0.000               0.000         11180620.168   0.82293 
  1230.550         120.850    332.490     387.000      50.687            12392.862               0.000               0.000         11193013.030   0.82293 
  1231.550         120.840    332.526     387.000      50.687            12406.432               0.000               0.000         11205419.462   0.82293 
  1232.550         120.830    332.562     387.000      50.687            12420.037               0.000               0.000         11217839.499   0.82293 
  1233.550         120.820    332.598     387.000      50.687            12433.677               0.000               0.000         11230273.176   0.82293 
  1234.550         120.810    332.633     387.000      50.687            12447.353               0.000               0.000         11242720.529   0.82293 
  1235.550         120.800    332.669     387.000      50.687            12461.063               0.000               0.000         11255181.592   0.82293 
  1236.550         120.790    332.705     387.000      50.687            12474.620               0.000               0.000         11267656.212   0.82293 
  1237.550         120.779    332.741     387.000      50.687            12488.191               0.000               0.000         11280144.403   0.82293 
  1238.550         120.769    332.777     387.000      50.687            12501.797               0.000               0.000         11292646.199   0.82293 
  1239.550         120.759    332.813     387.000      50.687            12515.437               0.000               0.000         11305161.636   0.82293 
  1240.550         120.749    332.849     387.000      50.687            12529.112               0.000               0.000         11317690.749   0.82293 
  1241.550         120.738    332.885     387.000      50.687            12542.823               0.000               0.000         11330233.571   0.82293 
  1242.550         120.728    332.921     387.000      50.687            12556.568               0.000               0.000         11342790.140   0.82293 
  1243.550         120.718    332.957     387.000      50.687            12570.349               0.000               0.000         11355360.489   0.82293 
  1244.550         120.707    332.994     387.000      50.687            12584.165               0.000               0.000         11367944.654   0.82293 
  1245.550         120.697    333.030     387.000      50.687            12598.025               0.000               0.000         11380542.678   0.82293 
  1246.550         120.687    333.066     387.000      50.687            12611.963               0.000               0.000         11393154.641   0.82293 
  1247.550         120.676    333.102     387.000      50.687            12625.937               0.000               0.000         11405780.579   0.82293 
  1248.550         120.666    333.139     387.000      50.687            12639.948               0.000               0.000         11418420.526   0.82293 
  1249.550         120.656    333.175     387.000      50.687            12653.994               0.000               0.000         11431074.520   0.82293 
  1250.550         120.645    333.212     387.000      50.687            12668.076               0.000               0.000         11443742.596   0.82293 
  1251.550         120.635    333.248     387.000      50.687            12682.194               0.000               0.000         11456424.790   0.82293 
  1252.550         120.624    333.285     387.000      50.687            12696.349               0.000               0.000         11469121.139   0.82293 
  1253.550         120.614    333.321     387.000      50.687            12710.540               0.000               0.000         11481831.678   0.82293 
  1254.550         120.603    333.358     387.000      50.687            12724.767               0.000               0.000         11494556.445   0.82293 
  1255.550         120.593    333.395     387.000      50.687            12740.639               0.000               0.000         11507297.084   0.82293 
  1256.550         120.582    333.431     387.000      50.687            12757.832               0.000               0.000         11520054.916   0.82293 
  1257.550         120.572    333.468     387.000      50.687            12775.074               0.000               0.000         11532829.990   0.82293 
  1258.550         120.561    333.505     387.000      50.687            12792.363               0.000               0.000         11545622.354   0.82293 
  1259.550         120.551    333.542     387.000      50.687            12809.701               0.000               0.000         11558432.055   0.82293 
  1260.550         120.540    333.578     387.000      50.687            12827.087               0.000               0.000         11571259.142   0.82293 
  1261.550         120.530    333.615     387.000      50.687            12844.522               0.000               0.000         11584103.664   0.82293 
  1262.550         120.519    333.652     387.000      50.687            12862.005               0.000               0.000         11596965.670   0.82293 
  1263.550         120.508    333.689     387.000      50.687            12879.537               0.000               0.000         11609845.207   0.82293 
  1264.550         120.498    333.727     387.000      50.687            12896.588               0.000               0.000         11622741.794   0.82293 
  1265.550         120.487    333.764     387.000      50.687            12908.453               0.000               0.000         11635650.247   0.82293 
  1266.550         120.476    333.801     387.000      50.687            12920.346               0.000               0.000         11648570.593   0.82293 
  1267.550         120.466    333.838     387.000      50.687            12932.267               0.000               0.000         11661502.859   0.82293 
  1268.550         120.455    333.875     387.000      50.687            12944.216               0.000               0.000         11674447.075   0.82293 
  1269.550         120.444    333.913     387.000      50.687            12956.194               0.000               0.000         11687403.269   0.82293 
  1270.550         120.434    333.950     387.000      50.687            12968.200               0.000               0.000         11700371.469   0.82293 
  1271.550         120.423    333.987     387.000      50.687            12980.234               0.000               0.000         11713351.703   0.82293 
  1272.550         120.412    334.025     387.000      50.687            12992.297               0.000               0.000         11726344.000   0.82293 
  1273.550         120.401    334.062     387.000      50.687            13004.388               0.000               0.000         11739348.388   0.82293 
  1274.550         120.390    334.099     387.000      50.687            13018.805               0.000               0.000         11752367.194   0.82293 
  1275.550         120.380    334.137     387.000      50.687            13033.992               0.000               0.000         11765401.186   0.82293 
  1276.550         120.369    334.174     387.000      50.687            13049.219               0.000               0.000         11778450.405   0.82293 
  1277.550         120.358    334.212     387.000      50.687            13064.485               0.000               0.000         11791514.889   0.82293 
  1278.550         120.347    334.250     387.000      50.687            13079.790               0.000               0.000         11804594.679   0.82293 
  1279.550         120.336    334.287     387.000      50.687            13095.135               0.000               0.000         11817689.814   0.82293 
  1280.550         120.325    334.325     387.000      50.687            13110.520               0.000               0.000         11830800.333   0.82293 
  1281.550         120.314    334.363     387.000      50.687            13125.944               0.000               0.000         11843926.278   0.82293 
  1282.550         120.304    334.400     387.000      50.687            13141.409               0.000               0.000         11857067.686   0.82293 
  1283.550         120.293    334.438     387.000      50.687            13156.945               0.000               0.000         11870224.632   0.82293 
  1284.550         120.282    334.476     387.000      50.687            13172.549               0.000               0.000         11883397.180   0.82293 
  1285.550         120.271    334.514     387.000      50.687            13188.193               0.000               0.000         11896585.373   0.82293 
  1286.550         120.260    334.552     387.000      50.687            13203.877               0.000               0.000         11909789.250   0.82293 
  1287.550         120.249    334.590     387.000      50.687            13219.602               0.000               0.000         11923008.853   0.82293 
  1288.550         120.238    334.628     387.000      50.687            13235.369               0.000               0.000         11936244.221   0.82293 
  1289.550         120.227    334.666     387.000      50.687            13251.176               0.000               0.000         11949495.397   0.82293 
  1290.550         120.216    334.704     387.000      50.687            13267.024               0.000               0.000         11962762.421   0.82293 
  1291.550         120.205    334.743     387.000      50.687            13282.913               0.000               0.000         11976045.334   0.82293 
  1292.550         120.193    334.781     387.000      50.687            13300.053               0.000               0.000         11989345.387   0.82293 
  1293.550         120.182    334.819     387.000      50.687            13318.622               0.000               0.000         12002664.010   0.82293 
  1294.550         120.171    334.857     387.000      50.687            13337.243               0.000               0.000         12016001.253   0.82293 
  1295.550         120.160    334.896     387.000      50.687            13355.916               0.000               0.000         12029357.169   0.82293 
  1296.550         120.149    334.934     387.000      50.687            13374.641               0.000               0.000         12042731.810   0.82293 
  1297.550         120.138    334.973     387.000      50.687            13393.418               0.000               0.000         12056125.228   0.82293 
  1298.550         120.127    335.011     387.000      50.687            13412.247               0.000               0.000         12069537.475   0.82293 
  1299.550         120.115    335.050     387.000      50.687            13431.129               0.000               0.000         12082968.604   0.82293 
  1300.550         120.104    335.089     387.000      50.687            13450.064               0.000               0.000         12096418.668   0.82293 
  1301.550         120.093    335.127     387.000      50.687            13466.482               0.000               0.000         12109885.150   0.82293 
  1302.550         120.082    335.166     387.000      50.687            13480.384               0.000               0.000         12123365.534   0.82293 
  1303.550         120.070    335.205     387.000      50.687            13494.319               0.000               0.000         12136859.853   0.82293 
  1304.550         120.059    335.244     387.000      50.687            13508.288               0.000               0.000         12150368.141   0.82293 
  1305.550         120.048    335.282     387.000      50.687            13522.291               0.000               0.000         12163890.432   0.82293 
  1306.550         120.037    335.321     387.000      50.687            13536.328               0.000               0.000         12177426.760   0.82293 
  1307.550         120.025    335.360     387.000      50.687            13550.399               0.000               0.000         12190977.160   0.82293 
  1308.550         120.014    335.399     387.000      50.687            13564.505               0.000               0.000         12204541.664   0.82293 
  1309.550         120.003    335.438     387.000      50.687            13578.645               0.000               0.000         12218120.309   0.82293 
  1310.550         119.991    335.477     387.000      50.687            13594.584               0.000               0.000         12231714.893   0.82293 
  1311.550         119.980    335.517     387.000      50.687            13611.515               0.000               0.000         12245326.408   0.82293 
  1312.550         119.968    335.556     387.000      50.687            13628.491               0.000               0.000         12258954.899   0.82293 
  1313.550         119.957    335.595     387.000      50.687            13645.511               0.000               0.000         12272600.410   0.82293 
  1314.550         119.946    335.634     387.000      50.687            13662.575               0.000               0.000         12286262.985   0.82293 
  1315.550         119.934    335.674     387.000      50.687            13679.685               0.000               0.000         12299942.670   0.82293 
  1316.550         119.923    335.713     387.000      50.687            13696.839               0.000               0.000         12313639.509   0.82293 
  1317.550         119.911    335.752     387.000      50.687            13714.039               0.000               0.000         12327353.548   0.82293 
  1318.550         119.900    335.792     387.000      50.687            13731.283               0.000               0.000         12341084.831   0.82293 
  1319.550         119.888    335.831     387.000      50.687            13748.633               0.000               0.000         12354833.464   0.82293 
  1320.550         119.877    335.871     387.000      50.687            13766.035               0.000               0.000         12368599.499   0.82293 
  1321.550         119.865    335.910     387.000      50.687            13783.482               0.000               0.000         12382382.981   0.82293 
  1322.550         119.853    335.950     387.000      50.687            13800.975               0.000               0.000         12396183.957   0.82293 
  1323.550         119.842    335.990     387.000      50.687            13818.515               0.000               0.000         12410002.472   0.82293 
  1324.550         119.830    336.030     387.000      50.687            13836.101               0.000               0.000         12423838.572   0.82293 
  1325.550         119.819    336.069     387.000      50.687            13853.733               0.000               0.000         12437692.305   0.82293 
  1326.550         119.807    336.109     387.000      50.687            13871.411               0.000               0.000         12451563.716   0.82293 
  1327.550         119.795    336.149     387.000      50.687            13888.601               0.000               0.000         12465452.317   0.82293 
  1328.550         119.784    336.189     387.000      50.687            13904.450               0.000               0.000         12479356.767   0.82293 
  1329.550         119.772    336.229     387.000      50.687            13920.339               0.000               0.000         12493277.106   0.82293 
  1330.550         119.760    336.269     387.000      50.687            13936.268               0.000               0.000         12507213.374   0.82293 
  1331.550         119.749    336.309     387.000      50.687            13952.236               0.000               0.000         12521165.610   0.82293 
  1332.550         119.737    336.349     387.000      50.687            13968.245               0.000               0.000         12535133.855   0.82293 
  1333.550         119.725    336.390     387.000      50.687            13984.294               0.000               0.000         12549118.148   0.82293 
  1334.550         119.713    336.430     387.000      50.687            14000.383               0.000               0.000         12563118.531   0.82293 
  1335.550         119.701    336.470     387.000      50.687            14016.512               0.000               0.000         12577135.043   0.82293 
  1336.550         119.690    336.510     387.000      50.687            14035.787               0.000               0.000         12591170.830   0.82293 
  1337.550         119.678    336.551     387.000      50.687            14056.143               0.000               0.000         12605226.973   0.82293 
  1338.550         119.666    336.591     387.000      50.687            14076.556               0.000               0.000         12619303.529   0.82293 
  1339.550         119.654    336.632     387.000      50.687            14097.025               0.000               0.000         12633400.554   0.82293 
  1340.550         119.642    336.672     387.000      50.687            14117.552               0.000               0.000         12647518.106   0.82293 
  1341.550         119.630    336.713     387.000      50.687            14138.137               0.000               0.000         12661656.243   0.82293 
  1342.550         119.618    336.753     387.000      50.687            14158.778               0.000               0.000         12675815.021   0.82293 
  1343.550         119.607    336.794     387.000      50.687            14179.478               0.000               0.000         12689994.499   0.82293 
  1344.550         119.595    336.835     387.000      50.687            14199.582               0.000               0.000         12704194.081   0.82293 
  1345.550         119.583    336.876     387.000      50.687            14218.386               0.000               0.000         12718412.468   0.82293 
  1346.550         119.571    336.917     387.000      50.687            14237.241               0.000               0.000         12732649.708   0.82293 
  1347.550         119.559    336.958     387.000      50.687            14256.146               0.000               0.000         12746905.854   0.82293 
  1348.550         119.547    336.999     387.000      50.687            14275.101               0.000               0.000         12761180.955   0.82293 
  1349.550         119.535    337.040     387.000      50.687            14294.106               0.000               0.000         12775475.061   0.82293 
  1350.550         119.523    337.081     387.000      50.687            14313.163               0.000               0.000         12789788.224   0.82293 
  1351.550         119.511    337.122     387.000      50.687            14332.270               0.000               0.000         12804120.493   0.82293 
  1352.550         119.499    337.163     387.000      50.687            14351.428               0.000               0.000         12818471.921   0.82293 
  1353.550         119.486    337.205     387.000      50.687            14370.711               0.000               0.000         12832842.632   0.82293 
  1354.550         119.474    337.246     387.000      50.687            14390.046               0.000               0.000         12847232.678   0.82293 
  1355.550         119.462    337.287     387.000      50.687            14409.432               0.000               0.000         12861642.111   0.82293 
  1356.550         119.450    337.329     387.000      50.687            14428.871               0.000               0.000         12876070.981   0.82293 
  1357.550         119.438    337.370     387.000      50.687            14448.361               0.000               0.000         12890519.343   0.82293 
  1358.550         119.426    337.412     387.000      50.687            14467.904               0.000               0.000         12904987.247   0.82293 
  1359.550         119.414    337.453     387.000      50.687            14487.499               0.000               0.000         12919474.745   0.82293 
  1360.550         119.401    337.495     387.000      50.687            14507.146               0.000               0.000         12933981.892   0.82293 
  1361.550         119.389    337.537     387.000      50.687            14526.905               0.000               0.000         12948508.796   0.82293 
  1362.550         119.377    337.578     387.000      50.687            14546.734               0.000               0.000         12963055.530   0.82293 
  1363.550         119.365    337.620     387.000      50.687            14566.616               0.000               0.000         12977622.147   0.82293 
  1364.550         119.352    337.662     387.000      50.687            14586.552               0.000               0.000         12992208.699   0.82293 
  1365.550         119.340    337.704     387.000      50.687            14606.542               0.000               0.000         13006815.241   0.82293 
  1366.550         119.328    337.746     387.000      50.687            14626.585               0.000               0.000         13021441.826   0.82293 
  1367.550         119.315    337.788     387.000      50.687            14646.682               0.000               0.000         13036088.508   0.82293 
  1368.550         119.303    337.830     387.000      50.687            14666.833               0.000               0.000         13050755.342   0.82293 
  1369.550         119.291    337.873     387.000      50.687            14687.088               0.000               0.000         13065442.430   0.82293 
  1370.550         119.278    337.915     387.000      50.687            14707.426               0.000               0.000         13080149.856   0.82293 
  1371.550         119.266    337.957     387.000      50.687            14727.819               0.000               0.000         13094877.676   0.82293 
  1372.550         119.254    337.999     387.000      50.687            14748.268               0.000               0.000         13109625.943   0.82293 
  1373.550         119.241    338.042     387.000      50.687            14768.771               0.000               0.000         13124394.714   0.82293 
  1374.550         119.229    338.084     387.000      50.687            14789.330               0.000               0.000         13139184.044   0.82293 
  1375.550         119.216    338.127     387.000      50.687            14809.944               0.000               0.000         13153993.988   0.82293 
  1376.550         119.204    338.169     387.000      50.687            14830.614               0.000               0.000         13168824.602   0.82293 
  1377.550         119.191    338.212     387.000      50.687            14851.386               0.000               0.000         13183675.989   0.82293 
  1378.550         119.179    338.255     387.000      50.687            14872.249               0.000               0.000         13198548.238   0.82293 
  1379.550         119.166    338.297     387.000      50.687            14893.168               0.000               0.000         13213441.406   0.82293 
  1380.550         119.154    338.340     387.000      50.687            14914.144               0.000               0.000         13228355.549   0.82293 
  1381.550         119.141    338.383     387.000      50.687            14935.176               0.000               0.000         13243290.725   0.82293 
  1382.550         119.128    338.426     387.000      50.687            14956.266               0.000               0.000         13258246.991   0.82293 
  1383.550         119.116    338.469     387.000      50.687            14977.413               0.000               0.000         13273224.404   0.82293 
  1384.550         119.103    338.512     387.000      50.687            14998.617               0.000               0.000         13288223.021   0.82293 
  1385.550         119.091    338.555     387.000      50.687            15019.930               0.000               0.000         13303242.950   0.82293 
  1386.550         119.078    338.598     387.000      50.687            15041.332               0.000               0.000         13318284.283   0.82293 
  1387.550         119.065    338.642     387.000      50.687            15062.793               0.000               0.000         13333347.075   0.82293 
  1388.550         119.053    338.685     387.000      50.687            15084.312               0.000               0.000         13348431.387   0.82293 
  1389.550         119.040    338.728     387.000      50.687            15105.890               0.000               0.000         13363537.277   0.82293 
  1390.550         119.027    338.772     387.000      50.687            15127.526               0.000               0.000         13378664.803   0.82293 
  1391.550         119.014    338.815     387.000      50.687            15149.221               0.000               0.000         13393814.025   0.82293 
  1392.550         119.002    338.859     387.000      50.687            15170.976               0.000               0.000         13408985.000   0.82293 
  1393.550         118.989    338.902     387.000      50.687            15192.853               0.000               0.000         13424177.854   0.82293 
  1394.550         118.976    338.946     387.000      50.687            15214.812               0.000               0.000         13439392.666   0.82293 
  1395.550         118.963    338.990     387.000      50.687            15236.831               0.000               0.000         13454629.496   0.82293 
  1396.550         118.950    339.034     387.000      50.687            15258.909               0.000               0.000         13469888.406   0.82293 
  1397.550         118.938    339.077     387.000      50.687            15281.049               0.000               0.000         13485169.454   0.82293 
  1398.550         118.925    339.121     387.000      50.687            15303.249               0.000               0.000         13500472.703   0.82293 
  1399.550         118.912    339.165     387.000      50.687            15325.509               0.000               0.000         13515798.212   0.82293 
  1400.550         118.899    339.209     387.000      50.687            15347.831               0.000               0.000         13531146.043   0.82293 
  1401.550         118.886    339.253     387.000      50.687            15370.297               0.000               0.000         13546516.340   0.82293 
  1402.550         118.873    339.298     387.000      50.687            15392.829               0.000               0.000         13561909.169   0.82293 
  1403.550         118.860    339.342     387.000      50.687            15415.423               0.000               0.000         13577324.591   0.82293 
  1404.550         118.847    339.386     387.000      50.687            15438.078               0.000               0.000         13592762.669   0.82293 
  1405.550         118.834    339.431     387.000      50.687            15460.796               0.000               0.000         13608223.466   0.82293 
  1406.550         118.821    339.475     387.000      50.687            15483.577               0.000               0.000         13623707.042   0.82293 
  1407.550         118.808    339.519     387.000      50.687            15506.420               0.000               0.000         13639213.462   0.82293 
  1408.550         118.795    339.564     387.000      50.687            15528.794               0.000               0.000         13654742.256   0.82293 
  1409.550         118.782    339.609     387.000      50.687            15549.591               0.000               0.000         13670291.847   0.82293 
  1410.550         118.769    339.653     387.000      50.687            15570.442               0.000               0.000         13685862.289   0.82293 
  1411.550         118.756    339.698     387.000      50.687            15591.348               0.000               0.000         13701453.637   0.82293 
  1412.550         118.743    339.743     387.000      50.687            15612.309               0.000               0.000         13717065.946   0.82293 
  1413.550         118.730    339.788     387.000      50.687            15633.324               0.000               0.000         13732699.271   0.82293 
  1414.550         118.717    339.833     387.000      50.687            15654.395               0.000               0.000         13748353.666   0.82293 
  1415.550         118.703    339.878     387.000      50.687            15675.521               0.000               0.000         13764029.187   0.82293 
  1416.550         118.690    339.923     387.000      50.687            15699.594               0.000               0.000         13779728.781   0.82293 
  1417.550         118.677    339.968     387.000      50.687            15725.547               0.000               0.000         13795454.328   0.82293 
  1418.550         118.664    340.013     387.000      50.687            15751.576               0.000               0.000         13811205.903   0.82293 
  1419.550         118.651    340.058     387.000      50.687            15777.680               0.000               0.000         13826983.583   0.82293 
  1420.550         118.637    340.104     387.000      50.687            15803.861               0.000               0.000         13842787.444   0.82293 
  1421.550         118.624    340.149     387.000      50.687            15830.117               0.000               0.000         13858617.561   0.82293 
  1422.550         118.611    340.194     387.000      50.687            15856.450               0.000               0.000         13874474.011   0.82293 
  1423.550         118.598    340.240     387.000      50.687            15882.720               0.000               0.000         13890356.731   0.82293 
  1424.550         118.584    340.286     387.000      50.687            15906.944               0.000               0.000         13906263.676   0.82293 
  1425.550         118.571    340.331     387.000      50.687            15931.236               0.000               0.000         13922194.912   0.82293 
  1426.550         118.557    340.377     387.000      50.687            15955.595               0.000               0.000         13938150.507   0.82293 
  1427.550         118.544    340.423     387.000      50.687            15980.023               0.000               0.000         13954130.530   0.82293 
  1428.550         118.531    340.469     387.000      50.687            16004.518               0.000               0.000         13970135.048   0.82293 
  1429.550         118.517    340.515     387.000      50.687            16029.081               0.000               0.000         13986164.129   0.82293 
  1430.550         118.504    340.561     387.000      50.687            16053.713               0.000               0.000         14002217.842   0.82293 
  1431.550         118.490    340.607     387.000      50.687            16077.114               0.000               0.000         14018294.956   0.82293 
  1432.550         118.477    340.653     387.000      50.687            16099.652               0.000               0.000         14034394.608   0.82293 
  1433.550         118.464    340.699     387.000      50.687            16122.251               0.000               0.000         14050516.859   0.82293 
  1434.550         118.450    340.746     387.000      50.687            16144.909               0.000               0.000         14066661.768   0.82293 
  1435.550         118.437    340.792     387.000      50.687            16167.628               0.000               0.000         14082829.396   0.82293 
  1436.550         118.423    340.839     387.000      50.687            16190.407               0.000               0.000         14099019.803   0.82293 
  1437.550         118.409    340.885     387.000      50.687            16213.247               0.000               0.000         14115233.051   0.82293 
  1438.550         118.396    340.932     387.000      50.687            16237.022               0.000               0.000         14131470.073   0.82293 
  1439.550         118.382    340.978     387.000      50.687            16264.828               0.000               0.000         14147734.900   0.82293 
  1440.550         118.369    341.025     387.000      50.687            16292.715               0.000               0.000         14164027.616   0.82293 
  1441.550         118.355    341.072     387.000      50.687            16320.685               0.000               0.000         14180348.301   0.82293 
  1442.550         118.341    341.118     387.000      50.687            16348.738               0.000               0.000         14196697.038   0.82293 
  1443.550         118.328    341.165     387.000      50.687            16376.873               0.000               0.000         14213073.911   0.82293 
  1444.550         118.314    341.212     387.000      50.687            16405.091               0.000               0.000         14229479.002   0.82293 
  1445.550         118.300    341.259     387.000      50.687            16433.392               0.000               0.000         14245912.394   0.82293 
  1446.550         118.287    341.306     387.000      50.687            16459.809               0.000               0.000         14262372.203   0.82293 
  1447.550         118.273    341.353     387.000      50.687            16485.951               0.000               0.000         14278858.154   0.82293 
  1448.550         118.259    341.400     387.000      50.687            16512.167               0.000               0.000         14295370.321   0.82293 
  1449.550         118.245    341.447     387.000      50.687            16538.456               0.000               0.000         14311908.777   0.82293 
  1450.550         118.232    341.494     387.000      50.687            16564.820               0.000               0.000         14328473.597   0.82293 
  1451.550         118.218    341.541     387.000      50.687            16591.258               0.000               0.000         14345064.855   0.82293 
  1452.550         118.204    341.588     387.000      50.687            16617.771               0.000               0.000         14361682.626   0.82293 
  1453.550         118.190    341.635     387.000      50.687            16644.421               0.000               0.000         14378327.047   0.82293 
  1454.550         118.176    341.683     387.000      50.687            16671.191               0.000               0.000         14394998.238   0.82293 
  1455.550         118.162    341.730     387.000      50.687            16698.037               0.000               0.000         14411696.275   0.82293 
  1456.550         118.149    341.777     387.000      50.687            16724.958               0.000               0.000         14428421.233   0.82293 
  1457.550         118.135    341.825     387.000      50.687            16751.957               0.000               0.000         14445173.190   0.82293 
  1458.550         118.121    341.872     387.000      50.687            16779.031               0.000               0.000         14461952.221   0.82293 
  1459.550         118.107    341.920     387.000      50.687            16806.183               0.000               0.000         14478758.404   0.82293 
  1460.550         118.093    341.967     387.000      50.687            16833.455               0.000               0.000         14495591.859   0.82293 
  1461.550         118.079    342.015     387.000      50.687            16860.871               0.000               0.000         14512452.730   0.82293 
  1462.550         118.065    342.062     387.000      50.687            16888.364               0.000               0.000         14529341.094   0.82293 
  1463.550         118.051    342.110     387.000      50.687            16915.936               0.000               0.000         14546257.030   0.82293 
  1464.550         118.037    342.158     387.000      50.687            16943.587               0.000               0.000         14563200.617   0.82293 
  1465.550         118.023    342.205     387.000      50.687            16971.317               0.000               0.000         14580171.934   0.82293 
  1466.550         118.009    342.253     387.000      50.687            16999.125               0.000               0.000         14597171.059   0.82293 
  1467.550         117.994    342.301     387.000      50.687            17027.043               0.000               0.000         14614198.103   0.82293 
  1468.550         117.980    342.349     387.000      50.687            17055.124               0.000               0.000         14631253.226   0.82293 
  1469.550         117.966    342.397     387.000      50.687            17083.284               0.000               0.000         14648336.510   0.82293 
  1470.550         117.952    342.445     387.000      50.687            17111.525               0.000               0.000         14665448.035   0.82293 
  1471.550         117.938    342.493     387.000      50.687            17139.847               0.000               0.000         14682587.883   0.82293 
  1472.550         117.924    342.541     387.000      50.687            17168.250               0.000               0.000         14699756.133   0.82293 
  1473.550         117.909    342.589     387.000      50.687            17196.735               0.000               0.000         14716952.868   0.82293 
  1474.550         117.895    342.637     387.000      50.687            17225.325               0.000               0.000         14734178.194   0.82293 
  1475.550         117.881    342.686     387.000      50.687            17254.089               0.000               0.000         14751432.283   0.82293 
  1476.550         117.867    342.734     387.000      50.687            17282.936               0.000               0.000         14768715.219   0.82293 
  1477.550         117.852    342.782     387.000      50.687            17311.865               0.000               0.000         14786027.084   0.82293 
  1478.550         117.838    342.831     387.000      50.687            17340.878               0.000               0.000         14803367.962   0.82293 
  1479.550         117.824    342.879     387.000      50.687            17369.975               0.000               0.000         14820737.936   0.82293 
  1480.550         117.810    342.928     387.000      50.687            17399.155               0.000               0.000         14838137.091   0.82293 
  1481.550         117.795    342.976     387.000      50.687            17428.444               0.000               0.000         14855565.535   0.82293 
  1482.550         117.781    343.025     387.000      50.687            17457.912               0.000               0.000         14873023.447   0.82293 
  1483.550         117.766    343.073     387.000      50.687            17487.464               0.000               0.000         14890510.911   0.82293 
  1484.550         117.752    343.122     387.000      50.687            17517.102               0.000               0.000         14908028.013   0.82293 
  1485.550         117.738    343.171     387.000      50.687            17546.826               0.000               0.000         14925574.839   0.82293 
  1486.550         117.723    343.220     387.000      50.687            17576.636               0.000               0.000         14943151.475   0.82293 
  1487.550         117.709    343.269     387.000      50.687            17606.532               0.000               0.000         14960758.007   0.82293 
  1488.550         117.694    343.317     387.000      50.687            17637.439               0.000               0.000         14978395.446   0.82293 
  1489.550         117.680    343.366     387.000      50.687            17670.845               0.000               0.000         14996066.291   0.82293 
  1490.550         117.665    343.415     387.000      50.687            17704.352               0.000               0.000         15013770.643   0.82293 
  1491.550         117.651    343.465     387.000      50.687            17737.963               0.000               0.000         15031508.607   0.82293 
  1492.550         117.636    343.514     387.000      50.687            17771.678               0.000               0.000         15049280.285   0.82293 
  1493.550         117.621    343.563     387.000      50.687            17805.496               0.000               0.000         15067085.781   0.82293 
  1494.550         117.607    343.612     387.000      50.687            17839.419               0.000               0.000         15084925.201   0.82293 
  1495.550         117.592    343.662     387.000      50.687            17870.839               0.000               0.000         15102796.040   0.82293 
  1496.550         117.578    343.711     387.000      50.687            17898.529               0.000               0.000         15120694.569   0.82293 
  1497.550         117.563    343.760     387.000      50.687            17926.296               0.000               0.000         15138620.865   0.82293 
  1498.550         117.548    343.810     387.000      50.687            17954.138               0.000               0.000         15156575.003   0.82293 
  1499.550         117.534    343.859     387.000      50.687            17982.057               0.000               0.000         15174557.060   0.82293 
  1500.550         117.519    343.909     387.000      50.687            18010.053               0.000               0.000         15192567.114   0.82293 
  1501.550         117.504    343.959     387.000      50.687            18038.126               0.000               0.000         15210605.240   0.82293 
  1502.550         117.489    344.008     387.000      50.687            18068.335               0.000               0.000         15228673.575   0.82293 
  1503.550         117.475    344.058     387.000      50.687            18100.040               0.000               0.000         15246773.615   0.82293 
  1504.550         117.460    344.108     387.000      50.687            18131.837               0.000               0.000         15264905.452   0.82293 
  1505.550         117.445    344.158     387.000      50.687            18163.728               0.000               0.000         15283069.181   0.82293 
  1506.550         117.430    344.208     387.000      50.687            18195.713               0.000               0.000         15301264.894   0.82293 
  1507.550         117.415    344.257     387.000      50.687            18227.792               0.000               0.000         15319492.686   0.82293 
  1508.550         117.401    344.308     387.000      50.687            18259.965               0.000               0.000         15337752.651   0.82293 
  1509.550         117.386    344.358     387.000      50.687            18292.344               0.000               0.000         15356044.995   0.82293 
  1510.550         117.371    344.408     387.000      50.687            18324.839               0.000               0.000         15374369.834   0.82293 
  1511.550         117.356    344.458     387.000      50.687            18357.430               0.000               0.000         15392727.265   0.82293 
  1512.550         117.341    344.508     387.000      50.687            18390.117               0.000               0.000         15411117.382   0.82293 
  1513.550         117.326    344.559     387.000      50.687            18422.901               0.000               0.000         15429540.283   0.82293 
  1514.550         117.311    344.609     387.000      50.687            18455.782               0.000               0.000         15447996.065   0.82293 
  1515.550         117.296    344.659     387.000      50.687            18488.779               0.000               0.000         15466484.844   0.82293 
  1516.550         117.281    344.710     387.000      50.687            18521.990               0.000               0.000         15485006.834   0.82293 
  1517.550         117.266    344.760     387.000      50.687            18555.299               0.000               0.000         15503562.134   0.82293 
  1518.550         117.251    344.811     387.000      50.687            18588.708               0.000               0.000         15522150.841   0.82293 
  1519.550         117.236    344.862     387.000      50.687            18622.215               0.000               0.000         15540773.056   0.82293 
  1520.550         117.221    344.912     387.000      50.687            18655.822               0.000               0.000         15559428.877   0.82293 
  1521.550         117.206    344.963     387.000      50.687            18689.528               0.000               0.000         15578118.406   0.82293 
  1522.550         117.190    345.014     387.000      50.687            18723.372               0.000               0.000         15596841.777   0.82293 
  1523.550         117.175    345.065     387.000      50.687            18757.352               0.000               0.000         15615599.129   0.82293 
  1524.550         117.160    345.116     387.000      50.687            18791.433               0.000               0.000         15634390.563   0.82293 
  1525.550         117.145    345.167     387.000      50.687            18825.616               0.000               0.000         15653216.179   0.82293 
  1526.550         117.130    345.218     387.000      50.687            18859.901               0.000               0.000         15672076.080   0.82293 
  1527.550         117.114    345.270     387.000      50.687            18894.288               0.000               0.000         15690970.368   0.82293 
  1528.550         117.099    345.321     387.000      50.687            18928.778               0.000               0.000         15709899.146   0.82293 
  1529.550         117.084    345.372     387.000      50.687            18963.627               0.000               0.000         15728862.773   0.82293 
  1530.550         117.069    345.424     387.000      50.687            18998.601               0.000               0.000         15747861.374   0.82293 
  1531.550         117.053    345.475     387.000      50.687            19033.681               0.000               0.000         15766895.054   0.82293 
  1532.550         117.038    345.527     387.000      50.687            19068.865               0.000               0.000         15785963.920   0.82293 
  1533.550         117.023    345.578     387.000      50.687            19104.156               0.000               0.000         15805068.075   0.82293 
  1534.550         117.007    345.630     387.000      50.687            19139.552               0.000               0.000         15824207.628   0.82293 
  1535.550         116.992    345.682     387.000      50.687            19175.086               0.000               0.000         15843382.714   0.82293 
  1536.550         116.977    345.733     387.000      50.687            19210.773               0.000               0.000         15862593.487   0.82293 
  1537.550         116.961    345.785     387.000      50.687            19246.568               0.000               0.000         15881840.055   0.82293 
  1538.550         116.946    345.837     387.000      50.687            19282.471               0.000               0.000         15901122.526   0.82293 
  1539.550         116.930    345.889     387.000      50.687            19318.482               0.000               0.000         15920441.007   0.82293 
  1540.550         116.915    345.941     387.000      50.687            19354.601               0.000               0.000         15939795.609   0.82293 
  1541.550         116.899    345.993     387.000      50.687            19390.830               0.000               0.000         15959186.439   0.82293 
  1542.550         116.884    346.046     387.000      50.687            19427.306               0.000               0.000         15978613.745   0.82293 
  1543.550         116.868    346.098     387.000      50.687            19463.905               0.000               0.000         15998077.650   0.82293 
  1544.550         116.853    346.150     387.000      50.687            19500.614               0.000               0.000         16017578.264   0.82293 
  1545.550         116.837    346.203     387.000      50.687            19537.435               0.000               0.000         16037115.698   0.82293 
  1546.550         116.822    346.255     387.000      50.687            19574.367               0.000               0.000         16056690.065   0.82293 
  1547.550         116.806    346.308     387.000      50.687            19611.411               0.000               0.000         16076301.477   0.82293 
  1548.550         116.790    346.361     387.000      50.687            19648.645               0.000               0.000         16095950.121   0.82293 
  1549.550         116.775    346.413     387.000      50.687            19686.069               0.000               0.000         16115636.190   0.82293 
  1550.550         116.759    346.466     387.000      50.687            19723.607               0.000               0.000         16135359.797   0.82293 
  1551.550         116.743    346.519     387.000      50.687            19761.259               0.000               0.000         16155121.055   0.82293 
  1552.550         116.728    346.572     387.000      50.687            19799.026               0.000               0.000         16174920.081   0.82293 
  1553.550         116.712    346.625     387.000      50.687            19836.908               0.000               0.000         16194756.990   0.82293 
  1554.550         116.696    346.678     387.000      50.687            19874.926               0.000               0.000         16214631.915   0.82293 
  1555.550         116.680    346.731     387.000      50.687            19913.197               0.000               0.000         16234545.113   0.82293 
  1556.550         116.665    346.785     387.000      50.687            19951.586               0.000               0.000         16254496.699   0.82293 
  1557.550         116.649    346.838     387.000      50.687            19990.093               0.000               0.000         16274486.792   0.82293 
  1558.550         116.633    346.891     387.000      50.687            20028.717               0.000               0.000         16294515.509   0.82293 
  1559.550         116.617    346.945     387.000      50.687            20067.460               0.000               0.000         16314582.970   0.82293 
  1560.550         116.601    346.998     387.000      50.687            20106.322               0.000               0.000         16334689.292   0.82293 
  1561.550         116.585    347.052     387.000      50.687            20145.433               0.000               0.000         16354834.725   0.82293 
  1562.550         116.569    347.106     387.000      50.687            20184.696               0.000               0.000         16375019.421   0.82293 
  1563.550         116.553    347.159     387.000      50.687            20224.080               0.000               0.000         16395243.502   0.82293 
  1564.550         116.537    347.213     387.000      50.687            20263.586               0.000               0.000         16415507.087   0.82293 
  1565.550         116.522    347.267     387.000      50.687            20303.213               0.000               0.000         16435810.301   0.82293 
  1566.550         116.506    347.321     387.000      50.687            20342.962               0.000               0.000         16456153.263   0.82293 
  1567.550         116.490    347.375     387.000      50.687            20382.922               0.000               0.000         16476536.185   0.82293 
  1568.550         116.473    347.430     387.000      50.687            20423.084               0.000               0.000         16496959.270   0.82293 
  1569.550         116.457    347.484     387.000      50.687            20463.370               0.000               0.000         16517422.640   0.82293 
  1570.550         116.441    347.538     387.000      50.687            20503.781               0.000               0.000         16537926.420   0.82293 
  1571.550         116.425    347.593     387.000      50.687            20544.317               0.000               0.000         16558470.737   0.82293 
  1572.550         116.409    347.647     387.000      50.687            20584.978               0.000               0.000         16579055.715   0.82293 
  1573.550         116.393    347.702     387.000      50.687            20625.818               0.000               0.000         16599681.533   0.82293 
  1574.550         116.377    347.757     387.000      50.687            20666.903               0.000               0.000         16620348.435   0.82293 
  1575.550         116.361    347.811     387.000      50.687            20708.115               0.000               0.000         16641056.550   0.82293 
  1576.550         116.345    347.866     387.000      50.687            20749.456               0.000               0.000         16661806.007   0.82293 
  1577.550         116.328    347.921     387.000      50.687            20790.926               0.000               0.000         16682596.933   0.82293 
  1578.550         116.312    347.976     387.000      50.687            20832.525               0.000               0.000         16703429.458   0.82293 
  1579.550         116.296    348.031     387.000      50.687            20874.276               0.000               0.000         16724303.734   0.82293 
  1580.550         116.280    348.087     387.000      50.687            20916.310               0.000               0.000         16745220.044   0.82293 
  1581.550         116.263    348.142     387.000      50.687            20958.475               0.000               0.000         16766178.519   0.82293 
  1582.550         116.247    348.197     387.000      50.687            21000.772               0.000               0.000         16787179.292   0.82293 
  1583.550         116.231    348.253     387.000      50.687            21043.202               0.000               0.000         16808222.494   0.82293 
  1584.550         116.214    348.308     387.000      50.687            21085.765               0.000               0.000         16829308.258   0.82293 
  1585.550         116.198    348.364     387.000      50.687            21128.461               0.000               0.000         16850436.719   0.82293 
  1586.550         116.182    348.420     387.000      50.687            21171.470               0.000               0.000         16871608.189   0.82293 
  1587.550         116.165    348.475     387.000      50.687            21214.614               0.000               0.000         16892822.804   0.82293 
  1588.550         116.149    348.531     387.000      50.687            21257.895               0.000               0.000         16914080.698   0.82293 
  1589.550         116.132    348.587     387.000      50.687            21301.311               0.000               0.000         16935382.009   0.82293 
  1590.550         116.116    348.644     387.000      50.687            21344.864               0.000               0.000         16956726.873   0.82293 
  1591.550         116.099    348.700     387.000      50.687            21388.554               0.000               0.000         16978115.428   0.82293 
  1592.550         116.083    348.756     387.000      50.687            21432.552               0.000               0.000         16999547.980   0.82293 
  1593.550         116.066    348.812     387.000      50.687            21476.703               0.000               0.000         17021024.683   0.82293 
  1594.550         116.050    348.869     387.000      50.687            21520.994               0.000               0.000         17042545.676   0.82293 
  1595.550         116.033    348.925     387.000      50.687            21565.425               0.000               0.000         17064111.101   0.82293 
  1596.550         116.017    348.982     387.000      50.687            21609.997               0.000               0.000         17085721.098   0.82293 
  1597.550         116.000    349.039     387.000      50.687            21654.710               0.000               0.000         17107375.807   0.82293 
  1598.550         115.983    349.096     387.000      50.687            21699.731               0.000               0.000         17129075.538   0.82293 
  1599.550         115.967    349.153     387.000      50.687            21744.917               0.000               0.000         17150820.455   0.82293 
  1600.550         115.950    349.210     387.000      50.687            21790.247               0.000               0.000         17172610.702   0.82293 
  1601.550         115.933    349.267     387.000      50.687            21835.722               0.000               0.000         17194446.424   0.82293 
  1602.550         115.917    349.324     387.000      50.687            21881.341               0.000               0.000         17216327.765   0.82293 
  1603.550         115.900    349.381     387.000      50.687            21927.106               0.000               0.000         17238254.871   0.82293 
  1604.550         115.883    349.439     387.000      50.687            21973.188               0.000               0.000         17260228.059   0.82293 
  1605.550         115.866    349.496     387.000      50.687            22019.439               0.000               0.000         17282247.498   0.82293 
  1606.550         115.849    349.554     387.000      50.687            22065.839               0.000               0.000         17304313.337   0.82293 
  1607.550         115.833    349.611     387.000      50.687            22112.386               0.000               0.000         17326425.723   0.82293 
  1608.550         115.816    349.669     387.000      50.687            22159.083               0.000               0.000         17348584.806   0.82293 
  1609.550         115.799    349.727     387.000      50.687            22205.929               0.000               0.000         17370790.735   0.82293 
  1610.550         115.782    349.785     387.000      50.687            22253.112               0.000               0.000         17393043.848   0.82293 
  1611.550         115.765    349.843     387.000      50.687            22300.459               0.000               0.000         17415344.306   0.82293 
  1612.550         115.748    349.902     387.000      50.687            22347.958               0.000               0.000         17437692.264   0.82293 
  1613.550         115.731    349.960     387.000      50.687            22395.609               0.000               0.000         17460087.873   0.82293 
  1614.550         115.714    350.018     387.000      50.687            22443.414               0.000               0.000         17482531.288   0.82293 
  1615.550         115.697    350.077     387.000      50.687            22491.380               0.000               0.000         17505022.668   0.82293 
  1616.550         115.680    350.135     387.000      50.687            22539.697               0.000               0.000         17527562.365   0.82293 
  1617.550         115.663    350.194     387.000      50.687            22588.171               0.000               0.000         17550150.536   0.82293 
  1618.550         115.646    350.253     387.000      50.687            22636.801               0.000               0.000         17572787.337   0.82293 
  1619.550         115.629    350.312     387.000      50.687            22685.589               0.000               0.000         17595472.926   0.82293 
  1620.550         115.612    350.371     387.000      50.687            22734.534               0.000               0.000         17618207.460   0.82293 
  1621.550         115.595    350.430     387.000      50.687            22783.673               0.000               0.000         17640991.133   0.82293 
  1622.550         115.578    350.489     387.000      50.687            22833.145               0.000               0.000         17663824.278   0.82293 
  1623.550         115.561    350.549     387.000      50.687            22882.778               0.000               0.000         17686707.056   0.82293 
  1624.550         115.544    350.608     387.000      50.687            22932.573               0.000               0.000         17709639.629   0.82293 
  1625.550         115.526    350.668     387.000      50.687            22982.529               0.000               0.000         17732622.158   0.82293 
  1626.550         115.509    350.728     387.000      50.687            23032.648               0.000               0.000         17755654.806   0.82293 
  1627.550         115.492    350.787     387.000      50.687            23083.004               0.000               0.000         17778737.810   0.82293 
  1628.550         115.475    350.847     387.000      50.687            23133.665               0.000               0.000         17801871.475   0.82293 
  1629.550         115.457    350.907     387.000      50.687            23184.491               0.000               0.000         17825055.966   0.82293 
  1630.550         115.440    350.967     387.000      50.687            23235.484               0.000               0.000         17848291.450   0.82293 
  1631.550         115.423    351.028     387.000      50.687            23286.643               0.000               0.000         17871578.093   0.82293 
  1632.550         115.405    351.088     387.000      50.687            23337.970               0.000               0.000         17894916.063   0.82293 
  1633.550         115.388    351.149     387.000      50.687            23389.588               0.000               0.000         17918305.651   0.82293 
  1634.550         115.371    351.209     387.000      50.687            23441.472               0.000               0.000         17941747.123   0.82293 
  1635.550         115.353    351.270     387.000      50.687            23493.527               0.000               0.000         17965240.650   0.82293 
  1636.550         115.336    351.331     387.000      50.687            23545.753               0.000               0.000         17988786.403   0.82293 
  1637.550         115.318    351.392     387.000      50.687            23598.150               0.000               0.000         18012384.554   0.82293 
  1638.550         115.301    351.453     387.000      50.687            23650.720               0.000               0.000         18036035.274   0.82293 
  1639.550         115.283    351.514     387.000      50.687            23703.649               0.000               0.000         18059738.923   0.82293 
  1640.550         115.266    351.575     387.000      50.687            23756.792               0.000               0.000         18083495.715   0.82293 
  1641.550         115.248    351.637     387.000      50.687            23810.111               0.000               0.000         18107305.827   0.82293 
  1642.550         115.231    351.698     387.000      50.687            23863.607               0.000               0.000         18131169.434   0.82293 
  1643.550         115.213    351.760     387.000      50.687            23917.279               0.000               0.000         18155086.713   0.82293 
  1644.550         115.196    351.821     387.000      50.687            23971.157               0.000               0.000         18179057.871   0.82293 
  1645.550         115.178    351.883     387.000      50.687            24025.417               0.000               0.000         18203083.288   0.82293 
  1646.550         115.160    351.945     387.000      50.687            24079.857               0.000               0.000         18227163.145   0.82293 
  1647.550         115.143    352.007     387.000      50.687            24134.478               0.000               0.000         18251297.623   0.82293 
  1648.550         115.125    352.070     387.000      50.687            24189.281               0.000               0.000         18275486.904   0.82293 
  1649.550         115.107    352.132     387.000      50.687            24244.266               0.000               0.000         18299731.170   0.82293 
  1650.550         115.090    352.195     387.000      50.687            24299.543               0.000               0.000         18324030.713   0.82293 
  1651.550         115.072    352.257     387.000      50.687            24355.132               0.000               0.000         18348385.846   0.82293 
  1652.550         115.054    352.320     387.000      50.687            24410.908               0.000               0.000         18372796.753   0.82293 
  1653.550         115.036    352.383     387.000      50.687            24466.870               0.000               0.000         18397263.623   0.82293 
  1654.550         115.019    352.446     387.000      50.687            24523.019               0.000               0.000         18421786.642   0.82293 
  1655.550         115.001    352.509     387.000      50.687            24579.356               0.000               0.000         18446365.997   0.82293 
  1656.550         114.983    352.572     387.000      50.687            24636.084               0.000               0.000         18471002.081   0.82293 
  1657.550         114.965    352.636     387.000      50.687            24693.043               0.000               0.000         18495695.125   0.82293 
  1658.550         114.947    352.699     387.000      50.687            24750.194               0.000               0.000         18520445.319   0.82293 
  1659.550         114.929    352.763     387.000      50.687            24807.537               0.000               0.000         18545252.855   0.82293 
  1660.550         114.911    352.826     387.000      50.687            24865.073               0.000               0.000         18570117.928   0.82293 
  1661.550         114.893    352.890     387.000      50.687            24922.864               0.000               0.000         18595040.792   0.82293 
  1662.550         114.875    352.954     387.000      50.687            24981.038               0.000               0.000         18620021.830   0.82293 
  1663.550         114.857    353.019     387.000      50.687            25039.408               0.000               0.000         18645061.237   0.82293 
  1664.550         114.839    353.083     387.000      50.687            25097.975               0.000               0.000         18670159.212   0.82293 
  1665.550         114.821    353.147     387.000      50.687            25156.741               0.000               0.000         18695315.953   0.82293 
  1666.550         114.803    353.212     387.000      50.687            25215.705               0.000               0.000         18720531.658   0.82293 
  1667.550         114.785    353.277     387.000      50.687            25275.048               0.000               0.000         18745806.706   0.82293 
  1668.550         114.767    353.341     387.000      50.687            25334.669               0.000               0.000         18771141.375   0.82293 
  1669.550         114.749    353.406     387.000      50.687            25394.493               0.000               0.000         18796535.868   0.82293 
  1670.550         114.731    353.471     387.000      50.687            25454.520               0.000               0.000         18821990.388   0.82293 
  1671.550         114.712    353.537     387.000      50.687            25514.751               0.000               0.000         18847505.139   0.82293 
  1672.550         114.694    353.602     387.000      50.687            25575.237               0.000               0.000         18873080.376   0.82293 
  1673.550         114.676    353.668     387.000      50.687            25636.142               0.000               0.000         18898716.518   0.82293 
  1674.550         114.658    353.733     387.000      50.687            25697.254               0.000               0.000         18924413.772   0.82293 
  1675.550         114.640    353.799     387.000      50.687            25758.576               0.000               0.000         18950172.348   0.82293 
  1676.550         114.621    353.865     387.000      50.687            25820.107               0.000               0.000         18975992.455   0.82293 
  1677.550         114.603    353.931     387.000      50.687            25881.849               0.000               0.000         19001874.304   0.82293 
  1678.550         114.585    353.997     387.000      50.687            25943.994               0.000               0.000         19027818.298   0.82293 
  1679.550         114.566    354.064     387.000      50.687            26006.429               0.000               0.000         19053824.728   0.82293 
  1680.550         114.548    354.130     387.000      50.687            26069.079               0.000               0.000         19079893.807   0.82293 
  1681.550         114.530    354.197     387.000      50.687            26131.945               0.000               0.000         19106025.752   0.82293 
  1682.550         114.511    354.264     387.000      50.687            26195.027               0.000               0.000         19132220.778   0.82293 
  1683.550         114.493    354.330     387.000      50.687            26258.401               0.000               0.000         19158479.179   0.82293 
  1684.550         114.474    354.398     387.000      50.687            26322.193               0.000               0.000         19184801.372   0.82293 
  1685.550         114.456    354.465     387.000      50.687            26386.207               0.000               0.000         19211187.579   0.82293 
  1686.550         114.437    354.532     387.000      50.687            26450.441               0.000               0.000         19237638.020   0.82293 
  1687.550         114.419    354.600     387.000      50.687            26514.898               0.000               0.000         19264152.918   0.82293 
  1688.550         114.400    354.667     387.000      50.687            26579.578               0.000               0.000         19290732.496   0.82293 
  1689.550         114.382    354.735     387.000      50.687            26644.727               0.000               0.000         19317377.223   0.82293 
  1690.550         114.363    354.803     387.000      50.687            26710.140               0.000               0.000         19344087.363   0.82293 
  1691.550         114.344    354.871     387.000      50.687            26775.780               0.000               0.000         19370863.142   0.82293 
  1692.550         114.326    354.940     387.000      50.687            26841.648               0.000               0.000         19397704.790   0.82293 
  1693.550         114.307    355.008     387.000      50.687            26907.746               0.000               0.000         19424612.536   0.82293 
  1694.550         114.288    355.077     387.000      50.687            26974.218               0.000               0.000         19451586.753   0.82293 
  1695.550         114.270    355.145     387.000      50.687            27041.067               0.000               0.000         19478627.820   0.82293 
  1696.550         114.251    355.214     387.000      50.687            27108.149               0.000               0.000         19505735.969   0.82293 
  1697.550         114.232    355.283     387.000      50.687            27175.467               0.000               0.000         19532911.436   0.82293 
  1698.550         114.213    355.353     387.000      50.687            27243.020               0.000               0.000         19560154.456   0.82293 
  1699.550         114.195    355.422     387.000      50.687            27310.651               0.000               0.000         19587465.107   0.82293 
  1700.550         114.176    355.491     387.000      50.687            27377.708               0.000               0.000         19614842.815   0.82293 
  1701.550         114.157    355.561     387.000      50.687            27444.998               0.000               0.000         19642287.814   0.82293 
  1702.550         114.138    355.631     387.000      50.687            27512.522               0.000               0.000         19669800.336   0.82293 
  1703.550         114.119    355.701     387.000      50.687            27580.281               0.000               0.000         19697380.617   0.82293 
  1704.550         114.100    355.771     387.000      50.687            27648.276               0.000               0.000         19725028.893   0.82293 
  1705.550         114.081    355.841     387.000      50.687            27718.990               0.000               0.000         19752747.883   0.82293 
  1706.550         114.062    355.912     387.000      50.687            27790.355               0.000               0.000         19780538.237   0.82293 
  1707.550         114.043    355.983     387.000      50.687            27861.975               0.000               0.000         19808400.212   0.82293 
  1708.550         114.024    356.053     387.000      50.687            27933.852               0.000               0.000         19836334.064   0.82293 
  1709.550         114.005    356.124     387.000      50.687            28005.986               0.000               0.000         19864340.049   0.82293 
  1710.550         113.986    356.196     387.000      50.687            28077.784               0.000               0.000         19892417.834   0.82293 
  1711.550         113.967    356.267     387.000      50.687            28149.432               0.000               0.000         19920567.266   0.82293 
  1712.550         113.948    356.338     387.000      50.687            28221.334               0.000               0.000         19948788.599   0.82293 
  1713.550         113.929    356.410     387.000      50.687            28293.492               0.000               0.000         19977082.091   0.82293 
  1714.550         113.910    356.482     387.000      50.687            28365.906               0.000               0.000         20005447.997   0.82293 
  1715.550         113.891    356.554     387.000      50.687            28438.693               0.000               0.000         20033886.691   0.82293 
  1716.550         113.872    356.626     387.000      50.687            28511.945               0.000               0.000         20062398.636   0.82293 
  1717.550         113.852    356.698     387.000      50.687            28585.459               0.000               0.000         20090984.094   0.82293 
  1718.550         113.833    356.771     387.000      50.687            28659.235               0.000               0.000         20119643.330   0.82293 
  1719.550         113.814    356.844     387.000      50.687            28733.276               0.000               0.000         20148376.606   0.82293 
  1720.550         113.795    356.917     387.000      50.687            28807.633               0.000               0.000         20177184.239   0.82293 
  1721.550         113.775    356.990     387.000      50.687            28882.533               0.000               0.000         20206066.772   0.82293 
  1722.550         113.756    357.063     387.000      50.687            28957.702               0.000               0.000         20235024.475   0.82293 
  1723.550         113.737    357.136     387.000      50.687            29033.142               0.000               0.000         20264057.617   0.82293 
  1724.550         113.717    357.210     387.000      50.687            29108.854               0.000               0.000         20293166.471   0.82293 
  1725.550         113.698    357.284     387.000      50.687            29184.838               0.000               0.000         20322351.308   0.82293 
  1726.550         113.678    357.358     387.000      50.687            29261.426               0.000               0.000         20351612.734   0.82293 
  1727.550         113.659    357.432     387.000      50.687            29338.296               0.000               0.000         20380951.030   0.82293 
  1728.550         113.640    357.506     387.000      50.687            29415.445               0.000               0.000         20410366.475   0.82293 
  1729.550         113.620    357.581     387.000      50.687            29492.872               0.000               0.000         20439859.348   0.82293 
  1730.550         113.601    357.655     387.000      50.687            29570.581               0.000               0.000         20469429.928   0.82293 
  1731.550         113.581    357.730     387.000      50.687            29648.861               0.000               0.000         20499078.789   0.82293 
  1732.550         113.561    357.805     387.000      50.687            29727.479               0.000               0.000         20528806.268   0.82293 
  1733.550         113.542    357.881     387.000      50.687            29806.383               0.000               0.000         20558612.652   0.82293 
  1734.550         113.522    357.956     387.000      50.687            29885.575               0.000               0.000         20588498.227   0.82293 
  1735.550         113.503    358.032     387.000      50.687            29965.055               0.000               0.000         20618463.282   0.82293 
  1736.550         113.483    358.108     387.000      50.687            30045.084               0.000               0.000         20648508.366   0.82293 
  1737.550         113.463    358.184     387.000      50.687            30125.499               0.000               0.000         20678633.865   0.82293 
  1738.550         113.444    358.260     387.000      50.687            30206.208               0.000               0.000         20708840.072   0.82293 
  1739.550         113.424    358.336     387.000      50.687            30287.212               0.000               0.000         20739127.284   0.82293 
  1740.550         113.404    358.413     387.000      50.687            30368.513               0.000               0.000         20769495.797   0.82293 
  1741.550         113.384    358.490     387.000      50.687            30450.350               0.000               0.000         20799946.147   0.82293 
  1742.550         113.365    358.567     387.000      50.687            30532.611               0.000               0.000         20830478.758   0.82293 
  1743.550         113.345    358.644     387.000      50.687            30615.174               0.000               0.000         20861093.932   0.82293 
  1744.550         113.325    358.721     387.000      50.687            30698.042               0.000               0.000         20891791.974   0.82293 
  1745.550         113.305    358.799     387.000      50.687            30781.215               0.000               0.000         20922573.188   0.82293 
  1746.550         113.285    358.877     387.000      50.687            30864.921               0.000               0.000         20953438.109   0.82293 
  1747.550         113.265    358.955     387.000      50.687            30949.079               0.000               0.000         20984387.188   0.82293 
  1748.550         113.245    359.033     387.000      50.687            31033.550               0.000               0.000         21015420.738   0.82293 
  1749.550         113.226    359.111     387.000      50.687            31118.333               0.000               0.000         21046539.070   0.82293 
  1750.550         113.206    359.190     387.000      50.687            31203.430               0.000               0.000         21077742.500   0.82293 
  1751.550         113.186    359.269     387.000      50.687            31289.068               0.000               0.000         21109031.569   0.82293 
  1752.550         113.166    359.348     387.000      50.687            31375.178               0.000               0.000         21140406.747   0.82293 
  1753.550         113.146    359.427     387.000      50.687            31461.609               0.000               0.000         21171868.356   0.82293 
  1754.550         113.125    359.506     387.000      50.687            31548.361               0.000               0.000         21203416.717   0.82293 
  1755.550         113.105    359.586     387.000      50.687            31635.437               0.000               0.000         21235052.154   0.82293 
  1756.550         113.085    359.666     387.000      50.687            31723.074               0.000               0.000         21266775.228   0.82293 
  1757.550         113.065    359.746     387.000      50.687            31811.190               0.000               0.000         21298586.419   0.82293 
  1758.550         113.045    359.826     387.000      50.687            31899.637               0.000               0.000         21330486.056   0.82293 
  1759.550         113.025    359.907     387.000      50.687            31988.414               0.000               0.000         21362474.470   0.82293 
  1760.550         113.005    359.988     387.000      50.687            32077.525               0.000               0.000         21394551.995   0.82293 
  1761.550         112.984    360.069     387.000      50.687            32167.228               0.000               0.000         21426719.223   0.82293 
  1762.550         112.964    360.150     387.000      50.687            32257.408               0.000               0.000         21458976.631   0.82293 
  1763.550         112.944    360.231     387.000      50.687            32347.928               0.000               0.000         21491324.559   0.82293 
  1764.550         112.923    360.313     387.000      50.687            32438.788               0.000               0.000         21523763.347   0.82293 
  1765.550         112.903    360.395     387.000      50.687            32529.991               0.000               0.000         21556293.337   0.82293 
  1766.550         112.883    360.477     387.000      50.687            32619.549               0.000               0.000         21588912.886   0.82293 
  1767.550         112.862    360.559     387.000      50.687            32708.676               0.000               0.000         21621621.563   0.82293 
  1768.550         112.842    360.641     387.000      50.687            32798.133               0.000               0.000         21654419.695   0.82293 
  1769.550         112.822    360.724     387.000      50.687            32887.920               0.000               0.000         21687307.616   0.82293 
  1770.550         112.801    360.807     387.000      50.687            32978.040               0.000               0.000         21720285.656   0.82293 
  1771.550         112.781    360.890     387.000      50.687            33073.572               0.000               0.000         21753359.227   0.82293 
  1772.550         112.760    360.974     387.000      50.687            33170.568               0.000               0.000         21786529.795   0.82293 
  1773.550         112.740    361.057     387.000      50.687            33267.940               0.000               0.000         21819797.736   0.82293 
  1774.550         112.719    361.141     387.000      50.687            33365.691               0.000               0.000         21853163.426   0.82293 
  1775.550         112.698    361.225     387.000      50.687            33463.820               0.000               0.000         21886627.247   0.82293 
  1776.550         112.678    361.310     387.000      50.687            33560.808               0.000               0.000         21920188.054   0.82293 
  1777.550         112.657    361.394     387.000      50.687            33658.089               0.000               0.000         21953846.143   0.82293 
  1778.550         112.637    361.479     387.000      50.687            33755.744               0.000               0.000         21987601.887   0.82293 
  1779.550         112.616    361.564     387.000      50.687            33853.775               0.000               0.000         22021455.663   0.82293 
  1780.550         112.595    361.649     387.000      50.687            33952.015               0.000               0.000         22055407.677   0.82293 
  1781.550         112.574    361.735     387.000      50.687            34049.220               0.000               0.000         22089456.897   0.82293 
  1782.550         112.554    361.821     387.000      50.687            34146.796               0.000               0.000         22123603.694   0.82293 
  1783.550         112.533    361.907     387.000      50.687            34244.744               0.000               0.000         22157848.438   0.82293 
  1784.550         112.512    361.993     387.000      50.687            34343.066               0.000               0.000         22192191.504   0.82293 
  1785.550         112.491    362.080     387.000      50.687            34442.795               0.000               0.000         22226634.299   0.82293 
  1786.550         112.470    362.166     387.000      50.687            34545.433               0.000               0.000         22261179.732   0.82293 
  1787.550         112.450    362.253     387.000      50.687            34648.472               0.000               0.000         22295828.204   0.82293 
  1788.550         112.429    362.341     387.000      50.687            34751.915               0.000               0.000         22330580.118   0.82293 
  1789.550         112.408    362.428     387.000      50.687            34855.763               0.000               0.000         22365435.881   0.82293 
  1790.550         112.387    362.516     387.000      50.687            34959.420               0.000               0.000         22400395.301   0.82293 
  1791.550         112.366    362.604     387.000      50.687            35062.886               0.000               0.000         22435458.187   0.82293 
  1792.550         112.345    362.692     387.000      50.687            35166.755               0.000               0.000         22470624.943   0.82293 
  1793.550         112.324    362.781     387.000      50.687            35271.029               0.000               0.000         22505895.972   0.82293 
  1794.550         112.303    362.870     387.000      50.687            35375.710               0.000               0.000         22541271.682   0.82293 
  1795.550         112.282    362.959     387.000      50.687            35481.148               0.000               0.000         22576752.830   0.82293 
  1796.550         112.261    363.048     387.000      50.687            35587.123               0.000               0.000         22612339.953   0.82293 
  1797.550         112.240    363.138     387.000      50.687            35693.512               0.000               0.000         22648033.465   0.82293 
  1798.550         112.218    363.228     387.000      50.687            35800.318               0.000               0.000         22683833.783   0.82293 
  1799.550         112.197    363.318     387.000      50.687            35907.546               0.000               0.000         22719741.329   0.82293 
  1800.550         112.176    363.408     387.000      50.687            36015.676               0.000               0.000         22755757.004   0.82293 
  1801.550         112.155    363.499     387.000      50.687            36124.232               0.000               0.000         22791881.237   0.82293 
  1802.550         112.134    363.590     387.000      50.687            36233.216               0.000               0.000         22828114.452   0.82293 
  1803.550         112.112    363.681     387.000      50.687            36342.629               0.000               0.000         22864457.082   0.82293 
  1804.550         112.091    363.773     387.000      50.687            36452.621               0.000               0.000         22900909.703   0.82293 
  1805.550         112.070    363.864     387.000      50.687            36563.397               0.000               0.000         22937473.100   0.82293 
  1806.550         112.048    363.956     387.000      50.687            36674.612               0.000               0.000         22974147.711   0.82293 
  1807.550         112.027    364.049     387.000      50.687            36786.267               0.000               0.000         23010933.978   0.82293 
  1808.550         112.006    364.141     387.000      50.687            36898.365               0.000               0.000         23047832.343   0.82293 
  1809.550         111.984    364.234     387.000      50.687            37011.220               0.000               0.000         23084843.563   0.82293 
  1810.550         111.963    364.327     387.000      50.687            37124.720               0.000               0.000         23121968.283   0.82293 
  1811.550         111.941    364.421     387.000      50.687            37238.673               0.000               0.000         23159206.955   0.82293 
  1812.550         111.920    364.515     387.000      50.687            37353.079               0.000               0.000         23196560.035   0.82293 
  1813.550         111.898    364.609     387.000      50.687            37467.942               0.000               0.000         23234027.977   0.82293 
  1814.550         111.877    364.703     387.000      50.687            37583.762               0.000               0.000         23271611.740   0.82293 
  1815.550         111.855    364.797     387.000      50.687            37700.069               0.000               0.000         23309311.808   0.82293 
  1816.550         111.834    364.892     387.000      50.687            37816.841               0.000               0.000         23347128.650   0.82293 
  1817.550         111.812    364.988     387.000      50.687            37934.082               0.000               0.000         23385062.732   0.82293 
  1818.550         111.790    365.083     387.000      50.687            38053.456               0.000               0.000         23423116.188   0.82293 
  1819.550         111.769    365.179     387.000      50.687            38176.773               0.000               0.000         23461292.961   0.82293 
  1820.550         111.747    365.275     387.000      50.687            38300.601               0.000               0.000         23499593.562   0.82293 
  1821.550         111.725    365.371     387.000      50.687            38424.941               0.000               0.000         23538018.502   0.82293 
  1822.550         111.703    365.468     387.000      50.687            38549.796               0.000               0.000         23576568.298   0.82293 
  1823.550         111.682    365.565     387.000      50.687            38668.838               0.000               0.000         23615237.136   0.82293 
  1824.550         111.660    365.662     387.000      50.687            38785.883               0.000               0.000         23654023.019   0.82293 
  1825.550         111.638    365.760     387.000      50.687            38903.389               0.000               0.000         23692926.408   0.82293 
  1826.550         111.616    365.858     387.000      50.687            39021.358               0.000               0.000         23731947.766   0.82293 
  1827.550         111.594    365.956     387.000      50.687            39140.529               0.000               0.000         23771088.295   0.82293 
  1828.550         111.572    366.055     387.000      50.687            39264.758               0.000               0.000         23810353.052   0.82293 
  1829.550         111.550    366.154     387.000      50.687            39389.493               0.000               0.000         23849742.545   0.82293 
  1830.550         111.528    366.253     387.000      50.687            39514.736               0.000               0.000         23889257.281   0.82293 
  1831.550         111.506    366.352     387.000      50.687            39640.490               0.000               0.000         23928897.771   0.82293 
  1832.550         111.484    366.452     387.000      50.687            39767.091               0.000               0.000         23968664.862   0.82293 
  1833.550         111.462    366.552     387.000      50.687            39894.451               0.000               0.000         24008559.313   0.82293 
  1834.550         111.440    366.652     387.000      50.687            40022.332               0.000               0.000         24048581.645   0.82293 
  1835.550         111.418    366.753     387.000      50.687            40150.738               0.000               0.000         24088732.383   0.82293 
  1836.550         111.396    366.854     387.000      50.687            40279.563               0.000               0.000         24129011.945   0.82293 
  1837.550         111.374    366.956     387.000      50.687            40406.913               0.000               0.000         24169418.859   0.82293 
  1838.550         111.352    367.057     387.000      50.687            40534.781               0.000               0.000         24209953.640   0.82293 
  1839.550         111.330    367.159     387.000      50.687            40663.168               0.000               0.000         24250616.808   0.82293 
  1840.550         111.307    367.262     387.000      50.687            40792.077               0.000               0.000         24291408.885   0.82293 
  1841.550         111.285    367.364     387.000      50.687            40924.821               0.000               0.000         24332333.706   0.82293 
  1842.550         111.263    367.467     387.000      50.687            41060.903               0.000               0.000         24373394.608   0.82293 
  1843.550         111.241    367.571     387.000      50.687            41197.557               0.000               0.000         24414592.166   0.82293 
  1844.550         111.218    367.675     387.000      50.687            41334.786               0.000               0.000         24455926.952   0.82293 
  1845.550         111.196    367.779     387.000      50.687            41472.461               0.000               0.000         24497399.413   0.82293 
  1846.550         111.173    367.883     387.000      50.687            41608.664               0.000               0.000         24539008.077   0.82293 
  1847.550         111.151    367.988     387.000      50.687            41745.435               0.000               0.000         24580753.512   0.82293 
  1848.550         111.129    368.093     387.000      50.687            41882.775               0.000               0.000         24622636.287   0.82293 
  1849.550         111.106    368.198     387.000      50.687            42020.688               0.000               0.000         24664656.975   0.82293 
  1850.550         111.084    368.304     387.000      50.687            42159.557               0.000               0.000         24706816.532   0.82293 
  1851.550         111.061    368.410     387.000      50.687            42299.259               0.000               0.000         24749115.792   0.82293 
  1852.550         111.039    368.517     387.000      50.687            42439.547               0.000               0.000         24791555.339   0.82293 
  1853.550         111.016    368.624     387.000      50.687            42580.423               0.000               0.000         24834135.762   0.82293 
  1854.550         110.993    368.731     387.000      50.687            42721.997               0.000               0.000         24876857.759   0.82293 
  1855.550         110.971    368.839     387.000      50.687            42864.707               0.000               0.000         24919722.466   0.82293 
  1856.550         110.948    368.947     387.000      50.687            43008.018               0.000               0.000         24962730.484   0.82293 
  1857.550         110.925    369.055     387.000      50.687            43151.933               0.000               0.000         25005882.417   0.82293 
  1858.550         110.903    369.164     387.000      50.687            43296.455               0.000               0.000         25049178.872   0.82293 
  1859.550         110.880    369.273     387.000      50.687            43440.118               0.000               0.000         25092618.990   0.82293 
  1860.550         110.857    369.382     387.000      50.687            43583.899               0.000               0.000         25136202.890   0.82293 
  1861.550         110.835    369.492     387.000      50.687            43728.282               0.000               0.000         25179931.172   0.82293 
  1862.550         110.812    369.602     387.000      50.687            43873.269               0.000               0.000         25223804.441   0.82293 
  1863.550         110.789    369.712     387.000      50.687            44021.041               0.000               0.000         25267825.482   0.82293 
  1864.550         110.766    369.823     387.000      50.687            44173.272               0.000               0.000         25311998.754   0.82293 
  1865.550         110.743    369.935     387.000      50.687            44326.161               0.000               0.000         25356324.915   0.82293 
  1866.550         110.720    370.046     387.000      50.687            44479.709               0.000               0.000         25400804.624   0.82293 
  1867.550         110.697    370.158     387.000      50.687            44633.920               0.000               0.000         25445438.544   0.82293 
  1868.550         110.674    370.271     387.000      50.687            44786.786               0.000               0.000         25490225.330   0.82293 
  1869.550         110.651    370.384     387.000      50.687            44940.300               0.000               0.000         25535165.630   0.82293 
  1870.550         110.628    370.497     387.000      50.687            45094.471               0.000               0.000         25580260.100   0.82293 
  1871.550         110.605    370.611     387.000      50.687            45249.303               0.000               0.000         25625509.404   0.82293 
  1872.550         110.582    370.725     387.000      50.687            45405.265               0.000               0.000         25670914.669   0.82293 
  1873.550         110.559    370.839     387.000      50.687            45562.147               0.000               0.000         25716476.815   0.82293 
  1874.550         110.536    370.954     387.000      50.687            45719.704               0.000               0.000         25762196.519   0.82293 
  1875.550         110.513    371.069     387.000      50.687            45877.941               0.000               0.000         25808074.460   0.82293 
  1876.550         110.489    371.185     387.000      50.687            46037.101               0.000               0.000         25854111.561   0.82293 
  1877.550         110.466    371.301     387.000      50.687            46197.439               0.000               0.000         25900309.001   0.82293 
  1878.550         110.443    371.417     387.000      50.687            46358.472               0.000               0.000         25946667.472   0.82293 
  1879.550         110.420    371.534     387.000      50.687            46520.202               0.000               0.000         25993187.675   0.82293 
  1880.550         110.396    371.652     387.000      50.687            46682.658               0.000               0.000         26039870.332   0.82293 
  1881.550         110.373    371.769     387.000      50.687            46846.544               0.000               0.000         26086716.876   0.82293 
  1882.550         110.350    371.888     387.000      50.687            47011.143               0.000               0.000         26133728.019   0.82293 
  1883.550         110.326    372.006     387.000      50.687            47176.460               0.000               0.000         26180904.478   0.82293 
  1884.550         110.303    372.125     387.000      50.687            47342.497               0.000               0.000         26228246.975   0.82293 
  1885.550         110.279    372.244     387.000      50.687            47509.837               0.000               0.000         26275756.812   0.82293 
  1886.550         110.256    372.364     387.000      50.687            47678.098               0.000               0.000         26323434.911   0.82293 
  1887.550         110.232    372.485     387.000      50.687            47847.096               0.000               0.000         26371282.007   0.82293 
  1888.550         110.209    372.605     387.000      50.687            48016.835               0.000               0.000         26419298.842   0.82293 
  1889.550         110.185    372.726     387.000      50.687            48187.710               0.000               0.000         26467486.553   0.82293 
  1890.550         110.162    372.848     387.000      50.687            48359.730               0.000               0.000         26515846.283   0.82293 
  1891.550         110.138    372.970     387.000      50.687            48532.508               0.000               0.000         26564378.791   0.82293 
  1892.550         110.114    373.092     387.000      50.687            48706.047               0.000               0.000         26613084.838   0.82293 
  1893.550         110.091    373.215     387.000      50.687            48880.994               0.000               0.000         26661965.832   0.82293 
  1894.550         110.067    373.339     387.000      50.687            49058.495               0.000               0.000         26711024.328   0.82293 
  1895.550         110.043    373.463     387.000      50.687            49236.788               0.000               0.000         26760261.115   0.82293 
  1896.550         110.020    373.587     387.000      50.687            49415.875               0.000               0.000         26809676.990   0.82293 
  1897.550         109.996    373.712     387.000      50.687            49595.628               0.000               0.000         26859272.618   0.82293 
  1898.550         109.972    373.837     387.000      50.687            49773.844               0.000               0.000         26909046.462   0.82293 
  1899.550         109.948    373.962     387.000      50.687            49952.848               0.000               0.000         26958999.310   0.82293 
  1900.550         109.924    374.089     387.000      50.687            50132.643               0.000               0.000         27009131.953   0.82293 
  1901.550         109.900    374.215     387.000      50.687            50313.234               0.000               0.000         27059445.187   0.82293 
  1902.550         109.876    374.342     387.000      50.687            50496.697               0.000               0.000         27109941.884   0.82293 
  1903.550         109.852    374.470     387.000      50.687            50681.310               0.000               0.000         27160623.194   0.82293 
  1904.550         109.828    374.598     387.000      50.687            50866.749               0.000               0.000         27211489.943   0.82293 
  1905.550         109.804    374.726     387.000      50.687            51053.018               0.000               0.000         27262542.961   0.82293 
  1906.550         109.780    374.855     387.000      50.687            51239.470               0.000               0.000         27313782.430   0.82293 
  1907.550         109.756    374.984     387.000      50.687            51426.466               0.000               0.000         27365208.897   0.82293 
  1908.550         109.732    375.114     387.000      50.687            51614.298               0.000               0.000         27416823.195   0.82293 
  1909.550         109.708    375.245     387.000      50.687            51802.970               0.000               0.000         27468626.165   0.82293 
  1910.550         109.684    375.376     387.000      50.687            51991.732               0.000               0.000         27520617.897   0.82293 
  1911.550         109.660    375.507     387.000      50.687            52180.705               0.000               0.000         27572798.602   0.82293 
  1912.550         109.635    375.639     387.000      50.687            52370.519               0.000               0.000         27625169.121   0.82293 
  1913.550         109.611    375.771     387.000      50.687            52561.179               0.000               0.000         27677730.299   0.82293 
  1914.550         109.587    375.904     387.000      50.687            52752.159               0.000               0.000         27730482.458   0.82293 
  1915.550         109.563    376.037     387.000      50.687            52943.245               0.000               0.000         27783425.703   0.82293 
  1916.550         109.538    376.171     387.000      50.687            53135.180               0.000               0.000         27836560.883   0.82293 
  1917.550         109.514    376.305     387.000      50.687            53327.967               0.000               0.000         27889888.849   0.82293 
  1918.550         109.489    376.440     387.000      50.687            53521.251               0.000               0.000         27943410.100   0.82293 
  1919.550         109.465    376.575     387.000      50.687            53714.587               0.000               0.000         27997124.687   0.82293 
  1920.550         109.441    376.711     387.000      50.687            53908.779               0.000               0.000         28051033.466   0.82293 
  1921.550         109.416    376.847     387.000      50.687            54103.832               0.000               0.000         28105137.298   0.82293 
  1922.550         109.391    376.984     387.000      50.687            54299.513               0.000               0.000         28159436.811   0.82293 
  1923.550         109.367    377.121     387.000      50.687            54495.233               0.000               0.000         28213932.045   0.82293 
  1924.550         109.342    377.259     387.000      50.687            54691.819               0.000               0.000         28268623.864   0.82293 
  1925.550         109.318    377.398     387.000      50.687            54889.274               0.000               0.000         28323513.137   0.82293 
  1926.550         109.293    377.536     387.000      50.687            55087.452               0.000               0.000         28378600.590   0.82293 
  1927.550         109.268    377.676     387.000      50.687            55285.691               0.000               0.000         28433886.280   0.82293 
  1928.550         109.244    377.815     387.000      50.687            55484.804               0.000               0.000         28489371.084   0.82293 
  1929.550         109.219    377.956     387.000      50.687            55684.796               0.000               0.000         28545055.880   0.82293 
  1930.550         109.194    378.097     387.000      50.687            55885.578               0.000               0.000         28600941.457   0.82293 
  1931.550         109.169    378.238     387.000      50.687            56086.466               0.000               0.000         28657027.923   0.82293 
  1932.550         109.145    378.380     387.000      50.687            56288.240               0.000               0.000         28713316.163   0.82293 
  1933.550         109.120    378.522     387.000      50.687            56490.904               0.000               0.000         28769807.067   0.82293 
  1934.550         109.095    378.665     387.000      50.687            56694.398               0.000               0.000         28826501.465   0.82293 
  1935.550         109.070    378.809     387.000      50.687            56898.068               0.000               0.000         28883399.533   0.82293 
  1936.550         109.045    378.953     387.000      50.687            57102.634               0.000               0.000         28940502.167   0.82293 
  1937.550         109.020    379.097     387.000      50.687            57308.103               0.000               0.000         28997810.270   0.82293 
  1938.550         108.995    379.242     387.000      50.687            57514.425               0.000               0.000         29055324.695   0.82293 
  1939.550         108.970    379.388     387.000      50.687            57721.006               0.000               0.000         29113045.701   0.82293 
  1940.550         108.945    379.534     387.000      50.687            57928.496               0.000               0.000         29170974.197   0.82293 
  1941.550         108.920    379.680     387.000      50.687            58136.900               0.000               0.000         29229111.097   0.82293 
  1942.550         108.895    379.827     387.000      50.687            58346.169               0.000               0.000         29287457.265   0.82293 
  1943.550         108.870    379.975     387.000      50.687            58555.789               0.000               0.000         29346013.054   0.82293 
  1944.550         108.844    380.123     387.000      50.687            58766.331               0.000               0.000         29404779.385   0.82293 
  1945.550         108.819    380.272     387.000      50.687            58977.802               0.000               0.000         29463757.187   0.82293 
  1946.550         108.794    380.421     387.000      50.687            59190.139               0.000               0.000         29522947.326   0.82293 
  1947.550         108.769    380.571     387.000      50.687            59402.925               0.000               0.000         29582350.252   0.82293 
  1948.550         108.743    380.722     387.000      50.687            59616.649               0.000               0.000         29641966.901   0.82293 
  1949.550         108.718    380.873     387.000      50.687            59831.315               0.000               0.000         29701798.215   0.82293 
  1950.550         108.693    381.024     387.000      50.687            60046.844               0.000               0.000         29761845.060   0.82293 
  1951.550         108.667    381.176     387.000      50.687            60262.924               0.000               0.000         29822107.983   0.82293 
  1952.550         108.642    381.329     387.000      50.687            60479.955               0.000               0.000         29882587.939   0.82293 
  1953.550         108.616    381.482     387.000      50.687            60697.943               0.000               0.000         29943285.882   0.82293 
  1954.550         108.591    381.636     387.000      50.687            60916.792               0.000               0.000         30004202.674   0.82293 
  1955.550         108.565    381.790     387.000      50.687            61136.289               0.000               0.000         30065338.963   0.82293 
  1956.550         108.540    381.945     387.000      50.687            61356.754               0.000               0.000         30126695.717   0.82293 
  1957.550         108.514    382.100     387.000      50.687            61578.191               0.000               0.000         30188273.909   0.82293 
  1958.550         108.488    382.256     387.000      50.687            61800.488               0.000               0.000         30250074.397   0.82293 
  1959.550         108.463    382.413     387.000      50.687            62023.527               0.000               0.000         30312097.923   0.82293 
  1960.550         108.437    382.570     387.000      50.687            62247.549               0.000               0.000         30374345.473   0.82293 
  1961.550         108.411    382.728     387.000      50.687            62472.561               0.000               0.000         30436818.034   0.82293 
  1962.550         108.385    382.886     387.000      50.687            62698.435               0.000               0.000         30499516.469   0.82293 
  1963.550         108.360    383.045     387.000      50.687            62925.138               0.000               0.000         30562441.607   0.82293 
  1964.550         108.334    383.204     387.000      50.687            63152.842               0.000               0.000         30625594.449   0.82293 
  1965.550         108.308    383.364     387.000      50.687            63381.553               0.000               0.000         30688976.001   0.82293 
  1966.550         108.282    383.525     387.000      50.687            63611.134               0.000               0.000         30752587.136   0.82293 
  1967.550         108.256    383.686     387.000      50.687            63841.623               0.000               0.000         30816428.758   0.82293 
  1968.550         108.230    383.848     387.000      50.687            64073.131               0.000               0.000         30880501.889   0.82293 
  1969.550         108.204    384.010     387.000      50.687            64305.663               0.000               0.000         30944807.553   0.82293 
  1970.550         108.178    384.173     387.000      50.687            64539.083               0.000               0.000         31009346.636   0.82293 
  1971.550         108.152    384.337     387.000      50.687            64773.479               0.000               0.000         31074120.115   0.82293 
  1972.550         108.126    384.501     387.000      50.687            65008.912               0.000               0.000         31139129.027   0.82293 
  1973.550         108.100    384.666     387.000      50.687            65245.389               0.000               0.000         31204374.416   0.82293 
  1974.550         108.074    384.831     387.000      50.687            65482.778               0.000               0.000         31269857.193   0.82293 
  1975.550         108.048    384.997     387.000      50.687            65721.199               0.000               0.000         31335578.393   0.82293 
  1976.550         108.021    385.164     387.000      50.687            65960.679               0.000               0.000         31401539.071   0.82293 
  1977.550         107.995    385.331     387.000      50.687            66201.215               0.000               0.000         31467740.286   0.82293 
  1978.550         107.969    385.499     387.000      50.687            66442.709               0.000               0.000         31534182.995   0.82293 
  1979.550         107.943    385.668     387.000      50.687            66685.277               0.000               0.000         31600868.272   0.82293 
  1980.550         107.916    385.837     387.000      50.687            66928.922               0.000               0.000         31667797.194   0.82293 
  1981.550         107.890    386.006     387.000      50.687            67173.528               0.000               0.000         31734970.722   0.82293 
  1982.550         107.863    386.177     387.000      50.687            67418.868               0.000               0.000         31802389.590   0.82293 
  1983.550         107.837    386.348     387.000      50.687            67665.299               0.000               0.000         31870054.889   0.82293 
  1984.550         107.811    386.519     387.000      50.687            67912.825               0.000               0.000         31937967.714   0.82293 
  1985.550         107.784    386.692     387.000      50.687            68161.818               0.000               0.000         32006129.531   0.82293 
  1986.550         107.757    386.865     387.000      50.687            68412.320               0.000               0.000         32074541.852   0.82293 
  1987.550         107.731    387.038     387.000      50.687            68663.940               0.000               0.000         32143205.792   0.82293 
  1988.550         107.704    387.212     387.000      50.687            68916.684               0.000               0.000         32212122.476   0.82293 
  1989.550         107.678    387.387     387.000      50.687            69168.102               0.000               0.000         32281290.578   0.82293 
  1990.550         107.651    387.562     387.000      50.687            69419.651               0.000               0.000         32350710.229   0.82293 
  1991.550         107.624    387.739     387.000      50.687            69672.314               0.000               0.000         32420382.543   0.82293 
  1992.550         107.597    387.915     387.000      50.687            69926.097               0.000               0.000         32490308.640   0.82293 
  1993.550         107.571    388.093     387.000      50.687            70186.971               0.000               0.000         32560495.612   0.82293 
  1994.550         107.544    388.271     387.000      50.687            70449.211               0.000               0.000         32630944.823   0.82293 
  1995.550         107.517    388.450     387.000      50.687            70712.635               0.000               0.000         32701657.457   0.82293 
  1996.550         107.490    388.629     387.000      50.687            70976.506               0.000               0.000         32772633.964   0.82293 
  1997.550         107.463    388.809     387.000      50.687            71239.233               0.000               0.000         32843873.196   0.82293 
  1998.550         107.436    388.990     387.000      50.687            71503.137               0.000               0.000         32915376.334   0.82293 
  1999.550         107.409    389.171     387.000      50.687            71768.226               0.000               0.000         32987144.559   0.82293 
  2000.550         107.382    389.353     387.000      50.687            72034.539               0.000               0.000         33059179.098   0.82293 
  2001.550         107.355    389.536     387.000      50.687            72302.079               0.000               0.000         33131481.178   0.82293 
  2002.550         107.328    389.720     387.000      50.687            72570.822               0.000               0.000         33204052.000   0.82293 
  2003.550         107.301    389.904     387.000      50.687            72840.773               0.000               0.000         33276892.773   0.82293 
  2004.550         107.274    390.089     387.000      50.687            73112.010               0.000               0.000         33350004.783   0.82293 
  2005.550         107.247    390.274     387.000      50.687            73384.483               0.000               0.000         33423389.266   0.82293 
  2006.550         107.219    390.460     387.000      50.687            73658.182               0.000               0.000         33497047.448   0.82293 
  2007.550         107.192    390.647     387.000      50.687            73933.132               0.000               0.000         33570980.580   0.82293 
  2008.550         107.165    390.835     387.000      50.687            74209.407               0.000               0.000         33645189.987   0.82293 
  2009.550         107.137    391.023     387.000      50.687            74486.929               0.000               0.000         33719676.916   0.82293 
  2010.550         107.110    391.213     387.000      50.687            74765.704               0.000               0.000         33794442.619   0.82293 
  2011.550         107.083    391.402     387.000      50.687            75045.797               0.000               0.000         33869488.416   0.82293 
  2012.550         107.055    391.593     387.000      50.687            75327.214               0.000               0.000         33944815.630   0.82293 
  2013.550         107.028    391.784     387.000      50.687            75609.903               0.000               0.000         34020425.533   0.82293 
  2014.550         107.000    391.976     387.000      50.687            75893.872               0.000               0.000         34096319.405   0.82293 
  2015.550         106.973    392.169     387.000      50.687            76179.238               0.000               0.000         34172498.643   0.82293 
  2016.550         106.945    392.362     387.000      50.687            76465.915               0.000               0.000         34248964.558   0.82293 
  2017.550         106.918    392.556     387.000      50.687            76753.890               0.000               0.000         34325718.448   0.82293 
  2018.550         106.890    392.751     387.000      50.687            77043.260               0.000               0.000         34402761.709   0.82293 
  2019.550         106.862    392.947     387.000      50.687            77334.221               0.000               0.000         34480095.929   0.82293 
  2020.550         106.834    393.143     387.000      50.687            77626.503               0.000               0.000         34557722.432   0.82293 
  2021.550         106.807    393.340     387.000      50.687            77920.114               0.000               0.000         34635642.546   0.82293 
  2022.550         106.779    393.538     387.000      50.687            78216.743               0.000               0.000         34713859.289   0.82293 
  2023.550         106.751    393.736     387.000      50.687            78515.697               0.000               0.000         34792374.986   0.82293 
  2024.550         106.723    393.936     387.000      50.687            78816.021               0.000               0.000         34871191.007   0.82293 
  2025.550         106.695    394.136     387.000      50.687            79117.483               0.000               0.000         34950308.490   0.82293 
  2026.550         106.667    394.337     387.000      50.687            79415.331               0.000               0.000         35029723.821   0.82293 
  2027.550         106.639    394.538     387.000      50.687            79714.528               0.000               0.000         35109438.349   0.82293 
  2028.550         106.611    394.741     387.000      50.687            80015.082               0.000               0.000         35189453.430   0.82293 
  2029.550         106.583    394.944     387.000      50.687            80318.125               0.000               0.000         35269771.556   0.82293 
  2030.550         106.555    395.148     387.000      50.687            80623.811               0.000               0.000         35350395.366   0.82293 
  2031.550         106.527    395.352     387.000      50.687            80930.892               0.000               0.000         35431326.258   0.82293 
  2032.550         106.499    395.558     387.000      50.687            81239.376               0.000               0.000         35512565.634   0.82293 
  2033.550         106.471    395.764     387.000      50.687            81549.800               0.000               0.000         35594115.434   0.82293 
  2034.550         106.442    395.971     387.000      50.687            81861.695               0.000               0.000         35675977.129   0.82293 
  2035.550         106.414    396.179     387.000      50.687            82175.019               0.000               0.000         35758152.149   0.82293 
  2036.550         106.386    396.387     387.000      50.687            82489.838               0.000               0.000         35840641.987   0.82293 
  2037.550         106.357    396.597     387.000      50.687            82806.200               0.000               0.000         35923448.187   0.82293 
  2038.550         106.329    396.807     387.000      50.687            83124.014               0.000               0.000         36006572.201   0.82293 
  2039.550         106.301    397.018     387.000      50.687            83443.287               0.000               0.000         36090015.488   0.82293 
  2040.550         106.272    397.230     387.000      50.687            83764.161               0.000               0.000         36173779.649   0.82293 
  2041.550         106.244    397.443     387.000      50.687            84086.533               0.000               0.000         36257866.182   0.82293 
  2042.550         106.215    397.656     387.000      50.687            84410.388               0.000               0.000         36342276.569   0.82293 
  2043.550         106.187    397.870     387.000      50.687            84736.950               0.000               0.000         36427013.519   0.82293 
  2044.550         106.158    398.085     387.000      50.687            85067.332               0.000               0.000         36512080.852   0.82293 
  2045.550         106.129    398.301     387.000      50.687            85399.249               0.000               0.000         36597480.100   0.82293 
  2046.550         106.101    398.518     387.000      50.687            85732.707               0.000               0.000         36683212.807   0.82293 
  2047.550         106.072    398.736     387.000      50.687            86061.983               0.000               0.000         36769274.790   0.82293 
  2048.550         106.043    398.954     387.000      50.687            86391.793               0.000               0.000         36855666.583   0.82293 
  2049.550         106.014    399.173     387.000      50.687            86723.116               0.000               0.000         36942389.699   0.82293 
  2050.550         105.985    399.393     387.000      50.687            87057.335               0.000               0.000         37029447.035   0.82293 
  2051.550         105.957    399.614     387.000      50.687            87395.347               0.000               0.000         37116842.382   0.82293 
  2052.550         105.928    399.836     387.000      50.687            87734.924               0.000               0.000         37204577.305   0.82293 
  2053.550         105.899    400.059     387.000      50.687            88076.073               0.000               0.000         37292653.378   0.82293 
  2054.550         105.870    400.282     387.000      50.687            88418.930               0.000               0.000         37381072.308   0.82293 
  2055.550         105.841    400.507     387.000      50.687            88763.389               0.000               0.000         37469835.697   0.82293 
  2056.550         105.812    400.732     387.000      50.687            89109.445               0.000               0.000         37558945.142   0.82293 
  2057.550         105.782    400.958     387.000      50.687            89457.171               0.000               0.000         37648402.313   0.82293 
  2058.550         105.753    401.185     387.000      50.687            89806.581               0.000               0.000         37738208.895   0.82293 
  2059.550         105.724    401.413     387.000      50.687            90157.616               0.000               0.000         37828366.510   0.82293 
  2060.550         105.695    401.642     387.000      50.687            90510.288               0.000               0.000         37918876.798   0.82293 
  2061.550         105.666    401.871     387.000      50.687            90864.721               0.000               0.000         38009741.520   0.82293 
  2062.550         105.636    402.102     387.000      50.687            91220.804               0.000               0.000         38100962.324   0.82293 
  2063.550         105.607    402.333     387.000      50.687            91578.545               0.000               0.000         38192540.869   0.82293 
  2064.550         105.577    402.566     387.000      50.687            91938.030               0.000               0.000         38284478.899   0.82293 
  2065.550         105.548    402.799     387.000      50.687            92299.233               0.000               0.000         38376778.132   0.82293 
  2066.550         105.519    403.033     387.000      50.687            92662.122               0.000               0.000         38469440.253   0.82293 
  2067.550         105.489    403.268     387.000      50.687            93026.732               0.000               0.000         38562466.985   0.82293 
  2068.550         105.459    403.504     387.000      50.687            93393.128               0.000               0.000         38655860.113   0.82293 
  2069.550         105.430    403.741     387.000      50.687            93761.237               0.000               0.000         38749621.350   0.82293 
  2070.550         105.400    403.979     387.000      50.687            94131.068               0.000               0.000         38843752.418   0.82293 
  2071.550         105.371    404.218     387.000      50.687            94502.717               0.000               0.000         38938255.135   0.82293 
  2072.550         105.341    404.457     387.000      50.687            94876.121               0.000               0.000         39033131.256   0.82293 
  2073.550         105.311    404.698     387.000      50.687            95251.274               0.000               0.000         39128382.530   0.82293 
  2074.550         105.281    404.939     387.000      50.687            95628.233               0.000               0.000         39224010.763   0.82293 
  2075.550         105.251    405.182     387.000      50.687            96007.007               0.000               0.000         39320017.770   0.82293 
  2076.550         105.222    405.425     387.000      50.687            96387.558               0.000               0.000         39416405.327   0.82293 
  2077.550         105.192    405.670     387.000      50.687            96769.909               0.000               0.000         39513175.236   0.82293 
  2078.550         105.162    405.915     387.000      50.687            97154.130               0.000               0.000         39610329.366   0.82293 
  2079.550         105.132    406.161     387.000      50.687            97540.157               0.000               0.000         39707869.523   0.82293 
  2080.550         105.102    406.409     387.000      50.687            97927.999               0.000               0.000         39805797.522   0.82293 
  2081.550         105.072    406.657     387.000      50.687            98317.731               0.000               0.000         39904115.253   0.82293 
  2082.550         105.041    406.906     387.000      50.687            98709.313               0.000               0.000         40002824.566   0.82293 
  2083.550         105.011    407.156     387.000      50.687            99102.739               0.000               0.000         40101927.305   0.82293 
  2084.550         104.981    407.408     387.000      50.687            99498.055               0.000               0.000         40201425.361   0.82293 
  2085.550         104.951    407.660     387.000      50.687            99895.273               0.000               0.000         40301320.633   0.82293 
  2086.550         104.920    407.913     387.000      50.687           100294.364               0.000               0.000         40401614.997   0.82293 
  2087.550         104.890    408.167     387.000      50.687           100695.352               0.000               0.000         40502310.348   0.82293 
  2088.550         104.860    408.422     387.000      50.687           101098.287               0.000               0.000         40603408.635   0.82293 
  2089.550         104.829    408.678     387.000      50.687           101503.126               0.000               0.000         40704911.761   0.82293 
  2090.550         104.799    408.936     387.000      50.687           101909.879               0.000               0.000         40806821.641   0.82293 
  2091.550         104.768    409.194     387.000      50.687           102318.612               0.000               0.000         40909140.253   0.82293 
  2092.550         104.738    409.453     387.000      50.687           102729.285               0.000               0.000         41011869.538   0.82293 
  2093.550         104.707    409.713     387.000      50.687           103141.903               0.000               0.000         41115011.441   0.82293 
  2094.550         104.677    409.974     387.000      50.687           103556.511               0.000               0.000         41218567.951   0.82293 
  2095.550         104.646    410.237     387.000      50.687           103973.104               0.000               0.000         41322541.056   0.82293 
  2096.550         104.615    410.500     387.000      50.687           104391.674               0.000               0.000         41426932.730   0.82293 
  2097.550         104.584    410.764     387.000      50.687           104812.250               0.000               0.000         41531744.979   0.82293 
  2098.550         104.554    411.030     387.000      50.687           105234.854               0.000               0.000         41636979.833   0.82293 
  2099.550         104.523    411.296     387.000      50.687           105659.466               0.000               0.000         41742639.300   0.82293 
  2100.550         104.492    411.564     387.000      50.687           106086.103               0.000               0.000         41848725.403   0.82293 
  2101.550         104.461    411.832     387.000      50.687           106514.811               0.000               0.000         41955240.214   0.82293 
  2102.550         104.430    412.102     387.000      50.687           106945.559               0.000               0.000         42062185.773   0.82293 
  2103.550         104.399    412.373     387.000      50.687           107378.357               0.000               0.000         42169564.130   0.82293 
  2104.550         104.368    412.645     387.000      50.687           107813.258               0.000               0.000         42277377.388   0.82293 
  2105.550         104.337    412.917     387.000      50.687           108250.237               0.000               0.000         42385627.625   0.82293 
  2106.550         104.305    413.191     387.000      50.687           108689.299               0.000               0.000         42494316.924   0.82293 
  2107.550         104.274    413.466     387.000      50.687           109130.487               0.000               0.000         42603447.411   0.82293 
  2108.550         104.243    413.743     387.000      50.687           109573.795               0.000               0.000         42713021.205   0.82293 
  2109.550         104.212    414.020     387.000      50.687           110019.220               0.000               0.000         42823040.425   0.82293 
  2110.550         104.180    414.298     387.000      50.687           110466.795               0.000               0.000         42933507.220   0.82293 
  2111.550         104.149    414.578     387.000      50.687           110916.533               0.000               0.000         43044423.754   0.82293 
  2112.550         104.118    414.858     387.000      50.687           111368.423               0.000               0.000         43155792.176   0.82293 
  2113.550         104.086    415.140     387.000      50.687           111823.717               0.000               0.000         43267615.893   0.82293 
  2114.550         104.055    415.423     387.000      50.687           112283.871               0.000               0.000         43379899.764   0.82293 
  2115.550         104.023    415.707     387.000      50.687           112746.242               0.000               0.000         43492646.006   0.82293 
  2116.550         103.991    415.992     387.000      50.687           113209.683               0.000               0.000         43605855.688   0.82293 
  2117.550         103.960    416.278     387.000      50.687           113668.704               0.000               0.000         43719524.392   0.82293 
  2118.550         103.928    416.566     387.000      50.687           114129.914               0.000               0.000         43833654.306   0.82293 
  2119.550         103.896    416.854     387.000      50.687           114593.327               0.000               0.000         43948247.633   0.82293 
  2120.550         103.864    417.144     387.000      50.687           115062.974               0.000               0.000         44063310.606   0.82293 
  2121.550         103.833    417.435     387.000      50.687           115534.900               0.000               0.000         44178845.506   0.82293 
  2122.550         103.801    417.727     387.000      50.687           116009.095               0.000               0.000         44294854.601   0.82293 
  2123.550         103.769    418.020     387.000      50.687           116485.623               0.000               0.000         44411340.224   0.82293 
  2124.550         103.737    418.315     387.000      50.687           116964.453               0.000               0.000         44528304.677   0.82293 
  2125.550         103.705    418.610     387.000      50.687           117445.590               0.000               0.000         44645750.267   0.82293 
  2126.550         103.673    418.907     387.000      50.687           117926.512               0.000               0.000         44763676.778   0.82293 
  2127.550         103.640    419.205     387.000      50.687           118408.801               0.000               0.000         44882085.579   0.82293 
  2128.550         103.608    419.504     387.000      50.687           118893.405               0.000               0.000         45000978.984   0.82293 
  2129.550         103.576    419.805     387.000      50.687           119384.824               0.000               0.000         45120363.808   0.82293 
  2130.550         103.544    420.106     387.000      50.687           119881.400               0.000               0.000         45240245.207   0.82293 
  2131.550         103.511    420.409     387.000      50.687           120380.388               0.000               0.000         45360625.596   0.82293 
  2132.550         103.479    420.713     387.000      50.687           120879.945               0.000               0.000         45481505.541   0.82293 
  2133.550         103.447    421.018     387.000      50.687           121380.215               0.000               0.000         45602885.755   0.82293 
  2134.550         103.414    421.325     387.000      50.687           121882.906               0.000               0.000         45724768.662   0.82293 
  2135.550         103.382    421.633     387.000      50.687           122388.075               0.000               0.000         45847156.737   0.82293 
  2136.550         103.349    421.942     387.000      50.687           122895.746               0.000               0.000         45970052.482   0.82293 
  2137.550         103.316    422.252     387.000      50.687           123405.879               0.000               0.000         46093458.361   0.82293 
  2138.550         103.284    422.564     387.000      50.687           123918.528               0.000               0.000         46217376.889   0.82293 
  2139.550         103.251    422.877     387.000      50.687           124433.734               0.000               0.000         46341810.624   0.82293 
  2140.550         103.218    423.191     387.000      50.687           124951.444               0.000               0.000         46466762.067   0.82293 
  2141.550         103.186    423.506     387.000      50.687           125471.709               0.000               0.000         46592233.777   0.82293 
  2142.550         103.153    423.823     387.000      50.687           125994.589               0.000               0.000         46718228.366   0.82293 
  2143.550         103.120    424.141     387.000      50.687           126520.014               0.000               0.000         46844748.380   0.82293 
  2144.550         103.087    424.460     387.000      50.687           127049.225               0.000               0.000         46971797.605   0.82293 
  2145.550         103.054    424.780     387.000      50.687           127584.255               0.000               0.000         47099381.860   0.82293 
  2146.550         103.021    425.102     387.000      50.687           128121.909               0.000               0.000         47227503.770   0.82293 
  2147.550         102.988    425.425     387.000      50.687           128660.059               0.000               0.000         47356163.829   0.82293 
  2148.550         102.954    425.750     387.000      50.687           129194.365               0.000               0.000         47485358.194   0.82293 
  2149.550         102.921    426.076     387.000      50.687           129731.266               0.000               0.000         47615089.460   0.82293 
  2150.550         102.888    426.403     387.000      50.687           130271.868               0.000               0.000         47745361.328   0.82293 
  2151.550         102.855    426.731     387.000      50.687           130818.641               0.000               0.000         47876179.969   0.82293 
  2152.550         102.821    427.061     387.000      50.687           131368.090               0.000               0.000         48007548.059   0.82293 
  2153.550         102.788    427.392     387.000      50.687           131920.276               0.000               0.000         48139468.335   0.82293 
  2154.550         102.754    427.725     387.000      50.687           132475.318               0.000               0.000         48271943.653   0.82293 
  2155.550         102.721    428.059     387.000      50.687           133033.081               0.000               0.000         48404976.734   0.82293 
  2156.550         102.687    428.394     387.000      50.687           133593.636               0.000               0.000         48538570.369   0.82293 
  2157.550         102.654    428.730     387.000      50.687           134157.106               0.000               0.000         48672727.475   0.82293 
  2158.550         102.620    429.068     387.000      50.687           134723.344               0.000               0.000         48807450.820   0.82293 
  2159.550         102.586    429.408     387.000      50.687           135292.435               0.000               0.000         48942743.254   0.82293 
  2160.550         102.552    429.748     387.000      50.687           135864.498               0.000               0.000         49078607.753   0.82293 
  2161.550         102.519    430.091     387.000      50.687           136439.378               0.000               0.000         49215047.130   0.82293 
  2162.550         102.485    430.434     387.000      50.687           137017.175               0.000               0.000         49352064.306   0.82293 
  2163.550         102.451    430.779     387.000      50.687           137598.002               0.000               0.000         49489662.307   0.82293 
  2164.550         102.417    431.126     387.000      50.687           138181.692               0.000               0.000         49627843.999   0.82293 
  2165.550         102.383    431.473     387.000      50.687           138768.375               0.000               0.000         49766612.375   0.82293 
  2166.550         102.349    431.823     387.000      50.687           139358.138               0.000               0.000         49905970.513   0.82293 
  2167.550         102.314    432.173     387.000      50.687           139950.815               0.000               0.000         50045921.327   0.82293 
  2168.550         102.280    432.525     387.000      50.687           140546.567               0.000               0.000         50186467.895   0.82293 
  2169.550         102.246    432.879     387.000      50.687           141145.445               0.000               0.000         50327613.340   0.82293 
  2170.550         102.212    433.234     387.000      50.687           141747.288               0.000               0.000         50469360.628   0.82293 
  2171.550         102.177    433.591     387.000      50.687           142352.300               0.000               0.000         50611712.929   0.82293 
  2172.550         102.143    433.948     387.000      50.687           142960.476               0.000               0.000         50754673.405   0.82293 
  2173.550         102.108    434.308     387.000      50.687           143571.670               0.000               0.000         50898245.075   0.82293 
  2174.550         102.074    434.669     387.000      50.687           144186.139               0.000               0.000         51042431.214   0.82293 
  2175.550         102.039    435.031     387.000      50.687           144803.801               0.000               0.000         51187235.015   0.82293 
  2176.550         102.005    435.394     387.000      50.687           145424.535               0.000               0.000         51332659.550   0.82293 
  2177.550         101.970    435.760     387.000      50.687           146048.662               0.000               0.000         51478708.212   0.82293 
  2178.550         101.935    436.126     387.000      50.687           146676.004               0.000               0.000         51625384.216   0.82293 
  2179.550         101.900    436.494     387.000      50.687           147306.472               0.000               0.000         51772690.688   0.82293 
  2180.550         101.865    436.864     387.000      50.687           147940.467               0.000               0.000         51920631.156   0.82293 
  2181.550         101.831    437.235     387.000      50.687           148577.686               0.000               0.000         52069208.842   0.82293 
  2182.550         101.796    437.607     387.000      50.687           149218.090               0.000               0.000         52218426.932   0.82293 
  2183.550         101.760    437.981     387.000      50.687           149862.166               0.000               0.000         52368289.098   0.82293 
  2184.550         101.725    438.357     387.000      50.687           150509.465               0.000               0.000         52518798.563   0.82293 
  2185.550         101.690    438.734     387.000      50.687           151160.082               0.000               0.000         52669958.645   0.82293 
  2186.550         101.655    439.112     387.000      50.687           151814.387               0.000               0.000         52821773.032   0.82293 
  2187.550         101.620    439.492     387.000      50.687           152471.973               0.000               0.000         52974245.005   0.82293 
  2188.550         101.584    439.874     387.000      50.687           153133.030               0.000               0.000         53127378.035   0.82293 
  2189.550         101.549    440.257     387.000      50.687           153797.774               0.000               0.000         53281175.809   0.82293 
  2190.550         101.514    440.642     387.000      50.687           154465.860               0.000               0.000         53435641.669   0.82293 
  2191.550         101.478    441.028     387.000      50.687           155137.588               0.000               0.000         53590779.256   0.82293 
  2192.550         101.442    441.416     387.000      50.687           155812.987               0.000               0.000         53746592.243   0.82293 
  2193.550         101.407    441.805     387.000      50.687           156491.789               0.000               0.000         53903084.033   0.82293 
  2194.550         101.371    442.196     387.000      50.687           157174.427               0.000               0.000         54060258.460   0.82293 
  2195.550         101.335    442.589     387.000      50.687           157860.702               0.000               0.000         54218119.161   0.82293 
  2196.550         101.300    442.983     387.000      50.687           158550.442               0.000               0.000         54376669.604   0.82293 
  2197.550         101.264    443.379     387.000      50.687           159240.689               0.000               0.000         54535910.293   0.82293 
  2198.550         101.228    443.776     387.000      50.687           159934.036               0.000               0.000         54695844.329   0.82293 
  2199.550         101.192    444.175     387.000      50.687           160631.785               0.000               0.000         54856476.113   0.82293 
  2200.550         101.156    444.575     387.000      50.687           161340.933               0.000               0.000         55017817.046   0.82293 
  2201.550         101.120    444.978     387.000      50.687           162053.692               0.000               0.000         55179870.738   0.82293 
  2202.550         101.083    445.381     387.000      50.687           162768.952               0.000               0.000         55342639.690   0.82293 
  2203.550         101.047    445.787     387.000      50.687           163485.575               0.000               0.000         55506125.266   0.82293 
  2204.550         101.011    446.194     387.000      50.687           164205.844               0.000               0.000         55670331.109   0.82293 
  2205.550         100.975    446.603     387.000      50.687           164930.198               0.000               0.000         55835261.307   0.82293 
  2206.550         100.938    447.013     387.000      50.687           165658.554               0.000               0.000         56000919.861   0.82293 
  2207.550         100.902    447.425     387.000      50.687           166390.625               0.000               0.000         56167310.486   0.82293 
  2208.550         100.865    447.839     387.000      50.687           167127.064               0.000               0.000         56334437.551   0.82293 
  2209.550         100.828    448.255     387.000      50.687           167867.396               0.000               0.000         56502304.946   0.82293 
  2210.550         100.792    448.672     387.000      50.687           168611.590               0.000               0.000         56670916.536   0.82293 
  2211.550         100.755    449.091     387.000      50.687           169360.306               0.000               0.000         56840276.842   0.82293 
  2212.550         100.718    449.511     387.000      50.687           170112.858               0.000               0.000         57010389.700   0.82293 
  2213.550         100.681    449.934     387.000      50.687           170869.578               0.000               0.000         57181259.278   0.82293 
  2214.550         100.644    450.358     387.000      50.687           171630.690               0.000               0.000         57352889.968   0.82293 
  2215.550         100.607    450.784     387.000      50.687           172395.713               0.000               0.000         57525285.681   0.82293 
  2216.550         100.570    451.211     387.000      50.687           173165.237               0.000               0.000         57698450.918   0.82293 
  2217.550         100.533    451.641     387.000      50.687           173938.998               0.000               0.000         57872389.917   0.82293 
  2218.550         100.496    452.072     387.000      50.687           174716.746               0.000               0.000         58047106.663   0.82293 
  2219.550         100.459    452.505     387.000      50.687           175499.355               0.000               0.000         58222606.018   0.82293 
  2220.550         100.422    452.939     387.000      50.687           176286.022               0.000               0.000         58398892.040   0.82293 
  2221.550         100.384    453.376     387.000      50.687           177077.020               0.000               0.000         58575969.060   0.82293 
  2222.550         100.347    453.814     387.000      50.687           177872.733               0.000               0.000         58753841.792   0.82293 
  2223.550         100.309    454.253     387.000      50.687           178672.566               0.000               0.000         58932514.358   0.82293 
  2224.550         100.272    454.695     387.000      50.687           179477.118               0.000               0.000         59111991.476   0.82293 
  2225.550         100.234    455.138     387.000      50.687           180286.181               0.000               0.000         59292277.657   0.82293 
  2226.550         100.196    455.582     387.000      50.687           181099.444               0.000               0.000         59473377.101   0.82293 
  2227.550         100.158    456.028     387.000      50.687           181917.841               0.000               0.000         59655294.943   0.82293 
  2228.550         100.121    456.476     387.000      50.687           182740.519               0.000               0.000         59838035.462   0.82293 
  2229.550         100.083    456.926     387.000      50.687           183567.796               0.000               0.000         60021603.258   0.82293 
  2230.550         100.045    457.377     387.000      50.687           184400.016               0.000               0.000         60206003.274   0.82293 
  2231.550         100.007    457.830     387.000      50.687           185236.579               0.000               0.000         60391239.854   0.82293 
  2232.550          99.968    458.285     387.000      50.687           186078.185               0.000               0.000         60577318.039   0.82293 
  2233.550          99.930    458.741     387.000      50.687           186924.477               0.000               0.000         60764242.516   0.82293 
  2234.550          99.892    459.199     387.000      50.687           187775.283               0.000               0.000         60952017.799   0.82293 
  2235.550          99.854    459.658     387.000      50.687           188631.430               0.000               0.000         61140649.229   0.82293 
  2236.550          99.815    460.120     387.000      50.687           189492.070               0.000               0.000         61330141.299   0.82293 
  2237.550          99.777    460.583     387.000      50.687           190357.697               0.000               0.000         61520498.997   0.82293 
