#_______________________________________________________________________________
#    ######   ####     ##             #####   #####     ##    #    #    ##
#    #       #        #  #            #    #  #    #   #  #   ##  ##   #  #
#    #####    ####   ######           #    #  #####   ######  # ## #  ######
#    #            #  #    #           #    #  #    #  #    #  #    #  #    #
#____######__#####___#____#___________#####___#____#__#____#__#____#__#____#____
#
#              ESA Debris Risk Assessment and Mitigation Analysis
#
#                      ---- DRAMA ( SESAM 2.1.5 ) ----
#                                      ESA 2018 
#
#                              trajectory history file
#-------------------------------------------------------------------------------
# Filename      : sara.SheWallY4.f0764e62-6c01-443b-8d63-5866b980f201_Trajectory.txt
# RunID         : sara
# ObjectID      : f0764e62-6c01-443b-8d63-5866b980f201
# ObjectName    : SheWallY4
# Content       : This file contains the trajectory state data of the object,
#                 computed by the DRAMA 3 Re-entry Analysis.
# Documentation : DRAMA Software User Manual, section OPERATIONS MANUAL / Normal operation / SARA / SARA Simulation Output / Re-entry simulation output
#
#--------------------------------------------------------------------------------------------------------------------------------------------------------------------------------------------
#  Time [s]  Altitude [km]  Lat [deg]  Lon [deg]  Velocity [km/s]   Downrange [km]       Drag       Lift       Side    Knudsen       Mach  Flight Path [deg]  Heading [deg]  Density [kg/m^2]
#--------------------------------------------------------------------------------------------------------------------------------------------------------------------------------------------
  2676.200          70.563     -9.692    -74.775            6.896        19334.937      6.047      0.000      0.000    0.00061   23.30852           -1.16798       86.24330         7.654e-05 
  2676.300          70.549     -9.691    -74.768            6.887        19335.619      6.047      0.000      0.000    0.00061   23.28014           -1.16899       86.24212         7.667e-05 
  2676.750          70.486     -9.689    -74.741            6.846        19338.674      6.047      0.000      0.000    0.00060   23.14860           -1.17381       86.23683         7.729e-05 
  2677.750          70.346     -9.685    -74.679            6.757        19345.399      6.047      0.000      0.000    0.00059   22.84873           -1.18586       86.22518         7.872e-05 
  2678.750          70.206     -9.682    -74.619            6.668        19352.037      6.047      0.000      0.000    0.00058   22.52929           -1.19979       86.21366         8.027e-05 
  2679.750          70.067     -9.678    -74.560            6.579        19358.586      6.047      0.000      0.000    0.00057   22.21252           -1.21560       86.20229         8.186e-05 
  2680.750          69.927     -9.674    -74.501            6.492        19365.049      6.047      0.000      0.000    0.00056   21.89844           -1.23331       86.19106         8.347e-05 
  2681.750          69.787     -9.670    -74.443            6.405        19371.425      6.047      0.000      0.000    0.00055   21.58705           -1.25295       86.17996         8.512e-05 
  2682.750          69.647     -9.666    -74.386            6.318        19377.716      6.047      0.000      0.000    0.00054   21.27837           -1.27452       86.16899         8.679e-05 
  2683.750          69.506     -9.662    -74.329            6.233        19383.922      6.047      0.000      0.000    0.00053   20.97238           -1.29805       86.15816         8.851e-05 
  2684.750          69.365     -9.659    -74.274            6.148        19390.044      6.047      0.000      0.000    0.00052   20.66908           -1.32355       86.14747         9.026e-05 
  2685.750          69.222     -9.655    -74.219            6.063        19396.081      6.047      0.000      0.000    0.00051   20.36844           -1.35105       86.13690         9.206e-05 
  2686.750          69.079     -9.651    -74.165            5.980        19402.036      6.047      0.000      0.000    0.00050   20.07045           -1.38055       86.12646         9.391e-05 
  2687.750          68.934     -9.648    -74.111            5.897        19407.909      6.047      0.000      0.000    0.00049   19.77510           -1.41209       86.11615         9.580e-05 
  2688.750          68.788     -9.644    -74.058            5.814        19413.699      6.047      0.000      0.000    0.00048   19.48234           -1.44567       86.10596         9.775e-05 
  2689.750          68.641     -9.641    -74.007            5.732        19419.409      6.047      0.000      0.000    0.00047   19.19216           -1.48133       86.09590         9.975e-05 
  2690.750          68.492     -9.637    -73.955            5.651        19425.038      6.047      0.000      0.000    0.00046   18.90453           -1.51908       86.08596         1.018e-04 
  2691.750          68.341     -9.634    -73.905            5.571        19430.587      6.047      0.000      0.000    0.00045   18.61941           -1.55895       86.07614         1.039e-04 
  2692.750          68.188     -9.630    -73.855            5.489        19436.056      6.047      0.000      0.000    0.00044   18.33008           -1.60099       86.06645         1.061e-04 
  2693.750          68.034     -9.627    -73.806            5.402        19441.441      6.047      0.000      0.000    0.00043   18.02549           -1.64536       86.05687         1.084e-04 
  2694.750          67.878     -9.624    -73.758            5.309        19446.737      6.047      0.000      0.000    0.00042   17.70344           -1.69226       86.04744         1.107e-04 
  2695.750          67.721     -9.620    -73.711            5.211        19451.939      6.047      0.000      0.000    0.00041   17.36307           -1.74190       86.03813         1.131e-04 
  2696.750          67.562     -9.617    -73.665            5.107        19457.041      6.047      0.000      0.000    0.00040   17.00361           -1.79454       86.02897         1.156e-04 
  2697.750          67.401     -9.614    -73.619            4.996        19462.036      6.047      0.000      0.000    0.00040   16.62454           -1.85044       86.01997         1.181e-04 
  2698.750          67.239     -9.611    -73.575            4.880        19466.920      6.047      0.000      0.000    0.00039   16.22554           -1.90990       86.01112         1.207e-04 
  2699.750          67.076     -9.608    -73.531            4.757        19471.684      6.047      0.000      0.000    0.00038   15.80665           -1.97326       86.00243         1.234e-04 
  2700.750          66.912     -9.605    -73.489            4.628        19476.325      6.047      0.000      0.000    0.00037   15.36836           -2.04086       85.99390         1.262e-04 
  2701.750          66.746     -9.602    -73.448            4.494        19480.835      6.047      0.000      0.000    0.00036   14.91168           -2.11309       85.98555         1.290e-04 
  2702.750          66.580     -9.600    -73.409            4.354        19485.209      6.047      0.000      0.000    0.00035   14.43824           -2.19037       85.97737         1.319e-04 
  2703.750          66.414     -9.597    -73.370            4.209        19489.442      6.047      0.000      0.000    0.00035   13.95031           -2.27314       85.96936         1.349e-04 
  2704.750          66.246     -9.594    -73.333            4.061        19493.531      6.047      0.000      0.000    0.00034   13.45083           -2.36185       85.96153         1.379e-04 
  2705.750          66.079     -9.592    -73.297            3.910        19497.471      6.047      0.000      0.000    0.00033   12.94334           -2.45699       85.95387         1.411e-04 
  2706.750          65.911     -9.589    -73.263            3.758        19501.262      6.047      0.000      0.000    0.00032   12.43187           -2.55905       85.94637         1.443e-04 
  2707.750          65.743     -9.587    -73.230            3.606        19504.902      6.047      0.000      0.000    0.00032   11.92074           -2.66850       85.93904         1.475e-04 
  2708.750          65.576     -9.585    -73.198            3.455        19508.392      6.047      0.000      0.000    0.00031   11.41432           -2.78584       85.93187         1.508e-04 
  2709.750          65.408     -9.583    -73.167            3.307        19511.733      6.047      0.000      0.000    0.00030   10.91683           -2.91152       85.92484         1.542e-04 
  2710.750          65.240     -9.581    -73.138            3.163        19514.930      6.047      0.000      0.000    0.00030   10.43208           -3.04599       85.91796         1.577e-04 
  2711.750          65.072     -9.579    -73.111            3.023        19517.986      6.047      0.000      0.000    0.00029    9.96332           -3.18966       85.91121         1.612e-04 
  2712.750          64.903     -9.577    -73.084            2.888        19520.906      6.047      0.000      0.000    0.00028    9.51311           -3.34290       85.90458         1.648e-04 
  2713.750          64.735     -9.575    -73.059            2.760        19523.696      6.047      0.000      0.000    0.00028    9.08332           -3.50606       85.89806         1.685e-04 
  2714.750          64.566     -9.573    -73.035            2.638        19526.362      6.047      0.000      0.000    0.00027    8.67508           -3.67945       85.89165         1.723e-04 
  2715.750          64.396     -9.572    -73.011            2.523        19528.911      6.047      0.000      0.000    0.00027    8.28895           -3.86333       85.88534         1.762e-04 
  2716.750          64.226     -9.570    -72.989            2.414        19531.349      6.047      0.000      0.000    0.00026    7.92493           -4.05794       85.87911         1.802e-04 
  2717.750          64.054     -9.568    -72.968            2.312        19533.681      6.047      0.000      0.000    0.00025    7.58261           -4.26348       85.87297         1.842e-04 
  2718.750          63.882     -9.567    -72.948            2.216        19535.916      6.047      0.000      0.000    0.00025    7.26125           -4.48013       85.86690         1.884e-04 
  2719.750          63.708     -9.566    -72.928            2.126        19538.058      6.047      0.000      0.000    0.00024    6.95935           -4.70805       85.86089         1.927e-04 
  2720.750          63.533     -9.564    -72.910            2.041        19540.113      6.047      0.000      0.000    0.00024    6.67526           -4.94742       85.85494         1.971e-04 
  2721.750          63.356     -9.563    -72.892            1.961        19542.086      6.047      0.000      0.000    0.00023    6.40751           -5.19842       85.84903         2.017e-04 
  2722.750          63.177     -9.562    -72.874            1.885        19543.981      6.047      0.000      0.000    0.00023    6.15478           -5.46125       85.84317         2.064e-04 
  2723.750          62.997     -9.561    -72.858            1.814        19545.804      6.047      0.000      0.000    0.00022    5.91586           -5.73610       85.83733         2.112e-04 
  2724.750          62.815     -9.559    -72.842            1.746        19547.556      6.047      0.000      0.000    0.00022    5.68971           -6.02318       85.83151         2.162e-04 
  2725.750          62.631     -9.558    -72.827            1.682        19549.243      6.047      0.000      0.000    0.00021    5.47537           -6.32271       85.82570         2.214e-04 
  2726.750          62.444     -9.557    -72.812            1.621        19550.867      6.047      0.000      0.000    0.00021    5.27196           -6.63490       85.81991         2.268e-04 
  2727.750          62.256     -9.556    -72.798            1.563        19552.432      6.047      0.000      0.000    0.00020    5.07873           -6.95998       85.81412         2.323e-04 
  2728.750          62.066     -9.555    -72.784            1.507        19553.940      6.047      0.000      0.000    0.00020    4.89494           -7.29819       85.80832         2.380e-04 
  2729.750          61.873     -9.554    -72.771            1.455        19555.394      6.047      0.000      0.000    0.00019    4.71997           -7.64976       85.80252         2.439e-04 
  2730.750          61.678     -9.553    -72.758            1.405        19556.797      6.047      0.000      0.000    0.00019    4.55324           -8.01493       85.79671         2.500e-04 
  2731.750          61.481     -9.552    -72.746            1.357        19558.150      6.047      0.000      0.000    0.00018    4.39421           -8.39396       85.79088         2.563e-04 
  2732.750          61.282     -9.551    -72.734            1.311        19559.456      6.047      0.000      0.000    0.00018    4.24239           -8.78708       85.78504         2.628e-04 
  2733.750          61.081     -9.551    -72.722            1.268        19560.718      6.047      0.000      0.000    0.00017    4.09735           -9.19456       85.77917         2.696e-04 
  2734.750          60.877     -9.550    -72.711            1.226        19561.936      6.047      0.000      0.000    0.00017    3.95867           -9.61665       85.77327         2.766e-04 
  2735.750          60.671     -9.549    -72.701            1.186        19563.112      6.047      0.000      0.000    0.00016    3.82599          -10.05361       85.76736         2.838e-04 
  2736.750          60.463     -9.548    -72.690            1.148        19564.249      6.047      0.000      0.000    0.00016    3.69896          -10.50569       85.76141         2.913e-04 
  2737.750          60.253     -9.548    -72.680            1.111        19565.348      6.047      0.000      0.000    0.00016    3.57728          -10.97317       85.75544         2.991e-04 
  2738.750          60.040     -9.547    -72.671            1.076        19566.410      6.047      0.000      0.000    0.00015    3.46064          -11.45629       85.74945         3.071e-04 
  2739.750          59.826     -9.546    -72.661            1.042        19567.437      6.047      0.000      0.000    0.00015    3.34878          -11.95531       85.74343         3.154e-04 
  2740.750          59.609     -9.545    -72.652            1.009        19568.430      6.047      0.000      0.000    0.00014    3.24145          -12.47049       85.73739         3.240e-04 
  2741.750          59.390     -9.545    -72.644            0.978        19569.391      6.047      0.000      0.000    0.00014    3.13842          -13.00207       85.73133         3.329e-04 
  2742.750          59.168     -9.544    -72.635            0.948        19570.319      6.047      0.000      0.000    0.00014    3.03947          -13.55031       85.72525         3.422e-04 
  2743.750          58.945     -9.544    -72.627            0.920        19571.218      6.047      0.000      0.000    0.00013    2.94442          -14.11542       85.71916         3.517e-04 
  2744.750          58.720     -9.543    -72.619            0.892        19572.087      6.047      0.000      0.000    0.00013    2.85307          -14.69765       85.71306         3.616e-04 
  2745.750          58.493     -9.542    -72.612            0.865        19572.928      6.047      0.000      0.000    0.00013    2.76525          -15.29721       85.70695         3.718e-04 
  2746.750          58.263     -9.542    -72.604            0.840        19573.741      6.047      0.000      0.000    0.00012    2.68080          -15.91430       85.70085         3.824e-04 
  2747.750          58.032     -9.541    -72.597            0.815        19574.529      6.047      0.000      0.000    0.00012    2.59957          -16.54912       85.69475         3.933e-04 
  2748.750          57.799     -9.541    -72.590            0.791        19575.290      6.047      0.000      0.000    0.00012    2.52142          -17.20183       85.68866         4.046e-04 
  2749.750          57.564     -9.540    -72.583            0.769        19576.027      6.047      0.000      0.000    0.00011    2.44622          -17.87259       85.68258         4.164e-04 
  2750.750          57.327     -9.540    -72.577            0.747        19576.740      6.047      0.000      0.000    0.00011    2.37384          -18.56154       85.67653         4.285e-04 
  2751.750          57.089     -9.539    -72.571            0.725        19577.430      6.047      0.000      0.000    0.00011    2.30416          -19.26878       85.67050         4.410e-04 
  2752.750          56.848     -9.539    -72.565            0.705        19578.098      6.047      0.000      0.000    0.00010    2.23708          -19.99440       85.66450         4.540e-04 
  2753.750          56.607     -9.539    -72.559            0.685        19578.744      6.047      0.000      0.000    0.00010    2.17250          -20.73847       85.65854         4.674e-04 
  2754.750          56.363     -9.538    -72.553            0.666        19579.369      6.047      0.000      0.000    0.00010    2.11031          -21.50100       85.65263         4.812e-04 
  2755.750          56.118     -9.538    -72.548            0.648        19579.973      6.047      0.000      0.000    0.00009    2.05043          -22.28199       85.64677         4.956e-04 
  2756.750          55.871     -9.537    -72.542            0.631        19580.558      6.047      0.000      0.000    0.00009    1.99276          -23.08140       85.64096         5.104e-04 
  2757.750          55.623     -9.537    -72.537            0.614        19581.124      6.047      0.000      0.000    0.00009    1.93722          -23.89915       85.63522         5.257e-04 
  2758.750          55.374     -9.536    -72.532            0.597        19581.671      6.047      0.000      0.000    0.00009    1.88374          -24.73511       85.62954         5.415e-04 
  2759.750          55.124     -9.536    -72.527            0.582        19582.200      6.047      0.000      0.000    0.00008    1.83223          -25.58913       85.62393         5.578e-04 
  2760.750          54.872     -9.536    -72.523            0.567        19582.712      6.047      0.000      0.000    0.00008    1.78262          -26.46099       85.61840         5.746e-04 
  2761.750          54.619     -9.535    -72.518            0.552        19583.206      6.047      0.000      0.000    0.00008    1.73485          -27.35044       85.61294         5.920e-04 
  2762.750          54.364     -9.535    -72.514            0.538        19583.684      6.047      0.000      0.000    0.00008    1.68885          -28.25717       85.60756         6.100e-04 
  2763.750          54.109     -9.535    -72.510            0.524        19584.146      6.047      0.000      0.000    0.00007    1.64455          -29.18082       85.60227         6.285e-04 
  2764.750          53.853     -9.534    -72.506            0.511        19584.592      6.047      0.000      0.000    0.00007    1.60188          -30.12096       85.59706         6.477e-04 
  2765.750          53.596     -9.534    -72.502            0.499        19585.023      6.047      0.000      0.000    0.00007    1.56079          -31.07713       85.59193         6.674e-04 
  2766.750          53.338     -9.534    -72.498            0.487        19585.440      6.047      0.000      0.000    0.00007    1.52122          -32.04879       85.58689         6.877e-04 
  2767.750          53.079     -9.534    -72.494            0.475        19585.842      6.047      0.000      0.000    0.00007    1.48311          -33.03535       85.58194         7.087e-04 
  2768.750          52.820     -9.533    -72.491            0.464        19586.230      6.047      0.000      0.000    0.00006    1.44640          -34.03614       85.57708         7.303e-04 
  2769.750          52.560     -9.533    -72.487            0.453        19586.605      6.047      0.000      0.000    0.00006    1.41106          -35.05046       85.57231         7.526e-04 
  2770.750          52.299     -9.533    -72.484            0.443        19586.966      6.047      0.000      0.000    0.00006    1.37702          -36.07753       85.56762         7.755e-04 
  2771.750          52.038     -9.533    -72.481            0.433        19587.315      6.047      0.000      0.000    0.00006    1.34423          -37.11651       85.56302         7.991e-04 
  2772.750          51.777     -9.532    -72.478            0.423        19587.651      6.047      0.000      0.000    0.00006    1.31266          -38.16650       85.55851         8.234e-04 
  2773.750          51.515     -9.532    -72.475            0.414        19587.975      6.047      0.000      0.000    0.00006    1.28225          -39.22656       85.55406         8.484e-04 
  2774.750          51.253     -9.532    -72.472            0.405        19588.288      6.047      0.000      0.000    0.00005    1.25374          -40.29571       85.54970         8.753e-04 
  2775.750          50.991     -9.532    -72.469            0.397        19588.588      6.047      0.000      0.000    0.00005    1.22702          -41.37303       85.54538         9.042e-04 
  2776.750          50.729     -9.531    -72.467            0.388        19588.878      6.047      0.000      0.000    0.00005    1.20115          -42.45754       85.54112         9.342e-04 
  2777.750          50.467     -9.531    -72.464            0.380        19589.157      6.047      0.000      0.000    0.00005    1.17610          -43.54821       85.53689         9.651e-04 
  2778.750          50.205     -9.531    -72.462            0.372        19589.425      6.047      0.000      0.000    0.00005    1.15185          -44.64394       85.53268         9.970e-04 
  2779.750          49.943     -9.531    -72.459            0.365        19589.683      6.047      0.000      0.000    0.00005    1.12834          -45.74359       85.52855         1.030e-03 
  2780.750          49.682     -9.531    -72.457            0.358        19589.931      6.047      0.000      0.000    0.00004    1.10557          -46.84595       85.52468         1.064e-03 
  2781.750          49.421     -9.531    -72.455            0.351        19590.169      6.047      0.000      0.000    0.00004    1.08354          -47.94989       85.52080         1.099e-03 
  2782.750          49.161     -9.530    -72.453            0.344        19590.397      6.047      0.000      0.000    0.00004    1.06219          -49.05423       85.51687         1.135e-03 
  2783.750          48.902     -9.530    -72.451            0.337        19590.616      6.047      0.000      0.000    0.00004    1.04152          -50.15774       85.51288         1.172e-03 
  2784.750          48.643     -9.530    -72.449            0.331        19590.826      6.047      0.000      0.000    0.00004    1.02148          -51.25922       85.50879         1.211e-03 
  2784.950          48.592     -9.530    -72.449            0.330        19590.867      6.047      0.000      0.000    0.00004    1.01560          -51.47916       85.50796         1.222e-03 
  2785.130          48.545     -9.530    -72.448            0.329        19590.904      6.047      0.000      0.000    0.00004    1.01204          -51.67699       85.50720         1.230e-03 
  2785.292          48.503     -9.530    -72.448            0.328        19590.936      6.047      0.000      0.000    0.00004    1.00886          -51.85493       85.50652         1.236e-03 
  2785.438          48.466     -9.530    -72.448            0.327        19590.965      6.047      0.000      0.000    0.00004    1.00601          -52.01500       85.50591         1.242e-03 
  2785.569          48.432     -9.530    -72.447            0.326        19590.992      6.047      0.000      0.000    0.00004    1.00346          -52.15898       85.50535         1.247e-03 
  2785.687          48.402     -9.530    -72.447            0.325        19591.015      6.047      0.000      0.000    0.00004    1.00117          -52.28850       85.50485         1.252e-03 
  2785.720          48.393     -9.530    -72.447            0.325        19591.021      6.047      0.000      0.000    0.00004    1.00034          -52.32489       85.50470         1.254e-03 
  2785.731          48.390     -9.530    -72.447            0.325        19591.024      6.047      0.000      0.000    0.00004    1.00008          -52.33630       85.50466         1.254e-03 
  2785.735          48.389     -9.530    -72.447            0.325        19591.024      3.023      0.000      0.000    0.00004    0.99999          -52.34120       85.50464         1.254e-03 
  2785.740          48.388     -9.530    -72.447            0.325        19591.025      3.023      0.000      0.000    0.00004    1.00000          -52.34601       85.50463         1.255e-03 
  2785.744          48.387     -9.530    -72.447            0.325        19591.026      3.023      0.000      0.000    0.00004    0.99994          -52.35032       85.50462         1.255e-03 
  2785.748          48.386     -9.530    -72.447            0.325        19591.027      3.023      0.000      0.000    0.00004    0.99999          -52.35461       85.50461         1.255e-03 
  2785.758          48.383     -9.530    -72.447            0.325        19591.029      3.023      0.000      0.000    0.00004    0.99999          -52.36559       85.50457         1.255e-03 
  2785.775          48.379     -9.530    -72.447            0.325        19591.032      3.023      0.000      0.000    0.00004    0.99995          -52.38361       85.50453         1.256e-03 
  2785.791          48.375     -9.530    -72.447            0.325        19591.035      3.023      0.000      0.000    0.00004    0.99998          -52.40049       85.50449         1.257e-03 
  2785.801          48.372     -9.530    -72.447            0.325        19591.037      3.023      0.000      0.000    0.00004    1.00000          -52.41084       85.50446         1.257e-03 
  2785.805          48.371     -9.530    -72.447            0.325        19591.038      3.023      0.000      0.000    0.00004    1.00000          -52.41519       85.50445         1.257e-03 
  2785.813          48.369     -9.530    -72.447            0.325        19591.040      3.023      0.000      0.000    0.00004    0.99998          -52.42383       85.50443         1.258e-03 
  2785.850          48.360     -9.530    -72.447            0.325        19591.047      3.023      0.000      0.000    0.00004    0.99996          -52.46322       85.50431         1.259e-03 
  2785.896          48.348     -9.530    -72.447            0.325        19591.056      3.023      0.000      0.000    0.00004    0.99981          -52.51209       85.50419         1.261e-03 
  2785.947          48.335     -9.530    -72.447            0.325        19591.066      3.023      0.000      0.000    0.00004    0.99989          -52.56677       85.50406         1.263e-03 
  2785.984          48.325     -9.530    -72.447            0.325        19591.073      3.023      0.000      0.000    0.00004    0.99995          -52.60548       85.50396         1.264e-03 
  2786.003          48.320     -9.530    -72.447            0.325        19591.077      3.023      0.000      0.000    0.00004    0.99998          -52.62492       85.50391         1.265e-03 
  2786.030          48.313     -9.530    -72.447            0.325        19591.082      3.023      0.000      0.000    0.00004    0.99997          -52.65483       85.50382         1.266e-03 
  2786.068          48.303     -9.530    -72.447            0.325        19591.090      3.023      0.000      0.000    0.00004    0.99985          -52.69423       85.50372         1.268e-03 
  2786.113          48.292     -9.530    -72.446            0.325        19591.098      3.023      0.000      0.000    0.00004    0.99992          -52.74146       85.50361         1.270e-03 
  2786.148          48.283     -9.530    -72.446            0.325        19591.105      3.023      0.000      0.000    0.00004    0.99997          -52.77872       85.50352         1.271e-03 
  2786.191          48.272     -9.530    -72.446            0.325        19591.114      3.023      0.000      0.000    0.00004    0.99995          -52.82466       85.50337         1.273e-03 
  2786.243          48.258     -9.530    -72.446            0.325        19591.124      3.023      0.000      0.000    0.00004    0.99975          -52.87939       85.50324         1.275e-03 
  2786.311          48.241     -9.530    -72.446            0.325        19591.137      3.023      0.000      0.000    0.00004    0.99985          -52.95001       85.50306         1.278e-03 
  2786.377          48.223     -9.530    -72.446            0.325        19591.150      3.023      0.000      0.000    0.00004    0.99995          -53.01928       85.50289         1.280e-03 
  2786.401          48.217     -9.530    -72.446            0.325        19591.155      3.023      0.000      0.000    0.00004    0.99999          -53.04410       85.50283         1.281e-03 
  2786.407          48.216     -9.530    -72.446            0.325        19591.156      3.023      0.000      0.000    0.00004    0.99999          -53.05079       85.50281         1.282e-03 
  2786.418          48.213     -9.530    -72.446            0.325        19591.158      3.023      0.000      0.000    0.00004    0.99997          -53.06287       85.50278         1.282e-03 
  2786.432          48.209     -9.530    -72.446            0.325        19591.161      3.023      0.000      0.000    0.00004    0.99999          -53.07671       85.50274         1.283e-03 
  2786.439          48.207     -9.530    -72.446            0.325        19591.162      3.023      0.000      0.000    0.00004    1.00000          -53.08394       85.50272         1.283e-03 
  2786.443          48.206     -9.530    -72.446            0.325        19591.163      3.023      0.000      0.000    0.00004    0.99994          -53.08842       85.50271         1.283e-03 
  2786.447          48.205     -9.530    -72.446            0.325        19591.164      3.023      0.000      0.000    0.00004    0.99999          -53.09287       85.50270         1.284e-03 
  2786.466          48.200     -9.530    -72.446            0.325        19591.167      3.023      0.000      0.000    0.00004    0.99998          -53.11314       85.50264         1.284e-03 
  2786.494          48.193     -9.530    -72.446            0.325        19591.173      3.023      0.000      0.000    0.00004    0.99989          -53.14209       85.50256         1.285e-03 
  2786.531          48.183     -9.530    -72.446            0.325        19591.180      3.023      0.000      0.000    0.00004    0.99994          -53.18022       85.50247         1.287e-03 
  2786.564          48.175     -9.530    -72.446            0.325        19591.186      3.023      0.000      0.000    0.00004    0.99999          -53.21522       85.50238         1.288e-03 
  2786.574          48.172     -9.530    -72.446            0.325        19591.188      3.023      0.000      0.000    0.00004    0.99999          -53.22564       85.50235         1.289e-03 
  2786.590          48.168     -9.530    -72.446            0.325        19591.191      3.023      0.000      0.000    0.00004    0.99995          -53.24275       85.50230         1.289e-03 
  2786.616          48.161     -9.530    -72.446            0.325        19591.196      3.023      0.000      0.000    0.00004    0.99998          -53.26957       85.50223         1.290e-03 
  2786.627          48.158     -9.530    -72.446            0.325        19591.198      3.023      0.000      0.000    0.00004    1.00000          -53.28104       85.50220         1.291e-03 
  2786.631          48.157     -9.530    -72.446            0.325        19591.199      3.023      0.000      0.000    0.00004    0.99994          -53.28521       85.50219         1.291e-03 
  2786.635          48.156     -9.530    -72.446            0.325        19591.200      3.023      0.000      0.000    0.00004    0.99999          -53.28936       85.50218         1.291e-03 
  2786.642          48.154     -9.530    -72.446            0.325        19591.201      3.023      0.000      0.000    0.00004    0.99999          -53.29643       85.50216         1.292e-03 
  2786.648          48.153     -9.530    -72.446            0.325        19591.202      3.023      0.000      0.000    0.00004    1.00000          -53.30261       85.50215         1.292e-03 
  2786.652          48.152     -9.530    -72.446            0.325        19591.203      3.023      0.000      0.000    0.00004    0.99997          -53.30696       85.50214         1.292e-03 
  2786.656          48.151     -9.530    -72.446            0.325        19591.204      3.023      0.000      0.000    0.00004    0.99999          -53.31128       85.50212         1.292e-03 
  2786.664          48.149     -9.530    -72.446            0.325        19591.205      3.023      0.000      0.000    0.00004    0.99999          -53.31885       85.50211         1.293e-03 
  2786.669          48.147     -9.530    -72.445            0.325        19591.206      3.023      0.000      0.000    0.00004    1.00000          -53.32468       85.50209         1.293e-03 
  2786.674          48.146     -9.530    -72.445            0.325        19591.207      3.023      0.000      0.000    0.00004    1.00000          -53.32946       85.50208         1.293e-03 
  2786.678          48.145     -9.530    -72.445            0.325        19591.208      3.023      0.000      0.000    0.00004    1.00000          -53.33426       85.50206         1.293e-03 
  2786.682          48.144     -9.530    -72.445            0.325        19591.209      3.023      0.000      0.000    0.00004    0.99994          -53.33849       85.50205         1.293e-03 
  2786.686          48.143     -9.530    -72.445            0.325        19591.210      3.023      0.000      0.000    0.00004    0.99999          -53.34269       85.50204         1.294e-03 
  2786.693          48.141     -9.530    -72.445            0.325        19591.211      3.023      0.000      0.000    0.00004    0.99999          -53.34978       85.50202         1.294e-03 
  2786.699          48.139     -9.530    -72.445            0.325        19591.212      3.023      0.000      0.000    0.00004    1.00000          -53.35598       85.50201         1.294e-03 
  2786.703          48.138     -9.530    -72.445            0.325        19591.213      3.023      0.000      0.000    0.00004    0.99997          -53.36033       85.50199         1.294e-03 
  2786.708          48.137     -9.530    -72.445            0.325        19591.214      3.023      0.000      0.000    0.00004    0.99999          -53.36464       85.50198         1.294e-03 
  2786.715          48.135     -9.530    -72.445            0.325        19591.215      3.023      0.000      0.000    0.00004    1.00000          -53.37220       85.50196         1.295e-03 
  2786.719          48.134     -9.530    -72.445            0.325        19591.216      3.023      0.000      0.000    0.00004    0.99994          -53.37664       85.50195         1.295e-03 
  2786.723          48.133     -9.530    -72.445            0.325        19591.217      3.023      0.000      0.000    0.00004    0.99999          -53.38105       85.50194         1.295e-03 
  2786.731          48.131     -9.530    -72.445            0.325        19591.218      3.023      0.000      0.000    0.00004    0.99999          -53.38864       85.50192         1.295e-03 
  2786.736          48.130     -9.530    -72.445            0.325        19591.219      3.023      0.000      0.000    0.00004    1.00000          -53.39446       85.50190         1.296e-03 
  2786.740          48.129     -9.530    -72.445            0.325        19591.220      3.023      0.000      0.000    0.00004    0.99997          -53.39868       85.50189         1.296e-03 
  2786.744          48.128     -9.530    -72.445            0.325        19591.221      3.023      0.000      0.000    0.00004    0.99999          -53.40287       85.50188         1.296e-03 
  2786.752          48.126     -9.530    -72.445            0.325        19591.222      3.023      0.000      0.000    0.00004    1.00000          -53.41035       85.50186         1.296e-03 
  2786.756          48.125     -9.530    -72.445            0.325        19591.223      3.023      0.000      0.000    0.00004    0.99994          -53.41478       85.50185         1.296e-03 
  2786.760          48.124     -9.530    -72.445            0.325        19591.224      3.023      0.000      0.000    0.00004    0.99999          -53.41917       85.50184         1.297e-03 
  2786.767          48.122     -9.530    -72.445            0.325        19591.225      3.023      0.000      0.000    0.00004    0.99999          -53.42675       85.50182         1.297e-03 
  2786.773          48.120     -9.530    -72.445            0.325        19591.226      3.023      0.000      0.000    0.00004    1.00000          -53.43255       85.50180         1.297e-03 
  2786.777          48.119     -9.530    -72.445            0.325        19591.227      3.023      0.000      0.000    0.00004    0.99997          -53.43676       85.50179         1.297e-03 
  2786.781          48.118     -9.530    -72.445            0.325        19591.228      3.023      0.000      0.000    0.00004    0.99999          -53.44095       85.50178         1.297e-03 
  2786.788          48.116     -9.530    -72.445            0.325        19591.229      3.023      0.000      0.000    0.00004    1.00000          -53.44841       85.50176         1.298e-03 
  2786.792          48.115     -9.530    -72.445            0.325        19591.230      3.023      0.000      0.000    0.00004    0.99994          -53.45282       85.50175         1.298e-03 
  2786.797          48.114     -9.530    -72.445            0.325        19591.231      3.023      0.000      0.000    0.00004    0.99999          -53.45721       85.50174         1.298e-03 
  2786.804          48.112     -9.530    -72.445            0.325        19591.232      3.023      0.000      0.000    0.00004    0.99999          -53.46477       85.50172         1.298e-03 
  2786.810          48.111     -9.530    -72.445            0.325        19591.234      3.023      0.000      0.000    0.00004    1.00000          -53.47056       85.50170         1.299e-03 
  2786.814          48.109     -9.530    -72.445            0.325        19591.234      3.023      0.000      0.000    0.00004    1.00000          -53.47531       85.50169         1.299e-03 
  2786.819          48.108     -9.530    -72.445            0.325        19591.235      3.023      0.000      0.000    0.00004    1.00000          -53.48008       85.50168         1.299e-03 
  2786.823          48.107     -9.530    -72.445            0.325        19591.236      3.023      0.000      0.000    0.00004    0.99999          -53.48490       85.50166         1.299e-03 
  2786.832          48.105     -9.530    -72.445            0.325        19591.238      3.023      0.000      0.000    0.00004    0.99998          -53.49415       85.50164         1.300e-03 
  2786.849          48.100     -9.530    -72.445            0.325        19591.241      3.023      0.000      0.000    0.00004    1.00000          -53.51187       85.50159         1.300e-03 
  2786.853          48.099     -9.530    -72.445            0.325        19591.242      3.023      0.000      0.000    0.00004    0.99994          -53.51615       85.50158         1.301e-03 
  2786.858          48.098     -9.530    -72.445            0.325        19591.243      3.023      0.000      0.000    0.00004    0.99999          -53.52041       85.50157         1.301e-03 
  2786.865          48.096     -9.530    -72.445            0.325        19591.244      3.023      0.000      0.000    0.00004    0.99999          -53.52788       85.50155         1.301e-03 
  2786.870          48.095     -9.530    -72.445            0.325        19591.245      3.023      0.000      0.000    0.00004    1.00000          -53.53364       85.50154         1.301e-03 
  2786.875          48.094     -9.530    -72.445            0.325        19591.246      3.023      0.000      0.000    0.00004    0.99999          -53.53836       85.50152         1.301e-03 
  2786.879          48.092     -9.530    -72.445            0.325        19591.247      3.023      0.000      0.000    0.00004    1.00000          -53.54310       85.50151         1.302e-03 
  2786.883          48.091     -9.530    -72.445            0.325        19591.248      3.023      0.000      0.000    0.00004    0.99997          -53.54728       85.50150         1.302e-03 
  2786.888          48.090     -9.530    -72.445            0.325        19591.249      3.023      0.000      0.000    0.00004    0.99999          -53.55143       85.50149         1.302e-03 
  2786.895          48.088     -9.530    -72.445            0.325        19591.250      3.023      0.000      0.000    0.00004    1.00000          -53.55884       85.50147         1.302e-03 
  2786.899          48.087     -9.530    -72.445            0.325        19591.251      3.023      0.000      0.000    0.00004    0.99994          -53.56323       85.50146         1.302e-03 
  2786.903          48.086     -9.530    -72.445            0.325        19591.251      3.023      0.000      0.000    0.00004    0.99999          -53.56758       85.50144         1.303e-03 
  2786.910          48.084     -9.530    -72.445            0.325        19591.253      3.023      0.000      0.000    0.00004    0.99999          -53.57510       85.50143         1.303e-03 
  2786.916          48.083     -9.530    -72.445            0.325        19591.254      3.023      0.000      0.000    0.00004    1.00000          -53.58085       85.50141         1.303e-03 
  2786.921          48.081     -9.530    -72.445            0.325        19591.255      3.023      0.000      0.000    0.00004    0.99999          -53.58659       85.50139         1.303e-03 
  2786.927          48.080     -9.530    -72.445            0.325        19591.256      3.023      0.000      0.000    0.00004    1.00000          -53.59235       85.50138         1.304e-03 
  2786.933          48.078     -9.530    -72.445            0.325        19591.257      3.023      0.000      0.000    0.00004    0.99999          -53.59816       85.50136         1.304e-03 
  2786.943          48.076     -9.530    -72.445            0.325        19591.259      3.023      0.000      0.000    0.00004    0.99997          -53.60890       85.50133         1.304e-03 
  2786.962          48.071     -9.530    -72.445            0.325        19591.263      3.023      0.000      0.000    0.00004    0.99999          -53.62842       85.50128         1.305e-03 
  2786.968          48.069     -9.530    -72.445            0.325        19591.264      3.023      0.000      0.000    0.00004    0.99999          -53.63455       85.50127         1.305e-03 
  2786.974          48.068     -9.530    -72.445            0.325        19591.265      3.023      0.000      0.000    0.00004    1.00000          -53.64071       85.50125         1.306e-03 
  2786.979          48.066     -9.530    -72.445            0.325        19591.266      3.023      0.000      0.000    0.00004    1.00000          -53.64564       85.50124         1.306e-03 
  2786.983          48.065     -9.530    -72.445            0.325        19591.267      3.023      0.000      0.000    0.00004    1.00000          -53.65059       85.50122         1.306e-03 
  2786.988          48.064     -9.530    -72.445            0.325        19591.268      3.023      0.000      0.000    0.00004    0.99997          -53.65488       85.50121         1.306e-03 
  2786.992          48.063     -9.530    -72.445            0.325        19591.268      3.023      0.000      0.000    0.00004    0.99999          -53.65914       85.50120         1.306e-03 
  2787.000          48.061     -9.530    -72.445            0.325        19591.270      3.023      0.000      0.000    0.00004    1.00000          -53.66769       85.50118         1.307e-03 
  2787.004          48.060     -9.530    -72.445            0.325        19591.271      3.023      0.000      0.000    0.00004    0.99994          -53.67168       85.50117         1.307e-03 
  2787.008          48.059     -9.530    -72.445            0.325        19591.271      3.023      0.000      0.000    0.00004    0.99999          -53.67564       85.50116         1.307e-03 
  2787.015          48.057     -9.530    -72.445            0.325        19591.273      3.023      0.000      0.000    0.00004    0.99999          -53.68291       85.50114         1.307e-03 
  2787.021          48.055     -9.530    -72.445            0.325        19591.274      3.023      0.000      0.000    0.00004    1.00000          -53.68917       85.50112         1.308e-03 
  2787.027          48.054     -9.530    -72.445            0.325        19591.275      3.023      0.000      0.000    0.00004    0.99999          -53.69541       85.50110         1.308e-03 
  2787.033          48.052     -9.530    -72.445            0.325        19591.276      3.023      0.000      0.000    0.00004    1.00000          -53.70167       85.50109         1.308e-03 
  2787.037          48.051     -9.530    -72.445            0.325        19591.277      3.023      0.000      0.000    0.00004    0.99997          -53.70598       85.50107         1.308e-03 
  2787.041          48.050     -9.530    -72.445            0.325        19591.278      3.023      0.000      0.000    0.00004    0.99999          -53.71027       85.50106         1.309e-03 
  2787.049          48.048     -9.530    -72.445            0.325        19591.280      3.023      0.000      0.000    0.00004    1.00000          -53.71883       85.50104         1.309e-03 
  2787.054          48.047     -9.530    -72.445            0.325        19591.280      3.023      0.000      0.000    0.00004    0.99999          -53.72330       85.50103         1.309e-03 
  2787.062          48.044     -9.530    -72.445            0.325        19591.282      3.023      0.000      0.000    0.00004    0.99998          -53.73199       85.50100         1.309e-03 
  2787.079          48.040     -9.530    -72.445            0.325        19591.285      3.023      0.000      0.000    0.00004    0.99999          -53.74890       85.50096         1.310e-03 
  2787.087          48.038     -9.530    -72.445            0.325        19591.287      3.023      0.000      0.000    0.00004    0.99999          -53.75713       85.50093         1.310e-03 
  2787.100          48.034     -9.530    -72.445            0.325        19591.289      3.023      0.000      0.000    0.00004    0.99995          -53.77124       85.50090         1.311e-03 
  2787.128          48.027     -9.530    -72.445            0.325        19591.294      3.023      0.000      0.000    0.00004    0.99998          -53.79946       85.50082         1.312e-03 
  2787.164          48.018     -9.530    -72.445            0.325        19591.301      3.023      0.000      0.000    0.00004    0.99994          -53.83695       85.50070         1.314e-03 
  2787.209          48.006     -9.530    -72.445            0.325        19591.310      3.023      0.000      0.000    0.00004    0.99976          -53.88316       85.50058         1.315e-03 
  2787.411          47.953     -9.530    -72.444            0.325        19591.348      3.023      0.000      0.000    0.00004    0.99997          -54.09046       85.50004         1.323e-03 
  2787.421          47.950     -9.530    -72.444            0.325        19591.350      3.023      0.000      0.000    0.00004    0.99998          -54.10103       85.50000         1.325e-03 
  2787.438          47.946     -9.530    -72.444            0.325        19591.353      3.023      0.000      0.000    0.00004    0.99993          -54.11815       85.49996         1.326e-03 
  2787.469          47.937     -9.530    -72.444            0.325        19591.359      3.023      0.000      0.000    0.00004    0.99997          -54.15003       85.49987         1.327e-03 
  2787.490          47.932     -9.530    -72.444            0.325        19591.363      3.023      0.000      0.000    0.00004    0.99999          -54.17057       85.49982         1.328e-03 
  2787.519          47.924     -9.530    -72.444            0.325        19591.369      3.023      0.000      0.000    0.00004    0.99995          -54.20072       85.49972         1.329e-03 
  2787.557          47.914     -9.530    -72.444            0.325        19591.376      3.023      0.000      0.000    0.00004    0.99980          -54.23958       85.49961         1.331e-03 
  2787.729          47.869     -9.530    -72.444            0.326        19591.408      3.023      0.000      0.000    0.00003    0.99995          -54.41402       85.49915         1.337e-03 
  2787.750          47.863     -9.530    -72.444            0.326        19591.412      3.023      0.000      0.000    0.00003    0.99999          -54.43520       85.49909         1.339e-03 
  2787.757          47.861     -9.530    -72.444            0.326        19591.414      3.023      0.000      0.000    0.00003    0.99999          -54.44246       85.49907         1.340e-03 
  2787.762          47.860     -9.530    -72.444            0.326        19591.415      3.023      0.000      0.000    0.00003    1.00000          -54.44797       85.49905         1.340e-03 
  2787.768          47.859     -9.530    -72.444            0.326        19591.416      3.023      0.000      0.000    0.00003    1.00000          -54.45347       85.49904         1.340e-03 
  2787.772          47.857     -9.530    -72.444            0.326        19591.416      3.023      0.000      0.000    0.00003    0.99994          -54.45751       85.49903         1.340e-03 
  2787.776          47.856     -9.530    -72.444            0.326        19591.417      3.023      0.000      0.000    0.00003    0.99999          -54.46151       85.49902         1.340e-03 
  2787.785          47.854     -9.530    -72.444            0.326        19591.419      3.023      0.000      0.000    0.00003    1.00000          -54.47071       85.49899         1.341e-03 
  2787.794          47.851     -9.530    -72.444            0.326        19591.421      3.023      0.000      0.000    0.00003    0.99998          -54.48054       85.49896         1.341e-03 
  2787.810          47.847     -9.530    -72.444            0.326        19591.424      3.023      0.000      0.000    0.00003    0.99993          -54.49663       85.49891         1.342e-03 
  2787.840          47.839     -9.530    -72.443            0.326        19591.429      3.023      0.000      0.000    0.00003    0.99996          -54.52700       85.49883         1.343e-03 
  2787.878          47.829     -9.530    -72.443            0.326        19591.436      3.023      0.000      0.000    0.00003    0.99999          -54.56534       85.49873         1.345e-03 
  2787.888          47.827     -9.530    -72.443            0.326        19591.438      3.023      0.000      0.000    0.00003    0.99998          -54.57547       85.49869         1.345e-03 
  2787.904          47.822     -9.530    -72.443            0.326        19591.441      3.023      0.000      0.000    0.00003    0.99993          -54.59195       85.49865         1.346e-03 
  2787.978          47.803     -9.530    -72.443            0.326        19591.455      3.023      0.000      0.000    0.00003    0.99999          -54.66598       85.49845         1.349e-03 
  2788.002          47.796     -9.530    -72.443            0.326        19591.459      3.023      0.000      0.000    0.00003    0.99996          -54.69055       85.49836         1.350e-03 
  2788.035          47.788     -9.530    -72.443            0.326        19591.466      3.023      0.000      0.000    0.00003    0.99982          -54.72350       85.49827         1.352e-03 
  2788.182          47.748     -9.530    -72.443            0.326        19591.493      3.023      0.000      0.000    0.00003    0.99993          -54.87144       85.49787         1.358e-03 
  2788.219          47.739     -9.530    -72.443            0.326        19591.500      3.023      0.000      0.000    0.00003    0.99997          -54.90883       85.49777         1.360e-03 
  2788.252          47.730     -9.530    -72.443            0.326        19591.506      3.023      0.000      0.000    0.00003    1.00000          -54.94149       85.49768         1.361e-03 
  2788.261          47.727     -9.530    -72.443            0.326        19591.508      3.023      0.000      0.000    0.00003    0.99998          -54.95101       85.49764         1.362e-03 
  2788.277          47.723     -9.530    -72.443            0.326        19591.511      3.023      0.000      0.000    0.00003    0.99993          -54.96662       85.49760         1.363e-03 
  2788.347          47.704     -9.530    -72.443            0.326        19591.524      3.023      0.000      0.000    0.00003    0.99998          -55.03674       85.49740         1.366e-03 
  2788.371          47.698     -9.530    -72.443            0.326        19591.528      3.023      0.000      0.000    0.00003    1.00000          -55.06012       85.49734         1.367e-03 
  2788.385          47.694     -9.530    -72.443            0.326        19591.531      3.023      0.000      0.000    0.00003    0.99997          -55.07471       85.49729         1.368e-03 
  2788.407          47.689     -9.530    -72.443            0.326        19591.535      3.023      0.000      0.000    0.00003    0.99989          -55.09651       85.49723         1.369e-03 
  2788.505          47.662     -9.530    -72.442            0.326        19591.553      3.023      0.000      0.000    0.00003    0.99995          -55.19446       85.49695         1.373e-03 
  2788.539          47.653     -9.530    -72.442            0.326        19591.559      3.023      0.000      0.000    0.00003    0.99997          -55.22858       85.49686         1.375e-03 
  2788.571          47.645     -9.530    -72.442            0.326        19591.565      3.023      0.000      0.000    0.00003    0.99999          -55.26020       85.49677         1.376e-03 
  2788.610          47.634     -9.530    -72.442            0.326        19591.572      3.023      0.000      0.000    0.00003    0.99992          -55.29953       85.49663         1.378e-03 
  2788.658          47.621     -9.530    -72.442            0.326        19591.581      3.023      0.000      0.000    0.00003    0.99968          -55.34651       85.49649         1.380e-03 
  2788.871          47.564     -9.530    -72.442            0.326        19591.620      3.023      0.000      0.000    0.00003    0.99978          -55.55726       85.49589         1.389e-03 
  2789.063          47.513     -9.530    -72.441            0.326        19591.655      3.023      0.000      0.000    0.00003    0.99987          -55.74599       85.49535         1.398e-03 
  2789.235          47.466     -9.530    -72.441            0.326        19591.686      3.023      0.000      0.000    0.00003    0.99993          -55.91509       85.49485         1.406e-03 
  2789.391          47.424     -9.529    -72.441            0.326        19591.715      3.023      0.000      0.000    0.00003    0.99997          -56.06668       85.49441         1.414e-03 
  2789.437          47.412     -9.529    -72.441            0.326        19591.723      3.023      0.000      0.000    0.00003    0.99998          -56.11146       85.49427         1.416e-03 
  2789.470          47.403     -9.529    -72.441            0.326        19591.729      3.023      0.000      0.000    0.00003    0.99999          -56.14386       85.49418         1.418e-03 
  2789.487          47.398     -9.529    -72.441            0.326        19591.732      3.023      0.000      0.000    0.00003    0.99999          -56.15988       85.49413         1.419e-03 
  2789.512          47.391     -9.529    -72.441            0.326        19591.736      3.023      0.000      0.000    0.00003    0.99995          -56.18447       85.49403         1.420e-03 
  2789.545          47.382     -9.529    -72.441            0.326        19591.742      3.023      0.000      0.000    0.00003    0.99980          -56.21677       85.49394         1.422e-03 
  2789.695          47.342     -9.529    -72.440            0.326        19591.769      3.023      0.000      0.000    0.00003    0.99991          -56.36177       85.49350         1.428e-03 
  2789.739          47.330     -9.529    -72.440            0.326        19591.777      3.023      0.000      0.000    0.00003    0.99996          -56.40499       85.49337         1.431e-03 
  2789.772          47.321     -9.529    -72.440            0.326        19591.783      3.023      0.000      0.000    0.00003    0.99998          -56.43678       85.49327         1.433e-03 
  2789.789          47.316     -9.529    -72.440            0.326        19591.786      3.023      0.000      0.000    0.00003    0.99999          -56.45250       85.49323         1.434e-03 
  2789.813          47.310     -9.529    -72.440            0.326        19591.790      3.023      0.000      0.000    0.00003    0.99995          -56.47665       85.49313         1.435e-03 
  2789.846          47.301     -9.529    -72.440            0.326        19591.796      3.023      0.000      0.000    0.00003    0.99980          -56.50836       85.49303         1.437e-03 
  2789.994          47.260     -9.529    -72.440            0.326        19591.823      3.023      0.000      0.000    0.00003    0.99997          -56.65077       85.49260         1.444e-03 
  2790.010          47.256     -9.529    -72.440            0.326        19591.825      3.023      0.000      0.000    0.00003    0.99997          -56.66586       85.49254         1.446e-03 
  2790.033          47.250     -9.529    -72.440            0.326        19591.829      3.023      0.000      0.000    0.00003    0.99989          -56.68777       85.49247         1.447e-03 
  2790.070          47.240     -9.529    -72.440            0.326        19591.836      3.023      0.000      0.000    0.00003    0.99994          -56.72344       85.49236         1.449e-03 
  2790.101          47.231     -9.529    -72.440            0.326        19591.842      3.023      0.000      0.000    0.00003    0.99998          -56.75355       85.49227         1.450e-03 
  2790.112          47.228     -9.529    -72.440            0.326        19591.844      3.023      0.000      0.000    0.00003    0.99999          -56.76380       85.49223         1.451e-03 
  2790.117          47.227     -9.529    -72.440            0.326        19591.844      3.023      0.000      0.000    0.00003    0.99999          -56.76846       85.49222         1.451e-03 
  2790.122          47.226     -9.529    -72.440            0.326        19591.845      3.023      0.000      0.000    0.00003    1.00000          -56.77312       85.49220         1.452e-03 
  2790.127          47.224     -9.529    -72.440            0.326        19591.846      3.023      0.000      0.000    0.00003    0.99999          -56.77777       85.49219         1.452e-03 
  2790.131          47.223     -9.529    -72.440            0.326        19591.847      3.023      0.000      0.000    0.00003    1.00000          -56.78244       85.49217         1.452e-03 
  2790.135          47.222     -9.529    -72.440            0.326        19591.848      3.023      0.000      0.000    0.00003    1.00000          -56.78629       85.49216         1.452e-03 
  2790.139          47.221     -9.529    -72.440            0.326        19591.848      3.023      0.000      0.000    0.00003    1.00000          -56.79016       85.49215         1.453e-03 
  2790.143          47.220     -9.529    -72.440            0.326        19591.849      3.023      0.000      0.000    0.00003    1.00000          -56.79355       85.49214         1.453e-03 
  2790.147          47.219     -9.529    -72.440            0.326        19591.850      3.023      0.000      0.000    0.00003    1.00000          -56.79696       85.49213         1.453e-03 
  2790.150          47.218     -9.529    -72.440            0.326        19591.850      3.023      0.000      0.000    0.00003    0.99997          -56.80038       85.49211         1.453e-03 
  2790.154          47.217     -9.529    -72.440            0.326        19591.851      3.023      0.000      0.000    0.00003    0.99999          -56.80378       85.49210         1.453e-03 
  2790.162          47.215     -9.529    -72.440            0.326        19591.852      3.023      0.000      0.000    0.00003    1.00000          -56.81168       85.49208         1.454e-03 
  2790.168          47.213     -9.529    -72.440            0.326        19591.853      3.023      0.000      0.000    0.00003    0.99999          -56.81747       85.49206         1.454e-03 
  2790.179          47.210     -9.529    -72.440            0.326        19591.855      3.023      0.000      0.000    0.00003    0.99996          -56.82773       85.49202         1.455e-03 
  2790.201          47.204     -9.529    -72.440            0.326        19591.859      3.023      0.000      0.000    0.00003    0.99998          -56.84920       85.49196         1.456e-03 
  2790.211          47.201     -9.529    -72.440            0.326        19591.861      3.023      0.000      0.000    0.00003    1.00000          -56.85844       85.49193         1.456e-03 
  2790.215          47.200     -9.529    -72.440            0.326        19591.862      3.023      0.000      0.000    0.00003    0.99999          -56.86229       85.49191         1.457e-03 
  2790.222          47.198     -9.529    -72.440            0.326        19591.863      3.023      0.000      0.000    0.00003    0.99997          -56.86969       85.49189         1.457e-03 
  2790.241          47.193     -9.529    -72.440            0.326        19591.866      3.023      0.000      0.000    0.00003    0.99999          -56.88696       85.49183         1.458e-03 
  2790.246          47.192     -9.529    -72.439            0.326        19591.867      3.023      0.000      0.000    0.00003    0.99999          -56.89208       85.49182         1.458e-03 
  2790.251          47.190     -9.529    -72.439            0.326        19591.868      3.023      0.000      0.000    0.00003    1.00000          -56.89722       85.49180         1.459e-03 
  2790.257          47.189     -9.529    -72.439            0.326        19591.869      3.023      0.000      0.000    0.00003    0.99999          -56.90234       85.49179         1.459e-03 
  2790.262          47.187     -9.529    -72.439            0.326        19591.870      3.023      0.000      0.000    0.00003    1.00000          -56.90748       85.49177         1.459e-03 
  2790.267          47.186     -9.529    -72.439            0.326        19591.871      3.023      0.000      0.000    0.00003    0.99999          -56.91260       85.49175         1.459e-03 
  2790.273          47.184     -9.529    -72.439            0.326        19591.872      3.023      0.000      0.000    0.00003    1.00000          -56.91774       85.49173         1.460e-03 
  2790.278          47.183     -9.529    -72.439            0.326        19591.873      3.023      0.000      0.000    0.00003    0.99999          -56.92286       85.49172         1.460e-03 
  2790.284          47.182     -9.529    -72.439            0.326        19591.874      3.023      0.000      0.000    0.00003    0.99999          -56.92800       85.49170         1.460e-03 
  2790.289          47.180     -9.529    -72.439            0.326        19591.875      3.023      0.000      0.000    0.00003    0.99999          -56.93312       85.49169         1.461e-03 
  2790.294          47.179     -9.529    -72.439            0.326        19591.876      3.023      0.000      0.000    0.00003    0.99999          -56.93825       85.49167         1.461e-03 
  2790.300          47.177     -9.529    -72.439            0.326        19591.877      3.023      0.000      0.000    0.00003    0.99999          -56.94337       85.49165         1.461e-03 
  2790.305          47.176     -9.529    -72.439            0.326        19591.878      3.023      0.000      0.000    0.00003    0.99999          -56.94850       85.49163         1.461e-03 
  2790.310          47.174     -9.529    -72.439            0.326        19591.879      3.023      0.000      0.000    0.00003    1.00000          -56.95362       85.49162         1.462e-03 
  2790.314          47.173     -9.529    -72.439            0.326        19591.879      3.023      0.000      0.000    0.00003    0.99994          -56.95713       85.49161         1.462e-03 
  2790.318          47.172     -9.529    -72.439            0.326        19591.880      3.023      0.000      0.000    0.00003    0.99999          -56.96061       85.49159         1.462e-03 
  2790.327          47.170     -9.529    -72.439            0.326        19591.882      3.023      0.000      0.000    0.00003    1.00000          -56.96923       85.49157         1.463e-03 
  2790.330          47.169     -9.529    -72.439            0.326        19591.882      3.023      0.000      0.000    0.00003    0.99994          -56.97257       85.49155         1.463e-03 
  2790.334          47.168     -9.529    -72.439            0.326        19591.883      3.023      0.000      0.000    0.00003    0.99999          -56.97588       85.49154         1.463e-03 
  2790.342          47.165     -9.529    -72.439            0.326        19591.884      3.023      0.000      0.000    0.00003    1.00000          -56.98421       85.49152         1.463e-03 
  2790.346          47.165     -9.529    -72.439            0.326        19591.885      3.023      0.000      0.000    0.00003    0.99994          -56.98753       85.49151         1.464e-03 
  2790.349          47.164     -9.529    -72.439            0.326        19591.885      3.023      0.000      0.000    0.00003    0.99999          -56.99083       85.49150         1.464e-03 
  2790.358          47.161     -9.529    -72.439            0.326        19591.887      3.023      0.000      0.000    0.00003    1.00000          -56.99914       85.49147         1.464e-03 
  2790.362          47.160     -9.529    -72.439            0.326        19591.888      3.023      0.000      0.000    0.00003    0.99994          -57.00246       85.49146         1.464e-03 
  2790.365          47.159     -9.529    -72.439            0.326        19591.888      3.023      0.000      0.000    0.00003    0.99999          -57.00575       85.49145         1.465e-03 
  2790.373          47.157     -9.529    -72.439            0.326        19591.890      3.023      0.000      0.000    0.00003    1.00000          -57.01349       85.49142         1.465e-03 
  2790.379          47.155     -9.529    -72.439            0.326        19591.891      3.023      0.000      0.000    0.00003    0.99999          -57.01919       85.49140         1.465e-03 
  2790.390          47.153     -9.529    -72.439            0.326        19591.893      3.023      0.000      0.000    0.00003    0.99996          -57.02931       85.49137         1.466e-03 
  2790.412          47.146     -9.529    -72.439            0.326        19591.896      3.023      0.000      0.000    0.00003    0.99998          -57.05049       85.49130         1.467e-03 
  2790.425          47.143     -9.529    -72.439            0.326        19591.899      3.023      0.000      0.000    0.00003    1.00000          -57.06336       85.49126         1.468e-03 
  2790.432          47.141     -9.529    -72.439            0.326        19591.900      3.023      0.000      0.000    0.00003    0.99999          -57.06997       85.49123         1.468e-03 
  2790.444          47.138     -9.529    -72.439            0.326        19591.902      3.023      0.000      0.000    0.00003    0.99995          -57.08134       85.49120         1.469e-03 
  2790.468          47.131     -9.529    -72.439            0.326        19591.906      3.023      0.000      0.000    0.00003    0.99997          -57.10421       85.49112         1.470e-03 
  2790.560          47.106     -9.529    -72.439            0.325        19591.922      3.023      0.000      0.000    0.00003    0.99983          -57.19237       85.49076         1.475e-03 
  2790.651          47.081     -9.529    -72.439            0.325        19591.938      3.023      0.000      0.000    0.00003    0.99926          -57.27894       85.49048         1.480e-03 
  2791.062          46.968     -9.529    -72.438            0.326        19592.010      3.023      0.000      0.000    0.00003    0.99959          -57.66615       85.48921         1.500e-03 
  2791.262          46.913     -9.529    -72.438            0.325        19592.044      3.023      0.000      0.000    0.00003    0.99975          -57.85306       85.48858         1.513e-03 
  2791.442          46.863     -9.529    -72.438            0.325        19592.075      3.023      0.000      0.000    0.00003    0.99986          -58.02051       85.48802         1.523e-03 
  2791.604          46.819     -9.529    -72.437            0.325        19592.103      3.023      0.000      0.000    0.00003    0.99994          -58.17061       85.48750         1.533e-03 
  2791.750          46.778     -9.529    -72.437            0.325        19592.128      3.023      0.000      0.000    0.00003    0.99999          -58.30520       85.48703         1.541e-03 
  2791.755          46.777     -9.529    -72.437            0.325        19592.128      3.023      0.000      0.000    0.00003    0.99999          -58.30929       85.48701         1.542e-03 
  2791.763          46.775     -9.529    -72.437            0.325        19592.130      3.023      0.000      0.000    0.00003    0.99996          -58.31693       85.48698         1.543e-03 
  2791.800          46.764     -9.529    -72.437            0.325        19592.136      3.023      0.000      0.000    0.00003    0.99997          -58.35125       85.48686         1.545e-03 
  2791.851          46.751     -9.529    -72.437            0.325        19592.145      3.023      0.000      0.000    0.00003    0.99998          -58.39767       85.48670         1.548e-03 
  2791.883          46.742     -9.529    -72.437            0.325        19592.150      3.023      0.000      0.000    0.00003    0.99999          -58.42746       85.48660         1.550e-03 
  2791.902          46.736     -9.529    -72.437            0.325        19592.153      3.023      0.000      0.000    0.00003    1.00000          -58.44469       85.48653         1.551e-03 
  2791.908          46.735     -9.529    -72.437            0.325        19592.154      3.023      0.000      0.000    0.00003    0.99999          -58.45041       85.48651         1.551e-03 
  2791.913          46.733     -9.529    -72.437            0.325        19592.155      3.023      0.000      0.000    0.00003    0.99999          -58.45474       85.48650         1.551e-03 
  2791.917          46.732     -9.529    -72.437            0.325        19592.156      3.023      0.000      0.000    0.00003    0.99999          -58.45905       85.48648         1.552e-03 
  2791.939          46.726     -9.529    -72.437            0.325        19592.160      3.023      0.000      0.000    0.00003    1.00000          -58.47845       85.48641         1.553e-03 
  2792.034          46.700     -9.529    -72.437            0.325        19592.176      3.023      0.000      0.000    0.00003    0.99976          -58.56723       85.48600         1.558e-03 
  2792.129          46.673     -9.529    -72.437            0.325        19592.192      3.023      0.000      0.000    0.00003    0.99905          -58.65429       85.48569         1.563e-03 
  2792.557          46.554     -9.529    -72.436            0.325        19592.263      3.023      0.000      0.000    0.00003    0.99907          -59.04370       85.48426         1.586e-03 
  2793.557          46.275     -9.529    -72.434            0.325        19592.427      3.023      0.000      0.000    0.00003    0.99872          -59.93839       85.48080         1.643e-03 
  2794.557          45.993     -9.529    -72.433            0.324        19592.586      3.023      0.000      0.000    0.00003    0.99772          -60.81278       85.47713         1.708e-03 
  2795.557          45.709     -9.529    -72.432            0.323        19592.740      3.023      0.000      0.000    0.00003    0.99605          -61.66770       85.47323         1.775e-03 
  2796.557          45.424     -9.529    -72.430            0.322        19592.890      3.023      0.000      0.000    0.00003    0.99370          -62.50396       85.46910         1.846e-03 
  2797.557          45.138     -9.529    -72.429            0.321        19593.035      3.023      0.000      0.000    0.00002    0.99066          -63.32234       85.46471         1.920e-03 
  2798.557          44.851     -9.528    -72.428            0.319        19593.176      3.023      0.000      0.000    0.00002    0.98693          -64.12360       85.46004         1.997e-03 
  2799.557          44.564     -9.528    -72.426            0.317        19593.312      3.023      0.000      0.000    0.00002    0.98249          -64.90848       85.45510         2.078e-03 
  2800.557          44.277     -9.528    -72.425            0.315        19593.443      3.023      0.000      0.000    0.00002    0.97736          -65.67767       85.44987         2.163e-03 
  2801.557          43.990     -9.528    -72.424            0.313        19593.570      3.023      0.000      0.000    0.00002    0.97154          -66.43181       85.44434         2.251e-03 
  2802.557          43.703     -9.528    -72.423            0.310        19593.692      3.023      0.000      0.000    0.00002    0.96505          -67.17154       85.43850         2.343e-03 
  2803.557          43.418     -9.528    -72.422            0.308        19593.809      3.023      0.000      0.000    0.00002    0.95790          -67.89741       85.43236         2.438e-03 
  2804.557          43.133     -9.528    -72.421            0.305        19593.922      3.023      0.000      0.000    0.00002    0.95011          -68.60995       85.42589         2.538e-03 
  2805.557          42.850     -9.528    -72.420            0.302        19594.030      3.023      0.000      0.000    0.00002    0.94170          -69.30965       85.41909         2.641e-03 
  2806.557          42.569     -9.528    -72.419            0.299        19594.133      3.023      0.000      0.000    0.00002    0.93272          -69.99694       85.41195         2.749e-03 
  2807.557          42.289     -9.528    -72.418            0.295        19594.233      3.023      0.000      0.000    0.00002    0.92320          -70.67222       85.40446         2.860e-03 
  2808.557          42.012     -9.528    -72.417            0.291        19594.328      3.023      0.000      0.000    0.00002    0.91316          -71.33583       85.39662         2.975e-03 
  2809.557          41.737     -9.528    -72.416            0.288        19594.418      3.023      0.000      0.000    0.00002    0.90266          -71.98807       85.38841         3.094e-03 
  2810.557          41.465     -9.527    -72.416            0.284        19594.504      3.023      0.000      0.000    0.00001    0.89174          -72.62920       85.37981         3.217e-03 
  2811.557          41.195     -9.527    -72.415            0.280        19594.586      3.023      0.000      0.000    0.00001    0.88043          -73.25942       85.37082         3.344e-03 
  2812.557          40.929     -9.527    -72.414            0.276        19594.665      3.023      0.000      0.000    0.00001    0.86879          -73.87892       85.36142         3.476e-03 
  2813.557          40.665     -9.527    -72.413            0.272        19594.739      3.023      0.000      0.000    0.00001    0.85686          -74.48781       85.35158         3.611e-03 
  2814.557          40.405     -9.527    -72.413            0.268        19594.809      3.023      0.000      0.000    0.00001    0.84469          -75.08618       85.34130         3.750e-03 
  2815.557          40.148     -9.527    -72.412            0.263        19594.876      3.023      0.000      0.000    0.00001    0.83232          -75.67407       85.33053         3.892e-03 
  2816.557          39.895     -9.527    -72.412            0.259        19594.939      3.023      0.000      0.000    0.00001    0.81980          -76.25150       85.31925         4.039e-03 
  2817.557          39.645     -9.527    -72.411            0.255        19594.998      3.023      0.000      0.000    0.00001    0.80718          -76.81845       85.30742         4.190e-03 
  2818.557          39.398     -9.527    -72.411            0.250        19595.054      3.023      0.000      0.000    0.00001    0.79448          -77.37487       85.29500         4.344e-03 
  2819.557          39.156     -9.527    -72.410            0.246        19595.107      3.023      0.000      0.000    0.00001    0.78176          -77.92068       85.28194         4.502e-03 
  2820.557          38.917     -9.527    -72.410            0.242        19595.157      3.023      0.000      0.000    0.00001    0.76905          -78.45579       85.26818         4.663e-03 
  2821.557          38.682     -9.527    -72.409            0.238        19595.203      3.023      0.000      0.000    0.00001    0.75639          -78.98010       85.25367         4.829e-03 
  2822.557          38.450     -9.527    -72.409            0.233        19595.247      3.023      0.000      0.000    0.00001    0.74381          -79.49347       85.23832         4.997e-03 
  2823.557          38.223     -9.527    -72.408            0.229        19595.288      3.023      0.000      0.000    0.00001    0.73133          -79.99580       85.22205         5.170e-03 
  2824.557          37.999     -9.527    -72.408            0.225        19595.326      3.023      0.000      0.000    0.00001    0.71898          -80.48692       85.20476         5.345e-03 
  2825.557          37.779     -9.527    -72.408            0.221        19595.362      3.023      0.000      0.000    0.00001    0.70680          -80.96672       85.18634         5.524e-03 
  2826.557          37.562     -9.527    -72.407            0.217        19595.395      3.023      0.000      0.000    0.00001    0.69479          -81.43504       85.16664         5.707e-03 
  2827.557          37.349     -9.527    -72.407            0.213        19595.426      3.023      0.000      0.000    0.00001    0.68298          -81.89176       85.14551         5.893e-03 
  2828.557          37.140     -9.527    -72.407            0.209        19595.455      3.023      0.000      0.000    0.00001    0.67139          -82.33675       85.12276         6.082e-03 
  2829.557          36.934     -9.527    -72.407            0.206        19595.482      3.023      0.000      0.000    0.00001    0.66001          -82.76990       85.09817         6.274e-03 
  2830.557          36.732     -9.527    -72.406            0.202        19595.507      3.023      0.000      0.000    0.00001    0.64888          -83.19109       85.07149         6.469e-03 
  2831.557          36.533     -9.527    -72.406            0.198        19595.529      3.023      0.000      0.000    0.00001    0.63799          -83.60026       85.04241         6.667e-03 
  2832.557          36.337     -9.527    -72.406            0.195        19595.551      3.023      0.000      0.000    0.00001    0.62735          -83.99731       85.01055         6.869e-03 
  2833.557          36.145     -9.527    -72.406            0.192        19595.570      3.023      0.000      0.000    0.00001    0.61697          -84.38221       84.97549         7.073e-03 
  2834.557          35.956     -9.527    -72.406            0.188        19595.588      3.023      0.000      0.000    0.00001    0.60684          -84.75493       84.93669         7.281e-03 
  2835.557          35.770     -9.527    -72.406            0.185        19595.604      3.023      0.000      0.000    0.00001    0.59698          -85.11545       84.89351         7.491e-03 
  2836.557          35.587     -9.527    -72.405            0.182        19595.619      3.023      0.000      0.000    0.00001    0.58738          -85.46379       84.84517         7.705e-03 
  2837.557          35.407     -9.527    -72.405            0.179        19595.633      3.023      0.000      0.000    0.00001    0.57803          -85.80000       84.79072         7.921e-03 
  2838.557          35.230     -9.527    -72.405            0.176        19595.645      3.023      0.000      0.000    0.00001    0.56895          -86.12412       84.72895         8.140e-03 
  2839.557          35.056     -9.527    -72.405            0.173        19595.657      3.023      0.000      0.000    0.00001    0.56011          -86.43625       84.65836         8.362e-03 
  2840.557          34.885     -9.527    -72.405            0.170        19595.667      3.023      0.000      0.000    0.00001    0.55153          -86.73650       84.57704         8.587e-03 
  2841.557          34.716     -9.527    -72.405            0.168        19595.676      3.023      0.000      0.000    0.00001    0.54319          -87.02500       84.48256         8.815e-03 
  2842.557          34.550     -9.527    -72.405            0.165        19595.684      3.023      0.000      0.000    0.00001    0.53509          -87.30189       84.37171         9.045e-03 
  2843.557          34.387     -9.527    -72.405            0.162        19595.691      3.023      0.000      0.000    0.00001    0.52723          -87.56736       84.24028         9.279e-03 
  2844.557          34.226     -9.527    -72.405            0.160        19595.698      3.023      0.000      0.000    0.00000    0.51959          -87.82159       84.08255         9.515e-03 
  2845.557          34.067     -9.527    -72.405            0.157        19595.703      3.023      0.000      0.000    0.00000    0.51217          -88.06478       83.89060         9.754e-03 
  2846.557          33.911     -9.527    -72.405            0.155        19595.708      3.023      0.000      0.000    0.00000    0.50497          -88.29717       83.65313         9.995e-03 
  2847.557          33.757     -9.527    -72.405            0.153        19595.713      3.023      0.000      0.000    0.00000    0.49798          -88.51899       83.35342         1.024e-02 
  2848.557          33.605     -9.527    -72.405            0.151        19595.716      3.023      0.000      0.000    0.00000    0.49119          -88.73047       82.96572         1.049e-02 
  2849.557          33.456     -9.527    -72.405            0.149        19595.719      3.023      0.000      0.000    0.00000    0.48460          -88.93187       82.44811         1.074e-02 
  2850.557          33.308     -9.527    -72.405            0.146        19595.722      3.023      0.000      0.000    0.00000    0.47819          -89.12343       81.72763         1.099e-02 
  2851.557          33.163     -9.527    -72.404            0.144        19595.724      3.023      0.000      0.000    0.00000    0.47197          -89.30536       80.66495         1.125e-02 
  2852.557          33.019     -9.527    -72.404            0.143        19595.725      3.023      0.000      0.000    0.00000    0.46592          -89.47778       78.95755         1.151e-02 
  2853.557          32.878     -9.527    -72.404            0.141        19595.726      3.023      0.000      0.000    0.00000    0.46004          -89.64057       75.80559         1.177e-02 
  2854.557          32.738     -9.527    -72.404            0.139        19595.727      3.023      0.000      0.000    0.00000    0.45433          -89.79233       68.23790         1.203e-02 
  2855.557          32.600     -9.527    -72.404            0.137        19595.727      3.023      0.000      0.000    0.00000    0.44877          -89.91939       34.33425         1.230e-02 
  2856.557          32.464     -9.527    -72.404            0.135        19595.728      3.023      0.000      0.000    0.00000    0.44336          -89.89011      301.14261         1.257e-02 
  2857.557          32.330     -9.527    -72.404            0.134        19595.728      3.023      0.000      0.000    0.00000    0.43809          -89.76899      281.93302         1.284e-02 
  2858.557          32.197     -9.527    -72.404            0.132        19595.729      3.023      0.000      0.000    0.00000    0.43297          -89.64708      276.39935         1.312e-02 
  2859.557          32.066     -9.527    -72.404            0.130        19595.730      3.023      0.000      0.000    0.00000    0.42785          -89.53050      273.84968         1.339e-02 
  2860.557          31.936     -9.527    -72.404            0.129        19595.731      3.023      0.000      0.000    0.00000    0.42281          -89.42011      272.40147         1.365e-02 
  2861.557          31.808     -9.527    -72.404            0.127        19595.732      3.023      0.000      0.000    0.00000    0.41793          -89.31592      271.47757         1.392e-02 
  2862.557          31.682     -9.527    -72.405            0.126        19595.734      3.023      0.000      0.000    0.00000    0.41321          -89.21776      270.84373         1.419e-02 
  2863.557          31.557     -9.527    -72.405            0.124        19595.736      3.023      0.000      0.000    0.00000    0.40862          -89.12539      270.38712         1.447e-02 
  2864.557          31.433     -9.527    -72.405            0.123        19595.738      3.023      0.000      0.000    0.00000    0.40416          -89.03852      270.04679         1.474e-02 
  2865.557          31.311     -9.527    -72.405            0.122        19595.740      3.023      0.000      0.000    0.00000    0.39983          -88.95691      269.78690         1.502e-02 
  2866.557          31.190     -9.527    -72.405            0.120        19595.742      3.023      0.000      0.000    0.00000    0.39562          -88.88026      269.58499         1.530e-02 
  2867.557          31.070     -9.527    -72.405            0.119        19595.744      3.023      0.000      0.000    0.00000    0.39151          -88.80832      269.42628         1.559e-02 
  2868.557          30.952     -9.527    -72.405            0.118        19595.747      3.023      0.000      0.000    0.00000    0.38752          -88.74082      269.30062         1.587e-02 
  2869.557          30.835     -9.527    -72.405            0.117        19595.750      3.023      0.000      0.000    0.00000    0.38362          -88.67752      269.20083         1.616e-02 
  2870.557          30.718     -9.527    -72.405            0.115        19595.752      3.023      0.000      0.000    0.00000    0.37982          -88.61816      269.12164         1.645e-02 
  2871.557          30.604     -9.527    -72.405            0.114        19595.755      3.023      0.000      0.000    0.00000    0.37611          -88.56250      269.05911         1.674e-02 
  2872.557          30.490     -9.527    -72.405            0.113        19595.758      3.023      0.000      0.000    0.00000    0.37248          -88.51034      269.01024         1.704e-02 
  2873.557          30.377     -9.527    -72.405            0.112        19595.761      3.023      0.000      0.000    0.00000    0.36894          -88.46144      268.97268         1.734e-02 
  2874.557          30.266     -9.527    -72.405            0.111        19595.764      3.023      0.000      0.000    0.00000    0.36548          -88.41560      268.94456         1.764e-02 
  2875.557          30.155     -9.527    -72.405            0.110        19595.767      3.023      0.000      0.000    0.00000    0.36209          -88.37262      268.92438         1.794e-02 
  2876.557          30.046     -9.527    -72.405            0.109        19595.770      3.023      0.000      0.000    0.00000    0.35877          -88.33232      268.91092         1.824e-02 
  2877.557          29.937     -9.527    -72.405            0.108        19595.773      3.023      0.000      0.000    0.00000    0.35553          -88.29451      268.90315         1.855e-02 
  2878.557          29.830     -9.527    -72.405            0.107        19595.777      3.023      0.000      0.000    0.00000    0.35235          -88.25904      268.90023         1.886e-02 
  2879.557          29.724     -9.527    -72.405            0.106        19595.780      3.023      0.000      0.000    0.00000    0.34923          -88.22573      268.90144         1.917e-02 
  2880.557          29.618     -9.527    -72.405            0.105        19595.783      3.023      0.000      0.000    0.00000    0.34618          -88.19444      268.90615         1.949e-02 
  2881.557          29.513     -9.527    -72.405            0.104        19595.786      3.023      0.000      0.000    0.00000    0.34319          -88.16501      268.91385         1.980e-02 
  2882.557          29.410     -9.527    -72.405            0.103        19595.790      3.023      0.000      0.000    0.00000    0.34025          -88.13732      268.92409         2.012e-02 
  2883.557          29.307     -9.527    -72.405            0.102        19595.793      3.023      0.000      0.000    0.00000    0.33737          -88.11122      268.93645         2.044e-02 
  2884.557          29.205     -9.527    -72.405            0.101        19595.796      3.023      0.000      0.000    0.00000    0.33455          -88.08660      268.95060         2.077e-02 
  2885.557          29.104     -9.527    -72.405            0.101        19595.800      3.023      0.000      0.000    0.00000    0.33177          -88.06334      268.96623         2.109e-02 
  2886.557          29.004     -9.527    -72.405            0.100        19595.803      3.023      0.000      0.000    0.00000    0.32905          -88.04132      268.98306         2.142e-02 
  2887.557          28.905     -9.527    -72.405            0.099        19595.807      3.023      0.000      0.000    0.00000    0.32637          -88.02045      269.00085         2.176e-02 
  2888.557          28.806     -9.527    -72.405            0.098        19595.810      3.023      0.000      0.000    0.00000    0.32375          -88.00062      269.01938         2.209e-02 
  2889.557          28.709     -9.527    -72.405            0.097        19595.813      3.023      0.000      0.000    0.00000    0.32116          -87.98174      269.03846         2.243e-02 
  2890.557          28.612     -9.527    -72.405            0.097        19595.817      3.023      0.000      0.000    0.00000    0.31863          -87.96373      269.05789         2.277e-02 
  2891.557          28.516     -9.527    -72.405            0.096        19595.820      3.023      0.000      0.000    0.00000    0.31613          -87.94649      269.07753         2.311e-02 
  2892.557          28.420     -9.527    -72.405            0.095        19595.824      3.023      0.000      0.000    0.00000    0.31368          -87.92996      269.09723         2.345e-02 
  2893.557          28.326     -9.527    -72.405            0.094        19595.827      3.023      0.000      0.000    0.00000    0.31127          -87.91407      269.11684         2.380e-02 
  2894.557          28.232     -9.527    -72.405            0.094        19595.830      3.023      0.000      0.000    0.00000    0.30890          -87.89873      269.13626         2.415e-02 
  2895.557          28.139     -9.527    -72.405            0.093        19595.834      3.023      0.000      0.000    0.00000    0.30656          -87.88389      269.15537         2.450e-02 
  2896.557          28.046     -9.527    -72.405            0.092        19595.837      3.023      0.000      0.000    0.00000    0.30427          -87.86949      269.17406         2.485e-02 
  2897.557          27.955     -9.527    -72.405            0.091        19595.841      3.023      0.000      0.000    0.00000    0.30201          -87.85548      269.19224         2.521e-02 
  2898.557          27.864     -9.527    -72.406            0.091        19595.844      3.023      0.000      0.000    0.00000    0.29978          -87.84179      269.20983         2.557e-02 
  2899.557          27.773     -9.527    -72.406            0.090        19595.848      3.023      0.000      0.000    0.00000    0.29759          -87.82839      269.22676         2.593e-02 
  2900.557          27.684     -9.527    -72.406            0.089        19595.851      3.023      0.000      0.000    0.00000    0.29544          -87.81522      269.24294         2.629e-02 
  2901.557          27.595     -9.527    -72.406            0.089        19595.854      3.023      0.000      0.000    0.00000    0.29332          -87.80225      269.25833         2.666e-02 
  2902.557          27.506     -9.527    -72.406            0.088        19595.858      3.023      0.000      0.000    0.00000    0.29122          -87.78942      269.27285         2.703e-02 
  2903.557          27.418     -9.527    -72.406            0.087        19595.861      3.023      0.000      0.000    0.00000    0.28917          -87.77671      269.28647         2.740e-02 
  2904.557          27.331     -9.527    -72.406            0.087        19595.864      3.023      0.000      0.000    0.00000    0.28714          -87.76408      269.29912         2.778e-02 
  2905.557          27.245     -9.527    -72.406            0.086        19595.868      3.023      0.000      0.000    0.00000    0.28514          -87.75150      269.31078         2.815e-02 
  2906.557          27.159     -9.527    -72.406            0.086        19595.871      3.023      0.000      0.000    0.00000    0.28317          -87.73893      269.32140         2.853e-02 
  2907.557          27.074     -9.527    -72.406            0.085        19595.875      3.023      0.000      0.000    0.00000    0.28123          -87.72635      269.33096         2.892e-02 
  2908.557          26.989     -9.527    -72.406            0.084        19595.878      3.023      0.000      0.000    0.00000    0.27931          -87.71373      269.33941         2.930e-02 
  2909.557          26.905     -9.527    -72.406            0.084        19595.881      3.023      0.000      0.000    0.00000    0.27743          -87.70104      269.34674         2.969e-02 
  2910.557          26.822     -9.527    -72.406            0.083        19595.885      3.023      0.000      0.000    0.00000    0.27557          -87.68827      269.35293         3.008e-02 
  2911.557          26.739     -9.527    -72.406            0.083        19595.888      3.023      0.000      0.000    0.00000    0.27373          -87.67538      269.35796         3.047e-02 
  2912.557          26.656     -9.527    -72.406            0.082        19595.891      3.023      0.000      0.000    0.00000    0.27193          -87.66237      269.36181         3.086e-02 
  2913.557          26.574     -9.527    -72.406            0.082        19595.895      3.023      0.000      0.000    0.00000    0.27014          -87.64920      269.36448         3.126e-02 
  2914.557          26.493     -9.527    -72.406            0.081        19595.898      3.023      0.000      0.000    0.00000    0.26838          -87.63586      269.36595         3.166e-02 
  2915.557          26.412     -9.527    -72.406            0.081        19595.901      3.023      0.000      0.000    0.00000    0.26665          -87.62234      269.36622         3.206e-02 
  2916.557          26.332     -9.527    -72.406            0.080        19595.905      3.023      0.000      0.000    0.00000    0.26493          -87.60862      269.36529         3.247e-02 
  2917.557          26.252     -9.527    -72.406            0.080        19595.908      3.023      0.000      0.000    0.00000    0.26324          -87.59468      269.36316         3.288e-02 
  2918.557          26.173     -9.527    -72.406            0.079        19595.911      3.023      0.000      0.000    0.00000    0.26158          -87.58051      269.35982         3.329e-02 
  2919.557          26.095     -9.527    -72.406            0.078        19595.915      3.023      0.000      0.000    0.00000    0.25993          -87.56610      269.35529         3.370e-02 
  2920.557          26.016     -9.527    -72.406            0.078        19595.918      3.023      0.000      0.000    0.00000    0.25831          -87.55142      269.34957         3.412e-02 
  2921.557          25.939     -9.527    -72.406            0.077        19595.921      3.023      0.000      0.000    0.00000    0.25670          -87.53648      269.34266         3.453e-02 
  2922.557          25.862     -9.527    -72.406            0.077        19595.925      3.023      0.000      0.000    0.00000    0.25512          -87.52127      269.33459         3.496e-02 
  2923.557          25.785     -9.527    -72.406            0.077        19595.928      3.023      0.000      0.000    0.00000    0.25356          -87.50576      269.32535         3.538e-02 
  2924.557          25.709     -9.527    -72.406            0.076        19595.931      3.023      0.000      0.000    0.00000    0.25202          -87.48995      269.31496         3.580e-02 
  2925.557          25.633     -9.527    -72.406            0.076        19595.934      3.023      0.000      0.000    0.00000    0.25049          -87.47383      269.30343         3.623e-02 
  2926.557          25.558     -9.527    -72.406            0.075        19595.938      3.023      0.000      0.000    0.00000    0.24899          -87.45739      269.29080         3.666e-02 
  2927.557          25.483     -9.527    -72.406            0.075        19595.941      3.023      0.000      0.000    0.00000    0.24750          -87.44063      269.27706         3.710e-02 
  2928.557          25.408     -9.527    -72.406            0.074        19595.944      3.023      0.000      0.000    0.00000    0.24603          -87.42352      269.26223         3.753e-02 
  2929.557          25.334     -9.527    -72.406            0.074        19595.948      3.023      0.000      0.000    0.00000    0.24458          -87.40608      269.24634         3.797e-02 
  2930.557          25.261     -9.527    -72.406            0.073        19595.951      3.023      0.000      0.000    0.00000    0.24315          -87.38829      269.22942         3.842e-02 
  2931.557          25.188     -9.527    -72.407            0.073        19595.954      3.023      0.000      0.000    0.00000    0.24173          -87.37013      269.21147         3.886e-02 
  2932.557          25.115     -9.527    -72.407            0.072        19595.958      3.023      0.000      0.000    0.00000    0.24033          -87.35162      269.19251         3.931e-02 
  2933.557          25.043     -9.527    -72.407            0.072        19595.961      3.023      0.000      0.000    0.00000    0.23895          -87.33273      269.17259         3.976e-02 
  2934.557          24.971     -9.527    -72.407            0.072        19595.964      3.023      0.000      0.000    0.00000    0.23758          -87.31346      269.15171         4.021e-02 
  2935.557          24.900     -9.527    -72.407            0.071        19595.968      3.023      0.000      0.000    0.00000    0.23623          -87.29381      269.12990         4.066e-02 
  2936.557          24.829     -9.527    -72.407            0.071        19595.971      3.023      0.000      0.000    0.00000    0.23490          -87.27377      269.10720         4.112e-02 
  2937.557          24.758     -9.527    -72.407            0.070        19595.975      3.023      0.000      0.000    0.00000    0.23358          -87.25333      269.08363         4.158e-02 
  2938.557          24.688     -9.527    -72.407            0.070        19595.978      3.023      0.000      0.000    0.00000    0.23227          -87.23248      269.05923         4.204e-02 
  2939.557          24.618     -9.527    -72.407            0.070        19595.981      3.023      0.000      0.000    0.00000    0.23098          -87.21122      269.03404         4.251e-02 
  2940.557          24.549     -9.527    -72.407            0.069        19595.985      3.023      0.000      0.000    0.00000    0.22971          -87.18953      269.00811         4.298e-02 
  2941.557          24.480     -9.527    -72.407            0.069        19595.988      3.023      0.000      0.000    0.00000    0.22845          -87.16741      268.98148         4.345e-02 
  2942.557          24.411     -9.527    -72.407            0.069        19595.991      3.023      0.000      0.000    0.00000    0.22720          -87.14484      268.95419         4.392e-02 
  2943.557          24.343     -9.527    -72.407            0.068        19595.995      3.023      0.000      0.000    0.00000    0.22597          -87.12181      268.92630         4.440e-02 
  2944.557          24.275     -9.527    -72.407            0.068        19595.998      3.023      0.000      0.000    0.00000    0.22475          -87.09832      268.89785         4.488e-02 
  2945.557          24.208     -9.527    -72.407            0.067        19596.002      3.023      0.000      0.000    0.00000    0.22354          -87.07435      268.86889         4.536e-02 
  2946.557          24.141     -9.527    -72.407            0.067        19596.005      3.023      0.000      0.000    0.00000    0.22235          -87.04989      268.83947         4.584e-02 
  2947.557          24.074     -9.527    -72.407            0.067        19596.009      3.023      0.000      0.000    0.00000    0.22117          -87.02493      268.80965         4.633e-02 
  2948.557          24.008     -9.527    -72.407            0.066        19596.012      3.023      0.000      0.000    0.00000    0.22000          -86.99945      268.77947         4.682e-02 
  2949.557          23.942     -9.527    -72.407            0.066        19596.015      3.023      0.000      0.000    0.00000    0.21884          -86.97346      268.74898         4.731e-02 
  2950.557          23.876     -9.527    -72.407            0.066        19596.019      3.023      0.000      0.000    0.00000    0.21770          -86.94693      268.71824         4.781e-02 
  2951.557          23.810     -9.527    -72.407            0.065        19596.022      3.023      0.000      0.000    0.00000    0.21657          -86.91985      268.68728         4.831e-02 
  2952.557          23.745     -9.527    -72.407            0.065        19596.026      3.023      0.000      0.000    0.00000    0.21545          -86.89222      268.65617         4.881e-02 
  2953.557          23.681     -9.527    -72.407            0.065        19596.029      3.023      0.000      0.000    0.00000    0.21434          -86.86402      268.62494         4.931e-02 
  2954.557          23.616     -9.527    -72.407            0.064        19596.033      3.023      0.000      0.000    0.00000    0.21324          -86.83524      268.59364         4.981e-02 
  2955.557          23.552     -9.527    -72.407            0.064        19596.036      3.023      0.000      0.000    0.00000    0.21216          -86.80587      268.56232         5.032e-02 
  2956.557          23.489     -9.527    -72.407            0.064        19596.040      3.023      0.000      0.000    0.00000    0.21109          -86.77590      268.53102         5.083e-02 
  2957.557          23.425     -9.527    -72.407            0.063        19596.044      3.023      0.000      0.000    0.00000    0.21002          -86.74531      268.49978         5.135e-02 
  2958.557          23.362     -9.527    -72.407            0.063        19596.047      3.023      0.000      0.000    0.00000    0.20897          -86.71411      268.46864         5.186e-02 
  2959.557          23.300     -9.527    -72.407            0.063        19596.051      3.023      0.000      0.000    0.00000    0.20793          -86.68227      268.43765         5.238e-02 
  2960.557          23.237     -9.527    -72.407            0.062        19596.054      3.023      0.000      0.000    0.00000    0.20690          -86.64979      268.40684         5.291e-02 
  2961.557          23.175     -9.527    -72.407            0.062        19596.058      3.023      0.000      0.000    0.00000    0.20587          -86.61665      268.37625         5.343e-02 
  2962.557          23.113     -9.527    -72.407            0.062        19596.062      3.023      0.000      0.000    0.00000    0.20486          -86.58285      268.34591         5.396e-02 
  2963.557          23.052     -9.527    -72.408            0.061        19596.065      3.023      0.000      0.000    0.00000    0.20386          -86.54837      268.31586         5.449e-02 
  2964.557          22.990     -9.527    -72.408            0.061        19596.069      3.023      0.000      0.000    0.00000    0.20287          -86.51322      268.28613         5.502e-02 
  2965.557          22.929     -9.527    -72.408            0.061        19596.073      3.023      0.000      0.000    0.00000    0.20189          -86.47735      268.25676         5.556e-02 
  2966.557          22.869     -9.527    -72.408            0.061        19596.077      3.023      0.000      0.000    0.00000    0.20091          -86.44080      268.22776         5.610e-02 
  2967.557          22.809     -9.527    -72.408            0.060        19596.080      3.023      0.000      0.000    0.00000    0.19995          -86.40353      268.19917         5.664e-02 
  2968.557          22.748     -9.527    -72.408            0.060        19596.084      3.023      0.000      0.000    0.00000    0.19900          -86.36553      268.17101         5.718e-02 
  2969.557          22.689     -9.527    -72.408            0.060        19596.088      3.023      0.000      0.000    0.00000    0.19805          -86.32681      268.14332         5.773e-02 
  2970.557          22.629     -9.527    -72.408            0.059        19596.092      3.023      0.000      0.000    0.00000    0.19712          -86.28734      268.11610         5.828e-02 
  2971.557          22.570     -9.527    -72.408            0.059        19596.096      3.023      0.000      0.000    0.00000    0.19619          -86.24713      268.08939         5.883e-02 
  2972.557          22.511     -9.527    -72.408            0.059        19596.099      3.023      0.000      0.000    0.00000    0.19527          -86.20615      268.06320         5.939e-02 
  2973.557          22.452     -9.527    -72.408            0.059        19596.103      3.023      0.000      0.000    0.00000    0.19436          -86.16442      268.03755         5.995e-02 
  2974.557          22.394     -9.527    -72.408            0.058        19596.107      3.023      0.000      0.000    0.00000    0.19346          -86.12191      268.01246         6.051e-02 
  2975.557          22.336     -9.527    -72.408            0.058        19596.111      3.023      0.000      0.000    0.00000    0.19256          -86.07860      267.98795         6.107e-02 
  2976.557          22.278     -9.527    -72.408            0.058        19596.115      3.023      0.000      0.000    0.00000    0.19168          -86.03452      267.96402         6.164e-02 
  2977.557          22.220     -9.527    -72.408            0.058        19596.119      3.023      0.000      0.000    0.00000    0.19080          -85.98962      267.94070         6.221e-02 
  2978.557          22.163     -9.527    -72.408            0.057        19596.123      3.023      0.000      0.000    0.00000    0.18993          -85.94393      267.91798         6.278e-02 
  2979.557          22.106     -9.527    -72.408            0.057        19596.127      3.023      0.000      0.000    0.00000    0.18907          -85.89742      267.89590         6.335e-02 
  2980.557          22.049     -9.527    -72.408            0.057        19596.131      3.023      0.000      0.000    0.00000    0.18822          -85.85008      267.87444         6.393e-02 
  2981.557          21.993     -9.527    -72.408            0.057        19596.135      3.023      0.000      0.000    0.00000    0.18737          -85.80193      267.85362         6.451e-02 
  2982.557          21.936     -9.527    -72.408            0.056        19596.140      3.023      0.000      0.000    0.00000    0.18653          -85.75292      267.83346         6.510e-02 
  2983.557          21.880     -9.527    -72.408            0.056        19596.144      3.023      0.000      0.000    0.00000    0.18570          -85.70308      267.81394         6.568e-02 
  2984.557          21.824     -9.527    -72.408            0.056        19596.148      3.023      0.000      0.000    0.00000    0.18487          -85.65237      267.79509         6.627e-02 
  2985.557          21.769     -9.527    -72.408            0.056        19596.152      3.023      0.000      0.000    0.00000    0.18406          -85.60083      267.77688         6.686e-02 
  2986.557          21.713     -9.527    -72.408            0.055        19596.157      3.023      0.000      0.000    0.00000    0.18325          -85.54839      267.75935         6.746e-02 
  2987.557          21.658     -9.527    -72.408            0.055        19596.161      3.023      0.000      0.000    0.00000    0.18244          -85.49511      267.74248         6.806e-02 
  2988.557          21.604     -9.527    -72.408            0.055        19596.165      3.023      0.000      0.000    0.00000    0.18165          -85.44093      267.72628         6.866e-02 
  2989.557          21.549     -9.527    -72.408            0.055        19596.170      3.023      0.000      0.000    0.00000    0.18086          -85.38588      267.71073         6.926e-02 
  2990.557          21.494     -9.527    -72.409            0.054        19596.174      3.023      0.000      0.000    0.00000    0.18008          -85.32993      267.69585         6.987e-02 
  2991.557          21.440     -9.527    -72.409            0.054        19596.178      3.023      0.000      0.000    0.00000    0.17930          -85.27308      267.68164         7.048e-02 
  2992.557          21.386     -9.527    -72.409            0.054        19596.183      3.023      0.000      0.000    0.00000    0.17853          -85.21534      267.66808         7.109e-02 
  2993.557          21.333     -9.527    -72.409            0.054        19596.187      3.023      0.000      0.000    0.00000    0.17777          -85.15667      267.65519         7.170e-02 
  2994.557          21.279     -9.527    -72.409            0.054        19596.192      3.023      0.000      0.000    0.00000    0.17701          -85.09711      267.64293         7.232e-02 
  2995.557          21.226     -9.527    -72.409            0.053        19596.196      3.023      0.000      0.000    0.00000    0.17626          -85.03660      267.63134         7.294e-02 
  2996.557          21.173     -9.527    -72.409            0.053        19596.201      3.023      0.000      0.000    0.00000    0.17552          -84.97519      267.62038         7.357e-02 
  2997.557          21.120     -9.527    -72.409            0.053        19596.206      3.023      0.000      0.000    0.00000    0.17478          -84.91283      267.61006         7.419e-02 
  2998.557          21.067     -9.527    -72.409            0.053        19596.210      3.023      0.000      0.000    0.00000    0.17405          -84.84955      267.60036         7.482e-02 
  2999.557          21.015     -9.527    -72.409            0.053        19596.215      3.023      0.000      0.000    0.00000    0.17332          -84.78531      267.59130         7.546e-02 
  3000.557          20.963     -9.527    -72.409            0.052        19596.220      3.023      0.000      0.000    0.00000    0.17260          -84.72014      267.58284         7.609e-02 
  3001.557          20.911     -9.527    -72.409            0.052        19596.225      3.023      0.000      0.000    0.00000    0.17189          -84.65400      267.57500         7.673e-02 
  3002.557          20.859     -9.527    -72.409            0.052        19596.230      3.023      0.000      0.000    0.00000    0.17118          -84.58692      267.56775         7.737e-02 
  3003.557          20.807     -9.527    -72.409            0.052        19596.235      3.023      0.000      0.000    0.00000    0.17048          -84.51886      267.56110         7.802e-02 
  3004.557          20.756     -9.527    -72.409            0.052        19596.240      3.023      0.000      0.000    0.00000    0.16978          -84.44985      267.55503         7.866e-02 
  3005.557          20.705     -9.527    -72.409            0.051        19596.245      3.023      0.000      0.000    0.00000    0.16909          -84.37985      267.54954         7.931e-02 
  3006.557          20.654     -9.527    -72.409            0.051        19596.250      3.023      0.000      0.000    0.00000    0.16840          -84.30889      267.54460         7.997e-02 
  3007.557          20.603     -9.527    -72.409            0.051        19596.255      3.023      0.000      0.000    0.00000    0.16772          -84.23694      267.54023         8.062e-02 
  3008.557          20.552     -9.527    -72.409            0.051        19596.260      3.023      0.000      0.000    0.00000    0.16704          -84.16402      267.53641         8.128e-02 
  3009.557          20.502     -9.527    -72.409            0.051        19596.265      3.023      0.000      0.000    0.00000    0.16637          -84.09010      267.53312         8.195e-02 
  3010.557          20.451     -9.527    -72.409            0.050        19596.270      3.023      0.000      0.000    0.00000    0.16571          -84.01519      267.53035         8.261e-02 
  3011.557          20.401     -9.527    -72.409            0.050        19596.275      3.023      0.000      0.000    0.00000    0.16505          -83.93929      267.52811         8.328e-02 
  3012.557          20.352     -9.527    -72.409            0.050        19596.281      3.023      0.000      0.000    0.00000    0.16439          -83.86238      267.52637         8.395e-02 
  3013.557          20.302     -9.527    -72.410            0.050        19596.286      3.023      0.000      0.000    0.00000    0.16374          -83.78447      267.52513         8.463e-02 
  3014.557          20.252     -9.527    -72.410            0.050        19596.291      3.023      0.000      0.000    0.00000    0.16310          -83.70556      267.52437         8.530e-02 
  3015.557          20.203     -9.527    -72.410            0.050        19596.297      3.023      0.000      0.000    0.00000    0.16246          -83.62564      267.52409         8.598e-02 
  3016.557          20.154     -9.527    -72.410            0.049        19596.302      3.023      0.000      0.000    0.00000    0.16182          -83.54470      267.52428         8.667e-02 
  3017.557          20.105     -9.527    -72.410            0.049        19596.308      3.023      0.000      0.000    0.00000    0.16119          -83.46274      267.52492         8.735e-02 
  3018.557          20.056     -9.527    -72.410            0.049        19596.314      3.023      0.000      0.000    0.00000    0.16056          -83.37985      267.52600         8.803e-02 
  3019.557          20.008     -9.527    -72.410            0.049        19596.319      3.023      0.000      0.000    0.00000    0.15993          -83.29605      267.52752         8.871e-02 
  3020.557          19.959     -9.527    -72.410            0.049        19596.325      3.023      0.000      0.000    0.00000    0.15930          -83.21140      267.52946         8.939e-02 
  3021.557          19.911     -9.527    -72.410            0.048        19596.331      3.023      0.000      0.000    0.00000    0.15868          -83.12584      267.53182         9.007e-02 
  3022.557          19.863     -9.527    -72.410            0.048        19596.337      3.023      0.000      0.000    0.00000    0.15807          -83.03941      267.53456         9.075e-02 
  3023.557          19.815     -9.527    -72.410            0.048        19596.342      3.023      0.000      0.000    0.00000    0.15747          -82.95201      267.53770         9.144e-02 
  3024.557          19.768     -9.527    -72.410            0.048        19596.348      3.023      0.000      0.000    0.00000    0.15687          -82.86371      267.54119         9.212e-02 
  3025.557          19.720     -9.527    -72.410            0.048        19596.354      3.023      0.000      0.000    0.00000    0.15627          -82.77441      267.54505         9.281e-02 
  3026.557          19.673     -9.527    -72.410            0.048        19596.360      3.023      0.000      0.000    0.00000    0.15568          -82.68421      267.54921         9.350e-02 
  3027.557          19.625     -9.527    -72.410            0.048        19596.366      3.023      0.000      0.000    0.00000    0.15510          -82.59302      267.55372         9.420e-02 
  3028.557          19.578     -9.527    -72.410            0.047        19596.373      3.023      0.000      0.000    0.00000    0.15452          -82.50096      267.55849         9.490e-02 
  3029.557          19.531     -9.527    -72.410            0.047        19596.379      3.023      0.000      0.000    0.00000    0.15394          -82.40794      267.56357         9.560e-02 
  3030.557          19.485     -9.527    -72.410            0.047        19596.385      3.023      0.000      0.000    0.00000    0.15337          -82.31406      267.56888         9.630e-02 
  3031.557          19.438     -9.527    -72.410            0.047        19596.391      3.023      0.000      0.000    0.00000    0.15280          -82.21927      267.57446         9.701e-02 
  3032.557          19.391     -9.527    -72.411            0.047        19596.398      3.023      0.000      0.000    0.00000    0.15223          -82.12365      267.58024         9.772e-02 
  3033.557          19.345     -9.527    -72.411            0.047        19596.404      3.023      0.000      0.000    0.00000    0.15167          -82.02717      267.58624         9.843e-02 
  3034.557          19.299     -9.527    -72.411            0.047        19596.411      3.023      0.000      0.000    0.00000    0.15112          -81.92988      267.59243         9.914e-02 
  3035.557          19.253     -9.527    -72.411            0.046        19596.417      3.023      0.000      0.000    0.00000    0.15056          -81.83179      267.59880         9.986e-02 
  3036.557          19.207     -9.527    -72.411            0.046        19596.424      3.023      0.000      0.000    0.00000    0.15002          -81.73291      267.60533         1.006e-01 
  3037.557          19.161     -9.527    -72.411            0.046        19596.430      3.023      0.000      0.000    0.00000    0.14947          -81.63328      267.61201         1.013e-01 
  3038.557          19.116     -9.527    -72.411            0.046        19596.437      3.023      0.000      0.000    0.00000    0.14893          -81.53290      267.61883         1.020e-01 
  3039.557          19.070     -9.527    -72.411            0.046        19596.444      3.023      0.000      0.000    0.00000    0.14839          -81.43182      267.62575         1.028e-01 
  3040.557          19.025     -9.527    -72.411            0.046        19596.451      3.023      0.000      0.000    0.00000    0.14786          -81.33001      267.63281         1.035e-01 
  3041.557          18.980     -9.527    -72.411            0.046        19596.458      3.023      0.000      0.000    0.00000    0.14733          -81.22755      267.63994         1.042e-01 
  3042.557          18.935     -9.527    -72.411            0.045        19596.465      3.023      0.000      0.000    0.00000    0.14681          -81.12440      267.64718         1.050e-01 
  3043.557          18.890     -9.527    -72.411            0.045        19596.472      3.023      0.000      0.000    0.00000    0.14628          -81.02064      267.65448         1.057e-01 
  3044.557          18.845     -9.527    -72.411            0.045        19596.479      3.023      0.000      0.000    0.00000    0.14576          -80.91624      267.66186         1.065e-01 
  3045.557          18.801     -9.527    -72.411            0.045        19596.486      3.023      0.000      0.000    0.00000    0.14525          -80.81125      267.66928         1.072e-01 
  3046.557          18.756     -9.527    -72.411            0.045        19596.493      3.023      0.000      0.000    0.00000    0.14474          -80.70569      267.67676         1.079e-01 
  3047.557          18.712     -9.527    -72.411            0.045        19596.500      3.023      0.000      0.000    0.00000    0.14423          -80.59955      267.68428         1.087e-01 
  3048.557          18.668     -9.527    -72.412            0.045        19596.508      3.023      0.000      0.000    0.00000    0.14372          -80.49290      267.69182         1.095e-01 
  3049.557          18.624     -9.527    -72.412            0.045        19596.515      3.023      0.000      0.000    0.00000    0.14322          -80.38570      267.69940         1.102e-01 
  3050.557          18.580     -9.527    -72.412            0.044        19596.522      3.023      0.000      0.000    0.00000    0.14272          -80.27802      267.70698         1.110e-01 
  3051.557          18.536     -9.527    -72.412            0.044        19596.530      3.023      0.000      0.000    0.00000    0.14223          -80.16984      267.71458         1.117e-01 
  3052.557          18.493     -9.527    -72.412            0.044        19596.538      3.023      0.000      0.000    0.00000    0.14174          -80.06121      267.72217         1.125e-01 
  3053.557          18.449     -9.527    -72.412            0.044        19596.545      3.023      0.000      0.000    0.00000    0.14125          -79.95213      267.72977         1.133e-01 
  3054.557          18.406     -9.527    -72.412            0.044        19596.553      3.023      0.000      0.000    0.00000    0.14076          -79.84262      267.73736         1.141e-01 
  3055.557          18.362     -9.527    -72.412            0.044        19596.561      3.023      0.000      0.000    0.00000    0.14028          -79.73272      267.74493         1.148e-01 
  3056.557          18.319     -9.527    -72.412            0.044        19596.569      3.023      0.000      0.000    0.00000    0.13980          -79.62241      267.75248         1.156e-01 
  3057.557          18.276     -9.527    -72.412            0.044        19596.576      3.023      0.000      0.000    0.00000    0.13933          -79.51175      267.76001         1.164e-01 
  3058.557          18.234     -9.527    -72.412            0.044        19596.584      3.023      0.000      0.000    0.00000    0.13885          -79.40072      267.76751         1.172e-01 
  3059.557          18.191     -9.527    -72.412            0.043        19596.592      3.023      0.000      0.000    0.00000    0.13838          -79.28937      267.77498         1.180e-01 
  3060.557          18.148     -9.527    -72.412            0.043        19596.600      3.023      0.000      0.000    0.00000    0.13792          -79.17769      267.78241         1.188e-01 
  3061.557          18.106     -9.527    -72.412            0.043        19596.609      3.023      0.000      0.000    0.00000    0.13745          -79.06572      267.78980         1.195e-01 
  3062.557          18.063     -9.527    -72.413            0.043        19596.617      3.023      0.000      0.000    0.00000    0.13699          -78.95347      267.79715         1.203e-01 
  3063.557          18.021     -9.527    -72.413            0.043        19596.625      3.023      0.000      0.000    0.00000    0.13653          -78.84095      267.80445         1.211e-01 
  3064.557          17.979     -9.527    -72.413            0.043        19596.633      3.023      0.000      0.000    0.00000    0.13608          -78.72819      267.81170         1.219e-01 
  3065.557          17.937     -9.527    -72.413            0.043        19596.642      3.023      0.000      0.000    0.00000    0.13563          -78.61519      267.81890         1.228e-01 
  3066.557          17.895     -9.527    -72.413            0.043        19596.650      3.023      0.000      0.000    0.00000    0.13518          -78.50198      267.82604         1.236e-01 
  3067.557          17.853     -9.527    -72.413            0.043        19596.659      3.023      0.000      0.000    0.00000    0.13473          -78.38857      267.83313         1.244e-01 
  3068.557          17.812     -9.527    -72.413            0.042        19596.667      3.023      0.000      0.000    0.00000    0.13428          -78.27499      267.84015         1.252e-01 
  3069.557          17.770     -9.527    -72.413            0.042        19596.676      3.023      0.000      0.000    0.00000    0.13384          -78.16124      267.84711         1.260e-01 
  3070.557          17.729     -9.527    -72.413            0.042        19596.685      3.023      0.000      0.000    0.00000    0.13341          -78.04734      267.85402         1.268e-01 
  3071.557          17.687     -9.527    -72.413            0.042        19596.693      3.023      0.000      0.000    0.00000    0.13297          -77.93331      267.86085         1.277e-01 
  3072.557          17.646     -9.527    -72.413            0.042        19596.702      3.023      0.000      0.000    0.00000    0.13254          -77.81916      267.86761         1.285e-01 
  3073.557          17.605     -9.527    -72.413            0.042        19596.711      3.023      0.000      0.000    0.00000    0.13211          -77.70491      267.87431         1.293e-01 
  3074.557          17.564     -9.527    -72.413            0.042        19596.720      3.023      0.000      0.000    0.00000    0.13168          -77.59058      267.88094         1.302e-01 
  3075.557          17.523     -9.527    -72.414            0.042        19596.729      3.023      0.000      0.000    0.00000    0.13125          -77.47618      267.88749         1.310e-01 
  3076.557          17.482     -9.527    -72.414            0.042        19596.738      3.023      0.000      0.000    0.00000    0.13083          -77.36172      267.89397         1.318e-01 
  3077.557          17.442     -9.527    -72.414            0.042        19596.747      3.023      0.000      0.000    0.00000    0.13041          -77.24723      267.90038         1.327e-01 
  3078.557          17.401     -9.527    -72.414            0.042        19596.757      3.023      0.000      0.000    0.00000    0.12999          -77.13270      267.90671         1.335e-01 
  3079.557          17.361     -9.527    -72.414            0.041        19596.766      3.023      0.000      0.000    0.00000    0.12958          -77.01817      267.91297         1.344e-01 
  3080.557          17.320     -9.527    -72.414            0.041        19596.775      3.023      0.000      0.000    0.00000    0.12916          -76.90365      267.91915         1.352e-01 
  3081.557          17.280     -9.527    -72.414            0.041        19596.784      3.023      0.000      0.000    0.00000    0.12875          -76.78914      267.92525         1.361e-01 
  3082.557          17.240     -9.527    -72.414            0.041        19596.794      3.023      0.000      0.000    0.00000    0.12835          -76.67467      267.93128         1.369e-01 
  3083.557          17.200     -9.527    -72.414            0.041        19596.803      3.023      0.000      0.000    0.00000    0.12794          -76.56025      267.93722         1.378e-01 
  3084.557          17.160     -9.527    -72.414            0.041        19596.813      3.023      0.000      0.000    0.00000    0.12754          -76.44588      267.94309         1.387e-01 
  3085.557          17.120     -9.527    -72.414            0.041        19596.823      3.023      0.000      0.000    0.00000    0.12714          -76.33160      267.94888         1.395e-01 
  3086.557          17.081     -9.527    -72.415            0.041        19596.832      3.023      0.000      0.000    0.00000    0.12674          -76.21740      267.95458         1.404e-01 
  3087.557          17.041     -9.527    -72.415            0.041        19596.842      3.023      0.000      0.000    0.00000    0.12634          -76.10331      267.96021         1.413e-01 
  3088.557          17.002     -9.527    -72.415            0.041        19596.852      3.023      0.000      0.000    0.00000    0.12595          -75.98933      267.96575         1.422e-01 
  3089.557          16.962     -9.527    -72.415            0.041        19596.862      3.023      0.000      0.000    0.00000    0.12556          -75.87548      267.97122         1.430e-01 
  3090.557          16.923     -9.527    -72.415            0.040        19596.871      3.023      0.000      0.000    0.00000    0.12517          -75.76178      267.97660         1.439e-01 
  3091.557          16.884     -9.527    -72.415            0.040        19596.881      3.023      0.000      0.000    0.00000    0.12478          -75.64821      267.98190         1.448e-01 
  3092.557          16.845     -9.527    -72.415            0.040        19596.891      3.023      0.000      0.000    0.00000    0.12440          -75.53484      267.98712         1.457e-01 
  3093.557          16.806     -9.527    -72.415            0.040        19596.901      3.023      0.000      0.000    0.00000    0.12401          -75.42164      267.99226         1.466e-01 
  3094.557          16.767     -9.527    -72.415            0.040        19596.912      3.023      0.000      0.000    0.00000    0.12363          -75.30862      267.99732         1.475e-01 
  3095.557          16.728     -9.527    -72.415            0.040        19596.922      3.023      0.000      0.000    0.00000    0.12325          -75.19583      268.00229         1.484e-01 
  3096.557          16.690     -9.527    -72.415            0.040        19596.932      3.023      0.000      0.000    0.00000    0.12288          -75.08323      268.00719         1.493e-01 
  3097.557          16.651     -9.527    -72.416            0.040        19596.942      3.023      0.000      0.000    0.00000    0.12250          -74.97088      268.01200         1.502e-01 
  3098.557          16.613     -9.527    -72.416            0.040        19596.953      3.023      0.000      0.000    0.00000    0.12213          -74.85878      268.01673         1.511e-01 
  3099.557          16.574     -9.527    -72.416            0.040        19596.963      3.023      0.000      0.000    0.00000    0.12176          -74.74689      268.02138         1.520e-01 
  3100.557          16.536     -9.527    -72.416            0.040        19596.973      3.023      0.000      0.000    0.00000    0.12139          -74.63532      268.02594         1.529e-01 
  3101.557          16.498     -9.527    -72.416            0.040        19596.984      3.023      0.000      0.000    0.00000    0.12103          -74.52399      268.03043         1.539e-01 
  3102.557          16.460     -9.527    -72.416            0.039        19596.995      3.023      0.000      0.000    0.00000    0.12067          -74.41295      268.03483         1.548e-01 
  3103.557          16.422     -9.527    -72.416            0.039        19597.005      3.023      0.000      0.000    0.00000    0.12030          -74.30224      268.03915         1.557e-01 
  3104.557          16.384     -9.527    -72.416            0.039        19597.016      3.023      0.000      0.000    0.00000    0.11994          -74.19179      268.04340         1.566e-01 
  3105.557          16.346     -9.527    -72.416            0.039        19597.027      3.023      0.000      0.000    0.00000    0.11959          -74.08171      268.04756         1.576e-01 
  3106.557          16.308     -9.527    -72.416            0.039        19597.037      3.023      0.000      0.000    0.00000    0.11923          -73.97194      268.05164         1.585e-01 
  3107.557          16.270     -9.527    -72.416            0.039        19597.048      3.023      0.000      0.000    0.00000    0.11888          -73.86249      268.05564         1.594e-01 
  3108.557          16.233     -9.527    -72.417            0.039        19597.059      3.023      0.000      0.000    0.00000    0.11853          -73.75344      268.05956         1.604e-01 
  3109.557          16.196     -9.527    -72.417            0.039        19597.070      3.023      0.000      0.000    0.00000    0.11818          -73.64471      268.06340         1.613e-01 
  3110.557          16.158     -9.527    -72.417            0.039        19597.081      3.023      0.000      0.000    0.00000    0.11783          -73.53637      268.06716         1.623e-01 
  3111.557          16.121     -9.527    -72.417            0.039        19597.092      3.023      0.000      0.000    0.00000    0.11748          -73.42844      268.07085         1.632e-01 
  3112.557          16.084     -9.527    -72.417            0.039        19597.103      3.023      0.000      0.000    0.00000    0.11714          -73.32084      268.07445         1.642e-01 
  3113.557          16.047     -9.527    -72.417            0.039        19597.114      3.023      0.000      0.000    0.00000    0.11680          -73.21371      268.07797         1.651e-01 
  3114.557          16.010     -9.527    -72.417            0.039        19597.125      3.023      0.000      0.000    0.00000    0.11645          -73.10697      268.08142         1.661e-01 
  3115.557          15.973     -9.527    -72.417            0.039        19597.136      3.023      0.000      0.000    0.00000    0.11612          -73.00061      268.08479         1.671e-01 
  3116.557          15.936     -9.527    -72.417            0.038        19597.148      3.023      0.000      0.000    0.00000    0.11578          -72.89475      268.08808         1.680e-01 
  3117.557          15.899     -9.527    -72.417            0.038        19597.159      3.023      0.000      0.000    0.00000    0.11544          -72.78928      268.09129         1.690e-01 
  3118.557          15.863     -9.527    -72.418            0.038        19597.170      3.023      0.000      0.000    0.00000    0.11511          -72.68427      268.09443         1.700e-01 
  3119.557          15.826     -9.527    -72.418            0.038        19597.182      3.023      0.000      0.000    0.00000    0.11478          -72.57976      268.09748         1.710e-01 
  3120.557          15.790     -9.527    -72.418            0.038        19597.193      3.023      0.000      0.000    0.00000    0.11445          -72.47565      268.10047         1.719e-01 
  3121.557          15.753     -9.527    -72.418            0.038        19597.205      3.023      0.000      0.000    0.00000    0.11412          -72.37207      268.10337         1.729e-01 
  3122.557          15.717     -9.527    -72.418            0.038        19597.216      3.023      0.000      0.000    0.00000    0.11380          -72.26898      268.10620         1.739e-01 
  3123.557          15.681     -9.527    -72.418            0.038        19597.228      3.023      0.000      0.000    0.00000    0.11347          -72.16631      268.10895         1.749e-01 
  3124.557          15.645     -9.527    -72.418            0.038        19597.240      3.023      0.000      0.000    0.00000    0.11315          -72.06423      268.11162         1.759e-01 
  3125.557          15.609     -9.527    -72.418            0.038        19597.251      3.023      0.000      0.000    0.00000    0.11283          -71.96263      268.11423         1.769e-01 
  3126.557          15.573     -9.527    -72.418            0.038        19597.263      3.023      0.000      0.000    0.00000    0.11251          -71.86150      268.11675         1.779e-01 
  3127.557          15.537     -9.527    -72.419            0.038        19597.275      3.023      0.000      0.000    0.00000    0.11219          -71.76098      268.11920         1.789e-01 
  3128.557          15.501     -9.527    -72.419            0.038        19597.286      3.023      0.000      0.000    0.00000    0.11187          -71.66094      268.12158         1.799e-01 
  3129.557          15.465     -9.527    -72.419            0.038        19597.298      3.023      0.000      0.000    0.00000    0.11156          -71.56144      268.12388         1.809e-01 
  3130.557          15.430     -9.527    -72.419            0.038        19597.310      3.023      0.000      0.000    0.00000    0.11125          -71.46255      268.12611         1.819e-01 
  3131.557          15.394     -9.527    -72.419            0.037        19597.322      3.023      0.000      0.000    0.00000    0.11093          -71.36413      268.12827         1.829e-01 
  3132.557          15.359     -9.527    -72.419            0.037        19597.334      3.023      0.000      0.000    0.00000    0.11062          -71.26633      268.13034         1.840e-01 
  3133.557          15.323     -9.527    -72.419            0.037        19597.346      3.023      0.000      0.000    0.00000    0.11032          -71.16913      268.13235         1.850e-01 
  3134.557          15.288     -9.527    -72.419            0.037        19597.358      3.023      0.000      0.000    0.00000    0.11001          -71.07242      268.13429         1.860e-01 
  3135.557          15.253     -9.527    -72.419            0.037        19597.370      3.023      0.000      0.000    0.00000    0.10971          -70.97637      268.13615         1.871e-01 
  3136.557          15.218     -9.527    -72.420            0.037        19597.382      3.023      0.000      0.000    0.00000    0.10940          -70.88093      268.13793         1.881e-01 
  3137.557          15.183     -9.527    -72.420            0.037        19597.394      3.023      0.000      0.000    0.00000    0.10910          -70.78599      268.13965         1.891e-01 
  3138.557          15.148     -9.527    -72.420            0.037        19597.407      3.023      0.000      0.000    0.00000    0.10880          -70.69177      268.14129         1.902e-01 
  3139.557          15.113     -9.527    -72.420            0.037        19597.419      3.023      0.000      0.000    0.00000    0.10850          -70.59813      268.14286         1.912e-01 
  3140.557          15.078     -9.527    -72.420            0.037        19597.431      3.023      0.000      0.000    0.00000    0.10820          -70.50504      268.14437         1.923e-01 
  3141.557          15.043     -9.527    -72.420            0.037        19597.443      3.023      0.000      0.000    0.00000    0.10791          -70.41269      268.14579         1.933e-01 
  3142.557          15.008     -9.527    -72.420            0.037        19597.456      3.023      0.000      0.000    0.00000    0.10761          -70.32092      268.14715         1.944e-01 
  3143.557          14.974     -9.527    -72.420            0.037        19597.468      3.023      0.000      0.000    0.00000    0.10732          -70.22974      268.14844         1.954e-01 
  3144.557          14.939     -9.527    -72.420            0.037        19597.481      3.023      0.000      0.000    0.00000    0.10703          -70.13931      268.14965         1.965e-01 
  3145.557          14.905     -9.527    -72.421            0.037        19597.493      3.023      0.000      0.000    0.00000    0.10674          -70.04947      268.15080         1.975e-01 
  3146.557          14.871     -9.527    -72.421            0.037        19597.505      3.023      0.000      0.000    0.00000    0.10645          -69.96025      268.15188         1.986e-01 
  3147.557          14.836     -9.527    -72.421            0.036        19597.518      3.023      0.000      0.000    0.00000    0.10616          -69.87177      268.15289         1.997e-01 
  3148.557          14.802     -9.527    -72.421            0.036        19597.530      3.023      0.000      0.000    0.00000    0.10588          -69.78388      268.15383         2.008e-01 
  3149.557          14.768     -9.527    -72.421            0.036        19597.543      3.023      0.000      0.000    0.00000    0.10559          -69.69663      268.15471         2.018e-01 
  3150.557          14.734     -9.527    -72.421            0.036        19597.556      3.023      0.000      0.000    0.00000    0.10531          -69.61011      268.15552         2.029e-01 
  3151.557          14.700     -9.527    -72.421            0.036        19597.568      3.023      0.000      0.000    0.00000    0.10503          -69.52417      268.15628         2.040e-01 
  3152.557          14.666     -9.527    -72.421            0.036        19597.581      3.023      0.000      0.000    0.00000    0.10475          -69.43888      268.15697         2.051e-01 
  3153.557          14.632     -9.527    -72.421            0.036        19597.594      3.023      0.000      0.000    0.00000    0.10447          -69.35432      268.15761         2.062e-01 
  3154.557          14.599     -9.527    -72.422            0.036        19597.606      3.023      0.000      0.000    0.00000    0.10419          -69.27031      268.15819         2.073e-01 
  3155.557          14.565     -9.527    -72.422            0.036        19597.619      3.023      0.000      0.000    0.00000    0.10392          -69.18698      268.15871         2.084e-01 
  3156.557          14.531     -9.527    -72.422            0.036        19597.632      3.023      0.000      0.000    0.00000    0.10364          -69.10436      268.15918         2.095e-01 
  3157.557          14.498     -9.527    -72.422            0.036        19597.645      3.023      0.000      0.000    0.00000    0.10337          -69.02228      268.15960         2.106e-01 
  3158.557          14.464     -9.527    -72.422            0.036        19597.657      3.023      0.000      0.000    0.00000    0.10310          -68.94087      268.15997         2.117e-01 
  3159.557          14.431     -9.527    -72.422            0.036        19597.670      3.023      0.000      0.000    0.00000    0.10283          -68.86017      268.16028         2.128e-01 
  3160.557          14.398     -9.527    -72.422            0.036        19597.683      3.023      0.000      0.000    0.00000    0.10256          -68.78001      268.16055         2.139e-01 
  3161.557          14.364     -9.527    -72.422            0.036        19597.696      3.023      0.000      0.000    0.00000    0.10229          -68.70051      268.16078         2.150e-01 
  3162.557          14.331     -9.527    -72.422            0.036        19597.709      3.023      0.000      0.000    0.00000    0.10202          -68.62172      268.16095         2.162e-01 
  3163.557          14.298     -9.527    -72.423            0.036        19597.722      3.023      0.000      0.000    0.00000    0.10176          -68.54345      268.16109         2.173e-01 
  3164.557          14.265     -9.527    -72.423            0.035        19597.735      3.023      0.000      0.000    0.00000    0.10149          -68.46585      268.16118         2.184e-01 
  3165.557          14.232     -9.527    -72.423            0.035        19597.748      3.023      0.000      0.000    0.00000    0.10123          -68.38894      268.16123         2.196e-01 
  3166.557          14.199     -9.527    -72.423            0.035        19597.761      3.023      0.000      0.000    0.00000    0.10097          -68.31256      268.16125         2.207e-01 
  3167.557          14.167     -9.527    -72.423            0.035        19597.774      3.023      0.000      0.000    0.00000    0.10071          -68.23682      268.16122         2.218e-01 
  3168.557          14.134     -9.527    -72.423            0.035        19597.787      3.023      0.000      0.000    0.00000    0.10045          -68.16178      268.16115         2.230e-01 
  3169.557          14.101     -9.527    -72.423            0.035        19597.800      3.023      0.000      0.000    0.00000    0.10019          -68.08727      268.16105         2.241e-01 
  3170.557          14.069     -9.527    -72.423            0.035        19597.813      3.023      0.000      0.000    0.00000    0.09993          -68.01338      268.16092         2.253e-01 
  3171.557          14.036     -9.527    -72.424            0.035        19597.826      3.023      0.000      0.000    0.00000    0.09968          -67.94019      268.16075         2.264e-01 
  3172.557          14.004     -9.527    -72.424            0.035        19597.839      3.023      0.000      0.000    0.00000    0.09942          -67.86754      268.16055         2.276e-01 
  3173.557          13.971     -9.527    -72.424            0.035        19597.853      3.023      0.000      0.000    0.00000    0.09917          -67.79547      268.16031         2.287e-01 
  3174.557          13.939     -9.527    -72.424            0.035        19597.866      3.023      0.000      0.000    0.00000    0.09892          -67.72412      268.16005         2.299e-01 
  3175.557          13.907     -9.527    -72.424            0.035        19597.879      3.023      0.000      0.000    0.00000    0.09867          -67.65330      268.15975         2.311e-01 
  3176.557          13.875     -9.527    -72.424            0.035        19597.892      3.023      0.000      0.000    0.00000    0.09842          -67.58304      268.15943         2.322e-01 
  3177.557          13.843     -9.527    -72.424            0.035        19597.905      3.023      0.000      0.000    0.00000    0.09817          -67.51350      268.15908         2.334e-01 
  3178.557          13.811     -9.527    -72.424            0.035        19597.919      3.023      0.000      0.000    0.00000    0.09792          -67.44451      268.15870         2.346e-01 
  3179.557          13.779     -9.527    -72.425            0.035        19597.932      3.023      0.000      0.000    0.00000    0.09768          -67.37603      268.15830         2.358e-01 
  3180.557          13.747     -9.527    -72.425            0.035        19597.945      3.023      0.000      0.000    0.00000    0.09743          -67.30829      268.15786         2.370e-01 
  3181.557          13.715     -9.527    -72.425            0.034        19597.958      3.023      0.000      0.000    0.00000    0.09719          -67.24110      268.15741         2.381e-01 
  3182.557          13.683     -9.527    -72.425            0.034        19597.972      3.023      0.000      0.000    0.00000    0.09695          -67.17442      268.15694         2.393e-01 
  3183.557          13.651     -9.527    -72.425            0.034        19597.985      3.023      0.000      0.000    0.00000    0.09670          -67.10844      268.15643         2.405e-01 
  3184.557          13.620     -9.527    -72.425            0.034        19597.998      3.023      0.000      0.000    0.00000    0.09646          -67.04304      268.15591         2.417e-01 
  3185.557          13.588     -9.527    -72.425            0.034        19598.012      3.023      0.000      0.000    0.00000    0.09622          -66.97812      268.15537         2.429e-01 
  3186.557          13.557     -9.527    -72.425            0.034        19598.025      3.023      0.000      0.000    0.00000    0.09599          -66.91389      268.15481         2.441e-01 
  3187.557          13.525     -9.527    -72.425            0.034        19598.039      3.023      0.000      0.000    0.00000    0.09575          -66.85027      268.15423         2.453e-01 
  3188.557          13.494     -9.527    -72.426            0.034        19598.052      3.023      0.000      0.000    0.00000    0.09551          -66.78711      268.15363         2.465e-01 
  3189.557          13.463     -9.527    -72.426            0.034        19598.065      3.023      0.000      0.000    0.00000    0.09528          -66.72460      268.15301         2.478e-01 
  3190.557          13.432     -9.527    -72.426            0.034        19598.079      3.023      0.000      0.000    0.00000    0.09504          -66.66273      268.15238         2.490e-01 
  3191.557          13.400     -9.527    -72.426            0.034        19598.092      3.023      0.000      0.000    0.00000    0.09481          -66.60133      268.15173         2.502e-01 
  3192.557          13.369     -9.527    -72.426            0.034        19598.106      3.023      0.000      0.000    0.00000    0.09458          -66.54052      268.15106         2.514e-01 
  3193.557          13.338     -9.527    -72.426            0.034        19598.119      3.023      0.000      0.000    0.00000    0.09435          -66.48037      268.15038         2.527e-01 
  3194.557          13.307     -9.527    -72.426            0.034        19598.133      3.023      0.000      0.000    0.00000    0.09412          -66.42073      268.14969         2.539e-01 
  3195.557          13.276     -9.527    -72.426            0.034        19598.146      3.023      0.000      0.000    0.00000    0.09389          -66.36160      268.14898         2.551e-01 
  3196.557          13.246     -9.527    -72.427            0.034        19598.160      3.023      0.000      0.000    0.00000    0.09366          -66.30316      268.14826         2.564e-01 
  3197.557          13.215     -9.527    -72.427            0.034        19598.173      3.023      0.000      0.000    0.00000    0.09344          -66.24525      268.14753         2.576e-01 
  3198.557          13.184     -9.527    -72.427            0.034        19598.187      3.023      0.000      0.000    0.00000    0.09321          -66.18780      268.14679         2.588e-01 
  3199.557          13.153     -9.527    -72.427            0.033        19598.200      3.023      0.000      0.000    0.00000    0.09299          -66.13104      268.14603         2.601e-01 
  3200.557          13.123     -9.527    -72.427            0.033        19598.214      3.023      0.000      0.000    0.00000    0.09276          -66.07484      268.14527         2.613e-01 
  3201.557          13.092     -9.527    -72.427            0.033        19598.227      3.023      0.000      0.000    0.00000    0.09254          -66.01908      268.14449         2.626e-01 
  3202.557          13.062     -9.527    -72.427            0.033        19598.241      3.023      0.000      0.000    0.00000    0.09232          -65.96396      268.14371         2.639e-01 
  3203.557          13.032     -9.527    -72.427            0.033        19598.254      3.023      0.000      0.000    0.00000    0.09210          -65.90945      268.14292         2.651e-01 
  3204.557          13.001     -9.527    -72.428            0.033        19598.268      3.023      0.000      0.000    0.00000    0.09188          -65.85539      268.14212         2.664e-01 
  3205.557          12.971     -9.527    -72.428            0.033        19598.281      3.023      0.000      0.000    0.00000    0.09166          -65.80189      268.14131         2.677e-01 
  3206.557          12.941     -9.527    -72.428            0.033        19598.295      3.023      0.000      0.000    0.00000    0.09144          -65.74904      268.14050         2.689e-01 
  3207.557          12.911     -9.527    -72.428            0.033        19598.308      3.023      0.000      0.000    0.00000    0.09122          -65.69668      268.13968         2.702e-01 
  3208.557          12.881     -9.527    -72.428            0.033        19598.322      3.023      0.000      0.000    0.00000    0.09101          -65.64478      268.13886         2.715e-01 
  3209.557          12.851     -9.527    -72.428            0.033        19598.336      3.023      0.000      0.000    0.00000    0.09079          -65.59356      268.13803         2.728e-01 
  3210.557          12.821     -9.527    -72.428            0.033        19598.349      3.023      0.000      0.000    0.00000    0.09058          -65.54287      268.13719         2.741e-01 
  3211.557          12.791     -9.527    -72.428            0.033        19598.363      3.023      0.000      0.000    0.00000    0.09037          -65.49261      268.13636         2.753e-01 
  3212.557          12.761     -9.527    -72.429            0.033        19598.376      3.023      0.000      0.000    0.00000    0.09015          -65.44298      268.13552         2.766e-01 
  3213.557          12.731     -9.527    -72.429            0.033        19598.390      3.023      0.000      0.000    0.00000    0.08994          -65.39394      268.13467         2.779e-01 
  3214.557          12.701     -9.527    -72.429            0.033        19598.403      3.023      0.000      0.000    0.00000    0.08973          -65.34533      268.13382         2.792e-01 
  3215.557          12.672     -9.527    -72.429            0.033        19598.417      3.023      0.000      0.000    0.00000    0.08952          -65.29726      268.13298         2.805e-01 
  3216.557          12.642     -9.527    -72.429            0.033        19598.431      3.023      0.000      0.000    0.00000    0.08932          -65.24984      268.13213         2.818e-01 
  3217.557          12.613     -9.527    -72.429            0.032        19598.444      3.023      0.000      0.000    0.00000    0.08911          -65.20289      268.13128         2.832e-01 
  3218.557          12.583     -9.527    -72.429            0.032        19598.458      3.023      0.000      0.000    0.00000    0.08890          -65.15637      268.13042         2.845e-01 
  3219.557          12.554     -9.527    -72.429            0.032        19598.471      3.023      0.000      0.000    0.00000    0.08870          -65.11052      268.12957         2.858e-01 
  3220.557          12.524     -9.527    -72.430            0.032        19598.485      3.023      0.000      0.000    0.00000    0.08849          -65.06520      268.12872         2.871e-01 
  3221.557          12.495     -9.527    -72.430            0.032        19598.499      3.023      0.000      0.000    0.00000    0.08829          -65.02028      268.12787         2.884e-01 
  3222.557          12.466     -9.527    -72.430            0.032        19598.512      3.023      0.000      0.000    0.00000    0.08809          -64.97596      268.12702         2.898e-01 
  3223.557          12.437     -9.527    -72.430            0.032        19598.526      3.023      0.000      0.000    0.00000    0.08788          -64.93224      268.12618         2.911e-01 
  3224.557          12.408     -9.527    -72.430            0.032        19598.539      3.023      0.000      0.000    0.00000    0.08768          -64.88895      268.12533         2.924e-01 
  3225.557          12.378     -9.527    -72.430            0.032        19598.553      3.023      0.000      0.000    0.00000    0.08748          -64.84613      268.12449         2.938e-01 
  3226.557          12.349     -9.527    -72.430            0.032        19598.567      3.023      0.000      0.000    0.00000    0.08728          -64.80396      268.12365         2.951e-01 
  3227.557          12.321     -9.527    -72.430            0.032        19598.580      3.023      0.000      0.000    0.00000    0.08708          -64.76229      268.12282         2.965e-01 
  3228.557          12.292     -9.527    -72.431            0.032        19598.594      3.023      0.000      0.000    0.00000    0.08689          -64.72102      268.12199         2.978e-01 
  3229.557          12.263     -9.527    -72.431            0.032        19598.607      3.023      0.000      0.000    0.00000    0.08669          -64.68036      268.12116         2.992e-01 
  3230.557          12.234     -9.527    -72.431            0.032        19598.621      3.023      0.000      0.000    0.00000    0.08649          -64.64027      268.12034         3.005e-01 
  3231.557          12.205     -9.527    -72.431            0.032        19598.635      3.023      0.000      0.000    0.00000    0.08630          -64.60059      268.11952         3.019e-01 
  3232.557          12.177     -9.527    -72.431            0.032        19598.648      3.023      0.000      0.000    0.00000    0.08610          -64.56139      268.11871         3.032e-01 
  3233.557          12.148     -9.527    -72.431            0.032        19598.662      3.023      0.000      0.000    0.00000    0.08591          -64.52283      268.11791         3.046e-01 
  3234.557          12.120     -9.527    -72.431            0.032        19598.675      3.023      0.000      0.000    0.00000    0.08572          -64.48475      268.11711         3.060e-01 
  3235.557          12.091     -9.527    -72.431            0.032        19598.689      3.023      0.000      0.000    0.00000    0.08552          -64.44705      268.11632         3.073e-01 
  3236.557          12.063     -9.527    -72.432            0.031        19598.703      3.023      0.000      0.000    0.00000    0.08533          -64.40997      268.11553         3.087e-01 
  3237.557          12.034     -9.527    -72.432            0.031        19598.716      3.023      0.000      0.000    0.00000    0.08514          -64.37344      268.11476         3.101e-01 
  3238.557          12.006     -9.527    -72.432            0.031        19598.730      3.023      0.000      0.000    0.00000    0.08495          -64.33733      268.11399         3.115e-01 
  3239.557          11.978     -9.527    -72.432            0.031        19598.743      3.023      0.000      0.000    0.00000    0.08477          -64.30166      268.11323         3.129e-01 
  3240.557          11.950     -9.527    -72.432            0.031        19598.757      3.023      0.000      0.000    0.00000    0.08458          -64.26664      268.11247         3.142e-01 
  3241.557          11.921     -9.527    -72.432            0.031        19598.770      3.023      0.000      0.000    0.00000    0.08439          -64.23210      268.11173         3.156e-01 
  3242.557          11.893     -9.527    -72.432            0.031        19598.784      3.023      0.000      0.000    0.00000    0.08420          -64.19792      268.11100         3.170e-01 
  3243.557          11.865     -9.527    -72.432            0.031        19598.797      3.023      0.000      0.000    0.00000    0.08402          -64.16434      268.11027         3.184e-01 
  3244.557          11.837     -9.527    -72.433            0.031        19598.811      3.023      0.000      0.000    0.00000    0.08383          -64.13132      268.10956         3.198e-01 
  3245.557          11.809     -9.527    -72.433            0.031        19598.825      3.023      0.000      0.000    0.00000    0.08365          -64.09871      268.10886         3.212e-01 
  3246.557          11.782     -9.527    -72.433            0.031        19598.838      3.023      0.000      0.000    0.00000    0.08347          -64.06652      268.10816         3.227e-01 
  3247.557          11.754     -9.527    -72.433            0.031        19598.852      3.023      0.000      0.000    0.00000    0.08328          -64.03496      268.10749         3.241e-01 
  3248.557          11.726     -9.527    -72.433            0.031        19598.865      3.023      0.000      0.000    0.00000    0.08310          -64.00390      268.10682         3.255e-01 
  3249.557          11.698     -9.527    -72.433            0.031        19598.879      3.023      0.000      0.000    0.00000    0.08292          -63.97320      268.10616         3.269e-01 
  3250.557          11.671     -9.527    -72.433            0.031        19598.892      3.023      0.000      0.000    0.00000    0.08274          -63.94304      268.10551         3.283e-01 
  3251.557          11.643     -9.527    -72.433            0.031        19598.905      3.023      0.000      0.000    0.00000    0.08256          -63.91347      268.10488         3.298e-01 
  3252.557          11.615     -9.527    -72.434            0.031        19598.919      3.023      0.000      0.000    0.00000    0.08238          -63.88433      268.10426         3.312e-01 
  3253.557          11.588     -9.527    -72.434            0.031        19598.932      3.023      0.000      0.000    0.00000    0.08220          -63.85556      268.10365         3.326e-01 
  3254.557          11.561     -9.527    -72.434            0.031        19598.946      3.023      0.000      0.000    0.00000    0.08203          -63.82740      268.10306         3.341e-01 
  3255.557          11.533     -9.527    -72.434            0.030        19598.959      3.023      0.000      0.000    0.00000    0.08185          -63.79977      268.10249         3.355e-01 
  3256.557          11.506     -9.527    -72.434            0.030        19598.973      3.023      0.000      0.000    0.00000    0.08167          -63.77252      268.10192         3.369e-01 
  3257.557          11.479     -9.527    -72.434            0.030        19598.986      3.023      0.000      0.000    0.00000    0.08150          -63.74570      268.10137         3.384e-01 
  3258.557          11.451     -9.528    -72.434            0.030        19599.000      3.023      0.000      0.000    0.00000    0.08133          -63.71951      268.10084         3.398e-01 
  3259.557          11.424     -9.528    -72.434            0.030        19599.013      3.023      0.000      0.000    0.00000    0.08115          -63.69379      268.10032         3.413e-01 
  3260.557          11.397     -9.528    -72.434            0.030        19599.026      3.023      0.000      0.000    0.00000    0.08098          -63.66841      268.09982         3.427e-01 
  3261.557          11.370     -9.528    -72.435            0.030        19599.040      3.023      0.000      0.000    0.00000    0.08081          -63.64357      268.09933         3.442e-01 
  3262.557          11.343     -9.528    -72.435            0.030        19599.053      3.023      0.000      0.000    0.00000    0.08063          -63.61931      268.09886         3.457e-01 
  3263.557          11.316     -9.528    -72.435            0.030        19599.066      3.023      0.000      0.000    0.00000    0.08046          -63.59547      268.09841         3.471e-01 
  3264.557          11.289     -9.528    -72.435            0.030        19599.080      3.023      0.000      0.000    0.00000    0.08029          -63.57198      268.09797         3.486e-01 
  3265.557          11.262     -9.528    -72.435            0.030        19599.093      3.023      0.000      0.000    0.00000    0.08012          -63.54909      268.09755         3.501e-01 
  3266.557          11.236     -9.528    -72.435            0.030        19599.106      3.023      0.000      0.000    0.00000    0.07996          -63.52673      268.09715         3.516e-01 
  3267.557          11.209     -9.528    -72.435            0.030        19599.120      3.023      0.000      0.000    0.00000    0.07979          -63.50475      268.09676         3.530e-01 
  3268.557          11.182     -9.528    -72.435            0.030        19599.133      3.023      0.000      0.000    0.00000    0.07962          -63.48315      268.09639         3.545e-01 
  3269.557          11.155     -9.528    -72.436            0.030        19599.146      3.023      0.000      0.000    0.00000    0.07945          -63.46219      268.09605         3.560e-01 
  3270.557          11.129     -9.528    -72.436            0.030        19599.160      3.023      0.000      0.000    0.00000    0.07929          -63.44170      268.09573         3.575e-01 
  3271.557          11.102     -9.528    -72.436            0.030        19599.173      3.023      0.000      0.000    0.00000    0.07912          -63.42156      268.09541         3.590e-01 
  3272.557          11.076     -9.528    -72.436            0.030        19599.186      3.023      0.000      0.000    0.00000    0.07895          -63.40231      268.09512         3.605e-01 
  3273.557          11.049     -9.528    -72.436            0.030        19599.199      3.023      0.000      0.000    0.00000    0.07879          -63.38429      268.09486         3.619e-01 
  3274.557          11.023     -9.528    -72.436            0.029        19599.212      3.023      0.000      0.000    0.00000    0.07862          -63.36697      268.09461         3.634e-01 
  3275.557          10.997     -9.528    -72.436            0.029        19599.226      3.023      0.000      0.000    0.00000    0.07846          -63.35009      268.09438         3.648e-01 
  3276.557          10.970     -9.528    -72.436            0.029        19599.239      3.023      0.000      0.000    0.00000    0.07828          -63.33639      268.09417         3.660e-01 
  3277.557          10.944     -9.528    -72.437            0.029        19599.252      3.023      0.000      0.000    0.00000    0.07811          -63.32551      268.09399         3.672e-01 
  3278.557          10.918     -9.528    -72.437            0.029        19599.265      3.023      0.000      0.000    0.00000    0.07795          -63.31601      268.09382         3.685e-01 
  3279.557          10.892     -9.528    -72.437            0.029        19599.278      3.023      0.000      0.000    0.00000    0.07779          -63.30723      268.09367         3.697e-01 
  3280.557          10.866     -9.528    -72.437            0.029        19599.291      3.023      0.000      0.000    0.00000    0.07763          -63.29925      268.09355         3.709e-01 
  3281.557          10.840     -9.528    -72.437            0.029        19599.304      3.023      0.000      0.000    0.00000    0.07747          -63.29189      268.09346         3.721e-01 
  3282.557          10.814     -9.528    -72.437            0.029        19599.318      3.023      0.000      0.000    0.00000    0.07731          -63.28494      268.09338         3.734e-01 
  3283.557          10.788     -9.528    -72.437            0.029        19599.331      3.023      0.000      0.000    0.00000    0.07716          -63.27835      268.09332         3.746e-01 
  3284.557          10.762     -9.528    -72.437            0.029        19599.344      3.023      0.000      0.000    0.00000    0.07700          -63.27241      268.09330         3.758e-01 
  3285.557          10.736     -9.528    -72.437            0.029        19599.357      3.023      0.000      0.000    0.00000    0.07684          -63.26698      268.09330         3.771e-01 
  3286.557          10.710     -9.528    -72.438            0.029        19599.370      3.023      0.000      0.000    0.00000    0.07669          -63.26191      268.09332         3.783e-01 
  3287.557          10.684     -9.528    -72.438            0.029        19599.383      3.023      0.000      0.000    0.00000    0.07653          -63.25721      268.09336         3.795e-01 
  3288.557          10.658     -9.528    -72.438            0.029        19599.396      3.023      0.000      0.000    0.00000    0.07638          -63.25317      268.09343         3.808e-01 
  3289.557          10.632     -9.528    -72.438            0.029        19599.409      3.023      0.000      0.000    0.00000    0.07623          -63.24961      268.09354         3.820e-01 
  3290.557          10.607     -9.528    -72.438            0.029        19599.422      3.023      0.000      0.000    0.00000    0.07608          -63.24639      268.09366         3.832e-01 
  3291.557          10.581     -9.528    -72.438            0.029        19599.434      3.023      0.000      0.000    0.00000    0.07592          -63.24357      268.09380         3.845e-01 
  3292.557          10.555     -9.528    -72.438            0.029        19599.447      3.023      0.000      0.000    0.00000    0.07577          -63.24141      268.09398         3.857e-01 
  3293.557          10.530     -9.528    -72.438            0.029        19599.460      3.023      0.000      0.000    0.00000    0.07562          -63.23971      268.09419         3.870e-01 
  3294.557          10.504     -9.528    -72.439            0.029        19599.473      3.023      0.000      0.000    0.00000    0.07547          -63.23834      268.09441         3.882e-01 
  3295.557          10.479     -9.528    -72.439            0.029        19599.486      3.023      0.000      0.000    0.00000    0.07533          -63.23741      268.09467         3.895e-01 
  3296.557          10.453     -9.528    -72.439            0.029        19599.499      3.023      0.000      0.000    0.00000    0.07518          -63.23711      268.09496         3.907e-01 
  3297.557          10.428     -9.528    -72.439            0.028        19599.512      3.023      0.000      0.000    0.00000    0.07503          -63.23727      268.09528         3.919e-01 
  3298.557          10.402     -9.528    -72.439            0.028        19599.524      3.023      0.000      0.000    0.00000    0.07488          -63.23774      268.09562         3.932e-01 
  3299.557          10.377     -9.528    -72.439            0.028        19599.537      3.023      0.000      0.000    0.00000    0.07474          -63.23868      268.09599         3.944e-01 
  3300.557          10.352     -9.528    -72.439            0.028        19599.550      3.023      0.000      0.000    0.00000    0.07459          -63.24024      268.09640         3.957e-01 
  3301.557          10.326     -9.528    -72.439            0.028        19599.563      3.023      0.000      0.000    0.00000    0.07445          -63.24225      268.09683         3.969e-01 
  3302.557          10.301     -9.528    -72.439            0.028        19599.575      3.023      0.000      0.000    0.00000    0.07430          -63.24456      268.09729         3.982e-01 
  3303.557          10.276     -9.528    -72.440            0.028        19599.588      3.023      0.000      0.000    0.00000    0.07416          -63.24736      268.09778         3.994e-01 
  3304.557          10.251     -9.528    -72.440            0.028        19599.601      3.023      0.000      0.000    0.00000    0.07401          -63.25078      268.09832         4.007e-01 
  3305.557          10.226     -9.528    -72.440            0.028        19599.613      3.023      0.000      0.000    0.00000    0.07387          -63.25463      268.09888         4.019e-01 
  3306.557          10.201     -9.528    -72.440            0.028        19599.626      3.023      0.000      0.000    0.00000    0.07373          -63.25879      268.09946         4.032e-01 
  3307.557          10.176     -9.528    -72.440            0.028        19599.639      3.023      0.000      0.000    0.00000    0.07359          -63.26344      268.10008         4.045e-01 
  3308.557          10.151     -9.528    -72.440            0.028        19599.651      3.023      0.000      0.000    0.00000    0.07345          -63.26870      268.10075         4.057e-01 
  3309.557          10.126     -9.528    -72.440            0.028        19599.664      3.023      0.000      0.000    0.00000    0.07331          -63.27440      268.10144         4.070e-01 
  3310.557          10.101     -9.528    -72.440            0.028        19599.676      3.023      0.000      0.000    0.00000    0.07317          -63.28040      268.10216         4.082e-01 
  3311.557          10.076     -9.528    -72.441            0.028        19599.689      3.023      0.000      0.000    0.00000    0.07303          -63.28689      268.10291         4.095e-01 
  3312.557          10.051     -9.528    -72.441            0.028        19599.701      3.023      0.000      0.000    0.00000    0.07289          -63.29400      268.10371         4.108e-01 
  3313.557          10.026     -9.528    -72.441            0.028        19599.714      3.023      0.000      0.000    0.00000    0.07275          -63.30155      268.10454         4.120e-01 
  3314.557          10.001     -9.528    -72.441            0.028        19599.726      3.023      0.000      0.000    0.00000    0.07261          -63.30939      268.10540         4.133e-01 
  3315.557           9.977     -9.528    -72.441            0.028        19599.738      3.023      0.000      0.000    0.00000    0.07248          -63.31772      268.10629         4.145e-01 
  3316.557           9.952     -9.528    -72.441            0.028        19599.751      3.023      0.000      0.000    0.00000    0.07234          -63.32666      268.10723         4.158e-01 
  3317.557           9.927     -9.528    -72.441            0.028        19599.763      3.023      0.000      0.000    0.00000    0.07220          -63.33605      268.10821         4.171e-01 
  3318.557           9.903     -9.528    -72.441            0.028        19599.776      3.023      0.000      0.000    0.00000    0.07207          -63.34573      268.10921         4.183e-01 
  3319.557           9.878     -9.528    -72.441            0.027        19599.788      3.023      0.000      0.000    0.00000    0.07193          -63.35587      268.11025         4.196e-01 
  3320.557           9.853     -9.528    -72.442            0.027        19599.800      3.023      0.000      0.000    0.00000    0.07180          -63.36663      268.11133         4.209e-01 
  3321.557           9.829     -9.528    -72.442            0.027        19599.812      3.023      0.000      0.000    0.00000    0.07167          -63.37782      268.11246         4.222e-01 
  3322.557           9.805     -9.528    -72.442            0.027        19599.825      3.023      0.000      0.000    0.00000    0.07153          -63.38932      268.11360         4.234e-01 
  3323.557           9.780     -9.528    -72.442            0.027        19599.837      3.023      0.000      0.000    0.00000    0.07140          -63.40123      268.11478         4.247e-01 
  3324.557           9.756     -9.528    -72.442            0.027        19599.849      3.023      0.000      0.000    0.00000    0.07127          -63.41376      268.11600         4.260e-01 
  3325.557           9.731     -9.528    -72.442            0.027        19599.861      3.023      0.000      0.000    0.00000    0.07114          -63.42673      268.11726         4.272e-01 
  3326.557           9.707     -9.528    -72.442            0.027        19599.873      3.023      0.000      0.000    0.00000    0.07101          -63.44000      268.11855         4.285e-01 
  3327.557           9.683     -9.528    -72.442            0.027        19599.886      3.023      0.000      0.000    0.00000    0.07088          -63.45363      268.11986         4.298e-01 
  3328.557           9.658     -9.528    -72.442            0.027        19599.898      3.023      0.000      0.000    0.00000    0.07075          -63.46788      268.12122         4.311e-01 
  3329.557           9.634     -9.528    -72.443            0.027        19599.910      3.023      0.000      0.000    0.00000    0.07062          -63.48257      268.12262         4.324e-01 
  3330.557           9.610     -9.528    -72.443            0.027        19599.922      3.023      0.000      0.000    0.00000    0.07049          -63.49757      268.12404         4.336e-01 
  3331.557           9.586     -9.528    -72.443            0.027        19599.934      3.023      0.000      0.000    0.00000    0.07036          -63.51289      268.12549         4.349e-01 
  3332.557           9.562     -9.528    -72.443            0.027        19599.946      3.023      0.000      0.000    0.00000    0.07023          -63.52881      268.12698         4.362e-01 
  3333.557           9.538     -9.528    -72.443            0.027        19599.958      3.023      0.000      0.000    0.00000    0.07011          -63.54517      268.12850         4.375e-01 
  3334.557           9.514     -9.528    -72.443            0.027        19599.970      3.023      0.000      0.000    0.00000    0.06998          -63.56186      268.13005         4.388e-01 
  3335.557           9.490     -9.528    -72.443            0.027        19599.982      3.023      0.000      0.000    0.00000    0.06985          -63.57882      268.13163         4.400e-01 
  3336.557           9.466     -9.528    -72.443            0.027        19599.993      3.023      0.000      0.000    0.00000    0.06973          -63.59636      268.13324         4.413e-01 
  3337.557           9.442     -9.528    -72.443            0.027        19600.005      3.023      0.000      0.000    0.00000    0.06960          -63.61435      268.13490         4.426e-01 
  3338.557           9.418     -9.528    -72.444            0.027        19600.017      3.023      0.000      0.000    0.00000    0.06948          -63.63268      268.13657         4.439e-01 
  3339.557           9.394     -9.528    -72.444            0.027        19600.029      3.023      0.000      0.000    0.00000    0.06935          -63.65125      268.13827         4.452e-01 
  3340.557           9.370     -9.528    -72.444            0.027        19600.041      3.023      0.000      0.000    0.00000    0.06923          -63.67035      268.14001         4.465e-01 
  3341.557           9.347     -9.528    -72.444            0.027        19600.052      3.023      0.000      0.000    0.00000    0.06911          -63.68993      268.14178         4.478e-01 
  3342.557           9.323     -9.528    -72.444            0.026        19600.064      3.023      0.000      0.000    0.00000    0.06898          -63.70985      268.14358         4.491e-01 
  3343.557           9.299     -9.528    -72.444            0.026        19600.076      3.023      0.000      0.000    0.00000    0.06886          -63.73001      268.14540         4.504e-01 
  3344.557           9.275     -9.528    -72.444            0.026        19600.087      3.023      0.000      0.000    0.00000    0.06874          -63.75061      268.14725         4.516e-01 
  3345.557           9.252     -9.528    -72.444            0.026        19600.099      3.023      0.000      0.000    0.00000    0.06862          -63.77172      268.14914         4.529e-01 
  3346.557           9.228     -9.528    -72.444            0.026        19600.111      3.023      0.000      0.000    0.00000    0.06850          -63.79319      268.15105         4.542e-01 
  3347.557           9.205     -9.528    -72.444            0.026        19600.122      3.023      0.000      0.000    0.00000    0.06838          -63.81492      268.15299         4.555e-01 
  3348.557           9.181     -9.528    -72.445            0.026        19600.134      3.023      0.000      0.000    0.00000    0.06826          -63.83698      268.15495         4.568e-01 
  3349.557           9.158     -9.528    -72.445            0.026        19600.145      3.023      0.000      0.000    0.00000    0.06814          -63.85958      268.15695         4.581e-01 
  3350.557           9.134     -9.528    -72.445            0.026        19600.157      3.023      0.000      0.000    0.00000    0.06802          -63.88255      268.15898         4.594e-01 
  3351.557           9.111     -9.528    -72.445            0.026        19600.168      3.023      0.000      0.000    0.00000    0.06790          -63.90579      268.16103         4.607e-01 
  3352.557           9.087     -9.528    -72.445            0.026        19600.180      3.023      0.000      0.000    0.00000    0.06778          -63.92930      268.16310         4.620e-01 
  3353.557           9.064     -9.528    -72.445            0.026        19600.191      3.023      0.000      0.000    0.00000    0.06766          -63.95332      268.16521         4.633e-01 
  3354.557           9.041     -9.528    -72.445            0.026        19600.202      3.023      0.000      0.000    0.00000    0.06755          -63.97775      268.16735         4.646e-01 
  3355.557           9.017     -9.528    -72.445            0.026        19600.214      3.023      0.000      0.000    0.00000    0.06743          -64.00246      268.16951         4.659e-01 
  3356.557           8.994     -9.528    -72.445            0.026        19600.225      3.023      0.000      0.000    0.00000    0.06731          -64.02740      268.17169         4.672e-01 
  3357.557           8.971     -9.528    -72.445            0.026        19600.236      3.023      0.000      0.000    0.00000    0.06720          -64.05280      268.17390         4.685e-01 
  3358.557           8.948     -9.528    -72.446            0.026        19600.248      3.023      0.000      0.000    0.00000    0.06708          -64.07863      268.17614         4.698e-01 
  3359.557           8.925     -9.528    -72.446            0.026        19600.259      3.023      0.000      0.000    0.00000    0.06697          -64.10477      268.17840         4.711e-01 
  3360.557           8.902     -9.528    -72.446            0.026        19600.270      3.023      0.000      0.000    0.00000    0.06685          -64.13113      268.18068         4.724e-01 
  3361.557           8.879     -9.528    -72.446            0.026        19600.281      3.023      0.000      0.000    0.00000    0.06674          -64.15785      268.18299         4.737e-01 
  3362.557           8.856     -9.528    -72.446            0.026        19600.292      3.023      0.000      0.000    0.00000    0.06663          -64.18503      268.18533         4.751e-01 
  3363.557           8.833     -9.528    -72.446            0.026        19600.303      3.023      0.000      0.000    0.00000    0.06651          -64.21255      268.18770         4.764e-01 
  3364.557           8.810     -9.528    -72.446            0.025        19600.315      3.023      0.000      0.000    0.00000    0.06640          -64.24030      268.19008         4.777e-01 
  3365.557           8.787     -9.528    -72.446            0.025        19600.326      3.023      0.000      0.000    0.00000    0.06629          -64.26832      268.19249         4.790e-01 
  3366.557           8.764     -9.528    -72.446            0.025        19600.337      3.023      0.000      0.000    0.00000    0.06618          -64.29680      268.19492         4.803e-01 
  3367.557           8.741     -9.528    -72.447            0.025        19600.348      3.023      0.000      0.000    0.00000    0.06607          -64.32565      268.19738         4.816e-01 
  3368.557           8.718     -9.528    -72.447            0.025        19600.358      3.023      0.000      0.000    0.00000    0.06596          -64.35475      268.19986         4.829e-01 
  3369.557           8.695     -9.528    -72.447            0.025        19600.369      3.023      0.000      0.000    0.00000    0.06584          -64.38407      268.20236         4.842e-01 
  3370.557           8.673     -9.528    -72.447            0.025        19600.380      3.023      0.000      0.000    0.00000    0.06573          -64.41379      268.20489         4.855e-01 
  3371.557           8.650     -9.528    -72.447            0.025        19600.391      3.023      0.000      0.000    0.00000    0.06563          -64.44391      268.20744         4.869e-01 
  3372.557           8.627     -9.528    -72.447            0.025        19600.402      3.023      0.000      0.000    0.00000    0.06552          -64.47432      268.21001         4.882e-01 
  3373.557           8.604     -9.528    -72.447            0.025        19600.413      3.023      0.000      0.000    0.00000    0.06541          -64.50494      268.21260         4.895e-01 
  3374.557           8.582     -9.528    -72.447            0.025        19600.424      3.023      0.000      0.000    0.00000    0.06530          -64.53585      268.21522         4.908e-01 
  3375.557           8.559     -9.528    -72.447            0.025        19600.434      3.023      0.000      0.000    0.00000    0.06519          -64.56720      268.21786         4.921e-01 
  3376.557           8.537     -9.528    -72.447            0.025        19600.445      3.023      0.000      0.000    0.00000    0.06508          -64.59886      268.22052         4.934e-01 
  3377.557           8.514     -9.528    -72.447            0.025        19600.456      3.023      0.000      0.000    0.00000    0.06498          -64.63075      268.22320         4.948e-01 
  3378.557           8.492     -9.528    -72.448            0.025        19600.466      3.023      0.000      0.000    0.00000    0.06487          -64.66285      268.22590         4.961e-01 
  3379.557           8.469     -9.528    -72.448            0.025        19600.477      3.023      0.000      0.000    0.00000    0.06476          -64.69536      268.22862         4.974e-01 
  3380.557           8.447     -9.528    -72.448            0.025        19600.487      3.023      0.000      0.000    0.00000    0.06466          -64.72822      268.23136         4.987e-01 
  3381.557           8.424     -9.528    -72.448            0.025        19600.498      3.023      0.000      0.000    0.00000    0.06455          -64.76134      268.23413         5.000e-01 
  3382.557           8.402     -9.528    -72.448            0.025        19600.509      3.023      0.000      0.000    0.00000    0.06445          -64.79465      268.23691         5.014e-01 
  3383.557           8.380     -9.528    -72.448            0.025        19600.519      3.023      0.000      0.000    0.00000    0.06434          -64.82826      268.23971         5.027e-01 
  3384.557           8.357     -9.528    -72.448            0.025        19600.529      3.023      0.000      0.000    0.00000    0.06424          -64.86227      268.24254         5.040e-01 
  3385.557           8.335     -9.528    -72.448            0.025        19600.540      3.023      0.000      0.000    0.00000    0.06413          -64.89656      268.24538         5.053e-01 
  3386.557           8.313     -9.528    -72.448            0.025        19600.550      3.023      0.000      0.000    0.00000    0.06403          -64.93106      268.24824         5.067e-01 
  3387.557           8.291     -9.528    -72.448            0.024        19600.561      3.023      0.000      0.000    0.00000    0.06393          -64.96576      268.25112         5.080e-01 
  3388.557           8.269     -9.528    -72.449            0.024        19600.571      3.023      0.000      0.000    0.00000    0.06382          -65.00085      268.25402         5.093e-01 
  3389.557           8.247     -9.528    -72.449            0.024        19600.581      3.023      0.000      0.000    0.00000    0.06372          -65.03626      268.25694         5.106e-01 
  3390.557           8.224     -9.528    -72.449            0.024        19600.591      3.023      0.000      0.000    0.00000    0.06362          -65.07190      268.25988         5.120e-01 
  3391.557           8.202     -9.528    -72.449            0.024        19600.602      3.023      0.000      0.000    0.00000    0.06352          -65.10773      268.26283         5.133e-01 
  3392.557           8.180     -9.528    -72.449            0.024        19600.612      3.023      0.000      0.000    0.00000    0.06341          -65.14384      268.26580         5.146e-01 
  3393.557           8.158     -9.528    -72.449            0.024        19600.622      3.023      0.000      0.000    0.00000    0.06331          -65.18031      268.26879         5.160e-01 
  3394.557           8.136     -9.528    -72.449            0.024        19600.632      3.023      0.000      0.000    0.00000    0.06321          -65.21705      268.27180         5.173e-01 
  3395.557           8.114     -9.528    -72.449            0.024        19600.642      3.023      0.000      0.000    0.00000    0.06311          -65.25399      268.27483         5.186e-01 
  3396.557           8.093     -9.528    -72.449            0.024        19600.652      3.023      0.000      0.000    0.00000    0.06301          -65.29111      268.27787         5.200e-01 
  3397.557           8.071     -9.528    -72.449            0.024        19600.662      3.023      0.000      0.000    0.00000    0.06291          -65.32858      268.28093         5.213e-01 
  3398.557           8.049     -9.528    -72.449            0.024        19600.672      3.023      0.000      0.000    0.00000    0.06281          -65.36635      268.28400         5.226e-01 
  3399.557           8.027     -9.528    -72.450            0.024        19600.682      3.023      0.000      0.000    0.00000    0.06271          -65.40435      268.28709         5.240e-01 
  3400.557           8.005     -9.528    -72.450            0.024        19600.692      3.023      0.000      0.000    0.00000    0.06262          -65.44253      268.29020         5.253e-01 
  3401.557           7.984     -9.528    -72.450            0.024        19600.702      3.023      0.000      0.000    0.00000    0.06252          -65.48094      268.29333         5.266e-01 
  3402.557           7.962     -9.528    -72.450            0.024        19600.712      3.023      0.000      0.000    0.00000    0.06242          -65.51969      268.29646         5.280e-01 
  3403.557           7.940     -9.528    -72.450            0.024        19600.722      3.023      0.000      0.000    0.00000    0.06232          -65.55870      268.29961         5.293e-01 
  3404.557           7.919     -9.528    -72.450            0.024        19600.732      3.023      0.000      0.000    0.00000    0.06223          -65.59790      268.30278         5.306e-01 
  3405.557           7.897     -9.528    -72.450            0.024        19600.742      3.023      0.000      0.000    0.00000    0.06213          -65.63726      268.30597         5.320e-01 
  3406.557           7.875     -9.528    -72.450            0.024        19600.751      3.023      0.000      0.000    0.00000    0.06203          -65.67692      268.30917         5.333e-01 
  3407.557           7.854     -9.528    -72.450            0.024        19600.761      3.023      0.000      0.000    0.00000    0.06194          -65.71688      268.31238         5.347e-01 
  3408.557           7.832     -9.528    -72.450            0.024        19600.771      3.023      0.000      0.000    0.00000    0.06184          -65.75706      268.31560         5.360e-01 
  3409.557           7.811     -9.528    -72.450            0.024        19600.780      3.023      0.000      0.000    0.00000    0.06175          -65.79741      268.31884         5.373e-01 
  3410.557           7.789     -9.528    -72.451            0.023        19600.790      3.023      0.000      0.000    0.00000    0.06165          -65.83794      268.32210         5.387e-01 
  3411.557           7.768     -9.528    -72.451            0.023        19600.800      3.023      0.000      0.000    0.00000    0.06156          -65.87878      268.32536         5.400e-01 
  3412.557           7.747     -9.528    -72.451            0.023        19600.809      3.023      0.000      0.000    0.00000    0.06146          -65.91987      268.32864         5.414e-01 
  3413.557           7.725     -9.528    -72.451            0.023        19600.819      3.023      0.000      0.000    0.00000    0.06137          -65.96116      268.33193         5.427e-01 
  3414.557           7.704     -9.528    -72.451            0.023        19600.828      3.023      0.000      0.000    0.00000    0.06127          -66.00261      268.33524         5.440e-01 
  3415.557           7.683     -9.528    -72.451            0.023        19600.838      3.023      0.000      0.000    0.00000    0.06118          -66.04427      268.33856         5.454e-01 
  3416.557           7.661     -9.528    -72.451            0.023        19600.847      3.023      0.000      0.000    0.00000    0.06109          -66.08623      268.34188         5.467e-01 
  3417.557           7.640     -9.528    -72.451            0.023        19600.856      3.023      0.000      0.000    0.00000    0.06099          -66.12840      268.34522         5.481e-01 
  3418.557           7.619     -9.528    -72.451            0.023        19600.866      3.023      0.000      0.000    0.00000    0.06090          -66.17074      268.34857         5.494e-01 
  3419.557           7.598     -9.528    -72.451            0.023        19600.875      3.023      0.000      0.000    0.00000    0.06081          -66.21324      268.35194         5.508e-01 
  3420.557           7.577     -9.528    -72.451            0.023        19600.884      3.023      0.000      0.000    0.00000    0.06072          -66.25598      268.35531         5.521e-01 
  3421.557           7.555     -9.528    -72.451            0.023        19600.894      3.023      0.000      0.000    0.00000    0.06063          -66.29898      268.35869         5.535e-01 
  3422.557           7.534     -9.528    -72.452            0.023        19600.903      3.023      0.000      0.000    0.00000    0.06054          -66.34217      268.36208         5.548e-01 
  3423.557           7.513     -9.528    -72.452            0.023        19600.912      3.023      0.000      0.000    0.00000    0.06045          -66.38553      268.36549         5.562e-01 
  3424.557           7.492     -9.528    -72.452            0.023        19600.921      3.023      0.000      0.000    0.00000    0.06035          -66.42904      268.36891         5.575e-01 
  3425.557           7.471     -9.528    -72.452            0.023        19600.930      3.023      0.000      0.000    0.00000    0.06026          -66.47280      268.37233         5.589e-01 
  3426.557           7.450     -9.528    -72.452            0.023        19600.940      3.023      0.000      0.000    0.00000    0.06017          -66.51678      268.37576         5.602e-01 
  3427.557           7.429     -9.528    -72.452            0.023        19600.949      3.023      0.000      0.000    0.00000    0.06009          -66.56094      268.37919         5.616e-01 
  3428.557           7.408     -9.528    -72.452            0.023        19600.958      3.023      0.000      0.000    0.00000    0.06000          -66.60525      268.38265         5.629e-01 
  3429.557           7.388     -9.528    -72.452            0.023        19600.967      3.023      0.000      0.000    0.00000    0.05991          -66.64972      268.38611         5.643e-01 
  3430.557           7.367     -9.528    -72.452            0.023        19600.976      3.023      0.000      0.000    0.00000    0.05982          -66.69443      268.38958         5.656e-01 
  3431.557           7.346     -9.528    -72.452            0.023        19600.985      3.023      0.000      0.000    0.00000    0.05973          -66.73935      268.39304         5.670e-01 
  3432.557           7.325     -9.528    -72.452            0.023        19600.994      3.023      0.000      0.000    0.00000    0.05964          -66.78442      268.39652         5.683e-01 
  3433.557           7.304     -9.528    -72.452            0.023        19601.002      3.023      0.000      0.000    0.00000    0.05955          -66.82963      268.40001         5.697e-01 
  3434.557           7.284     -9.528    -72.453            0.023        19601.011      3.023      0.000      0.000    0.00000    0.05947          -66.87502      268.40351         5.711e-01 
  3435.557           7.263     -9.528    -72.453            0.022        19601.020      3.023      0.000      0.000    0.00000    0.05938          -66.92063      268.40701         5.724e-01 
  3436.557           7.242     -9.528    -72.453            0.022        19601.029      3.023      0.000      0.000    0.00000    0.05929          -66.96641      268.41050         5.738e-01 
  3437.557           7.222     -9.528    -72.453            0.022        19601.038      3.023      0.000      0.000    0.00000    0.05921          -67.01234      268.41401         5.751e-01 
  3438.557           7.201     -9.528    -72.453            0.022        19601.046      3.023      0.000      0.000    0.00000    0.05912          -67.05841      268.41754         5.765e-01 
  3439.557           7.180     -9.528    -72.453            0.022        19601.055      3.023      0.000      0.000    0.00000    0.05904          -67.10466      268.42107         5.778e-01 
  3440.557           7.160     -9.528    -72.453            0.022        19601.064      3.023      0.000      0.000    0.00000    0.05895          -67.15110      268.42459         5.792e-01 
  3441.557           7.139     -9.528    -72.453            0.022        19601.072      3.023      0.000      0.000    0.00000    0.05886          -67.19770      268.42811         5.806e-01 
  3442.557           7.119     -9.528    -72.453            0.022        19601.081      3.023      0.000      0.000    0.00000    0.05878          -67.24444      268.43164         5.819e-01 
  3443.557           7.098     -9.528    -72.453            0.022        19601.090      3.023      0.000      0.000    0.00000    0.05869          -67.29132      268.43519         5.833e-01 
  3444.557           7.078     -9.528    -72.453            0.022        19601.098      3.023      0.000      0.000    0.00000    0.05861          -67.33836      268.43874         5.846e-01 
  3445.557           7.058     -9.528    -72.453            0.022        19601.107      3.023      0.000      0.000    0.00000    0.05853          -67.38558      268.44227         5.860e-01 
  3446.557           7.037     -9.528    -72.453            0.022        19601.115      3.023      0.000      0.000    0.00000    0.05844          -67.43295      268.44581         5.874e-01 
  3447.557           7.017     -9.528    -72.454            0.022        19601.123      3.023      0.000      0.000    0.00000    0.05836          -67.48045      268.44936         5.887e-01 
  3448.557           6.996     -9.528    -72.454            0.022        19601.132      3.023      0.000      0.000    0.00000    0.05828          -67.52807      268.45293         5.901e-01 
  3449.557           6.976     -9.528    -72.454            0.022        19601.140      3.023      0.000      0.000    0.00000    0.05819          -67.57586      268.45648         5.914e-01 
  3450.557           6.956     -9.528    -72.454            0.022        19601.149      3.023      0.000      0.000    0.00000    0.05811          -67.62380      268.46002         5.928e-01 
  3451.557           6.936     -9.528    -72.454            0.022        19601.157      3.023      0.000      0.000    0.00000    0.05803          -67.67188      268.46356         5.942e-01 
  3452.557           6.915     -9.528    -72.454            0.022        19601.165      3.023      0.000      0.000    0.00000    0.05794          -67.72009      268.46712         5.955e-01 
  3453.557           6.895     -9.528    -72.454            0.022        19601.173      3.023      0.000      0.000    0.00000    0.05786          -67.76841      268.47069         5.969e-01 
  3454.557           6.875     -9.528    -72.454            0.022        19601.182      3.023      0.000      0.000    0.00000    0.05778          -67.81689      268.47425         5.983e-01 
  3455.557           6.855     -9.528    -72.454            0.022        19601.190      3.023      0.000      0.000    0.00000    0.05770          -67.86550      268.47779         5.996e-01 
  3456.557           6.835     -9.528    -72.454            0.022        19601.198      3.023      0.000      0.000    0.00000    0.05762          -67.91423      268.48133         6.010e-01 
  3457.557           6.815     -9.528    -72.454            0.022        19601.206      3.023      0.000      0.000    0.00000    0.05754          -67.96308      268.48488         6.024e-01 
  3458.557           6.795     -9.528    -72.454            0.022        19601.214      3.023      0.000      0.000    0.00000    0.05746          -68.01206      268.48845         6.037e-01 
  3459.557           6.775     -9.528    -72.454            0.022        19601.222      3.023      0.000      0.000    0.00000    0.05738          -68.06116      268.49199         6.051e-01 
  3460.557           6.755     -9.528    -72.455            0.022        19601.230      3.023      0.000      0.000    0.00000    0.05730          -68.11039      268.49552         6.065e-01 
  3461.557           6.735     -9.528    -72.455            0.021        19601.238      3.023      0.000      0.000    0.00000    0.05722          -68.15972      268.49904         6.078e-01 
  3462.557           6.715     -9.528    -72.455            0.021        19601.246      3.023      0.000      0.000    0.00000    0.05714          -68.20917      268.50258         6.092e-01 
  3463.557           6.695     -9.528    -72.455            0.021        19601.254      3.023      0.000      0.000    0.00000    0.05706          -68.25874      268.50613         6.106e-01 
  3464.557           6.675     -9.528    -72.455            0.021        19601.262      3.023      0.000      0.000    0.00000    0.05698          -68.30842      268.50966         6.120e-01 
  3465.557           6.655     -9.528    -72.455            0.021        19601.270      3.023      0.000      0.000    0.00000    0.05690          -68.35820      268.51316         6.133e-01 
  3466.557           6.635     -9.528    -72.455            0.021        19601.278      3.023      0.000      0.000    0.00000    0.05682          -68.40808      268.51666         6.147e-01 
  3467.557           6.616     -9.528    -72.455            0.021        19601.286      3.023      0.000      0.000    0.00000    0.05674          -68.45808      268.52017         6.161e-01 
  3468.557           6.596     -9.528    -72.455            0.021        19601.293      3.023      0.000      0.000    0.00000    0.05667          -68.50818      268.52370         6.175e-01 
  3469.557           6.576     -9.528    -72.455            0.021        19601.301      3.023      0.000      0.000    0.00000    0.05659          -68.55838      268.52719         6.188e-01 
  3470.557           6.556     -9.528    -72.455            0.021        19601.309      3.023      0.000      0.000    0.00000    0.05651          -68.60867      268.53066         6.202e-01 
  3471.557           6.537     -9.528    -72.455            0.021        19601.317      3.023      0.000      0.000    0.00000    0.05643          -68.65904      268.53413         6.216e-01 
  3472.557           6.517     -9.528    -72.455            0.021        19601.324      3.023      0.000      0.000    0.00000    0.05636          -68.70952      268.53760         6.229e-01 
  3473.557           6.497     -9.528    -72.455            0.021        19601.332      3.023      0.000      0.000    0.00000    0.05628          -68.76011      268.54109         6.243e-01 
  3474.557           6.478     -9.528    -72.456            0.021        19601.340      3.023      0.000      0.000    0.00000    0.05620          -68.81078      268.54454         6.257e-01 
  3475.557           6.458     -9.528    -72.456            0.021        19601.347      3.023      0.000      0.000    0.00000    0.05613          -68.86151      268.54796         6.271e-01 
  3476.557           6.439     -9.528    -72.456            0.021        19601.355      3.023      0.000      0.000    0.00000    0.05605          -68.91233      268.55138         6.284e-01 
  3477.557           6.419     -9.528    -72.456            0.021        19601.362      3.023      0.000      0.000    0.00000    0.05598          -68.96324      268.55480         6.298e-01 
  3478.557           6.400     -9.528    -72.456            0.021        19601.370      3.023      0.000      0.000    0.00000    0.05590          -69.01425      268.55823         6.312e-01 
  3479.557           6.380     -9.528    -72.456            0.021        19601.377      3.023      0.000      0.000    0.00000    0.05582          -69.06533      268.56164         6.326e-01 
  3480.557           6.361     -9.528    -72.456            0.021        19601.385      3.023      0.000      0.000    0.00000    0.05575          -69.11646      268.56500         6.340e-01 
  3481.557           6.341     -9.528    -72.456            0.021        19601.392      3.023      0.000      0.000    0.00000    0.05567          -69.16766      268.56835         6.353e-01 
  3482.557           6.322     -9.528    -72.456            0.021        19601.399      3.023      0.000      0.000    0.00000    0.05560          -69.21894      268.57170         6.367e-01 
  3483.557           6.302     -9.528    -72.456            0.021        19601.407      3.023      0.000      0.000    0.00000    0.05553          -69.27032      268.57507         6.381e-01 
  3484.557           6.283     -9.528    -72.456            0.021        19601.414      3.023      0.000      0.000    0.00000    0.05545          -69.32177      268.57841         6.395e-01 
  3485.557           6.264     -9.528    -72.456            0.021        19601.421      3.023      0.000      0.000    0.00000    0.05538          -69.37324      268.58171         6.409e-01 
  3486.557           6.244     -9.528    -72.456            0.021        19601.428      3.023      0.000      0.000    0.00000    0.05530          -69.42476      268.58498         6.422e-01 
  3487.557           6.225     -9.528    -72.456            0.021        19601.436      3.023      0.000      0.000    0.00000    0.05523          -69.47636      268.58825         6.436e-01 
  3488.557           6.206     -9.528    -72.456            0.021        19601.443      3.023      0.000      0.000    0.00000    0.05516          -69.52805      268.59153         6.450e-01 
  3489.557           6.187     -9.528    -72.457            0.020        19601.450      3.023      0.000      0.000    0.00000    0.05508          -69.57982      268.59480         6.464e-01 
  3490.557           6.168     -9.528    -72.457            0.020        19601.457      3.023      0.000      0.000    0.00000    0.05501          -69.63158      268.59801         6.478e-01 
  3491.557           6.148     -9.528    -72.457            0.020        19601.464      3.023      0.000      0.000    0.00000    0.05494          -69.68337      268.60119         6.492e-01 
  3492.557           6.129     -9.528    -72.457            0.020        19601.471      3.023      0.000      0.000    0.00000    0.05487          -69.73522      268.60436         6.505e-01 
  3493.557           6.110     -9.528    -72.457            0.020        19601.478      3.023      0.000      0.000    0.00000    0.05480          -69.78716      268.60754         6.519e-01 
  3494.557           6.091     -9.528    -72.457            0.020        19601.485      3.023      0.000      0.000    0.00000    0.05472          -69.83918      268.61072         6.533e-01 
  3495.557           6.072     -9.528    -72.457            0.020        19601.492      3.023      0.000      0.000    0.00000    0.05465          -69.89119      268.61384         6.547e-01 
  3496.557           6.053     -9.528    -72.457            0.020        19601.499      3.023      0.000      0.000    0.00000    0.05458          -69.94319      268.61691         6.561e-01 
  3497.557           6.034     -9.528    -72.457            0.020        19601.506      3.023      0.000      0.000    0.00000    0.05451          -69.99525      268.61996         6.575e-01 
  3498.557           6.015     -9.528    -72.457            0.020        19601.513      3.023      0.000      0.000    0.00000    0.05444          -70.04738      268.62303         6.588e-01 
  3499.557           5.996     -9.528    -72.457            0.020        19601.520      3.023      0.000      0.000    0.00000    0.05437          -70.09960      268.62610         6.602e-01 
  3500.557           5.977     -9.528    -72.457            0.020        19601.527      3.023      0.000      0.000    0.00000    0.05430          -70.15179      268.62910         6.616e-01 
  3501.557           5.958     -9.528    -72.457            0.020        19601.534      3.023      0.000      0.000    0.00000    0.05423          -70.20396      268.63205         6.630e-01 
  3502.557           5.939     -9.528    -72.457            0.020        19601.540      3.023      0.000      0.000    0.00000    0.05416          -70.25616      268.63498         6.644e-01 
  3503.557           5.920     -9.528    -72.457            0.020        19601.547      3.023      0.000      0.000    0.00000    0.05409          -70.30842      268.63790         6.658e-01 
  3504.557           5.901     -9.528    -72.457            0.020        19601.554      3.023      0.000      0.000    0.00000    0.05402          -70.36077      268.64083         6.672e-01 
  3505.557           5.883     -9.528    -72.458            0.020        19601.561      3.023      0.000      0.000    0.00000    0.05395          -70.41312      268.64372         6.686e-01 
  3506.557           5.864     -9.528    -72.458            0.020        19601.567      3.023      0.000      0.000    0.00000    0.05388          -70.46540      268.64653         6.700e-01 
  3507.557           5.845     -9.528    -72.458            0.020        19601.574      3.023      0.000      0.000    0.00000    0.05381          -70.51769      268.64931         6.713e-01 
  3508.557           5.826     -9.528    -72.458            0.020        19601.581      3.023      0.000      0.000    0.00000    0.05374          -70.57002      268.65208         6.727e-01 
  3509.557           5.808     -9.528    -72.458            0.020        19601.587      3.023      0.000      0.000    0.00000    0.05367          -70.62242      268.65485         6.741e-01 
  3510.557           5.789     -9.528    -72.458            0.020        19601.594      3.023      0.000      0.000    0.00000    0.05361          -70.67487      268.65760         6.755e-01 
  3511.557           5.770     -9.528    -72.458            0.020        19601.600      3.023      0.000      0.000    0.00000    0.05354          -70.72723      268.66027         6.769e-01 
  3512.557           5.752     -9.528    -72.458            0.020        19601.607      3.023      0.000      0.000    0.00000    0.05347          -70.77955      268.66287         6.783e-01 
  3513.557           5.733     -9.528    -72.458            0.020        19601.613      3.023      0.000      0.000    0.00000    0.05340          -70.83189      268.66546         6.797e-01 
  3514.557           5.714     -9.528    -72.458            0.020        19601.620      3.023      0.000      0.000    0.00000    0.05333          -70.88429      268.66805         6.811e-01 
  3515.557           5.696     -9.528    -72.458            0.020        19601.626      3.023      0.000      0.000    0.00000    0.05327          -70.93677      268.67064         6.825e-01 
  3516.557           5.677     -9.528    -72.458            0.020        19601.632      3.023      0.000      0.000    0.00000    0.05320          -70.98916      268.67315         6.839e-01 
  3517.557           5.659     -9.528    -72.458            0.020        19601.639      3.023      0.000      0.000    0.00000    0.05313          -71.04146      268.67557         6.853e-01 
  3518.557           5.640     -9.528    -72.458            0.020        19601.645      3.023      0.000      0.000    0.00000    0.05307          -71.09376      268.67796         6.867e-01 
  3519.557           5.622     -9.528    -72.458            0.020        19601.652      3.023      0.000      0.000    0.00000    0.05300          -71.14610      268.68034         6.881e-01 
  3520.557           5.603     -9.528    -72.458            0.019        19601.658      3.023      0.000      0.000    0.00000    0.05293          -71.19851      268.68273         6.895e-01 
  3521.557           5.585     -9.528    -72.458            0.019        19601.664      3.023      0.000      0.000    0.00000    0.05287          -71.25090      268.68507         6.908e-01 
  3522.557           5.566     -9.528    -72.459            0.019        19601.670      3.023      0.000      0.000    0.00000    0.05280          -71.30315      268.68729         6.922e-01 
  3523.557           5.548     -9.528    -72.459            0.019        19601.677      3.023      0.000      0.000    0.00000    0.05274          -71.35535      268.68947         6.936e-01 
  3524.557           5.530     -9.528    -72.459            0.019        19601.683      3.023      0.000      0.000    0.00000    0.05267          -71.40757      268.69162         6.950e-01 
  3525.557           5.511     -9.528    -72.459            0.019        19601.689      3.023      0.000      0.000    0.00000    0.05260          -71.45984      268.69377         6.964e-01 
  3526.557           5.493     -9.528    -72.459            0.019        19601.695      3.023      0.000      0.000    0.00000    0.05254          -71.51216      268.69591         6.978e-01 
  3527.557           5.475     -9.528    -72.459            0.019        19601.701      3.023      0.000      0.000    0.00000    0.05247          -71.56432      268.69793         6.992e-01 
  3528.557           5.456     -9.528    -72.459            0.019        19601.707      3.023      0.000      0.000    0.00000    0.05241          -71.61638      268.69987         7.006e-01 
  3529.557           5.438     -9.528    -72.459            0.019        19601.713      3.023      0.000      0.000    0.00000    0.05235          -71.66842      268.70177         7.020e-01 
  3530.557           5.420     -9.528    -72.459            0.019        19601.719      3.023      0.000      0.000    0.00000    0.05228          -71.72049      268.70365         7.034e-01 
  3531.557           5.402     -9.528    -72.459            0.019        19601.725      3.023      0.000      0.000    0.00000    0.05222          -71.77262      268.70554         7.048e-01 
  3532.557           5.384     -9.528    -72.459            0.019        19601.731      3.023      0.000      0.000    0.00000    0.05215          -71.82469      268.70735         7.062e-01 
  3533.557           5.365     -9.528    -72.459            0.019        19601.737      3.023      0.000      0.000    0.00000    0.05209          -71.87657      268.70904         7.076e-01 
  3534.557           5.347     -9.528    -72.459            0.019        19601.743      3.023      0.000      0.000    0.00000    0.05203          -71.92838      268.71067         7.090e-01 
  3535.557           5.329     -9.528    -72.459            0.019        19601.749      3.023      0.000      0.000    0.00000    0.05196          -71.98019      268.71227         7.104e-01 
  3536.557           5.311     -9.528    -72.459            0.019        19601.755      3.023      0.000      0.000    0.00000    0.05190          -72.03205      268.71386         7.118e-01 
  3537.557           5.293     -9.528    -72.459            0.019        19601.761      3.023      0.000      0.000    0.00000    0.05184          -72.08394      268.71543         7.132e-01 
  3538.557           5.275     -9.528    -72.459            0.019        19601.767      3.023      0.000      0.000    0.00000    0.05177          -72.13563      268.71687         7.146e-01 
  3539.557           5.257     -9.528    -72.459            0.019        19601.772      3.023      0.000      0.000    0.00000    0.05171          -72.18717      268.71820         7.160e-01 
  3540.557           5.239     -9.528    -72.460            0.019        19601.778      3.023      0.000      0.000    0.00000    0.05165          -72.23867      268.71949         7.174e-01 
  3541.557           5.221     -9.528    -72.460            0.019        19601.784      3.023      0.000      0.000    0.00000    0.05159          -72.29019      268.72075         7.188e-01 
  3542.557           5.203     -9.528    -72.460            0.019        19601.790      3.023      0.000      0.000    0.00000    0.05152          -72.34176      268.72201         7.202e-01 
  3543.557           5.185     -9.528    -72.460            0.019        19601.795      3.023      0.000      0.000    0.00000    0.05146          -72.39325      268.72320         7.216e-01 
  3544.557           5.167     -9.528    -72.460            0.019        19601.801      3.023      0.000      0.000    0.00000    0.05140          -72.44450      268.72423         7.231e-01 
  3545.557           5.149     -9.528    -72.460            0.019        19601.807      3.023      0.000      0.000    0.00000    0.05134          -72.49565      268.72518         7.245e-01 
  3546.557           5.131     -9.528    -72.460            0.019        19601.812      3.023      0.000      0.000    0.00000    0.05128          -72.54677      268.72609         7.259e-01 
  3547.557           5.113     -9.528    -72.460            0.019        19601.818      3.023      0.000      0.000    0.00000    0.05122          -72.59792      268.72699         7.273e-01 
  3548.557           5.096     -9.528    -72.460            0.019        19601.823      3.023      0.000      0.000    0.00000    0.05115          -72.64911      268.72787         7.287e-01 
  3549.557           5.078     -9.528    -72.460            0.019        19601.829      3.023      0.000      0.000    0.00000    0.05109          -72.70008      268.72860         7.301e-01 
  3550.557           5.060     -9.528    -72.460            0.019        19601.834      3.023      0.000      0.000    0.00000    0.05103          -72.75084      268.72921         7.315e-01 
  3551.557           5.042     -9.528    -72.460            0.019        19601.840      3.023      0.000      0.000    0.00000    0.05097          -72.80151      268.72974         7.329e-01 
  3552.557           5.025     -9.528    -72.460            0.019        19601.845      3.023      0.000      0.000    0.00000    0.05091          -72.85219      268.73024         7.343e-01 
  3553.557           5.007     -9.528    -72.460            0.019        19601.851      3.023      0.000      0.000    0.00000    0.05085          -72.90290      268.73072         7.357e-01 
  3554.557           4.989     -9.528    -72.460            0.019        19601.856      3.023      0.000      0.000    0.00000    0.05079          -72.95358      268.73116         7.371e-01 
  3555.557           4.971     -9.528    -72.460            0.018        19601.862      3.023      0.000      0.000    0.00000    0.05073          -73.00396      268.73141         7.385e-01 
  3556.557           4.954     -9.528    -72.460            0.018        19601.867      3.023      0.000      0.000    0.00000    0.05067          -73.05417      268.73155         7.399e-01 
  3557.557           4.936     -9.528    -72.460            0.018        19601.872      3.023      0.000      0.000    0.00000    0.05061          -73.10433      268.73163         7.413e-01 
  3558.557           4.919     -9.528    -72.460            0.018        19601.878      3.023      0.000      0.000    0.00000    0.05055          -73.15449      268.73168         7.428e-01 
  3559.557           4.901     -9.528    -72.460            0.018        19601.883      3.023      0.000      0.000    0.00000    0.05049          -73.20471      268.73172         7.442e-01 
  3560.557           4.883     -9.528    -72.461            0.018        19601.888      3.023      0.000      0.000    0.00000    0.05043          -73.25477      268.73164         7.456e-01 
  3561.557           4.866     -9.528    -72.461            0.018        19601.894      3.023      0.000      0.000    0.00000    0.05038          -73.30456      268.73139         7.470e-01 
  3562.557           4.848     -9.528    -72.461            0.018        19601.899      3.023      0.000      0.000    0.00000    0.05032          -73.35423      268.73105         7.484e-01 
  3563.557           4.831     -9.528    -72.461            0.018        19601.904      3.023      0.000      0.000    0.00000    0.05026          -73.40387      268.73066         7.498e-01 
  3564.557           4.813     -9.528    -72.461            0.018        19601.909      3.023      0.000      0.000    0.00000    0.05020          -73.45353      268.73025         7.512e-01 
  3565.557           4.796     -9.528    -72.461            0.018        19601.915      3.023      0.000      0.000    0.00000    0.05014          -73.50323      268.72981         7.526e-01 
  3566.557           4.778     -9.528    -72.461            0.018        19601.920      3.023      0.000      0.000    0.00000    0.05008          -73.55270      268.72920         7.540e-01 
  3567.557           4.761     -9.528    -72.461            0.018        19601.925      3.023      0.000      0.000    0.00000    0.05003          -73.60195      268.72846         7.555e-01 
  3568.557           4.744     -9.528    -72.461            0.018        19601.930      3.023      0.000      0.000    0.00000    0.04997          -73.65111      268.72763         7.569e-01 
  3569.557           4.726     -9.528    -72.461            0.018        19601.935      3.023      0.000      0.000    0.00000    0.04991          -73.70026      268.72676         7.583e-01 
  3570.557           4.709     -9.528    -72.461            0.018        19601.940      3.023      0.000      0.000    0.00000    0.04985          -73.74945      268.72586         7.597e-01 
  3571.557           4.691     -9.528    -72.461            0.018        19601.945      3.023      0.000      0.000    0.00000    0.04980          -73.79863      268.72492         7.611e-01 
  3572.557           4.674     -9.528    -72.461            0.018        19601.950      3.023      0.000      0.000    0.00000    0.04974          -73.84755      268.72379         7.625e-01 
  3573.557           4.657     -9.528    -72.461            0.018        19601.955      3.023      0.000      0.000    0.00000    0.04968          -73.89630      268.72254         7.639e-01 
  3574.557           4.640     -9.528    -72.461            0.018        19601.960      3.023      0.000      0.000    0.00000    0.04963          -73.94499      268.72121         7.654e-01 
  3575.557           4.622     -9.528    -72.461            0.018        19601.965      3.023      0.000      0.000    0.00000    0.04957          -73.99368      268.71985         7.668e-01 
  3576.557           4.605     -9.528    -72.461            0.018        19601.970      3.023      0.000      0.000    0.00000    0.04951          -74.04242      268.71845         7.682e-01 
  3577.557           4.588     -9.528    -72.461            0.018        19601.975      3.023      0.000      0.000    0.00000    0.04946          -74.09111      268.71699         7.696e-01 
  3578.557           4.571     -9.528    -72.461            0.018        19601.980      3.023      0.000      0.000    0.00000    0.04940          -74.13953      268.71533         7.710e-01 
  3579.557           4.553     -9.528    -72.461            0.018        19601.985      3.023      0.000      0.000    0.00000    0.04934          -74.18782      268.71357         7.724e-01 
  3580.557           4.536     -9.528    -72.461            0.018        19601.990      3.023      0.000      0.000    0.00000    0.04929          -74.23607      268.71173         7.739e-01 
  3581.557           4.519     -9.528    -72.462            0.018        19601.994      3.023      0.000      0.000    0.00000    0.04923          -74.28434      268.70986         7.753e-01 
  3582.557           4.502     -9.528    -72.462            0.018        19601.999      3.023      0.000      0.000    0.00000    0.04918          -74.33266      268.70797         7.767e-01 
  3583.557           4.485     -9.528    -72.462            0.018        19602.004      3.023      0.000      0.000    0.00000    0.04912          -74.38087      268.70596         7.781e-01 
  3584.557           4.468     -9.528    -72.462            0.018        19602.009      3.023      0.000      0.000    0.00000    0.04907          -74.42885      268.70377         7.795e-01 
  3585.557           4.451     -9.528    -72.462            0.018        19602.013      3.023      0.000      0.000    0.00000    0.04901          -74.47672      268.70148         7.810e-01 
  3586.557           4.434     -9.528    -72.462            0.018        19602.018      3.023      0.000      0.000    0.00000    0.04896          -74.52457      268.69913         7.824e-01 
  3587.557           4.417     -9.528    -72.462            0.018        19602.023      3.023      0.000      0.000    0.00000    0.04890          -74.57244      268.69674         7.838e-01 
  3588.557           4.400     -9.528    -72.462            0.018        19602.028      3.023      0.000      0.000    0.00000    0.04885          -74.62036      268.69432         7.852e-01 
  3589.557           4.383     -9.528    -72.462            0.018        19602.032      3.023      0.000      0.000    0.00000    0.04879          -74.66815      268.69177         7.866e-01 
  3590.557           4.366     -9.528    -72.462            0.018        19602.037      3.023      0.000      0.000    0.00000    0.04874          -74.71572      268.68904         7.881e-01 
  3591.557           4.349     -9.528    -72.462            0.018        19602.041      3.023      0.000      0.000    0.00000    0.04868          -74.76320      268.68622         7.895e-01 
  3592.557           4.332     -9.528    -72.462            0.018        19602.046      3.023      0.000      0.000    0.00000    0.04863          -74.81068      268.68334         7.909e-01 
  3593.557           4.315     -9.528    -72.462            0.018        19602.051      3.023      0.000      0.000    0.00000    0.04858          -74.85818      268.68041         7.923e-01 
  3594.557           4.298     -9.528    -72.462            0.017        19602.055      3.023      0.000      0.000    0.00000    0.04852          -74.90574      268.67746         7.938e-01 
  3595.557           4.281     -9.528    -72.462            0.017        19602.060      3.023      0.000      0.000    0.00000    0.04847          -74.95313      268.67434         7.952e-01 
  3596.557           4.264     -9.528    -72.462            0.017        19602.064      3.023      0.000      0.000    0.00000    0.04841          -75.00034      268.67107         7.966e-01 
  3597.557           4.247     -9.528    -72.462            0.017        19602.069      3.023      0.000      0.000    0.00000    0.04836          -75.04747      268.66770         7.980e-01 
  3598.557           4.231     -9.528    -72.462            0.017        19602.073      3.023      0.000      0.000    0.00000    0.04831          -75.09461      268.66427         7.994e-01 
  3599.557           4.214     -9.528    -72.462            0.017        19602.078      3.023      0.000      0.000    0.00000    0.04825          -75.14177      268.66080         8.009e-01 
  3600.557           4.197     -9.528    -72.462            0.017        19602.082      3.023      0.000      0.000    0.00000    0.04820          -75.18899      268.65729         8.023e-01 
  3601.557           4.180     -9.528    -72.462            0.017        19602.087      3.023      0.000      0.000    0.00000    0.04815          -75.23604      268.65362         8.037e-01 
  3602.557           4.163     -9.528    -72.462            0.017        19602.091      3.023      0.000      0.000    0.00000    0.04810          -75.28292      268.64979         8.051e-01 
  3603.557           4.147     -9.528    -72.462            0.017        19602.095      3.023      0.000      0.000    0.00000    0.04804          -75.32974      268.64586         8.066e-01 
  3604.557           4.130     -9.528    -72.462            0.017        19602.100      3.023      0.000      0.000    0.00000    0.04799          -75.37656      268.64187         8.080e-01 
  3605.557           4.113     -9.528    -72.463            0.017        19602.104      3.023      0.000      0.000    0.00000    0.04794          -75.42342      268.63783         8.094e-01 
  3606.557           4.097     -9.528    -72.463            0.017        19602.108      3.023      0.000      0.000    0.00000    0.04789          -75.47033      268.63376         8.109e-01 
  3607.557           4.080     -9.528    -72.463            0.017        19602.113      3.023      0.000      0.000    0.00000    0.04783          -75.51708      268.62951         8.123e-01 
  3608.557           4.063     -9.528    -72.463            0.017        19602.117      3.023      0.000      0.000    0.00000    0.04778          -75.56367      268.62511         8.137e-01 
  3609.557           4.047     -9.528    -72.463            0.017        19602.121      3.023      0.000      0.000    0.00000    0.04773          -75.61021      268.62061         8.151e-01 
  3610.557           4.030     -9.528    -72.463            0.017        19602.126      3.023      0.000      0.000    0.00000    0.04768          -75.65676      268.61604         8.166e-01 
  3611.557           4.014     -9.528    -72.463            0.017        19602.130      3.023      0.000      0.000    0.00000    0.04763          -75.70334      268.61143         8.180e-01 
  3612.557           3.997     -9.528    -72.463            0.017        19602.134      3.023      0.000      0.000    0.00000    0.04758          -75.74997      268.60677         8.194e-01 
  3613.557           3.980     -9.528    -72.463            0.017        19602.138      3.023      0.000      0.000    0.00000    0.04753          -75.79646      268.60194         8.209e-01 
  3614.557           3.964     -9.528    -72.463            0.017        19602.142      3.023      0.000      0.000    0.00000    0.04747          -75.84280      268.59695         8.223e-01 
  3615.557           3.947     -9.528    -72.463            0.017        19602.146      3.023      0.000      0.000    0.00000    0.04742          -75.88909      268.59186         8.237e-01 
  3616.557           3.931     -9.528    -72.463            0.017        19602.151      3.023      0.000      0.000    0.00000    0.04737          -75.93540      268.58671         8.251e-01 
  3617.557           3.914     -9.528    -72.463            0.017        19602.155      3.023      0.000      0.000    0.00000    0.04732          -75.98173      268.58149         8.266e-01 
  3618.557           3.898     -9.528    -72.463            0.017        19602.159      3.023      0.000      0.000    0.00000    0.04727          -76.02813      268.57624         8.280e-01 
  3619.557           3.882     -9.528    -72.463            0.017        19602.163      3.023      0.000      0.000    0.00000    0.04722          -76.07440      268.57081         8.294e-01 
  3620.557           3.865     -9.528    -72.463            0.017        19602.167      3.023      0.000      0.000    0.00000    0.04717          -76.12052      268.56523         8.309e-01 
  3621.557           3.849     -9.528    -72.463            0.017        19602.171      3.023      0.000      0.000    0.00000    0.04712          -76.16661      268.55954         8.323e-01 
  3622.557           3.832     -9.528    -72.463            0.017        19602.175      3.023      0.000      0.000    0.00000    0.04707          -76.21270      268.55377         8.337e-01 
  3623.557           3.816     -9.528    -72.463            0.017        19602.179      3.023      0.000      0.000    0.00000    0.04702          -76.25882      268.54794         8.352e-01 
  3624.557           3.800     -9.528    -72.463            0.017        19602.183      3.023      0.000      0.000    0.00000    0.04697          -76.30500      268.54206         8.366e-01 
  3625.557           3.783     -9.528    -72.463            0.017        19602.187      3.023      0.000      0.000    0.00000    0.04692          -76.35110      268.53604         8.380e-01 
  3626.557           3.767     -9.528    -72.463            0.017        19602.191      3.023      0.000      0.000    0.00000    0.04687          -76.39705      268.52984         8.395e-01 
  3627.557           3.751     -9.528    -72.463            0.017        19602.195      3.023      0.000      0.000    0.00000    0.04682          -76.44295      268.52352         8.409e-01 
  3628.557           3.734     -9.528    -72.463            0.017        19602.199      3.023      0.000      0.000    0.00000    0.04677          -76.48887      268.51713         8.423e-01 
  3629.557           3.718     -9.528    -72.463            0.017        19602.203      3.023      0.000      0.000    0.00000    0.04672          -76.53482      268.51066         8.438e-01 
  3630.557           3.702     -9.528    -72.463            0.017        19602.207      3.023      0.000      0.000    0.00000    0.04668          -76.58082      268.50415         8.452e-01 
  3631.557           3.686     -9.528    -72.463            0.017        19602.210      3.023      0.000      0.000    0.00000    0.04663          -76.62677      268.49750         8.466e-01 
  3632.557           3.670     -9.528    -72.464            0.017        19602.214      3.023      0.000      0.000    0.00000    0.04658          -76.67259      268.49067         8.481e-01 
  3633.557           3.653     -9.528    -72.464            0.017        19602.218      3.023      0.000      0.000    0.00000    0.04653          -76.71835      268.48372         8.495e-01 
  3634.557           3.637     -9.528    -72.464            0.017        19602.222      3.023      0.000      0.000    0.00000    0.04648          -76.76412      268.47667         8.510e-01 
  3635.557           3.621     -9.528    -72.464            0.017        19602.226      3.023      0.000      0.000    0.00000    0.04643          -76.80993      268.46956         8.524e-01 
  3636.557           3.605     -9.528    -72.464            0.017        19602.229      3.023      0.000      0.000    0.00000    0.04638          -76.85578      268.46237         8.538e-01 
  3637.557           3.589     -9.528    -72.464            0.017        19602.233      3.023      0.000      0.000    0.00000    0.04634          -76.90164      268.45509         8.553e-01 
  3638.557           3.573     -9.528    -72.464            0.017        19602.237      3.023      0.000      0.000    0.00000    0.04629          -76.94735      268.44761         8.567e-01 
  3639.557           3.557     -9.528    -72.464            0.017        19602.241      3.023      0.000      0.000    0.00000    0.04624          -76.99301      268.44000         8.581e-01 
  3640.557           3.541     -9.528    -72.464            0.016        19602.244      3.023      0.000      0.000    0.00000    0.04619          -77.03868      268.43228         8.596e-01 
  3641.557           3.524     -9.528    -72.464            0.016        19602.248      3.023      0.000      0.000    0.00000    0.04614          -77.08437      268.42449         8.610e-01 
  3642.557           3.508     -9.528    -72.464            0.016        19602.252      3.023      0.000      0.000    0.00000    0.04610          -77.13012      268.41662         8.625e-01 
  3643.557           3.492     -9.528    -72.464            0.016        19602.255      3.023      0.000      0.000    0.00000    0.04605          -77.17589      268.40867         8.639e-01 
  3644.557           3.476     -9.528    -72.464            0.016        19602.259      3.023      0.000      0.000    0.00000    0.04600          -77.22155      268.40052         8.653e-01 
  3645.557           3.460     -9.528    -72.464            0.016        19602.263      3.023      0.000      0.000    0.00000    0.04596          -77.26715      268.39223         8.668e-01 
  3646.557           3.444     -9.528    -72.464            0.016        19602.266      3.023      0.000      0.000    0.00000    0.04591          -77.31274      268.38382         8.682e-01 
  3647.557           3.428     -9.528    -72.464            0.016        19602.270      3.023      0.000      0.000    0.00000    0.04586          -77.35836      268.37533         8.697e-01 
  3648.557           3.413     -9.528    -72.464            0.016        19602.273      3.023      0.000      0.000    0.00000    0.04581          -77.40403      268.36675         8.711e-01 
  3649.557           3.397     -9.528    -72.464            0.016        19602.277      3.023      0.000      0.000    0.00000    0.04577          -77.44975      268.35810         8.726e-01 
  3650.557           3.381     -9.528    -72.464            0.016        19602.280      3.023      0.000      0.000    0.00000    0.04572          -77.49540      268.34927         8.740e-01 
  3651.557           3.365     -9.528    -72.464            0.016        19602.284      3.023      0.000      0.000    0.00000    0.04567          -77.54097      268.34027         8.754e-01 
  3652.557           3.349     -9.528    -72.464            0.016        19602.287      3.023      0.000      0.000    0.00000    0.04563          -77.58653      268.33115         8.769e-01 
  3653.557           3.333     -9.528    -72.464            0.016        19602.291      3.023      0.000      0.000    0.00000    0.04558          -77.63211      268.32192         8.783e-01 
  3654.557           3.317     -9.528    -72.464            0.016        19602.294      3.023      0.000      0.000    0.00000    0.04554          -77.67774      268.31261         8.798e-01 
  3655.557           3.301     -9.528    -72.464            0.016        19602.298      3.023      0.000      0.000    0.00000    0.04549          -77.72343      268.30322         8.812e-01 
  3656.557           3.286     -9.528    -72.464            0.016        19602.301      3.023      0.000      0.000    0.00000    0.04544          -77.76910      268.29368         8.827e-01 
  3657.557           3.270     -9.528    -72.464            0.016        19602.305      3.023      0.000      0.000    0.00000    0.04540          -77.81468      268.28395         8.841e-01 
  3658.557           3.254     -9.528    -72.464            0.016        19602.308      3.023      0.000      0.000    0.00000    0.04535          -77.86025      268.27408         8.855e-01 
  3659.557           3.238     -9.528    -72.464            0.016        19602.312      3.023      0.000      0.000    0.00000    0.04531          -77.90584      268.26410         8.870e-01 
  3660.557           3.223     -9.528    -72.464            0.016        19602.315      3.023      0.000      0.000    0.00000    0.04526          -77.95147      268.25403         8.884e-01 
  3661.557           3.207     -9.528    -72.464            0.016        19602.318      3.023      0.000      0.000    0.00000    0.04522          -77.99715      268.24386         8.899e-01 
  3662.557           3.191     -9.528    -72.464            0.016        19602.322      3.023      0.000      0.000    0.00000    0.04517          -78.04286      268.23357         8.913e-01 
  3663.557           3.176     -9.528    -72.465            0.016        19602.325      3.023      0.000      0.000    0.00000    0.04513          -78.08850      268.22309         8.928e-01 
  3664.557           3.160     -9.528    -72.465            0.016        19602.328      3.023      0.000      0.000    0.00000    0.04508          -78.13412      268.21245         8.942e-01 
  3665.557           3.144     -9.528    -72.465            0.016        19602.331      3.023      0.000      0.000    0.00000    0.04504          -78.17975      268.20168         8.957e-01 
  3666.557           3.129     -9.528    -72.465            0.016        19602.335      3.023      0.000      0.000    0.00000    0.04499          -78.22541      268.19080         8.971e-01 
  3667.557           3.113     -9.528    -72.465            0.016        19602.338      3.023      0.000      0.000    0.00000    0.04495          -78.27113      268.17982         8.986e-01 
  3668.557           3.097     -9.528    -72.465            0.016        19602.341      3.023      0.000      0.000    0.00000    0.04490          -78.31691      268.16874         9.000e-01 
  3669.557           3.082     -9.528    -72.465            0.016        19602.344      3.023      0.000      0.000    0.00000    0.04486          -78.36264      268.15747         9.015e-01 
  3670.557           3.066     -9.528    -72.465            0.016        19602.348      3.023      0.000      0.000    0.00000    0.04481          -78.40834      268.14602         9.029e-01 
  3671.557           3.051     -9.528    -72.465            0.016        19602.351      3.023      0.000      0.000    0.00000    0.04477          -78.45405      268.13443         9.043e-01 
  3672.557           3.035     -9.528    -72.465            0.016        19602.354      3.023      0.000      0.000    0.00000    0.04472          -78.49979      268.12272         9.058e-01 
  3673.557           3.020     -9.528    -72.465            0.016        19602.357      3.023      0.000      0.000    0.00000    0.04468          -78.54559      268.11089         9.072e-01 
  3674.557           3.004     -9.528    -72.465            0.016        19602.360      3.023      0.000      0.000    0.00000    0.04464          -78.59144      268.09895         9.087e-01 
  3675.557           2.989     -9.528    -72.465            0.016        19602.363      3.023      0.000      0.000    0.00000    0.04459          -78.63731      268.08687         9.101e-01 
  3676.557           2.973     -9.528    -72.465            0.016        19602.366      3.023      0.000      0.000    0.00000    0.04455          -78.68313      268.07458         9.116e-01 
  3677.557           2.958     -9.528    -72.465            0.016        19602.370      3.023      0.000      0.000    0.00000    0.04450          -78.72896      268.06212         9.130e-01 
  3678.557           2.942     -9.528    -72.465            0.016        19602.373      3.023      0.000      0.000    0.00000    0.04446          -78.77482      268.04953         9.145e-01 
  3679.557           2.927     -9.528    -72.465            0.016        19602.376      3.023      0.000      0.000    0.00000    0.04442          -78.82073      268.03681         9.159e-01 
  3680.557           2.911     -9.528    -72.465            0.016        19602.379      3.023      0.000      0.000    0.00000    0.04437          -78.86669      268.02397         9.174e-01 
  3681.557           2.896     -9.528    -72.465            0.016        19602.382      3.023      0.000      0.000    0.00000    0.04433          -78.91270      268.01100         9.189e-01 
  3682.557           2.880     -9.528    -72.465            0.016        19602.385      3.023      0.000      0.000    0.00000    0.04429          -78.95870      267.99783         9.203e-01 
  3683.557           2.865     -9.528    -72.465            0.016        19602.388      3.023      0.000      0.000    0.00000    0.04424          -79.00469      267.98447         9.218e-01 
  3684.557           2.850     -9.528    -72.465            0.016        19602.391      3.023      0.000      0.000    0.00000    0.04420          -79.05071      267.97095         9.232e-01 
  3685.557           2.834     -9.528    -72.465            0.016        19602.394      3.023      0.000      0.000    0.00000    0.04416          -79.09676      267.95730         9.247e-01 
  3686.557           2.819     -9.528    -72.465            0.016        19602.397      3.023      0.000      0.000    0.00000    0.04412          -79.14288      267.94350         9.261e-01 
  3687.557           2.804     -9.528    -72.465            0.016        19602.400      3.023      0.000      0.000    0.00000    0.04407          -79.18904      267.92957         9.276e-01 
  3688.557           2.788     -9.528    -72.465            0.016        19602.402      3.023      0.000      0.000    0.00000    0.04403          -79.23525      267.91548         9.290e-01 
  3689.557           2.773     -9.528    -72.465            0.016        19602.405      3.023      0.000      0.000    0.00000    0.04399          -79.28144      267.90117         9.305e-01 
  3690.557           2.758     -9.528    -72.465            0.016        19602.408      3.023      0.000      0.000    0.00000    0.04395          -79.32765      267.88667         9.319e-01 
  3691.557           2.743     -9.528    -72.465            0.016        19602.411      3.023      0.000      0.000    0.00000    0.04390          -79.37391      267.87202         9.334e-01 
  3692.557           2.727     -9.528    -72.465            0.015        19602.414      3.023      0.000      0.000    0.00000    0.04386          -79.42021      267.85721         9.348e-01 
  3693.557           2.712     -9.528    -72.465            0.015        19602.417      3.023      0.000      0.000    0.00000    0.04382          -79.46657      267.84226         9.363e-01 
  3694.557           2.697     -9.528    -72.465            0.015        19602.420      3.023      0.000      0.000    0.00000    0.04378          -79.51299      267.82716         9.378e-01 
  3695.557           2.682     -9.528    -72.465            0.015        19602.422      3.023      0.000      0.000    0.00000    0.04374          -79.55942      267.81184         9.392e-01 
  3696.557           2.667     -9.528    -72.465            0.015        19602.425      3.023      0.000      0.000    0.00000    0.04369          -79.60587      267.79631         9.407e-01 
  3697.557           2.652     -9.528    -72.465            0.015        19602.428      3.023      0.000      0.000    0.00000    0.04365          -79.65236      267.78060         9.421e-01 
  3698.557           2.636     -9.528    -72.465            0.015        19602.431      3.023      0.000      0.000    0.00000    0.04361          -79.69889      267.76472         9.436e-01 
  3699.557           2.621     -9.528    -72.466            0.015        19602.433      3.023      0.000      0.000    0.00000    0.04357          -79.74549      267.74868         9.450e-01 
  3700.557           2.606     -9.528    -72.466            0.015        19602.436      3.023      0.000      0.000    0.00000    0.04353          -79.79213      267.73247         9.465e-01 
  3701.557           2.591     -9.528    -72.466            0.015        19602.439      3.023      0.000      0.000    0.00000    0.04349          -79.83884      267.71609         9.479e-01 
  3702.557           2.576     -9.528    -72.466            0.015        19602.442      3.023      0.000      0.000    0.00000    0.04344          -79.88556      267.69946         9.494e-01 
  3703.557           2.561     -9.528    -72.466            0.015        19602.444      3.023      0.000      0.000    0.00000    0.04340          -79.93232      267.68262         9.509e-01 
  3704.557           2.546     -9.528    -72.466            0.015        19602.447      3.023      0.000      0.000    0.00000    0.04336          -79.97914      267.66560         9.523e-01 
  3705.557           2.531     -9.528    -72.466            0.015        19602.450      3.023      0.000      0.000    0.00000    0.04332          -80.02600      267.64838         9.538e-01 
  3706.557           2.516     -9.528    -72.466            0.015        19602.452      3.023      0.000      0.000    0.00000    0.04328          -80.07292      267.63099         9.552e-01 
  3707.557           2.501     -9.528    -72.466            0.015        19602.455      3.023      0.000      0.000    0.00000    0.04324          -80.11990      267.61342         9.567e-01 
  3708.557           2.486     -9.528    -72.466            0.015        19602.457      3.023      0.000      0.000    0.00000    0.04320          -80.16694      267.59562         9.582e-01 
  3709.557           2.471     -9.528    -72.466            0.015        19602.460      3.023      0.000      0.000    0.00000    0.04316          -80.21401      267.57758         9.596e-01 
  3710.557           2.456     -9.528    -72.466            0.015        19602.463      3.023      0.000      0.000    0.00000    0.04312          -80.26114      267.55932         9.611e-01 
  3711.557           2.441     -9.528    -72.466            0.015        19602.465      3.023      0.000      0.000    0.00000    0.04308          -80.30832      267.54086         9.625e-01 
  3712.557           2.426     -9.528    -72.466            0.015        19602.468      3.023      0.000      0.000    0.00000    0.04304          -80.35555      267.52219         9.640e-01 
  3713.557           2.411     -9.528    -72.466            0.015        19602.470      3.023      0.000      0.000    0.00000    0.04300          -80.40285      267.50332         9.655e-01 
  3714.557           2.396     -9.528    -72.466            0.015        19602.473      3.023      0.000      0.000    0.00000    0.04296          -80.45020      267.48424         9.669e-01 
  3715.557           2.381     -9.528    -72.466            0.015        19602.475      3.023      0.000      0.000    0.00000    0.04292          -80.49762      267.46490         9.684e-01 
  3716.557           2.366     -9.528    -72.466            0.015        19602.478      3.023      0.000      0.000    0.00000    0.04288          -80.54510      267.44532         9.698e-01 
  3717.557           2.352     -9.528    -72.466            0.015        19602.480      3.023      0.000      0.000    0.00000    0.04284          -80.59263      267.42549         9.713e-01 
  3718.557           2.337     -9.528    -72.466            0.015        19602.483      3.023      0.000      0.000    0.00000    0.04280          -80.64023      267.40544         9.728e-01 
  3719.557           2.322     -9.528    -72.466            0.015        19602.485      3.023      0.000      0.000    0.00000    0.04276          -80.68788      267.38517         9.742e-01 
  3720.557           2.307     -9.528    -72.466            0.015        19602.488      3.023      0.000      0.000    0.00000    0.04272          -80.73559      267.36467         9.757e-01 
  3721.557           2.292     -9.528    -72.466            0.015        19602.490      3.023      0.000      0.000    0.00000    0.04268          -80.78337      267.34392         9.771e-01 
  3722.557           2.277     -9.528    -72.466            0.015        19602.492      3.023      0.000      0.000    0.00000    0.04264          -80.83122      267.32290         9.786e-01 
  3723.557           2.263     -9.528    -72.466            0.015        19602.495      3.023      0.000      0.000    0.00000    0.04260          -80.87915      267.30160         9.801e-01 
  3724.557           2.248     -9.528    -72.466            0.015        19602.497      3.023      0.000      0.000    0.00000    0.04256          -80.92714      267.28005         9.815e-01 
  3725.557           2.233     -9.528    -72.466            0.015        19602.499      3.023      0.000      0.000    0.00000    0.04252          -80.97519      267.25824         9.830e-01 
  3726.557           2.218     -9.528    -72.466            0.015        19602.502      3.023      0.000      0.000    0.00000    0.04248          -81.02330      267.23618         9.845e-01 
  3727.557           2.204     -9.528    -72.466            0.015        19602.504      3.023      0.000      0.000    0.00000    0.04244          -81.07148      267.21387         9.859e-01 
  3728.557           2.189     -9.528    -72.466            0.015        19602.506      3.023      0.000      0.000    0.00000    0.04241          -81.11973      267.19127         9.874e-01 
  3729.557           2.174     -9.528    -72.466            0.015        19602.509      3.023      0.000      0.000    0.00000    0.04237          -81.16807      267.16837         9.889e-01 
  3730.557           2.160     -9.528    -72.466            0.015        19602.511      3.023      0.000      0.000    0.00000    0.04233          -81.21649      267.14518         9.903e-01 
  3731.557           2.145     -9.528    -72.466            0.015        19602.513      3.023      0.000      0.000    0.00000    0.04229          -81.26498      267.12169         9.918e-01 
  3732.557           2.130     -9.528    -72.466            0.015        19602.515      3.023      0.000      0.000    0.00000    0.04225          -81.31354      267.09792         9.933e-01 
  3733.557           2.116     -9.528    -72.466            0.015        19602.518      3.023      0.000      0.000    0.00000    0.04221          -81.36216      267.07387         9.947e-01 
  3734.557           2.101     -9.528    -72.466            0.015        19602.520      3.023      0.000      0.000    0.00000    0.04217          -81.41083      267.04952         9.962e-01 
  3735.557           2.087     -9.528    -72.466            0.015        19602.522      3.023      0.000      0.000    0.00000    0.04214          -81.45960      267.02485         9.976e-01 
  3736.557           2.072     -9.528    -72.466            0.015        19602.524      3.023      0.000      0.000    0.00000    0.04210          -81.50848      266.99984         9.991e-01 
  3737.557           2.057     -9.528    -72.466            0.015        19602.526      3.023      0.000      0.000    0.00000    0.04206          -81.55745      266.97451         1.001e+00 
  3738.557           2.043     -9.528    -72.466            0.015        19602.529      3.023      0.000      0.000    0.00000    0.04202          -81.60649      266.94886         1.002e+00 
  3739.557           2.028     -9.528    -72.466            0.015        19602.531      3.023      0.000      0.000    0.00000    0.04198          -81.65559      266.92287         1.004e+00 
  3740.557           2.014     -9.528    -72.466            0.015        19602.533      3.023      0.000      0.000    0.00000    0.04195          -81.70475      266.89656         1.005e+00 
  3741.557           1.999     -9.528    -72.466            0.015        19602.535      3.023      0.000      0.000    0.00000    0.04191          -81.75398      266.86992         1.006e+00 
  3742.557           1.985     -9.528    -72.466            0.015        19602.537      3.023      0.000      0.000    0.00000    0.04187          -81.80332      266.84290         1.008e+00 
  3743.557           1.970     -9.528    -72.466            0.015        19602.539      3.023      0.000      0.000    0.00000    0.04183          -81.85278      266.81552         1.009e+00 
  3744.557           1.956     -9.528    -72.466            0.015        19602.541      3.023      0.000      0.000    0.00000    0.04180          -81.90234      266.78777         1.011e+00 
  3745.557           1.941     -9.528    -72.467            0.015        19602.543      3.023      0.000      0.000    0.00000    0.04176          -81.95197      266.75964         1.012e+00 
  3746.557           1.927     -9.528    -72.467            0.015        19602.545      3.023      0.000      0.000    0.00000    0.04172          -82.00166      266.73114         1.014e+00 
  3747.557           1.912     -9.528    -72.467            0.015        19602.547      3.023      0.000      0.000    0.00000    0.04168          -82.05142      266.70226         1.015e+00 
  3748.557           1.898     -9.528    -72.467            0.015        19602.549      3.023      0.000      0.000    0.00000    0.04165          -82.10123      266.67300         1.017e+00 
  3749.557           1.884     -9.528    -72.467            0.015        19602.551      3.023      0.000      0.000    0.00000    0.04161          -82.15119      266.64331         1.018e+00 
  3750.557           1.869     -9.528    -72.467            0.015        19602.553      3.023      0.000      0.000    0.00000    0.04157          -82.20129      266.61321         1.020e+00 
  3751.557           1.855     -9.528    -72.467            0.015        19602.555      3.023      0.000      0.000    0.00000    0.04154          -82.25147      266.58268         1.021e+00 
  3752.557           1.840     -9.528    -72.467            0.014        19602.557      3.023      0.000      0.000    0.00000    0.04150          -82.30174      266.55173         1.023e+00 
  3753.557           1.826     -9.528    -72.467            0.014        19602.559      3.023      0.000      0.000    0.00000    0.04146          -82.35207      266.52034         1.024e+00 
  3754.557           1.812     -9.528    -72.467            0.014        19602.561      3.023      0.000      0.000    0.00000    0.04143          -82.40246      266.48851         1.026e+00 
  3755.557           1.797     -9.528    -72.467            0.014        19602.563      3.023      0.000      0.000    0.00000    0.04139          -82.45292      266.45622         1.027e+00 
  3756.557           1.783     -9.528    -72.467            0.014        19602.565      3.023      0.000      0.000    0.00000    0.04135          -82.50354      266.42347         1.028e+00 
  3757.557           1.769     -9.528    -72.467            0.014        19602.567      3.023      0.000      0.000    0.00000    0.04132          -82.55430      266.39022         1.030e+00 
  3758.557           1.755     -9.528    -72.467            0.014        19602.569      3.023      0.000      0.000    0.00000    0.04128          -82.60517      266.35648         1.031e+00 
  3759.557           1.740     -9.528    -72.467            0.014        19602.570      3.023      0.000      0.000    0.00000    0.04124          -82.65611      266.32225         1.033e+00 
  3760.557           1.726     -9.528    -72.467            0.014        19602.572      3.023      0.000      0.000    0.00000    0.04121          -82.70713      266.28751         1.034e+00 
  3761.557           1.712     -9.528    -72.467            0.014        19602.574      3.023      0.000      0.000    0.00000    0.04117          -82.75820      266.25225         1.036e+00 
  3762.557           1.698     -9.528    -72.467            0.014        19602.576      3.023      0.000      0.000    0.00000    0.04114          -82.80934      266.21646         1.037e+00 
  3763.557           1.683     -9.528    -72.467            0.014        19602.578      3.023      0.000      0.000    0.00000    0.04110          -82.86066      266.18012         1.039e+00 
  3764.557           1.669     -9.528    -72.467            0.014        19602.579      3.023      0.000      0.000    0.00000    0.04106          -82.91214      266.14321         1.040e+00 
  3765.557           1.655     -9.528    -72.467            0.014        19602.581      3.023      0.000      0.000    0.00000    0.04103          -82.96372      266.10572         1.042e+00 
  3766.557           1.641     -9.528    -72.467            0.014        19602.583      3.023      0.000      0.000    0.00000    0.04099          -83.01539      266.06765         1.043e+00 
  3767.557           1.627     -9.528    -72.467            0.014        19602.585      3.023      0.000      0.000    0.00000    0.04096          -83.06714      266.02897         1.045e+00 
  3768.557           1.613     -9.528    -72.467            0.014        19602.586      3.023      0.000      0.000    0.00000    0.04092          -83.11894      265.98969         1.046e+00 
  3769.557           1.598     -9.528    -72.467            0.014        19602.588      3.023      0.000      0.000    0.00000    0.04089          -83.17081      265.94977         1.048e+00 
  3770.557           1.584     -9.528    -72.467            0.014        19602.590      3.023      0.000      0.000    0.00000    0.04085          -83.22286      265.90920         1.049e+00 
  3771.557           1.570     -9.528    -72.467            0.014        19602.591      3.023      0.000      0.000    0.00000    0.04081          -83.27509      265.86797         1.051e+00 
  3772.557           1.556     -9.528    -72.467            0.014        19602.593      3.023      0.000      0.000    0.00000    0.04078          -83.32745      265.82604         1.052e+00 
  3773.557           1.542     -9.528    -72.467            0.014        19602.595      3.023      0.000      0.000    0.00000    0.04074          -83.37989      265.78342         1.054e+00 
  3774.557           1.528     -9.528    -72.467            0.014        19602.596      3.023      0.000      0.000    0.00000    0.04071          -83.43240      265.74008         1.055e+00 
  3775.557           1.514     -9.528    -72.467            0.014        19602.598      3.023      0.000      0.000    0.00000    0.04067          -83.48498      265.69600         1.056e+00 
  3776.557           1.500     -9.528    -72.467            0.014        19602.599      3.023      0.000      0.000    0.00000    0.04064          -83.53761      265.65118         1.058e+00 
  3777.557           1.486     -9.528    -72.467            0.014        19602.601      3.023      0.000      0.000    0.00000    0.04060          -83.59043      265.60557         1.059e+00 
  3778.557           1.472     -9.528    -72.467            0.014        19602.603      3.023      0.000      0.000    0.00000    0.04057          -83.64346      265.55915         1.061e+00 
  3779.557           1.458     -9.528    -72.467            0.014        19602.604      3.023      0.000      0.000    0.00000    0.04053          -83.69662      265.51191         1.062e+00 
  3780.557           1.444     -9.528    -72.467            0.014        19602.606      3.023      0.000      0.000    0.00000    0.04050          -83.74988      265.46383         1.064e+00 
  3781.557           1.430     -9.528    -72.467            0.014        19602.607      3.023      0.000      0.000    0.00000    0.04047          -83.80320      265.41487         1.065e+00 
  3782.557           1.416     -9.528    -72.467            0.014        19602.609      3.023      0.000      0.000    0.00000    0.04043          -83.85660      265.36503         1.067e+00 
  3783.557           1.402     -9.528    -72.467            0.014        19602.610      3.023      0.000      0.000    0.00000    0.04040          -83.91005      265.31427         1.068e+00 
  3784.557           1.388     -9.528    -72.467            0.014        19602.612      3.023      0.000      0.000    0.00000    0.04036          -83.96367      265.26256         1.070e+00 
  3785.557           1.374     -9.528    -72.467            0.014        19602.613      3.023      0.000      0.000    0.00000    0.04033          -84.01752      265.20987         1.071e+00 
  3786.557           1.360     -9.529    -72.467            0.014        19602.615      3.023      0.000      0.000    0.00000    0.04029          -84.07153      265.15617         1.073e+00 
  3787.557           1.346     -9.529    -72.467            0.014        19602.616      3.023      0.000      0.000    0.00000    0.04026          -84.12564      265.10143         1.074e+00 
  3788.557           1.332     -9.529    -72.467            0.014        19602.618      3.023      0.000      0.000    0.00000    0.04023          -84.17983      265.04563         1.076e+00 
  3789.557           1.319     -9.529    -72.467            0.014        19602.619      3.023      0.000      0.000    0.00000    0.04019          -84.23408      264.98873         1.077e+00 
  3790.557           1.305     -9.529    -72.467            0.014        19602.620      3.023      0.000      0.000    0.00000    0.04016          -84.28839      264.93070         1.079e+00 
  3791.557           1.291     -9.529    -72.467            0.014        19602.622      3.023      0.000      0.000    0.00000    0.04012          -84.34283      264.87150         1.080e+00 
  3792.557           1.277     -9.529    -72.467            0.014        19602.623      3.023      0.000      0.000    0.00000    0.04009          -84.39755      264.81107         1.082e+00 
  3793.557           1.263     -9.529    -72.467            0.014        19602.624      3.023      0.000      0.000    0.00000    0.04006          -84.45244      264.74939         1.083e+00 
  3794.557           1.249     -9.529    -72.467            0.014        19602.626      3.023      0.000      0.000    0.00000    0.04002          -84.50744      264.68642         1.084e+00 
  3795.557           1.236     -9.529    -72.467            0.014        19602.627      3.023      0.000      0.000    0.00000    0.03999          -84.56253      264.62212         1.086e+00 
  3796.557           1.222     -9.529    -72.467            0.014        19602.628      3.023      0.000      0.000    0.00000    0.03996          -84.61768      264.55644         1.087e+00 
  3797.557           1.208     -9.529    -72.467            0.014        19602.630      3.023      0.000      0.000    0.00000    0.03992          -84.67290      264.48935         1.089e+00 
  3798.557           1.194     -9.529    -72.467            0.014        19602.631      3.023      0.000      0.000    0.00000    0.03989          -84.72820      264.42079         1.090e+00 
  3799.557           1.181     -9.529    -72.467            0.014        19602.632      3.023      0.000      0.000    0.00000    0.03986          -84.78379      264.35068         1.092e+00 
  3800.557           1.167     -9.529    -72.467            0.014        19602.633      3.023      0.000      0.000    0.00000    0.03982          -84.83960      264.27897         1.093e+00 
  3801.557           1.153     -9.529    -72.467            0.014        19602.635      3.023      0.000      0.000    0.00000    0.03979          -84.89553      264.20562         1.095e+00 
  3802.557           1.140     -9.529    -72.467            0.014        19602.636      3.023      0.000      0.000    0.00000    0.03976          -84.95155      264.13057         1.096e+00 
  3803.557           1.126     -9.529    -72.467            0.014        19602.637      3.023      0.000      0.000    0.00000    0.03972          -85.00764      264.05377         1.098e+00 
  3804.557           1.112     -9.529    -72.467            0.014        19602.638      3.023      0.000      0.000    0.00000    0.03969          -85.06380      263.97516         1.099e+00 
  3805.557           1.099     -9.529    -72.467            0.014        19602.639      3.023      0.000      0.000    0.00000    0.03966          -85.12001      263.89467         1.101e+00 
  3806.557           1.085     -9.529    -72.467            0.014        19602.641      3.023      0.000      0.000    0.00000    0.03962          -85.17648      263.81218         1.102e+00 
  3807.557           1.071     -9.529    -72.467            0.014        19602.642      3.023      0.000      0.000    0.00000    0.03959          -85.23322      263.72761         1.104e+00 
  3808.557           1.058     -9.529    -72.467            0.014        19602.643      3.023      0.000      0.000    0.00000    0.03956          -85.29011      263.64090         1.105e+00 
  3809.557           1.044     -9.529    -72.467            0.014        19602.644      3.023      0.000      0.000    0.00000    0.03953          -85.34710      263.55198         1.107e+00 
  3810.557           1.031     -9.529    -72.467            0.014        19602.645      3.023      0.000      0.000    0.00000    0.03949          -85.40417      263.46077         1.108e+00 
  3811.557           1.017     -9.529    -72.467            0.014        19602.646      3.023      0.000      0.000    0.00000    0.03946          -85.46129      263.36718         1.110e+00 
  3812.557           1.003     -9.529    -72.467            0.014        19602.647      3.023      0.000      0.000    0.00000    0.03943          -85.51847      263.27112         1.111e+00 
  3813.557           0.990     -9.529    -72.467            0.014        19602.648      3.023      0.000      0.000    0.00000    0.03940          -85.57582      263.17246         1.113e+00 
  3814.557           0.976     -9.529    -72.467            0.014        19602.649      3.023      0.000      0.000    0.00000    0.03936          -85.63350      263.07099         1.114e+00 
  3815.557           0.963     -9.529    -72.467            0.014        19602.650      3.023      0.000      0.000    0.00000    0.03933          -85.69136      262.96666         1.116e+00 
  3816.557           0.949     -9.529    -72.467            0.014        19602.651      3.023      0.000      0.000    0.00000    0.03930          -85.74935      262.85937         1.117e+00 
  3817.557           0.936     -9.529    -72.467            0.014        19602.652      3.023      0.000      0.000    0.00000    0.03927          -85.80741      262.74900         1.118e+00 
  3818.557           0.922     -9.529    -72.468            0.014        19602.653      3.023      0.000      0.000    0.00000    0.03924          -85.86553      262.63542         1.120e+00 
  3819.557           0.909     -9.529    -72.468            0.014        19602.654      3.023      0.000      0.000    0.00000    0.03920          -85.92371      262.51851         1.121e+00 
  3820.557           0.895     -9.529    -72.468            0.013        19602.655      3.023      0.000      0.000    0.00000    0.03917          -85.98197      262.39808         1.123e+00 
  3821.557           0.882     -9.529    -72.468            0.013        19602.656      3.023      0.000      0.000    0.00000    0.03914          -86.04056      262.27382         1.124e+00 
  3822.557           0.868     -9.529    -72.468            0.013        19602.657      3.023      0.000      0.000    0.00000    0.03911          -86.09940      262.14558         1.126e+00 
  3823.557           0.855     -9.529    -72.468            0.013        19602.658      3.023      0.000      0.000    0.00000    0.03908          -86.15839      262.01323         1.127e+00 
  3824.557           0.842     -9.529    -72.468            0.013        19602.659      3.023      0.000      0.000    0.00000    0.03905          -86.21746      261.87660         1.129e+00 
  3825.557           0.828     -9.529    -72.468            0.013        19602.660      3.023      0.000      0.000    0.00000    0.03901          -86.27660      261.73550         1.130e+00 
  3826.557           0.815     -9.529    -72.468            0.013        19602.661      3.023      0.000      0.000    0.00000    0.03898          -86.33578      261.58970         1.132e+00 
  3827.557           0.801     -9.529    -72.468            0.013        19602.662      3.023      0.000      0.000    0.00000    0.03895          -86.39501      261.43899         1.133e+00 
  3828.557           0.788     -9.529    -72.468            0.013        19602.662      3.023      0.000      0.000    0.00000    0.03892          -86.45446      261.28293         1.135e+00 
  3829.557           0.775     -9.529    -72.468            0.013        19602.663      3.023      0.000      0.000    0.00000    0.03889          -86.51425      261.12110         1.136e+00 
  3830.557           0.761     -9.529    -72.468            0.013        19602.664      3.023      0.000      0.000    0.00000    0.03886          -86.57422      260.95333         1.138e+00 
  3831.557           0.748     -9.529    -72.468            0.013        19602.665      3.023      0.000      0.000    0.00000    0.03883          -86.63429      260.77934         1.139e+00 
  3832.557           0.735     -9.529    -72.468            0.013        19602.666      3.023      0.000      0.000    0.00000    0.03880          -86.69442      260.59883         1.141e+00 
  3833.557           0.722     -9.529    -72.468            0.013        19602.666      3.023      0.000      0.000    0.00000    0.03876          -86.75461      260.41145         1.142e+00 
  3834.557           0.708     -9.529    -72.468            0.013        19602.667      3.023      0.000      0.000    0.00000    0.03873          -86.81482      260.21682         1.144e+00 
  3835.557           0.695     -9.529    -72.468            0.013        19602.668      3.023      0.000      0.000    0.00000    0.03870          -86.87511      260.01444         1.145e+00 
  3836.557           0.682     -9.529    -72.468            0.013        19602.669      3.023      0.000      0.000    0.00000    0.03867          -86.93575      259.80339         1.147e+00 
  3837.557           0.668     -9.529    -72.468            0.013        19602.669      3.023      0.000      0.000    0.00000    0.03864          -86.99664      259.58324         1.148e+00 
  3838.557           0.655     -9.529    -72.468            0.013        19602.670      3.023      0.000      0.000    0.00000    0.03861          -87.05766      259.35359         1.150e+00 
  3839.557           0.642     -9.529    -72.468            0.013        19602.671      3.023      0.000      0.000    0.00000    0.03858          -87.11875      259.11392         1.151e+00 
  3840.557           0.629     -9.529    -72.468            0.013        19602.671      3.023      0.000      0.000    0.00000    0.03855          -87.17987      258.86359         1.153e+00 
  3841.557           0.616     -9.529    -72.468            0.013        19602.672      3.023      0.000      0.000    0.00000    0.03852          -87.24101      258.60193         1.154e+00 
  3842.557           0.602     -9.529    -72.468            0.013        19602.672      3.023      0.000      0.000    0.00000    0.03849          -87.30215      258.32815         1.156e+00 
  3843.557           0.589     -9.529    -72.468            0.013        19602.673      3.023      0.000      0.000    0.00000    0.03846          -87.36347      258.04099         1.157e+00 
  3844.557           0.576     -9.529    -72.468            0.013        19602.674      3.023      0.000      0.000    0.00000    0.03843          -87.42514      257.73896         1.158e+00 
  3845.557           0.563     -9.529    -72.468            0.013        19602.674      3.023      0.000      0.000    0.00000    0.03840          -87.48698      257.42133         1.160e+00 
  3846.557           0.550     -9.529    -72.468            0.013        19602.675      3.023      0.000      0.000    0.00000    0.03837          -87.54888      257.08715         1.161e+00 
  3847.557           0.537     -9.529    -72.468            0.013        19602.675      3.023      0.000      0.000    0.00000    0.03834          -87.61079      256.73522         1.163e+00 
  3848.557           0.524     -9.529    -72.468            0.013        19602.676      3.023      0.000      0.000    0.00000    0.03831          -87.67269      256.36419         1.164e+00 
  3849.557           0.511     -9.529    -72.468            0.013        19602.676      3.023      0.000      0.000    0.00000    0.03828          -87.73455      255.97252         1.166e+00 
  3850.557           0.497     -9.529    -72.468            0.013        19602.677      3.023      0.000      0.000    0.00000    0.03825          -87.79638      255.55843         1.167e+00 
  3851.557           0.484     -9.529    -72.468            0.013        19602.677      3.023      0.000      0.000    0.00000    0.03822          -87.85850      255.11855         1.169e+00 
  3852.557           0.471     -9.529    -72.468            0.013        19602.678      3.023      0.000      0.000    0.00000    0.03819          -87.92084      254.65061         1.170e+00 
  3853.557           0.458     -9.529    -72.468            0.013        19602.678      3.023      0.000      0.000    0.00000    0.03816          -87.98323      254.15263         1.172e+00 
  3854.557           0.445     -9.529    -72.468            0.013        19602.679      3.023      0.000      0.000    0.00000    0.03813          -88.04559      253.62205         1.173e+00 
  3855.557           0.432     -9.529    -72.468            0.013        19602.679      3.023      0.000      0.000    0.00000    0.03810          -88.10785      253.05586         1.175e+00 
  3856.557           0.419     -9.529    -72.468            0.013        19602.680      3.023      0.000      0.000    0.00000    0.03807          -88.17000      252.45055         1.176e+00 
  3857.557           0.406     -9.529    -72.468            0.013        19602.680      3.023      0.000      0.000    0.00000    0.03804          -88.23200      251.80212         1.178e+00 
  3858.557           0.393     -9.529    -72.468            0.013        19602.681      3.023      0.000      0.000    0.00000    0.03801          -88.29391      251.10529         1.179e+00 
  3859.557           0.380     -9.529    -72.468            0.013        19602.681      3.023      0.000      0.000    0.00000    0.03798          -88.35601      250.35189         1.181e+00 
  3860.557           0.367     -9.529    -72.468            0.013        19602.681      3.023      0.000      0.000    0.00000    0.03795          -88.41810      249.53646         1.182e+00 
  3861.557           0.354     -9.529    -72.468            0.013        19602.682      3.023      0.000      0.000    0.00000    0.03792          -88.48002      248.65260         1.184e+00 
  3862.557           0.341     -9.529    -72.468            0.013        19602.682      3.023      0.000      0.000    0.00000    0.03789          -88.54166      247.69243         1.185e+00 
  3863.557           0.329     -9.529    -72.468            0.013        19602.682      3.023      0.000      0.000    0.00000    0.03786          -88.60294      246.64655         1.187e+00 
  3864.557           0.316     -9.529    -72.468            0.013        19602.683      3.023      0.000      0.000    0.00000    0.03783          -88.66378      245.50390         1.188e+00 
  3865.557           0.303     -9.529    -72.468            0.013        19602.683      3.023      0.000      0.000    0.00000    0.03780          -88.72410      244.25153         1.190e+00 
  3866.557           0.290     -9.529    -72.468            0.013        19602.683      3.023      0.000      0.000    0.00000    0.03778          -88.78400      242.87085         1.191e+00 
  3867.557           0.277     -9.529    -72.468            0.013        19602.683      3.023      0.000      0.000    0.00000    0.03775          -88.84357      241.33830         1.193e+00 
  3868.557           0.264     -9.529    -72.468            0.013        19602.684      3.023      0.000      0.000    0.00000    0.03772          -88.90247      239.63450         1.194e+00 
  3869.557           0.251     -9.529    -72.468            0.013        19602.684      3.023      0.000      0.000    0.00000    0.03769          -88.96044      237.73513         1.196e+00 
  3870.557           0.238     -9.529    -72.468            0.013        19602.684      3.023      0.000      0.000    0.00000    0.03766          -89.01723      235.61080         1.197e+00 
  3871.557           0.226     -9.529    -72.468            0.013        19602.684      3.023      0.000      0.000    0.00000    0.03763          -89.07257      233.22672         1.198e+00 
  3872.557           0.213     -9.529    -72.468            0.013        19602.685      3.023      0.000      0.000    0.00000    0.03760          -89.12616      230.54248         1.200e+00 
  3873.557           0.200     -9.529    -72.468            0.013        19602.685      3.023      0.000      0.000    0.00000    0.03757          -89.17764      227.51206         1.201e+00 
  3874.557           0.187     -9.529    -72.468            0.013        19602.685      3.023      0.000      0.000    0.00000    0.03755          -89.22681      224.06918         1.203e+00 
  3875.557           0.174     -9.529    -72.468            0.013        19602.685      3.023      0.000      0.000    0.00000    0.03752          -89.27315      220.14922         1.204e+00 
  3876.557           0.162     -9.529    -72.468            0.013        19602.685      3.023      0.000      0.000    0.00000    0.03749          -89.31580      215.70350         1.206e+00 
  3877.557           0.149     -9.529    -72.468            0.013        19602.685      3.023      0.000      0.000    0.00000    0.03746          -89.35389      210.69053         1.207e+00 
  3878.557           0.136     -9.529    -72.468            0.013        19602.685      3.023      0.000      0.000    0.00000    0.03743          -89.38649      205.09003         1.209e+00 
  3879.557           0.123     -9.529    -72.468            0.013        19602.686      3.023      0.000      0.000    0.00000    0.03740          -89.41265      198.91997         1.210e+00 
  3880.557           0.111     -9.529    -72.468            0.013        19602.686      3.023      0.000      0.000    0.00000    0.03738          -89.43143      192.25319         1.212e+00 
  3881.557           0.098     -9.529    -72.468            0.013        19602.686      3.023      0.000      0.000    0.00000    0.03735          -89.44207      185.22579         1.213e+00 
  3882.557           0.085     -9.529    -72.468            0.013        19602.686      3.023      0.000      0.000    0.00000    0.03732          -89.44410      177.98741         1.215e+00 
  3883.557           0.073     -9.529    -72.468            0.013        19602.686      3.023      0.000      0.000    0.00000    0.03729          -89.43724      170.76658         1.216e+00 
  3884.557           0.060     -9.529    -72.468            0.013        19602.686      3.023      0.000      0.000    0.00000    0.03726          -89.42169      163.80328         1.218e+00 
  3885.557           0.047     -9.529    -72.468            0.013        19602.686      3.023      0.000      0.000    0.00000    0.03724          -89.39806      157.28162         1.219e+00 
  3886.557           0.035     -9.529    -72.468            0.013        19602.686      3.023      0.000      0.000    0.00000    0.03721          -89.36723      151.31461         1.221e+00 
  3887.557           0.022     -9.529    -72.468            0.013        19602.686      3.023      0.000      0.000    0.00000    0.03718          -89.33017      145.94796         1.222e+00 
  3888.557           0.010     -9.529    -72.468            0.013        19602.687      3.023      0.000      0.000    0.00000    0.03715          -89.28783      141.17617         1.224e+00 
  3889.557           0.000     -9.529    -72.468            0.013        19602.687      3.023      0.000      0.000    0.00000    0.03712          -89.24226      137.05692         1.225e+00 
