#_______________________________________________________________________________
#    ######   ####     ##             #####   #####     ##    #    #    ## 
#    #       #        #  #            #    #  #    #   #  #   ##  ##   #  #
#    #####    ####   ######           #    #  #####   ######  # ## #  ######
#    #            #  #    #           #    #  #    #  #    #  #    #  #    #
#____######__#####___#____#___________#####___#____#__#____#__#____#__#____#____
#
#              ESA Debris Risk Assessment and Mitigation Analysis
#
#                      ---- DRAMA ( SESAM 2.1.5 ) ----
#                                      ESA 2018
#
#                              aerothermal history file
#-------------------------------------------------------------------------------
# Filename      : sara.ValvTran1.dbc90029-7fb7-49aa-9c6b-6640ca879b06_AeroThermalHistory.txt
# RunID         : sara
# ObjectID      : dbc90029-7fb7-49aa-9c6b-6640ca879b06
# ObjectName    : ValvTran1
# ReferenceArea : 0.01 [m^2]
# Content       : This file contains the aerothermal data of the object,
#                 computed by the DRAMA 3 Re-entry Analysis.
# Documentation : DRAMA Software User Manual, section OPERATIONS MANUAL / Normal operation / SARA / SARA Simulation Output / Re-entry simulation output
# Note          : The convective heat and the integrated heat values in this file take into account the visibility factor
#
#-------------------------------------------------------------------------------------------------------------------------------------------------------------------
#  Time [s]  Altitude [km]   Temp [K]   Mass [kg]   Thick [mm]  Convective Heat [W]  Radiative Heat [W]  Oxidation Heat [W]  Integrated Heat [J] VisibilityFactor [-]
#-------------------------------------------------------------------------------------------------------------------------------------------------------------------
  2482.100          87.844    300.000       1.000       2.191             6560.394               0.000               0.000                0.000   1.00000 
  2482.200          87.838    301.378       1.000       2.191             6565.648               0.000               0.000              656.565   1.00000 
  2482.650          87.810    307.597       1.000       2.191             6592.161               0.000               0.000             3623.037   1.00000 
  2483.650          87.748    321.509       1.000       2.191             6657.714               0.000               0.000            10280.751   1.00000 
  2484.650          87.686    335.483       1.000       2.191             6738.598               0.000               0.000            17019.349   1.00000 
  2485.650          87.624    349.516       1.000       2.191             6819.068               0.000               0.000            23838.418   1.00000 
  2486.650          87.561    363.614       1.000       2.191             6899.201               0.000               0.000            30737.618   1.00000 
  2487.650          87.498    377.770       1.000       2.191             6979.065               0.000               0.000            37716.684   1.00000 
  2488.650          87.436    391.986       1.000       2.191             7058.715               0.000               0.000            44775.399   1.00000 
  2489.650          87.373    406.260       1.000       2.191             7138.207               0.000               0.000            51913.606   1.00000 
  2490.650          87.309    420.589       1.000       2.191             7217.589               0.000               0.000            59131.194   1.00000 
  2491.650          87.246    434.973       1.000       2.191             7296.902               0.000               0.000            66428.096   1.00000 
  2492.650          87.182    449.411       1.000       2.191             7376.191               0.000               0.000            73804.288   1.00000 
  2493.650          87.119    463.898       1.000       2.191             7455.491               0.000               0.000            81259.779   1.00000 
  2494.650          87.055    478.436       1.000       2.191             7534.837               0.000               0.000            88794.616   1.00000 
  2495.650          86.990    493.021       1.000       2.191             7614.263               0.000               0.000            96408.879   1.00000 
  2496.650          86.926    507.650       1.000       2.191             7693.799               0.000               0.000           104102.678   1.00000 
  2497.650          86.861    522.322       1.000       2.191             7773.474               0.000               0.000           111876.152   1.00000 
  2498.650          86.797    537.034       1.000       2.191             7853.315               0.000               0.000           119729.467   1.00000 
  2499.650          86.731    551.782       1.000       2.191             7933.351               0.000               0.000           127662.818   1.00000 
  2500.650          86.666    566.563       1.000       2.191             8013.605               0.000               0.000           135676.423   1.00000 
  2501.650          86.600    581.373       1.000       2.191             8094.100               0.000               0.000           143770.523   1.00000 
  2502.650          86.535    596.208       1.000       2.191             8174.865               0.000               0.000           151945.388   1.00000 
  2503.650          86.468    611.067       1.000       2.191             8255.918               0.000               0.000           160201.306   1.00000 
  2504.650          86.402    625.942       1.000       2.191             8337.282               0.000               0.000           168538.588   1.00000 
  2505.650          86.335    640.830       1.000       2.191             8418.991               0.000               0.000           176957.580   1.00000 
  2506.650          86.268    655.725       1.000       2.191             8501.053               0.000               0.000           185458.633   1.00000 
  2507.650          86.201    670.623       1.000       2.191             8583.495               0.000               0.000           194042.128   1.00000 
  2508.650          86.134    685.517       1.000       2.191             8666.356               0.000               0.000           202708.484   1.00000 
  2509.650          86.066    700.402       1.000       2.191             8749.637               0.000               0.000           211458.121   1.00000 
  2510.650          85.998    715.289       1.000       2.191             8833.364               0.000               0.000           220291.485   1.00000 
  2511.650          85.929    730.179       1.000       2.191             8912.029               0.000               0.000           229203.514   1.00000 
  2512.650          85.860    745.065       1.000       2.191             8990.718               0.000               0.000           238194.232   1.00000 
  2513.650          85.791    759.944       1.000       2.191             9070.021               0.000               0.000           247264.253   1.00000 
  2514.650          85.722    774.811       1.000       2.191             9149.624               0.000               0.000           256413.877   1.00000 
  2515.650          85.652    789.657       1.000       2.191             9229.577               0.000               0.000           265643.454   1.00000 
  2516.650          85.581    804.472       1.000       2.191             9309.892               0.000               0.000           274953.347   1.00000 
  2517.650          85.511    819.250       1.000       2.191             9390.558               0.000               0.000           284343.904   1.00000 
  2518.650          85.440    833.948       1.000       2.191             9471.568               0.000               0.000           293815.473   1.00000 
  2519.650          85.369    848.514       1.000       2.191             9552.952               0.000               0.000           303368.425   1.00000 
  2520.650          85.297    862.944       1.000       2.191             9634.711               0.000               0.000           313003.136   1.00000 
  2521.650          85.225    877.204       1.000       2.191             9716.808               0.000               0.000           322719.944   1.00000 
  2522.650          85.152    891.281       1.000       2.191             9799.281               0.000               0.000           332519.225   1.00000 
  2523.650          85.079    905.174       1.000       2.191             9882.139               0.000               0.000           342401.364   1.00000 
  2524.650          85.006    918.950       1.000       2.191             9965.377               0.000               0.000           352366.741   1.00000 
  2525.650          84.932    932.613       1.000       2.191            10049.038               0.000               0.000           362415.779   1.00000 
  2526.650          84.858    946.159       1.000       2.191            10133.153               0.000               0.000           372548.932   1.00000 
  2527.650          84.783    959.592       1.000       2.191            10217.731               0.000               0.000           382766.663   1.00000 
  2528.650          84.708    972.907       1.000       2.191            10302.760               0.000               0.000           393069.422   1.00000 
  2529.650          84.633    986.098       1.000       2.191            10388.276               0.000               0.000           403457.698   1.00000 
  2530.650          84.557    999.163       1.000       2.191            10474.275               0.000               0.000           413931.973   1.00000 
  2531.650          84.480   1012.095       1.000       2.191            10560.760               0.000               0.000           424492.733   1.00000 
  2532.650          84.403   1024.891       1.000       2.191            10647.754               0.000               0.000           435140.487   1.00000 
  2533.650          84.326   1037.545       1.000       2.191            10735.252               0.000               0.000           445875.739   1.00000 
  2534.650          84.248   1050.053       1.000       2.191            10823.279               0.000               0.000           456699.019   1.00000 
  2535.650          84.169   1062.410       1.000       2.191            10911.848               0.000               0.000           467610.867   1.00000 
  2536.650          84.090   1074.613       1.000       2.191            11000.978               0.000               0.000           478611.845   1.00000 
  2537.650          84.011   1086.657       1.000       2.191            11090.585               0.000               0.000           489702.430   1.00000 
  2538.650          83.931   1098.538       1.000       2.191            11180.770               0.000               0.000           500883.200   1.00000 
  2539.650          83.850   1110.253       1.000       2.191            11271.529               0.000               0.000           512154.729   1.00000 
  2540.650          83.769   1121.798       1.000       2.191            11362.863               0.000               0.000           523517.592   1.00000 
  2541.650          83.687   1133.169       1.000       2.191            11454.779               0.000               0.000           534972.370   1.00000 
  2542.650          83.605   1144.363       1.000       2.191            11547.264               0.000               0.000           546519.635   1.00000 
  2543.650          83.522   1155.378       1.000       2.191            11640.337               0.000               0.000           558159.972   1.00000 
  2544.650          83.438   1166.210       1.000       2.191            11734.023               0.000               0.000           569893.994   1.00000 
  2545.650          83.354   1176.859       1.000       2.191            11828.323               0.000               0.000           581722.317   1.00000 
  2546.650          83.270   1187.321       1.000       2.191            11923.237               0.000               0.000           593645.554   1.00000 
  2547.650          83.185   1197.596       1.000       2.191            12018.775               0.000               0.000           605664.329   1.00000 
  2548.650          83.099   1207.682       1.000       2.191            12114.927               0.000               0.000           617779.256   1.00000 
  2549.650          83.012   1217.579       1.000       2.191            12211.721               0.000               0.000           629990.977   1.00000 
  2550.650          82.925   1227.287       1.000       2.191            12309.158               0.000               0.000           642300.135   1.00000 
  2551.650          82.837   1236.804       1.000       2.191            12407.255               0.000               0.000           654707.390   1.00000 
  2552.650          82.749   1246.133       1.000       2.191            12506.000               0.000               0.000           667213.390   1.00000 
  2553.650          82.660   1255.273       1.000       2.191            12605.394               0.000               0.000           679818.785   1.00000 
  2554.650          82.570   1264.227       1.000       2.191            12705.470               0.000               0.000           692524.255   1.00000 
  2555.650          82.479   1272.993       1.000       2.191            12806.220               0.000               0.000           705330.475   1.00000 
  2556.650          82.388   1281.575       1.000       2.191            12907.650               0.000               0.000           718238.126   1.00000 
  2557.650          82.296   1289.974       1.000       2.191            13009.756               0.000               0.000           731247.881   1.00000 
  2558.650          82.203   1298.194       1.000       2.191            13112.551               0.000               0.000           744360.432   1.00000 
  2559.650          82.110   1306.235       1.000       2.191            13216.042               0.000               0.000           757576.474   1.00000 
  2560.650          82.016   1314.099       1.000       2.191            13320.233               0.000               0.000           770896.707   1.00000 
  2561.650          81.921   1321.791       1.000       2.191            13425.141               0.000               0.000           784321.848   1.00000 
  2562.650          81.826   1329.313       1.000       2.191            13530.740               0.000               0.000           797852.588   1.00000 
  2563.650          81.729   1336.670       1.000       2.191            13637.048               0.000               0.000           811489.636   1.00000 
  2564.650          81.632   1343.863       1.000       2.191            13744.083               0.000               0.000           825233.719   1.00000 
  2565.650          81.534   1350.896       1.000       2.191            13851.833               0.000               0.000           839085.552   1.00000 
  2566.650          81.435   1357.774       1.000       2.191            13960.304               0.000               0.000           853045.856   1.00000 
  2567.650          81.336   1364.500       1.000       2.191            14069.501               0.000               0.000           867115.357   1.00000 
  2568.650          81.235   1371.078       1.000       2.191            14179.423               0.000               0.000           881294.780   1.00000 
  2569.650          81.134   1377.513       1.000       2.191            14290.076               0.000               0.000           895584.856   1.00000 
  2570.650          81.032   1383.808       1.000       2.191            14401.461               0.000               0.000           909986.317   1.00000 
  2571.650          80.929   1389.966       1.000       2.191            14513.576               0.000               0.000           924499.894   1.00000 
  2572.650          80.825   1395.993       1.000       2.191            14626.424               0.000               0.000           939126.317   1.00000 
  2573.650          80.721   1401.892       1.000       2.191            14740.004               0.000               0.000           953866.321   1.00000 
  2574.650          80.615   1407.668       1.000       2.191            14854.317               0.000               0.000           968720.639   1.00000 
  2575.650          80.509   1413.326       1.000       2.191            14969.363               0.000               0.000           983690.002   1.00000 
  2576.650          80.401   1418.868       1.000       2.191            15085.142               0.000               0.000           998775.144   1.00000 
  2577.650          80.293   1424.298       1.000       2.191            15201.651               0.000               0.000          1013976.795   1.00000 
  2578.650          80.184   1429.621       1.000       2.191            15318.886               0.000               0.000          1029295.681   1.00000 
  2579.650          80.074   1434.839       1.000       2.191            15436.838               0.000               0.000          1044732.519   1.00000 
  2580.650          79.962   1439.958       1.000       2.191            15555.507               0.000               0.000          1060288.026   1.00000 
  2581.650          79.850   1444.981       1.000       2.191            15674.917               0.000               0.000          1075962.943   1.00000 
  2582.650          79.737   1449.913       1.000       2.191            15795.033               0.000               0.000          1091757.976   1.00000 
  2583.650          79.623   1454.756       1.000       2.191            15915.861               0.000               0.000          1107673.838   1.00000 
  2584.650          79.508   1459.514       1.000       2.191            16037.395               0.000               0.000          1123711.233   1.00000 
  2585.650          79.392   1464.190       1.000       2.191            16159.621               0.000               0.000          1139870.854   1.00000 
  2586.650          79.275   1468.787       1.000       2.191            16282.545               0.000               0.000          1156153.399   1.00000 
  2587.650          79.157   1473.309       1.000       2.191            16406.137               0.000               0.000          1172559.536   1.00000 
  2588.650          79.037   1477.758       1.000       2.191            16530.406               0.000               0.000          1189089.942   1.00000 
  2589.650          78.917   1482.139       1.000       2.191            16655.343               0.000               0.000          1205745.285   1.00000 
  2590.650          78.796   1486.454       1.000       2.191            16780.940               0.000               0.000          1222526.225   1.00000 
  2591.650          78.673   1490.706       1.000       2.191            16907.172               0.000               0.000          1239433.397   1.00000 
  2592.650          78.550   1494.897       1.000       2.191            17034.030               0.000               0.000          1256467.427   1.00000 
  2593.650          78.425   1499.031       1.000       2.191            17161.514               0.000               0.000          1273628.941   1.00000 
  2594.650          78.299   1503.108       1.000       2.191            17289.614               0.000               0.000          1290918.555   1.00000 
  2595.650          78.172   1507.132       1.000       2.191            17418.302               0.000               0.000          1308336.857   1.00000 
  2596.650          78.044   1511.105       1.000       2.191            17547.561               0.000               0.000          1325884.418   1.00000 
  2597.650          77.914   1515.029       1.000       2.191            17677.395               0.000               0.000          1343561.814   1.00000 
  2598.650          77.784   1518.906       1.000       2.191            17807.790               0.000               0.000          1361369.604   1.00000 
  2599.650          77.652   1522.739       1.000       2.191            17938.693               0.000               0.000          1379308.297   1.00000 
  2600.650          77.519   1526.529       1.000       2.191            18070.126               0.000               0.000          1397378.423   1.00000 
  2601.650          77.385   1530.278       1.000       2.191            18202.070               0.000               0.000          1415580.494   1.00000 
  2602.650          77.249   1533.988       1.000       2.191            18334.471               0.000               0.000          1433914.964   1.00000 
  2603.650          77.112   1537.660       1.000       2.191            18467.346               0.000               0.000          1452382.310   1.00000 
  2604.650          76.974   1541.295       1.000       2.191            18600.678               0.000               0.000          1470982.988   1.00000 
  2605.650          76.835   1544.894       1.000       2.191            18734.397               0.000               0.000          1489717.386   1.00000 
  2606.650          76.694   1548.460       1.000       2.191            18868.543               0.000               0.000          1508585.929   1.00000 
  2607.650          76.552   1551.992       1.000       2.191            19003.053               0.000               0.000          1527588.982   1.00000 
  2608.650          76.409   1555.494       1.000       2.191            19137.925               0.000               0.000          1546726.907   1.00000 
  2609.650          76.264   1558.965       1.000       2.191            19273.132               0.000               0.000          1566000.039   1.00000 
  2610.650          76.118   1562.406       1.000       2.191            19408.637               0.000               0.000          1585408.676   1.00000 
  2611.650          75.970   1565.819       1.000       2.191            19544.439               0.000               0.000          1604953.115   1.00000 
  2612.650          75.821   1569.205       1.000       2.191            19680.483               0.000               0.000          1624633.598   1.00000 
  2613.650          75.671   1572.564       1.000       2.191            19816.777               0.000               0.000          1644450.376   1.00000 
  2614.650          75.519   1575.897       1.000       2.191            19953.259               0.000               0.000          1664403.635   1.00000 
  2615.650          75.366   1579.205       1.000       2.191            20089.935               0.000               0.000          1684493.570   1.00000 
  2616.650          75.211   1582.487       1.000       2.191            20226.749               0.000               0.000          1704720.319   1.00000 
  2617.650          75.055   1585.744       1.000       2.191            20363.692               0.000               0.000          1725084.011   1.00000 
  2618.650          74.897   1588.978       1.000       2.191            20500.731               0.000               0.000          1745584.742   1.00000 
  2619.650          74.738   1592.188       1.000       2.191            20637.831               0.000               0.000          1766222.573   1.00000 
  2620.650          74.577   1595.374       1.000       2.191            20774.969               0.000               0.000          1786997.542   1.00000 
  2621.650          74.415   1598.538       1.000       2.191            20912.091               0.000               0.000          1807909.633   1.00000 
  2622.650          74.251   1601.680       1.000       2.191            21049.198               0.000               0.000          1828958.831   1.00000 
  2623.650          74.085   1604.799       1.000       2.191            21186.250               0.000               0.000          1850145.081   1.00000 
  2624.650          73.918   1607.897       1.000       2.191            21323.188               0.000               0.000          1871468.270   1.00000 
  2625.650          73.749   1610.973       1.000       2.191            21460.005               0.000               0.000          1892928.275   1.00000 
  2626.650          73.579   1614.027       1.000       2.191            21596.617               0.000               0.000          1914524.892   1.00000 
  2627.650          73.407   1617.059       1.000       2.191            21732.884               0.000               0.000          1936257.775   1.00000 
  2628.650          73.233   1620.068       1.000       2.191            21868.736               0.000               0.000          1958126.512   1.00000 
  2629.650          73.057   1623.055       1.000       2.191            22004.060               0.000               0.000          1980130.571   1.00000 
  2630.650          72.880   1626.019       1.000       2.191            22138.730               0.000               0.000          2002269.301   1.00000 
  2631.650          72.701   1628.959       1.000       2.191            22272.596               0.000               0.000          2024541.897   1.00000 
  2632.650          72.520   1631.875       1.000       2.191            22405.552               0.000               0.000          2046947.449   1.00000 
  2633.650          72.338   1634.765       1.000       2.191            22537.457               0.000               0.000          2069484.906   1.00000 
  2634.650          72.153   1637.630       1.000       2.191            22668.155               0.000               0.000          2092153.061   1.00000 
  2635.650          71.967   1640.468       1.000       2.191            22797.500               0.000               0.000          2114950.561   1.00000 
  2636.650          71.779   1643.277       1.000       2.191            22925.234               0.000               0.000          2137875.795   1.00000 
  2637.650          71.589   1646.046       1.000       2.191            23043.294               0.000               0.000          2160919.089   1.00000 
  2638.650          71.397   1648.772       1.000       2.191            23159.156               0.000               0.000          2184078.245   1.00000 
  2639.650          71.203   1651.456       1.000       2.191            23272.742               0.000               0.000          2207350.986   1.00000 
  2640.650          71.008   1654.097       1.000       2.191            23383.861               0.000               0.000          2230734.847   1.00000 
  2641.650          70.810   1656.689       1.000       2.191            23492.316               0.000               0.000          2254227.162   1.00000 
  2642.650          70.611   1659.228       1.000       2.191            23597.902               0.000               0.000          2277825.064   1.00000 
  2643.650          70.409   1661.714       1.000       2.191            23700.402               0.000               0.000          2301525.467   1.00000 
  2644.650          70.206   1664.146       1.000       2.191            23799.599               0.000               0.000          2325325.066   1.00000 
  2645.650          70.000   1665.000       0.990       2.169            23895.261               0.000               0.000          2349220.327   1.00000 
  2646.650          69.792   1665.000       0.950       2.077            23984.714               0.000               0.000          2373205.041   1.00000 
  2647.650          69.583   1665.000       0.909       1.984            24059.292               0.000               0.000          2397264.333   1.00000 
  2648.650          69.371   1665.000       0.869       1.891            24115.988               0.000               0.000          2421380.321   1.00000 
  2649.650          69.157   1665.000       0.828       1.799            24152.415               0.000               0.000          2445532.736   1.00000 
  2650.650          68.942   1665.000       0.786       1.706            24165.946               0.000               0.000          2469698.682   1.00000 
  2651.650          68.724   1665.000       0.745       1.614            24153.641               0.000               0.000          2493852.323   1.00000 
  2652.650          68.504   1665.000       0.705       1.523            24112.226               0.000               0.000          2517964.548   1.00000 
  2653.650          68.283   1665.000       0.664       1.433            24038.076               0.000               0.000          2542002.625   1.00000 
  2654.650          68.060   1665.000       0.624       1.344            23927.167               0.000               0.000          2565929.792   1.00000 
  2655.650          67.835   1665.000       0.584       1.256            23775.115               0.000               0.000          2589704.907   1.00000 
  2656.650          67.608   1665.000       0.545       1.170            23577.164               0.000               0.000          2613282.071   1.00000 
  2657.650          67.379   1665.000       0.507       1.087            23328.200               0.000               0.000          2636610.271   1.00000 
  2658.650          67.150   1665.000       0.471       1.007            23022.788               0.000               0.000          2659633.059   1.00000 
  2659.650          66.918   1665.000       0.435       0.929            22655.405               0.000               0.000          2682288.464   1.00000 
  2660.650          66.686   1665.000       0.401       0.856            22220.625               0.000               0.000          2704509.089   1.00000 
  2661.650          66.452   1665.000       0.369       0.786            21713.395               0.000               0.000          2726222.484   1.00000 
  2662.650          66.217   1665.000       0.340       0.722            21129.655               0.000               0.000          2747352.140   1.00000 
  2663.650          65.982   1665.000       0.312       0.663            20467.016               0.000               0.000          2767819.155   1.00000 
  2664.650          65.746   1665.000       0.288       0.610            19725.536               0.000               0.000          2787544.692   1.00000 
  2665.650          65.510   1665.000       0.266       0.564            18908.894               0.000               0.000          2806453.586   1.00000 
  2666.650          65.273   1665.000       0.248       0.524            18025.275               0.000               0.000          2824478.860   1.00000 
  2667.650          65.037   1665.000       0.233       0.493            17087.945               0.000               0.000          2841566.805   1.00000 
  2668.650          64.801   1665.000       0.221       0.469            16115.346               0.000               0.000          2857682.152   1.00000 
  2669.650          64.566   1665.000       0.214       0.452            15129.837               0.000               0.000          2872811.989   1.00000 
  2670.650          64.332   1665.000       0.210       0.444            14155.490               0.000               0.000          2886967.479   1.00000 
  2671.650          64.098   1665.000       0.209       0.442            13215.318               0.000               0.000          2900182.797   1.00000 
  2672.650          63.864   1660.127       0.209       0.442            12328.387               0.000               0.000          2912511.184   1.00000 
  2673.650          63.631   1590.725       0.209       0.442            11496.933               0.000               0.000          2924008.117   1.00000 
  2674.650          63.397   1536.588       0.209       0.442            10710.835               0.000               0.000          2934718.952   1.00000 
  2675.650          63.164   1492.846       0.209       0.442             9975.797               0.000               0.000          2944694.749   1.00000 
  2676.650          62.931   1456.087       0.209       0.442             9289.397               0.000               0.000          2953984.147   1.00000 
  2677.650          62.697   1424.146       0.209       0.442             8648.846               0.000               0.000          2962632.992   1.00000 
  2678.650          62.463   1395.636       0.209       0.442             8051.421               0.000               0.000          2970684.414   1.00000 
  2679.650          62.228   1369.639       0.209       0.442             7494.475               0.000               0.000          2978178.888   1.00000 
  2680.650          61.993   1345.541       0.209       0.442             6975.455               0.000               0.000          2985154.343   1.00000 
  2681.650          61.757   1322.925       0.209       0.442             6491.856               0.000               0.000          2991646.199   1.00000 
  2682.650          61.521   1301.495       0.209       0.442             6041.255               0.000               0.000          2997687.453   1.00000 
  2683.650          61.283   1281.042       0.209       0.442             5621.369               0.000               0.000          3003308.822   1.00000 
  2684.650          61.045   1261.417       0.209       0.442             5230.034               0.000               0.000          3008538.856   1.00000 
  2685.650          60.805   1242.507       0.209       0.442             4865.272               0.000               0.000          3013404.129   1.00000 
  2686.650          60.565   1224.227       0.209       0.442             4525.268               0.000               0.000          3017929.396   1.00000 
  2687.650          60.323   1206.513       0.209       0.442             4208.347               0.000               0.000          3022137.744   1.00000 
  2688.650          60.080   1189.315       0.209       0.442             3912.995               0.000               0.000          3026050.739   1.00000 
  2689.650          59.837   1172.595       0.209       0.442             3637.790               0.000               0.000          3029688.529   1.00000 
  2690.650          59.592   1156.320       0.209       0.442             3381.419               0.000               0.000          3033069.948   1.00000 
  2691.650          59.345   1140.468       0.209       0.442             3142.652               0.000               0.000          3036212.600   1.00000 
  2692.650          59.098   1125.017       0.209       0.442             2920.331               0.000               0.000          3039132.931   1.00000 
  2693.650          58.849   1109.950       0.209       0.442             2713.376               0.000               0.000          3041846.307   1.00000 
  2694.650          58.599   1095.253       0.209       0.442             2520.764               0.000               0.000          3044367.071   1.00000 
  2695.650          58.348   1080.912       0.209       0.442             2341.541               0.000               0.000          3046708.613   1.00000 
  2696.650          58.096   1066.917       0.209       0.442             2174.809               0.000               0.000          3048883.421   1.00000 
  2697.650          57.842   1053.257       0.209       0.442             2019.726               0.000               0.000          3050903.147   1.00000 
  2698.650          57.587   1039.923       0.209       0.442             1875.503               0.000               0.000          3052778.650   1.00000 
  2699.650          57.331   1026.904       0.209       0.442             1741.404               0.000               0.000          3054520.054   1.00000 
  2700.650          57.073   1014.193       0.209       0.442             1616.845               0.000               0.000          3056136.899   1.00000 
  2701.650          56.814   1001.782       0.209       0.442             1500.848               0.000               0.000          3057637.747   1.00000 
  2702.650          56.554    989.661       0.209       0.442             1393.062               0.000               0.000          3059030.809   1.00000 
  2703.650          56.293    977.826       0.209       0.442             1292.917               0.000               0.000          3060323.727   1.00000 
  2704.650          56.030    966.270       0.209       0.442             1199.886               0.000               0.000          3061523.613   1.00000 
  2705.650          55.767    954.984       0.209       0.442             1113.475               0.000               0.000          3062637.088   1.00000 
  2706.650          55.502    943.963       0.209       0.442             1033.223               0.000               0.000          3063670.312   1.00000 
  2707.650          55.236    933.202       0.209       0.442              958.703               0.000               0.000          3064629.015   1.00000 
  2708.650          54.969    922.694       0.209       0.442              889.515               0.000               0.000          3065518.530   1.00000 
  2709.650          54.701    912.428       0.209       0.442              825.286               0.000               0.000          3066343.816   1.00000 
  2710.650          54.432    902.399       0.209       0.442              765.669               0.000               0.000          3067109.484   1.00000 
  2711.650          54.161    892.603       0.209       0.442              710.339               0.000               0.000          3067819.823   1.00000 
  2712.650          53.890    883.034       0.209       0.442              658.993               0.000               0.000          3068478.816   1.00000 
  2713.650          53.618    873.651       0.209       0.442              611.350               0.000               0.000          3069090.166   1.00000 
  2714.650          53.345    864.454       0.209       0.442              567.150               0.000               0.000          3069657.316   1.00000 
  2715.650          53.071    855.442       0.209       0.442              526.149               0.000               0.000          3070183.465   1.00000 
  2716.650          52.796    846.614       0.209       0.442              488.118               0.000               0.000          3070671.583   1.00000 
  2717.650          52.520    837.980       0.209       0.442              452.848               0.000               0.000          3071124.431   1.00000 
  2718.650          52.243    829.541       0.209       0.442              420.141               0.000               0.000          3071544.572   1.00000 
  2719.650          51.965    821.293       0.209       0.442              389.816               0.000               0.000          3071934.388   1.00000 
  2720.650          51.687    813.232       0.209       0.442              361.702               0.000               0.000          3072296.090   1.00000 
  2721.650          51.408    805.354       0.209       0.442              335.652               0.000               0.000          3072631.742   1.00000 
  2722.650          51.128    797.680       0.209       0.442              311.850               0.000               0.000          3072943.592   1.00000 
  2723.650          50.848    790.203       0.209       0.442              289.755               0.000               0.000          3073233.346   1.00000 
  2724.650          50.567    782.915       0.209       0.442              269.193               0.000               0.000          3073502.540   1.00000 
  2725.650          50.285    775.810       0.209       0.442              250.066               0.000               0.000          3073752.605   1.00000 
  2726.650          50.003    768.882       0.209       0.442              232.272               0.000               0.000          3073984.878   1.00000 
  2727.650          49.720    762.126       0.209       0.442              215.726               0.000               0.000          3074200.603   1.00000 
  2728.650          49.438    755.535       0.209       0.442              200.356               0.000               0.000          3074400.960   1.00000 
  2729.650          49.154    749.104       0.209       0.442              186.078               0.000               0.000          3074587.038   1.00000 
  2730.650          48.871    742.829       0.209       0.442              172.819               0.000               0.000          3074759.857   1.00000 
  2731.650          48.587    736.705       0.209       0.442              160.510               0.000               0.000          3074920.367   1.00000 
  2732.650          48.304    730.727       0.209       0.442              149.089               0.000               0.000          3075069.456   1.00000 
  2733.650          48.020    724.890       0.209       0.442              138.495               0.000               0.000          3075207.951   1.00000 
  2734.650          47.736    719.190       0.209       0.442              128.671               0.000               0.000          3075336.623   1.00000 
  2735.650          47.452    713.622       0.209       0.442              119.566               0.000               0.000          3075456.188   1.00000 
  2736.650          47.168    708.183       0.209       0.442              111.207               0.000               0.000          3075567.395   1.00000 
  2737.650          46.884    702.869       0.209       0.442              103.508               0.000               0.000          3075670.903   1.00000 
  2738.650          46.600    697.676       0.209       0.442               96.344               0.000               0.000          3075767.247   1.00000 
  2739.650          46.317    692.600       0.209       0.442               89.683               0.000               0.000          3075856.930   1.00000 
  2740.650          46.034    687.637       0.209       0.442               83.491               0.000               0.000          3075940.421   1.00000 
  2741.650          45.752    682.780       0.209       0.442               77.738               0.000               0.000          3076018.159   1.00000 
  2742.650          45.470    678.027       0.209       0.442               72.394               0.000               0.000          3076090.553   1.00000 
  2743.650          45.188    673.374       0.209       0.442               67.433               0.000               0.000          3076157.986   1.00000 
  2744.650          44.908    668.820       0.209       0.442               62.830               0.000               0.000          3076220.816   1.00000 
  2745.650          44.628    664.360       0.209       0.442               58.558               0.000               0.000          3076279.374   1.00000 
  2746.650          44.348    659.994       0.209       0.442               54.597               0.000               0.000          3076333.971   1.00000 
  2747.650          44.070    655.717       0.209       0.442               50.923               0.000               0.000          3076384.894   1.00000 
  2748.650          43.793    651.529       0.209       0.442               47.516               0.000               0.000          3076432.410   1.00000 
  2749.650          43.516    647.425       0.209       0.442               44.358               0.000               0.000          3076476.768   1.00000 
  2750.650          43.241    643.405       0.209       0.442               41.431               0.000               0.000          3076518.199   1.00000 
  2751.650          42.967    639.466       0.209       0.442               38.717               0.000               0.000          3076556.916   1.00000 
  2752.650          42.694    635.605       0.209       0.442               36.202               0.000               0.000          3076593.118   1.00000 
  2753.650          42.422    631.821       0.209       0.442               33.871               0.000               0.000          3076626.989   1.00000 
  2754.650          42.152    628.112       0.209       0.442               31.710               0.000               0.000          3076658.699   1.00000 
  2755.650          41.883    624.475       0.209       0.442               29.708               0.000               0.000          3076688.407   1.00000 
  2756.650          41.616    620.909       0.209       0.442               27.851               0.000               0.000          3076716.258   1.00000 
  2757.650          41.350    617.411       0.209       0.442               26.130               0.000               0.000          3076742.387   1.00000 
  2758.650          41.086    613.980       0.209       0.442               24.534               0.000               0.000          3076766.921   1.00000 
  2759.650          40.823    610.614       0.209       0.442               23.053               0.000               0.000          3076789.974   1.00000 
  2760.650          40.563    607.311       0.209       0.442               21.679               0.000               0.000          3076811.654   1.00000 
  2761.650          40.304    604.070       0.209       0.442               20.404               0.000               0.000          3076832.058   1.00000 
  2762.650          40.047    600.889       0.209       0.442               19.221               0.000               0.000          3076851.279   1.00000 
  2763.650          39.791    597.766       0.209       0.442               18.121               0.000               0.000          3076869.400   1.00000 
  2764.650          39.538    594.700       0.209       0.442               17.099               0.000               0.000          3076886.500   1.00000 
  2765.650          39.287    591.689       0.209       0.442               16.149               0.000               0.000          3076902.649   1.00000 
  2765.850          39.237    591.099       0.209       0.442               15.878               0.000               0.000          3076905.825   1.00000 
  2766.030          39.192    590.570       0.209       0.442               15.715               0.000               0.000          3076908.653   1.00000 
  2766.192          39.151    590.095       0.209       0.442               15.571               0.000               0.000          3076911.176   1.00000 
  2766.390          39.102    589.517       0.209       0.442               15.403               0.000               0.000          3076914.219   1.00000 
  2766.411          39.097    589.455       0.209       0.442               15.365               0.000               0.000          3076914.549   1.00000 
  2766.425          39.093    589.414       0.209       0.442               15.353               0.000               0.000          3076914.764   1.00000 
  2766.429          39.092    589.402       0.209       0.442                7.675               0.000               0.000          3076914.794   1.00000 
  2766.434          39.091    589.387       0.209       0.442                7.676               0.000               0.000          3076914.833   1.00000 
  2766.438          39.090    589.375       0.209       0.442                7.675               0.000               0.000          3076914.863   1.00000 
  2766.442          39.089    589.364       0.209       0.442                7.676               0.000               0.000          3076914.893   1.00000 
  2766.448          39.088    589.345       0.209       0.442                7.677               0.000               0.000          3076914.943   1.00000 
  2766.454          39.086    589.328       0.209       0.442                7.678               0.000               0.000          3076914.986   1.00000 
  2766.458          39.085    589.316       0.209       0.442                7.677               0.000               0.000          3076915.017   1.00000 
  2766.462          39.084    589.304       0.209       0.442                7.678               0.000               0.000          3076915.047   1.00000 
  2766.469          39.083    589.284       0.209       0.442                7.679               0.000               0.000          3076915.100   1.00000 
  2766.474          39.081    589.268       0.209       0.442                7.680               0.000               0.000          3076915.140   1.00000 
  2766.478          39.080    589.255       0.209       0.442                7.680               0.000               0.000          3076915.174   1.00000 
  2766.483          39.079    589.242       0.209       0.442                7.681               0.000               0.000          3076915.207   1.00000 
  2766.487          39.078    589.231       0.209       0.442                7.680               0.000               0.000          3076915.237   1.00000 
  2766.490          39.077    589.219       0.209       0.442                7.682               0.000               0.000          3076915.266   1.00000 
  2766.497          39.076    589.200       0.209       0.442                7.682               0.000               0.000          3076915.316   1.00000 
  2766.503          39.074    589.183       0.209       0.442                7.683               0.000               0.000          3076915.359   1.00000 
  2766.506          39.073    589.172       0.209       0.442                7.683               0.000               0.000          3076915.389   1.00000 
  2766.510          39.072    589.160       0.209       0.442                7.684               0.000               0.000          3076915.419   1.00000 
  2766.517          39.070    589.140       0.209       0.442                7.685               0.000               0.000          3076915.472   1.00000 
  2766.521          39.069    589.128       0.209       0.442                7.683               0.000               0.000          3076915.503   1.00000 
  2766.525          39.068    589.116       0.209       0.442                7.685               0.000               0.000          3076915.534   1.00000 
  2766.532          39.067    589.096       0.209       0.442                7.686               0.000               0.000          3076915.584   1.00000 
  2766.538          39.065    589.079       0.209       0.442                7.687               0.000               0.000          3076915.628   1.00000 
  2766.542          39.064    589.067       0.209       0.442                7.686               0.000               0.000          3076915.659   1.00000 
  2766.546          39.063    589.056       0.209       0.442                7.687               0.000               0.000          3076915.689   1.00000 
  2766.552          39.062    589.035       0.209       0.442                7.688               0.000               0.000          3076915.742   1.00000 
  2766.556          39.061    589.023       0.209       0.442                7.687               0.000               0.000          3076915.773   1.00000 
  2766.560          39.060    589.011       0.209       0.442                7.689               0.000               0.000          3076915.804   1.00000 
  2766.567          39.058    588.991       0.209       0.442                7.690               0.000               0.000          3076915.857   1.00000 
  2766.573          39.057    588.975       0.209       0.442                7.691               0.000               0.000          3076915.897   1.00000 
  2766.576          39.056    588.964       0.209       0.442                7.690               0.000               0.000          3076915.927   1.00000 
  2766.580          39.055    588.952       0.209       0.442                7.691               0.000               0.000          3076915.956   1.00000 
  2766.587          39.053    588.932       0.209       0.442                7.692               0.000               0.000          3076916.008   1.00000 
  2766.591          39.052    588.920       0.209       0.442                7.691               0.000               0.000          3076916.039   1.00000 
  2766.595          39.051    588.909       0.209       0.442                7.693               0.000               0.000          3076916.070   1.00000 
  2766.602          39.049    588.888       0.209       0.442                7.693               0.000               0.000          3076916.123   1.00000 
  2766.607          39.048    588.872       0.209       0.442                7.694               0.000               0.000          3076916.164   1.00000 
  2766.611          39.047    588.861       0.209       0.442                7.695               0.000               0.000          3076916.193   1.00000 
  2766.615          39.046    588.850       0.209       0.442                7.695               0.000               0.000          3076916.222   1.00000 
  2766.619          39.045    588.838       0.209       0.442                7.694               0.000               0.000          3076916.252   1.00000 
  2766.622          39.044    588.827       0.209       0.442                7.696               0.000               0.000          3076916.281   1.00000 
  2766.629          39.043    588.807       0.209       0.442                7.696               0.000               0.000          3076916.333   1.00000 
  2766.635          39.041    588.790       0.209       0.442                7.697               0.000               0.000          3076916.378   1.00000 
  2766.640          39.040    588.776       0.209       0.442                7.698               0.000               0.000          3076916.414   1.00000 
  2766.644          39.039    588.762       0.209       0.442                7.698               0.000               0.000          3076916.449   1.00000 
  2766.649          39.038    588.749       0.209       0.442                7.699               0.000               0.000          3076916.485   1.00000 
  2766.658          39.035    588.722       0.209       0.442                7.699               0.000               0.000          3076916.553   1.00000 
  2766.675          39.031    588.673       0.209       0.442                7.701               0.000               0.000          3076916.682   1.00000 
  2766.680          39.030    588.656       0.209       0.442                7.702               0.000               0.000          3076916.725   1.00000 
  2766.690          39.027    588.626       0.209       0.442                7.702               0.000               0.000          3076916.804   1.00000 
  2766.709          39.023    588.571       0.209       0.442                7.705               0.000               0.000          3076916.946   1.00000 
  2766.715          39.021    588.554       0.209       0.442                7.706               0.000               0.000          3076916.990   1.00000 
  2766.720          39.020    588.538       0.209       0.442                7.706               0.000               0.000          3076917.034   1.00000 
  2766.724          39.019    588.526       0.209       0.442                7.707               0.000               0.000          3076917.064   1.00000 
  2766.728          39.018    588.514       0.209       0.442                7.707               0.000               0.000          3076917.094   1.00000 
  2766.732          39.017    588.503       0.209       0.442                7.708               0.000               0.000          3076917.124   1.00000 
  2766.740          39.015    588.480       0.209       0.442                7.708               0.000               0.000          3076917.184   1.00000 
  2766.755          39.011    588.434       0.209       0.442                7.710               0.000               0.000          3076917.302   1.00000 
  2766.759          39.010    588.423       0.209       0.442                7.711               0.000               0.000          3076917.332   1.00000 
  2766.767          39.008    588.400       0.209       0.442                7.711               0.000               0.000          3076917.391   1.00000 
  2766.782          39.005    588.355       0.209       0.442                7.713               0.000               0.000          3076917.508   1.00000 
  2766.786          39.004    588.344       0.209       0.442                7.712               0.000               0.000          3076917.538   1.00000 
  2766.789          39.003    588.333       0.209       0.442                7.714               0.000               0.000          3076917.568   1.00000 
  2766.796          39.001    588.312       0.209       0.442                7.715               0.000               0.000          3076917.620   1.00000 
  2766.800          39.000    588.301       0.209       0.442                7.714               0.000               0.000          3076917.651   1.00000 
  2766.804          38.999    588.289       0.209       0.442                7.715               0.000               0.000          3076917.681   1.00000 
  2766.811          38.997    588.269       0.209       0.442                7.716               0.000               0.000          3076917.734   1.00000 
  2766.816          38.996    588.253       0.209       0.442                7.717               0.000               0.000          3076917.775   1.00000 
  2766.821          38.995    588.238       0.209       0.442                7.717               0.000               0.000          3076917.815   1.00000 
  2766.827          38.993    588.222       0.209       0.442                7.718               0.000               0.000          3076917.855   1.00000 
  2766.831          38.992    588.211       0.209       0.442                7.718               0.000               0.000          3076917.884   1.00000 
  2766.834          38.991    588.200       0.209       0.442                7.719               0.000               0.000          3076917.914   1.00000 
  2766.842          38.989    588.177       0.209       0.442                7.720               0.000               0.000          3076917.973   1.00000 
  2766.846          38.989    588.167       0.209       0.442                7.719               0.000               0.000          3076918.001   1.00000 
  2766.849          38.988    588.156       0.209       0.442                7.720               0.000               0.000          3076918.029   1.00000 
  2766.856          38.986    588.136       0.209       0.442                7.721               0.000               0.000          3076918.080   1.00000 
  2766.860          38.985    588.125       0.209       0.442                7.720               0.000               0.000          3076918.111   1.00000 
  2766.864          38.984    588.113       0.209       0.442                7.722               0.000               0.000          3076918.141   1.00000 
  2766.871          38.982    588.093       0.209       0.442                7.723               0.000               0.000          3076918.194   1.00000 
  2766.875          38.981    588.081       0.209       0.442                7.722               0.000               0.000          3076918.225   1.00000 
  2766.879          38.980    588.069       0.209       0.442                7.723               0.000               0.000          3076918.255   1.00000 
  2766.885          38.979    588.049       0.209       0.442                7.724               0.000               0.000          3076918.308   1.00000 
  2766.889          38.978    588.038       0.209       0.442                7.723               0.000               0.000          3076918.339   1.00000 
  2766.893          38.977    588.026       0.209       0.442                7.725               0.000               0.000          3076918.369   1.00000 
  2766.900          38.975    588.006       0.209       0.442                7.726               0.000               0.000          3076918.422   1.00000 
  2766.904          38.974    587.994       0.209       0.442                7.725               0.000               0.000          3076918.453   1.00000 
  2766.908          38.973    587.982       0.209       0.442                7.727               0.000               0.000          3076918.483   1.00000 
  2766.915          38.971    587.962       0.209       0.442                7.727               0.000               0.000          3076918.536   1.00000 
  2766.919          38.970    587.950       0.209       0.442                7.726               0.000               0.000          3076918.567   1.00000 
  2766.923          38.969    587.939       0.209       0.442                7.728               0.000               0.000          3076918.597   1.00000 
  2766.930          38.968    587.919       0.209       0.442                7.729               0.000               0.000          3076918.650   1.00000 
  2766.934          38.967    587.907       0.209       0.442                7.729               0.000               0.000          3076918.681   1.00000 
  2766.941          38.965    587.884       0.209       0.442                7.730               0.000               0.000          3076918.741   1.00000 
  2766.957          38.961    587.839       0.209       0.442                7.732               0.000               0.000          3076918.860   1.00000 
  2766.969          38.958    587.804       0.209       0.442                7.733               0.000               0.000          3076918.951   1.00000 
  2766.987          38.953    587.749       0.209       0.442                7.733               0.000               0.000          3076919.096   1.00000 
  2767.020          38.945    587.652       0.209       0.442                7.738               0.000               0.000          3076919.351   1.00000 
  2767.040          38.940    587.593       0.209       0.442                7.741               0.000               0.000          3076919.507   1.00000 
  2767.069          38.933    587.508       0.209       0.442                7.743               0.000               0.000          3076919.729   1.00000 
  2767.106          38.923    587.399       0.209       0.442                7.743               0.000               0.000          3076920.016   1.00000 
  2767.274          38.881    586.907       0.209       0.442                7.764               0.000               0.000          3076921.316   1.00000 
  2767.278          38.880    586.893       0.209       0.442                7.767               0.000               0.000          3076921.353   1.00000 
  2767.288          38.878    586.866       0.209       0.442                7.767               0.000               0.000          3076921.424   1.00000 
  2767.308          38.873    586.807       0.209       0.442                7.770               0.000               0.000          3076921.583   1.00000 
  2767.337          38.865    586.722       0.209       0.442                7.772               0.000               0.000          3076921.808   1.00000 
  2767.374          38.856    586.613       0.209       0.442                7.772               0.000               0.000          3076922.098   1.00000 
  2767.542          38.814    586.122       0.209       0.442                7.793               0.000               0.000          3076923.407   1.00000 
  2767.559          38.809    586.073       0.209       0.442                7.798               0.000               0.000          3076923.539   1.00000 
  2767.571          38.806    586.037       0.209       0.442                7.799               0.000               0.000          3076923.635   1.00000 
  2767.578          38.805    586.017       0.209       0.442                7.800               0.000               0.000          3076923.688   1.00000 
  2767.590          38.802    585.982       0.209       0.442                7.800               0.000               0.000          3076923.782   1.00000 
  2767.615          38.795    585.911       0.209       0.442                7.803               0.000               0.000          3076923.972   1.00000 
  2767.708          38.772    585.641       0.209       0.442                7.809               0.000               0.000          3076924.698   1.00000 
  2767.801          38.748    585.371       0.209       0.442                7.805               0.000               0.000          3076925.423   1.00000 
  2768.219          38.642    584.160       0.209       0.442                7.855               0.000               0.000          3076928.708   1.00000 
  2768.419          38.591    583.585       0.209       0.442                7.885               0.000               0.000          3076930.285   1.00000 
  2768.599          38.546    583.070       0.209       0.442                7.908               0.000               0.000          3076931.708   1.00000 
  2768.761          38.504    582.609       0.209       0.442                7.929               0.000               0.000          3076932.993   1.00000 
  2768.907          38.467    582.194       0.209       0.442                7.947               0.000               0.000          3076934.151   1.00000 
  2769.038          38.433    581.822       0.209       0.442                7.963               0.000               0.000          3076935.196   1.00000 
  2769.052          38.429    581.782       0.209       0.442                7.966               0.000               0.000          3076935.311   1.00000 
  2769.074          38.424    581.721       0.209       0.442                7.966               0.000               0.000          3076935.481   1.00000 
  2769.170          38.399    581.450       0.209       0.442                7.976               0.000               0.000          3076936.249   1.00000 
  2769.603          38.287    580.228       0.209       0.442                8.023               0.000               0.000          3076939.725   1.00000 
  2770.603          38.028    577.434       0.209       0.442                8.126               0.000               0.000          3076947.850   1.00000 
  2771.603          37.766    574.693       0.209       0.442                8.223               0.000               0.000          3076956.074   1.00000 
  2772.603          37.501    572.005       0.209       0.442                8.306               0.000               0.000          3076964.380   1.00000 
  2773.603          37.235    569.367       0.209       0.442                8.373               0.000               0.000          3076972.754   1.00000 
  2774.603          36.968    566.778       0.209       0.442                8.423               0.000               0.000          3076981.177   1.00000 
  2775.603          36.699    564.235       0.209       0.442                8.455               0.000               0.000          3076989.632   1.00000 
  2776.603          36.429    561.738       0.209       0.442                8.467               0.000               0.000          3076998.099   1.00000 
  2777.603          36.160    559.285       0.209       0.442                8.461               0.000               0.000          3077006.560   1.00000 
  2778.603          35.889    556.874       0.209       0.442                8.434               0.000               0.000          3077014.993   1.00000 
  2779.603          35.620    554.504       0.209       0.442                8.387               0.000               0.000          3077023.381   1.00000 
  2780.603          35.350    552.173       0.209       0.442                8.321               0.000               0.000          3077031.702   1.00000 
  2781.603          35.082    549.881       0.209       0.442                8.236               0.000               0.000          3077039.937   1.00000 
  2782.603          34.814    547.625       0.209       0.442                8.132               0.000               0.000          3077048.069   1.00000 
  2783.603          34.548    545.405       0.209       0.442                8.010               0.000               0.000          3077056.079   1.00000 
  2784.603          34.284    543.219       0.209       0.442                7.872               0.000               0.000          3077063.951   1.00000 
  2785.603          34.022    541.067       0.209       0.442                7.719               0.000               0.000          3077071.669   1.00000 
  2786.603          33.762    538.947       0.209       0.442                7.551               0.000               0.000          3077079.221   1.00000 
  2787.603          33.504    536.859       0.209       0.442                7.372               0.000               0.000          3077086.593   1.00000 
  2788.603          33.248    534.801       0.209       0.442                7.182               0.000               0.000          3077093.775   1.00000 
  2789.603          32.996    532.772       0.209       0.442                6.984               0.000               0.000          3077100.759   1.00000 
  2790.603          32.746    530.772       0.209       0.442                6.778               0.000               0.000          3077107.537   1.00000 
  2791.603          32.500    528.800       0.209       0.442                6.567               0.000               0.000          3077114.104   1.00000 
  2792.603          32.256    526.855       0.209       0.442                6.352               0.000               0.000          3077120.456   1.00000 
  2793.603          32.016    524.937       0.209       0.442                6.132               0.000               0.000          3077126.588   1.00000 
  2794.603          31.780    523.044       0.209       0.442                5.910               0.000               0.000          3077132.498   1.00000 
  2795.603          31.547    521.178       0.209       0.442                5.691               0.000               0.000          3077138.188   1.00000 
  2796.603          31.317    519.336       0.209       0.442                5.475               0.000               0.000          3077143.663   1.00000 
  2797.603          31.091    517.518       0.209       0.442                5.263               0.000               0.000          3077148.926   1.00000 
  2798.603          30.868    515.724       0.209       0.442                5.056               0.000               0.000          3077153.982   1.00000 
  2799.603          30.649    513.954       0.209       0.442                4.855               0.000               0.000          3077158.837   1.00000 
  2800.603          30.433    512.206       0.209       0.442                4.660               0.000               0.000          3077163.497   1.00000 
  2801.603          30.221    510.480       0.209       0.442                4.472               0.000               0.000          3077167.969   1.00000 
  2802.603          30.013    508.776       0.209       0.442                4.290               0.000               0.000          3077172.259   1.00000 
  2803.603          29.807    507.093       0.209       0.442                4.115               0.000               0.000          3077176.374   1.00000 
  2804.603          29.605    505.432       0.209       0.442                3.947               0.000               0.000          3077180.321   1.00000 
  2805.603          29.407    503.790       0.209       0.442                3.786               0.000               0.000          3077184.107   1.00000 
  2806.603          29.212    502.169       0.209       0.442                3.632               0.000               0.000          3077187.739   1.00000 
  2807.603          29.020    500.567       0.209       0.442                3.485               0.000               0.000          3077191.224   1.00000 
  2808.603          28.831    498.985       0.209       0.442                3.345               0.000               0.000          3077194.570   1.00000 
  2809.603          28.645    497.421       0.209       0.442                3.212               0.000               0.000          3077197.781   1.00000 
  2810.603          28.462    495.877       0.209       0.442                3.085               0.000               0.000          3077200.866   1.00000 
  2811.603          28.282    494.350       0.209       0.442                2.964               0.000               0.000          3077203.830   1.00000 
  2812.603          28.105    492.841       0.209       0.442                2.849               0.000               0.000          3077206.678   1.00000 
  2813.603          27.931    491.350       0.209       0.442                2.739               0.000               0.000          3077209.418   1.00000 
  2814.603          27.760    489.876       0.209       0.442                2.636               0.000               0.000          3077212.053   1.00000 
  2815.603          27.591    488.418       0.209       0.442                2.537               0.000               0.000          3077214.591   1.00000 
  2816.603          27.425    486.977       0.209       0.442                2.444               0.000               0.000          3077217.034   1.00000 
  2817.603          27.261    485.553       0.209       0.442                2.355               0.000               0.000          3077219.389   1.00000 
  2818.603          27.100    484.144       0.209       0.442                2.271               0.000               0.000          3077221.660   1.00000 
  2819.603          26.941    482.752       0.209       0.442                2.191               0.000               0.000          3077223.851   1.00000 
  2820.603          26.785    481.374       0.209       0.442                2.115               0.000               0.000          3077225.965   1.00000 
  2821.603          26.631    480.012       0.209       0.442                2.042               0.000               0.000          3077228.008   1.00000 
  2822.603          26.479    478.665       0.209       0.442                1.974               0.000               0.000          3077229.982   1.00000 
  2823.603          26.329    477.332       0.209       0.442                1.909               0.000               0.000          3077231.890   1.00000 
  2824.603          26.181    476.013       0.209       0.442                1.847               0.000               0.000          3077233.737   1.00000 
  2825.603          26.035    474.709       0.209       0.442                1.788               0.000               0.000          3077235.524   1.00000 
  2826.603          25.892    473.418       0.209       0.442                1.731               0.000               0.000          3077237.256   1.00000 
  2827.603          25.750    472.142       0.209       0.442                1.678               0.000               0.000          3077238.934   1.00000 
  2828.603          25.610    470.878       0.209       0.442                1.627               0.000               0.000          3077240.561   1.00000 
  2829.603          25.472    469.628       0.209       0.442                1.578               0.000               0.000          3077242.139   1.00000 
  2830.603          25.335    468.390       0.209       0.442                1.532               0.000               0.000          3077243.671   1.00000 
  2831.603          25.200    467.166       0.209       0.442                1.488               0.000               0.000          3077245.159   1.00000 
  2832.603          25.067    465.954       0.209       0.442                1.446               0.000               0.000          3077246.605   1.00000 
  2833.603          24.936    464.754       0.209       0.442                1.405               0.000               0.000          3077248.010   1.00000 
  2834.603          24.806    463.566       0.209       0.442                1.367               0.000               0.000          3077249.376   1.00000 
  2835.603          24.677    462.390       0.209       0.442                1.330               0.000               0.000          3077250.706   1.00000 
  2836.603          24.550    461.226       0.209       0.442                1.294               0.000               0.000          3077252.000   1.00000 
  2837.603          24.425    460.074       0.209       0.442                1.260               0.000               0.000          3077253.260   1.00000 
  2838.603          24.301    458.933       0.209       0.442                1.228               0.000               0.000          3077254.488   1.00000 
  2839.603          24.178    457.802       0.209       0.442                1.196               0.000               0.000          3077255.684   1.00000 
  2840.603          24.057    456.683       0.209       0.442                1.166               0.000               0.000          3077256.851   1.00000 
  2841.603          23.937    455.575       0.209       0.442                1.138               0.000               0.000          3077257.989   1.00000 
  2842.603          23.818    454.477       0.209       0.442                1.110               0.000               0.000          3077259.099   1.00000 
  2843.603          23.701    453.390       0.209       0.442                1.083               0.000               0.000          3077260.182   1.00000 
  2844.603          23.585    452.313       0.209       0.442                1.058               0.000               0.000          3077261.240   1.00000 
  2845.603          23.470    451.246       0.209       0.442                1.033               0.000               0.000          3077262.273   1.00000 
  2846.603          23.356    450.189       0.209       0.442                1.009               0.000               0.000          3077263.282   1.00000 
  2847.603          23.243    449.142       0.209       0.442                0.986               0.000               0.000          3077264.269   1.00000 
  2848.603          23.131    448.105       0.209       0.442                0.964               0.000               0.000          3077265.233   1.00000 
  2849.603          23.021    447.077       0.209       0.442                0.943               0.000               0.000          3077266.176   1.00000 
  2850.603          22.911    446.058       0.209       0.442                0.922               0.000               0.000          3077267.099   1.00000 
  2851.603          22.803    445.049       0.209       0.442                0.903               0.000               0.000          3077268.001   1.00000 
  2852.603          22.695    444.049       0.209       0.442                0.883               0.000               0.000          3077268.885   1.00000 
  2853.603          22.589    443.057       0.209       0.442                0.865               0.000               0.000          3077269.749   1.00000 
  2854.603          22.483    442.075       0.209       0.442                0.847               0.000               0.000          3077270.596   1.00000 
  2855.603          22.379    441.101       0.209       0.442                0.829               0.000               0.000          3077271.425   1.00000 
  2856.603          22.275    440.135       0.209       0.442                0.812               0.000               0.000          3077272.238   1.00000 
  2857.603          22.173    439.178       0.209       0.442                0.796               0.000               0.000          3077273.034   1.00000 
  2858.603          22.071    438.230       0.209       0.442                0.780               0.000               0.000          3077273.814   1.00000 
  2859.603          21.970    437.289       0.209       0.442                0.765               0.000               0.000          3077274.579   1.00000 
  2860.603          21.870    436.357       0.209       0.442                0.750               0.000               0.000          3077275.329   1.00000 
  2861.603          21.771    435.432       0.209       0.442                0.736               0.000               0.000          3077276.065   1.00000 
  2862.603          21.673    434.516       0.209       0.442                0.722               0.000               0.000          3077276.787   1.00000 
  2863.603          21.575    433.607       0.209       0.442                0.708               0.000               0.000          3077277.495   1.00000 
  2864.603          21.478    432.705       0.209       0.442                0.695               0.000               0.000          3077278.190   1.00000 
  2865.603          21.382    431.811       0.209       0.442                0.682               0.000               0.000          3077278.872   1.00000 
  2866.603          21.287    430.925       0.209       0.442                0.670               0.000               0.000          3077279.541   1.00000 
  2867.603          21.193    430.046       0.209       0.442                0.657               0.000               0.000          3077280.199   1.00000 
  2868.603          21.099    429.174       0.209       0.442                0.646               0.000               0.000          3077280.844   1.00000 
  2869.603          21.006    428.309       0.209       0.442                0.634               0.000               0.000          3077281.478   1.00000 
  2870.603          20.914    427.451       0.209       0.442                0.623               0.000               0.000          3077282.101   1.00000 
  2871.603          20.823    426.600       0.209       0.442                0.612               0.000               0.000          3077282.713   1.00000 
  2872.603          20.732    425.756       0.209       0.442                0.601               0.000               0.000          3077283.315   1.00000 
  2873.603          20.642    424.919       0.209       0.442                0.591               0.000               0.000          3077283.906   1.00000 
  2874.603          20.552    424.088       0.209       0.442                0.581               0.000               0.000          3077284.487   1.00000 
  2875.603          20.463    423.264       0.209       0.442                0.571               0.000               0.000          3077285.059   1.00000 
  2876.603          20.375    422.446       0.209       0.442                0.562               0.000               0.000          3077285.620   1.00000 
  2877.603          20.288    421.635       0.209       0.442                0.552               0.000               0.000          3077286.173   1.00000 
  2878.603          20.201    420.830       0.209       0.442                0.543               0.000               0.000          3077286.716   1.00000 
  2879.603          20.115    420.031       0.209       0.442                0.535               0.000               0.000          3077287.251   1.00000 
  2880.603          20.029    419.238       0.209       0.442                0.526               0.000               0.000          3077287.776   1.00000 
  2881.603          19.944    418.452       0.209       0.442                0.517               0.000               0.000          3077288.294   1.00000 
  2882.603          19.859    417.671       0.209       0.442                0.509               0.000               0.000          3077288.803   1.00000 
  2883.603          19.775    416.897       0.209       0.442                0.501               0.000               0.000          3077289.304   1.00000 
  2884.603          19.692    416.128       0.209       0.442                0.493               0.000               0.000          3077289.798   1.00000 
  2885.603          19.609    415.366       0.209       0.442                0.486               0.000               0.000          3077290.283   1.00000 
  2886.603          19.527    414.609       0.209       0.442                0.478               0.000               0.000          3077290.762   1.00000 
  2887.603          19.445    413.857       0.209       0.442                0.471               0.000               0.000          3077291.233   1.00000 
  2888.603          19.364    413.112       0.209       0.442                0.464               0.000               0.000          3077291.698   1.00000 
  2889.603          19.283    412.371       0.209       0.442                0.458               0.000               0.000          3077292.155   1.00000 
  2890.603          19.203    411.637       0.209       0.442                0.451               0.000               0.000          3077292.606   1.00000 
  2891.603          19.123    410.908       0.209       0.442                0.444               0.000               0.000          3077293.050   1.00000 
  2892.603          19.044    410.184       0.209       0.442                0.438               0.000               0.000          3077293.488   1.00000 
  2893.603          18.966    409.465       0.209       0.442                0.432               0.000               0.000          3077293.920   1.00000 
  2894.603          18.887    408.752       0.209       0.442                0.426               0.000               0.000          3077294.346   1.00000 
  2895.603          18.809    408.043       0.209       0.442                0.420               0.000               0.000          3077294.765   1.00000 
  2896.603          18.732    407.340       0.209       0.442                0.414               0.000               0.000          3077295.179   1.00000 
  2897.603          18.655    406.642       0.209       0.442                0.408               0.000               0.000          3077295.587   1.00000 
  2898.603          18.579    405.949       0.209       0.442                0.403               0.000               0.000          3077295.990   1.00000 
  2899.603          18.503    405.261       0.209       0.442                0.397               0.000               0.000          3077296.387   1.00000 
  2900.603          18.427    404.577       0.209       0.442                0.392               0.000               0.000          3077296.778   1.00000 
  2901.603          18.352    403.899       0.209       0.442                0.386               0.000               0.000          3077297.165   1.00000 
  2902.603          18.278    403.225       0.209       0.442                0.381               0.000               0.000          3077297.546   1.00000 
  2903.603          18.203    402.556       0.209       0.442                0.376               0.000               0.000          3077297.922   1.00000 
  2904.603          18.130    401.891       0.209       0.442                0.371               0.000               0.000          3077298.293   1.00000 
  2905.603          18.056    401.231       0.209       0.442                0.366               0.000               0.000          3077298.660   1.00000 
  2906.603          17.983    400.576       0.209       0.442                0.362               0.000               0.000          3077299.021   1.00000 
  2907.603          17.910    399.925       0.209       0.442                0.357               0.000               0.000          3077299.378   1.00000 
  2908.603          17.838    399.278       0.209       0.442                0.352               0.000               0.000          3077299.731   1.00000 
  2909.603          17.766    398.636       0.209       0.442                0.348               0.000               0.000          3077300.079   1.00000 
  2910.603          17.695    397.998       0.209       0.442                0.344               0.000               0.000          3077300.422   1.00000 
  2911.603          17.624    397.365       0.209       0.442                0.339               0.000               0.000          3077300.761   1.00000 
  2912.603          17.553    396.735       0.209       0.442                0.335               0.000               0.000          3077301.096   1.00000 
  2913.603          17.483    396.110       0.209       0.442                0.331               0.000               0.000          3077301.427   1.00000 
  2914.603          17.413    395.489       0.209       0.442                0.327               0.000               0.000          3077301.754   1.00000 
  2915.603          17.343    394.872       0.209       0.442                0.323               0.000               0.000          3077302.076   1.00000 
  2916.603          17.274    394.259       0.209       0.442                0.319               0.000               0.000          3077302.395   1.00000 
  2917.603          17.205    393.650       0.209       0.442                0.315               0.000               0.000          3077302.710   1.00000 
  2918.603          17.137    393.046       0.209       0.442                0.311               0.000               0.000          3077303.021   1.00000 
  2919.603          17.068    392.445       0.209       0.442                0.307               0.000               0.000          3077303.328   1.00000 
  2920.603          17.000    391.847       0.209       0.442                0.304               0.000               0.000          3077303.632   1.00000 
  2921.603          16.933    391.254       0.209       0.442                0.300               0.000               0.000          3077303.932   1.00000 
  2922.603          16.866    390.665       0.209       0.442                0.297               0.000               0.000          3077304.229   1.00000 
  2923.603          16.799    390.079       0.209       0.442                0.293               0.000               0.000          3077304.522   1.00000 
  2924.603          16.732    389.497       0.209       0.442                0.290               0.000               0.000          3077304.811   1.00000 
  2925.603          16.666    388.919       0.209       0.442                0.286               0.000               0.000          3077305.097   1.00000 
  2926.603          16.600    388.344       0.209       0.442                0.283               0.000               0.000          3077305.380   1.00000 
  2927.603          16.535    387.773       0.209       0.442                0.280               0.000               0.000          3077305.660   1.00000 
  2928.603          16.469    387.205       0.209       0.442                0.276               0.000               0.000          3077305.937   1.00000 
  2929.603          16.405    386.641       0.209       0.442                0.273               0.000               0.000          3077306.210   1.00000 
  2930.603          16.340    386.081       0.209       0.442                0.270               0.000               0.000          3077306.480   1.00000 
  2931.603          16.276    385.524       0.209       0.442                0.267               0.000               0.000          3077306.747   1.00000 
  2932.603          16.212    384.970       0.209       0.442                0.264               0.000               0.000          3077307.012   1.00000 
  2933.603          16.148    384.420       0.209       0.442                0.261               0.000               0.000          3077307.273   1.00000 
  2934.603          16.084    383.873       0.209       0.442                0.258               0.000               0.000          3077307.531   1.00000 
  2935.603          16.021    383.330       0.209       0.442                0.256               0.000               0.000          3077307.787   1.00000 
  2936.603          15.958    382.789       0.209       0.442                0.253               0.000               0.000          3077308.040   1.00000 
  2937.603          15.896    382.252       0.209       0.442                0.250               0.000               0.000          3077308.290   1.00000 
  2938.603          15.834    381.719       0.209       0.442                0.247               0.000               0.000          3077308.537   1.00000 
  2939.603          15.772    381.188       0.209       0.442                0.245               0.000               0.000          3077308.782   1.00000 
  2940.603          15.710    380.661       0.209       0.442                0.242               0.000               0.000          3077309.024   1.00000 
  2941.603          15.648    380.136       0.209       0.442                0.239               0.000               0.000          3077309.263   1.00000 
  2942.603          15.587    379.615       0.209       0.442                0.237               0.000               0.000          3077309.500   1.00000 
  2943.603          15.526    379.097       0.209       0.442                0.234               0.000               0.000          3077309.734   1.00000 
  2944.603          15.466    378.582       0.209       0.442                0.232               0.000               0.000          3077309.966   1.00000 
  2945.603          15.405    378.070       0.209       0.442                0.229               0.000               0.000          3077310.196   1.00000 
  2946.603          15.345    377.561       0.209       0.442                0.227               0.000               0.000          3077310.423   1.00000 
  2947.603          15.285    377.055       0.209       0.442                0.225               0.000               0.000          3077310.647   1.00000 
  2948.603          15.226    376.551       0.209       0.442                0.222               0.000               0.000          3077310.870   1.00000 
  2949.603          15.166    376.051       0.209       0.442                0.220               0.000               0.000          3077311.090   1.00000 
  2950.603          15.107    375.553       0.209       0.442                0.218               0.000               0.000          3077311.308   1.00000 
  2951.603          15.048    375.059       0.209       0.442                0.216               0.000               0.000          3077311.523   1.00000 
  2952.603          14.990    374.567       0.209       0.442                0.213               0.000               0.000          3077311.737   1.00000 
  2953.603          14.932    374.078       0.209       0.442                0.211               0.000               0.000          3077311.948   1.00000 
  2954.603          14.873    373.592       0.209       0.442                0.209               0.000               0.000          3077312.157   1.00000 
  2955.603          14.816    373.108       0.209       0.442                0.207               0.000               0.000          3077312.364   1.00000 
  2956.603          14.758    372.627       0.209       0.442                0.205               0.000               0.000          3077312.569   1.00000 
  2957.603          14.701    372.149       0.209       0.442                0.203               0.000               0.000          3077312.772   1.00000 
  2958.603          14.644    371.674       0.209       0.442                0.201               0.000               0.000          3077312.973   1.00000 
  2959.603          14.587    371.201       0.209       0.442                0.199               0.000               0.000          3077313.172   1.00000 
  2960.603          14.530    370.731       0.209       0.442                0.197               0.000               0.000          3077313.369   1.00000 
  2961.603          14.474    370.263       0.209       0.442                0.195               0.000               0.000          3077313.565   1.00000 
  2962.603          14.417    369.798       0.209       0.442                0.193               0.000               0.000          3077313.758   1.00000 
  2963.603          14.362    369.336       0.209       0.442                0.191               0.000               0.000          3077313.949   1.00000 
  2964.603          14.306    368.875       0.209       0.442                0.190               0.000               0.000          3077314.139   1.00000 
  2965.603          14.250    368.418       0.209       0.442                0.188               0.000               0.000          3077314.326   1.00000 
  2966.603          14.195    367.963       0.209       0.442                0.186               0.000               0.000          3077314.512   1.00000 
  2967.603          14.140    367.510       0.209       0.442                0.184               0.000               0.000          3077314.697   1.00000 
  2968.603          14.085    367.060       0.209       0.442                0.182               0.000               0.000          3077314.879   1.00000 
  2969.603          14.031    366.612       0.209       0.442                0.181               0.000               0.000          3077315.060   1.00000 
  2970.603          13.976    366.167       0.209       0.442                0.179               0.000               0.000          3077315.239   1.00000 
  2971.603          13.922    365.724       0.209       0.442                0.177               0.000               0.000          3077315.416   1.00000 
  2972.603          13.868    365.283       0.209       0.442                0.176               0.000               0.000          3077315.592   1.00000 
  2973.603          13.814    364.845       0.209       0.442                0.174               0.000               0.000          3077315.766   1.00000 
  2974.603          13.761    364.409       0.209       0.442                0.172               0.000               0.000          3077315.938   1.00000 
  2975.603          13.707    363.975       0.209       0.442                0.171               0.000               0.000          3077316.109   1.00000 
  2976.603          13.654    363.544       0.209       0.442                0.169               0.000               0.000          3077316.279   1.00000 
  2977.603          13.601    363.114       0.209       0.442                0.168               0.000               0.000          3077316.446   1.00000 
  2978.603          13.549    362.687       0.209       0.442                0.166               0.000               0.000          3077316.613   1.00000 
  2979.603          13.496    362.263       0.209       0.442                0.165               0.000               0.000          3077316.777   1.00000 
  2980.603          13.444    361.840       0.209       0.442                0.163               0.000               0.000          3077316.941   1.00000 
  2981.603          13.392    361.420       0.209       0.442                0.162               0.000               0.000          3077317.103   1.00000 
  2982.603          13.340    361.001       0.209       0.442                0.160               0.000               0.000          3077317.263   1.00000 
  2983.603          13.288    360.585       0.209       0.442                0.159               0.000               0.000          3077317.422   1.00000 
  2984.603          13.237    360.171       0.209       0.442                0.158               0.000               0.000          3077317.579   1.00000 
  2985.603          13.185    359.759       0.209       0.442                0.156               0.000               0.000          3077317.736   1.00000 
  2986.603          13.134    359.349       0.209       0.442                0.155               0.000               0.000          3077317.890   1.00000 
  2987.603          13.083    358.942       0.209       0.442                0.153               0.000               0.000          3077318.044   1.00000 
  2988.603          13.032    358.536       0.209       0.442                0.152               0.000               0.000          3077318.196   1.00000 
  2989.603          12.982    358.132       0.209       0.442                0.151               0.000               0.000          3077318.347   1.00000 
  2990.603          12.931    357.730       0.209       0.442                0.149               0.000               0.000          3077318.496   1.00000 
  2991.603          12.881    357.331       0.209       0.442                0.148               0.000               0.000          3077318.644   1.00000 
  2992.603          12.831    356.933       0.209       0.442                0.147               0.000               0.000          3077318.791   1.00000 
  2993.603          12.781    356.537       0.209       0.442                0.146               0.000               0.000          3077318.937   1.00000 
  2994.603          12.732    356.144       0.209       0.442                0.144               0.000               0.000          3077319.081   1.00000 
  2995.603          12.682    355.752       0.209       0.442                0.143               0.000               0.000          3077319.224   1.00000 
  2996.603          12.633    355.362       0.209       0.442                0.142               0.000               0.000          3077319.366   1.00000 
  2997.603          12.584    354.974       0.209       0.442                0.141               0.000               0.000          3077319.507   1.00000 
  2998.603          12.535    354.588       0.209       0.442                0.140               0.000               0.000          3077319.647   1.00000 
  2999.603          12.486    354.204       0.209       0.442                0.138               0.000               0.000          3077319.785   1.00000 
  3000.603          12.438    353.821       0.209       0.442                0.137               0.000               0.000          3077319.922   1.00000 
  3001.603          12.389    353.441       0.209       0.442                0.136               0.000               0.000          3077320.059   1.00000 
  3002.603          12.341    353.062       0.209       0.442                0.135               0.000               0.000          3077320.194   1.00000 
  3003.603          12.293    352.685       0.209       0.442                0.134               0.000               0.000          3077320.327   1.00000 
  3004.603          12.245    352.310       0.209       0.442                0.133               0.000               0.000          3077320.460   1.00000 
  3005.603          12.198    351.937       0.209       0.442                0.132               0.000               0.000          3077320.592   1.00000 
  3006.603          12.150    351.565       0.209       0.442                0.131               0.000               0.000          3077320.723   1.00000 
  3007.603          12.103    351.195       0.209       0.442                0.130               0.000               0.000          3077320.852   1.00000 
  3008.603          12.056    350.827       0.209       0.442                0.129               0.000               0.000          3077320.981   1.00000 
  3009.603          12.008    350.461       0.209       0.442                0.128               0.000               0.000          3077321.108   1.00000 
  3010.603          11.962    350.097       0.209       0.442                0.126               0.000               0.000          3077321.235   1.00000 
  3011.603          11.915    349.734       0.209       0.442                0.125               0.000               0.000          3077321.360   1.00000 
  3012.603          11.868    349.373       0.209       0.442                0.124               0.000               0.000          3077321.485   1.00000 
  3013.603          11.822    349.013       0.209       0.442                0.123               0.000               0.000          3077321.608   1.00000 
  3014.603          11.776    348.656       0.209       0.442                0.123               0.000               0.000          3077321.731   1.00000 
  3015.603          11.730    348.299       0.209       0.442                0.122               0.000               0.000          3077321.852   1.00000 
  3016.603          11.684    347.945       0.209       0.442                0.121               0.000               0.000          3077321.973   1.00000 
  3017.603          11.638    347.592       0.209       0.442                0.120               0.000               0.000          3077322.092   1.00000 
  3018.603          11.593    347.241       0.209       0.442                0.119               0.000               0.000          3077322.211   1.00000 
  3019.603          11.547    346.891       0.209       0.442                0.118               0.000               0.000          3077322.329   1.00000 
  3020.603          11.502    346.543       0.209       0.442                0.117               0.000               0.000          3077322.446   1.00000 
  3021.603          11.457    346.197       0.209       0.442                0.116               0.000               0.000          3077322.562   1.00000 
  3022.603          11.412    345.852       0.209       0.442                0.115               0.000               0.000          3077322.677   1.00000 
  3023.603          11.367    345.509       0.209       0.442                0.114               0.000               0.000          3077322.791   1.00000 
  3024.603          11.322    345.167       0.209       0.442                0.113               0.000               0.000          3077322.904   1.00000 
  3025.603          11.278    344.827       0.209       0.442                0.112               0.000               0.000          3077323.017   1.00000 
  3026.603          11.234    344.488       0.209       0.442                0.112               0.000               0.000          3077323.129   1.00000 
  3027.603          11.189    344.151       0.209       0.442                0.111               0.000               0.000          3077323.239   1.00000 
  3028.603          11.145    343.816       0.209       0.442                0.110               0.000               0.000          3077323.349   1.00000 
  3029.603          11.101    343.482       0.209       0.442                0.109               0.000               0.000          3077323.458   1.00000 
  3030.603          11.058    343.149       0.209       0.442                0.108               0.000               0.000          3077323.567   1.00000 
  3031.603          11.014    342.818       0.209       0.442                0.107               0.000               0.000          3077323.674   1.00000 
  3032.603          10.971    342.489       0.209       0.442                0.107               0.000               0.000          3077323.781   1.00000 
  3033.603          10.927    342.161       0.209       0.442                0.106               0.000               0.000          3077323.887   1.00000 
  3034.603          10.884    341.835       0.209       0.442                0.105               0.000               0.000          3077323.992   1.00000 
  3035.603          10.841    341.511       0.209       0.442                0.105               0.000               0.000          3077324.097   1.00000 
  3036.603          10.798    341.189       0.209       0.442                0.104               0.000               0.000          3077324.200   1.00000 
  3037.603          10.755    340.868       0.209       0.442                0.103               0.000               0.000          3077324.304   1.00000 
  3038.603          10.712    340.549       0.209       0.442                0.103               0.000               0.000          3077324.406   1.00000 
  3039.603          10.670    340.232       0.209       0.442                0.102               0.000               0.000          3077324.508   1.00000 
  3040.603          10.627    339.917       0.209       0.442                0.101               0.000               0.000          3077324.610   1.00000 
  3041.603          10.585    339.603       0.209       0.442                0.101               0.000               0.000          3077324.711   1.00000 
  3042.603          10.543    339.291       0.209       0.442                0.100               0.000               0.000          3077324.811   1.00000 
  3043.603          10.500    338.981       0.209       0.442                0.100               0.000               0.000          3077324.911   1.00000 
  3044.603          10.458    338.672       0.209       0.442                0.099               0.000               0.000          3077325.010   1.00000 
  3045.603          10.416    338.365       0.209       0.442                0.099               0.000               0.000          3077325.109   1.00000 
  3046.603          10.374    338.060       0.209       0.442                0.098               0.000               0.000          3077325.207   1.00000 
  3047.603          10.333    337.756       0.209       0.442                0.097               0.000               0.000          3077325.304   1.00000 
  3048.603          10.291    337.454       0.209       0.442                0.097               0.000               0.000          3077325.401   1.00000 
  3049.603          10.250    337.153       0.209       0.442                0.096               0.000               0.000          3077325.497   1.00000 
  3050.603          10.208    336.854       0.209       0.442                0.096               0.000               0.000          3077325.593   1.00000 
  3051.603          10.167    336.557       0.209       0.442                0.095               0.000               0.000          3077325.689   1.00000 
  3052.603          10.126    336.261       0.209       0.442                0.095               0.000               0.000          3077325.783   1.00000 
  3053.603          10.085    335.967       0.209       0.442                0.094               0.000               0.000          3077325.878   1.00000 
  3054.603          10.044    335.675       0.209       0.442                0.094               0.000               0.000          3077325.971   1.00000 
  3055.603          10.003    335.384       0.209       0.442                0.093               0.000               0.000          3077326.065   1.00000 
  3056.603           9.962    335.094       0.209       0.442                0.093               0.000               0.000          3077326.157   1.00000 
  3057.603           9.921    334.806       0.209       0.442                0.092               0.000               0.000          3077326.250   1.00000 
  3058.603           9.881    334.520       0.209       0.442                0.092               0.000               0.000          3077326.341   1.00000 
  3059.603           9.840    334.235       0.209       0.442                0.091               0.000               0.000          3077326.432   1.00000 
  3060.603           9.800    333.952       0.209       0.442                0.091               0.000               0.000          3077326.523   1.00000 
  3061.603           9.760    333.670       0.209       0.442                0.090               0.000               0.000          3077326.613   1.00000 
  3062.603           9.720    333.389       0.209       0.442                0.090               0.000               0.000          3077326.703   1.00000 
  3063.603           9.679    333.110       0.209       0.442                0.089               0.000               0.000          3077326.793   1.00000 
  3064.603           9.640    332.833       0.209       0.442                0.089               0.000               0.000          3077326.881   1.00000 
  3065.603           9.600    332.557       0.209       0.442                0.088               0.000               0.000          3077326.970   1.00000 
  3066.603           9.560    332.283       0.209       0.442                0.088               0.000               0.000          3077327.058   1.00000 
  3067.603           9.520    332.010       0.209       0.442                0.087               0.000               0.000          3077327.145   1.00000 
  3068.603           9.481    331.738       0.209       0.442                0.087               0.000               0.000          3077327.232   1.00000 
  3069.603           9.441    331.468       0.209       0.442                0.087               0.000               0.000          3077327.318   1.00000 
  3070.603           9.402    331.199       0.209       0.442                0.086               0.000               0.000          3077327.405   1.00000 
  3071.603           9.363    330.932       0.209       0.442                0.086               0.000               0.000          3077327.490   1.00000 
  3072.603           9.323    330.666       0.209       0.442                0.085               0.000               0.000          3077327.575   1.00000 
  3073.603           9.284    330.402       0.209       0.442                0.085               0.000               0.000          3077327.660   1.00000 
  3074.603           9.245    330.139       0.209       0.442                0.084               0.000               0.000          3077327.744   1.00000 
  3075.603           9.207    329.877       0.209       0.442                0.084               0.000               0.000          3077327.828   1.00000 
  3076.603           9.168    329.617       0.209       0.442                0.083               0.000               0.000          3077327.912   1.00000 
  3077.603           9.129    329.358       0.209       0.442                0.083               0.000               0.000          3077327.995   1.00000 
  3078.603           9.090    329.100       0.209       0.442                0.083               0.000               0.000          3077328.077   1.00000 
  3079.603           9.052    328.844       0.209       0.442                0.082               0.000               0.000          3077328.160   1.00000 
  3080.603           9.014    328.590       0.209       0.442                0.082               0.000               0.000          3077328.241   1.00000 
  3081.603           8.975    328.336       0.209       0.442                0.081               0.000               0.000          3077328.323   1.00000 
  3082.603           8.937    328.084       0.209       0.442                0.081               0.000               0.000          3077328.404   1.00000 
  3083.603           8.899    327.833       0.209       0.442                0.081               0.000               0.000          3077328.484   1.00000 
  3084.603           8.861    327.584       0.209       0.442                0.080               0.000               0.000          3077328.564   1.00000 
  3085.603           8.823    327.336       0.209       0.442                0.080               0.000               0.000          3077328.644   1.00000 
  3086.603           8.785    327.089       0.209       0.442                0.079               0.000               0.000          3077328.724   1.00000 
  3087.603           8.747    326.843       0.209       0.442                0.079               0.000               0.000          3077328.803   1.00000 
  3088.603           8.710    326.599       0.209       0.442                0.079               0.000               0.000          3077328.881   1.00000 
  3089.603           8.672    326.356       0.209       0.442                0.078               0.000               0.000          3077328.959   1.00000 
  3090.603           8.635    326.114       0.209       0.442                0.078               0.000               0.000          3077329.037   1.00000 
  3091.603           8.597    325.874       0.209       0.442                0.077               0.000               0.000          3077329.115   1.00000 
  3092.603           8.560    325.635       0.209       0.442                0.077               0.000               0.000          3077329.192   1.00000 
  3093.603           8.523    325.397       0.209       0.442                0.077               0.000               0.000          3077329.269   1.00000 
  3094.603           8.486    325.161       0.209       0.442                0.076               0.000               0.000          3077329.345   1.00000 
  3095.603           8.448    324.925       0.209       0.442                0.076               0.000               0.000          3077329.421   1.00000 
  3096.603           8.412    324.691       0.209       0.442                0.076               0.000               0.000          3077329.497   1.00000 
  3097.603           8.375    324.458       0.209       0.442                0.075               0.000               0.000          3077329.572   1.00000 
  3098.603           8.338    324.227       0.209       0.442                0.075               0.000               0.000          3077329.647   1.00000 
  3099.603           8.301    323.997       0.209       0.442                0.075               0.000               0.000          3077329.722   1.00000 
  3100.603           8.265    323.767       0.209       0.442                0.074               0.000               0.000          3077329.796   1.00000 
  3101.603           8.228    323.539       0.209       0.442                0.074               0.000               0.000          3077329.870   1.00000 
  3102.603           8.192    323.313       0.209       0.442                0.074               0.000               0.000          3077329.943   1.00000 
  3103.603           8.155    323.087       0.209       0.442                0.073               0.000               0.000          3077330.017   1.00000 
  3104.603           8.119    322.863       0.209       0.442                0.073               0.000               0.000          3077330.089   1.00000 
  3105.603           8.083    322.640       0.209       0.442                0.073               0.000               0.000          3077330.162   1.00000 
  3106.603           8.047    322.418       0.209       0.442                0.072               0.000               0.000          3077330.234   1.00000 
  3107.603           8.011    322.197       0.209       0.442                0.072               0.000               0.000          3077330.306   1.00000 
  3108.603           7.975    321.978       0.209       0.442                0.072               0.000               0.000          3077330.378   1.00000 
  3109.603           7.939    321.759       0.209       0.442                0.071               0.000               0.000          3077330.449   1.00000 
  3110.603           7.903    321.542       0.209       0.442                0.071               0.000               0.000          3077330.520   1.00000 
  3111.603           7.867    321.326       0.209       0.442                0.071               0.000               0.000          3077330.590   1.00000 
  3112.603           7.832    321.111       0.209       0.442                0.070               0.000               0.000          3077330.661   1.00000 
  3113.603           7.796    320.897       0.209       0.442                0.070               0.000               0.000          3077330.731   1.00000 
  3114.603           7.761    320.685       0.209       0.442                0.070               0.000               0.000          3077330.800   1.00000 
  3115.603           7.725    320.473       0.209       0.442                0.069               0.000               0.000          3077330.870   1.00000 
  3116.603           7.690    320.263       0.209       0.442                0.069               0.000               0.000          3077330.939   1.00000 
  3117.603           7.655    320.054       0.209       0.442                0.069               0.000               0.000          3077331.007   1.00000 
  3118.603           7.620    319.846       0.209       0.442                0.068               0.000               0.000          3077331.076   1.00000 
  3119.603           7.585    319.639       0.209       0.442                0.068               0.000               0.000          3077331.144   1.00000 
  3120.603           7.550    319.433       0.209       0.442                0.068               0.000               0.000          3077331.212   1.00000 
  3121.603           7.515    319.228       0.209       0.442                0.068               0.000               0.000          3077331.279   1.00000 
  3122.603           7.480    319.025       0.209       0.442                0.067               0.000               0.000          3077331.347   1.00000 
  3123.603           7.445    318.822       0.209       0.442                0.067               0.000               0.000          3077331.414   1.00000 
  3124.603           7.411    318.621       0.209       0.442                0.067               0.000               0.000          3077331.480   1.00000 
  3125.603           7.376    318.420       0.209       0.442                0.066               0.000               0.000          3077331.547   1.00000 
  3126.603           7.341    318.221       0.209       0.442                0.066               0.000               0.000          3077331.613   1.00000 
  3127.603           7.307    318.023       0.209       0.442                0.066               0.000               0.000          3077331.678   1.00000 
  3128.603           7.273    317.826       0.209       0.442                0.066               0.000               0.000          3077331.744   1.00000 
  3129.603           7.238    317.629       0.209       0.442                0.065               0.000               0.000          3077331.809   1.00000 
  3130.603           7.204    317.434       0.209       0.442                0.065               0.000               0.000          3077331.874   1.00000 
  3131.603           7.170    317.240       0.209       0.442                0.065               0.000               0.000          3077331.939   1.00000 
  3132.603           7.136    317.048       0.209       0.442                0.064               0.000               0.000          3077332.003   1.00000 
  3133.603           7.102    316.856       0.209       0.442                0.064               0.000               0.000          3077332.068   1.00000 
  3134.603           7.068    316.665       0.209       0.442                0.064               0.000               0.000          3077332.131   1.00000 
  3135.603           7.034    316.475       0.209       0.442                0.064               0.000               0.000          3077332.195   1.00000 
  3136.603           7.000    316.286       0.209       0.442                0.063               0.000               0.000          3077332.258   1.00000 
  3137.603           6.967    316.099       0.209       0.442                0.063               0.000               0.000          3077332.321   1.00000 
  3138.603           6.933    315.912       0.209       0.442                0.063               0.000               0.000          3077332.384   1.00000 
  3139.603           6.900    315.726       0.209       0.442                0.063               0.000               0.000          3077332.447   1.00000 
  3140.603           6.866    315.542       0.209       0.442                0.062               0.000               0.000          3077332.509   1.00000 
  3141.603           6.833    315.358       0.209       0.442                0.062               0.000               0.000          3077332.571   1.00000 
  3142.603           6.799    315.176       0.209       0.442                0.062               0.000               0.000          3077332.633   1.00000 
  3143.603           6.766    314.994       0.209       0.442                0.062               0.000               0.000          3077332.695   1.00000 
  3144.603           6.733    314.813       0.209       0.442                0.061               0.000               0.000          3077332.756   1.00000 
  3145.603           6.700    314.634       0.209       0.442                0.061               0.000               0.000          3077332.817   1.00000 
  3146.603           6.667    314.455       0.209       0.442                0.061               0.000               0.000          3077332.878   1.00000 
  3147.603           6.634    314.278       0.209       0.442                0.061               0.000               0.000          3077332.938   1.00000 
  3148.603           6.601    314.101       0.209       0.442                0.060               0.000               0.000          3077332.999   1.00000 
  3149.603           6.568    313.925       0.209       0.442                0.060               0.000               0.000          3077333.059   1.00000 
  3150.603           6.535    313.750       0.209       0.442                0.060               0.000               0.000          3077333.119   1.00000 
  3151.603           6.502    313.577       0.209       0.442                0.060               0.000               0.000          3077333.178   1.00000 
  3152.603           6.470    313.404       0.209       0.442                0.059               0.000               0.000          3077333.238   1.00000 
  3153.603           6.437    313.232       0.209       0.442                0.059               0.000               0.000          3077333.297   1.00000 
  3154.603           6.405    313.061       0.209       0.442                0.059               0.000               0.000          3077333.356   1.00000 
  3155.603           6.372    312.891       0.209       0.442                0.059               0.000               0.000          3077333.414   1.00000 
  3156.603           6.340    312.723       0.209       0.442                0.058               0.000               0.000          3077333.473   1.00000 
  3157.603           6.308    312.555       0.209       0.442                0.058               0.000               0.000          3077333.531   1.00000 
  3158.603           6.275    312.388       0.209       0.442                0.058               0.000               0.000          3077333.589   1.00000 
  3159.603           6.243    312.221       0.209       0.442                0.058               0.000               0.000          3077333.647   1.00000 
  3160.603           6.211    312.056       0.209       0.442                0.058               0.000               0.000          3077333.704   1.00000 
  3161.603           6.179    311.892       0.209       0.442                0.057               0.000               0.000          3077333.762   1.00000 
  3162.603           6.147    311.729       0.209       0.442                0.057               0.000               0.000          3077333.819   1.00000 
  3163.603           6.115    311.566       0.209       0.442                0.057               0.000               0.000          3077333.875   1.00000 
  3164.603           6.083    311.405       0.209       0.442                0.057               0.000               0.000          3077333.932   1.00000 
  3165.603           6.051    311.244       0.209       0.442                0.056               0.000               0.000          3077333.989   1.00000 
  3166.603           6.020    311.085       0.209       0.442                0.056               0.000               0.000          3077334.045   1.00000 
  3167.603           5.988    310.926       0.209       0.442                0.056               0.000               0.000          3077334.101   1.00000 
  3168.603           5.956    310.768       0.209       0.442                0.056               0.000               0.000          3077334.157   1.00000 
  3169.603           5.925    310.611       0.209       0.442                0.056               0.000               0.000          3077334.212   1.00000 
  3170.603           5.893    310.455       0.209       0.442                0.055               0.000               0.000          3077334.268   1.00000 
  3171.603           5.862    310.300       0.209       0.442                0.055               0.000               0.000          3077334.323   1.00000 
  3172.603           5.831    310.146       0.209       0.442                0.055               0.000               0.000          3077334.378   1.00000 
  3173.603           5.799    309.993       0.209       0.442                0.055               0.000               0.000          3077334.432   1.00000 
  3174.603           5.768    309.840       0.209       0.442                0.055               0.000               0.000          3077334.487   1.00000 
  3175.603           5.737    309.688       0.209       0.442                0.054               0.000               0.000          3077334.541   1.00000 
  3176.603           5.706    309.538       0.209       0.442                0.054               0.000               0.000          3077334.596   1.00000 
  3177.603           5.675    309.388       0.209       0.442                0.054               0.000               0.000          3077334.649   1.00000 
  3178.603           5.644    309.239       0.209       0.442                0.054               0.000               0.000          3077334.703   1.00000 
  3179.603           5.613    309.091       0.209       0.442                0.054               0.000               0.000          3077334.757   1.00000 
  3180.603           5.582    308.944       0.209       0.442                0.053               0.000               0.000          3077334.810   1.00000 
  3181.603           5.551    308.797       0.209       0.442                0.053               0.000               0.000          3077334.863   1.00000 
  3182.603           5.521    308.652       0.209       0.442                0.053               0.000               0.000          3077334.916   1.00000 
  3183.603           5.490    308.507       0.209       0.442                0.053               0.000               0.000          3077334.969   1.00000 
  3184.603           5.459    308.363       0.209       0.442                0.053               0.000               0.000          3077335.022   1.00000 
  3185.603           5.429    308.220       0.209       0.442                0.052               0.000               0.000          3077335.074   1.00000 
  3186.603           5.398    308.078       0.209       0.442                0.052               0.000               0.000          3077335.126   1.00000 
  3187.603           5.368    307.937       0.209       0.442                0.052               0.000               0.000          3077335.178   1.00000 
  3188.603           5.337    307.797       0.209       0.442                0.052               0.000               0.000          3077335.230   1.00000 
  3189.603           5.307    307.657       0.209       0.442                0.052               0.000               0.000          3077335.282   1.00000 
  3190.603           5.277    307.518       0.209       0.442                0.051               0.000               0.000          3077335.333   1.00000 
  3191.603           5.247    307.380       0.209       0.442                0.051               0.000               0.000          3077335.384   1.00000 
  3192.603           5.216    307.243       0.209       0.442                0.051               0.000               0.000          3077335.436   1.00000 
  3193.603           5.186    307.107       0.209       0.442                0.051               0.000               0.000          3077335.486   1.00000 
  3194.603           5.156    306.971       0.209       0.442                0.051               0.000               0.000          3077335.537   1.00000 
  3195.603           5.126    306.837       0.209       0.442                0.051               0.000               0.000          3077335.588   1.00000 
  3196.603           5.096    306.703       0.209       0.442                0.050               0.000               0.000          3077335.638   1.00000 
  3197.603           5.067    306.570       0.209       0.442                0.050               0.000               0.000          3077335.688   1.00000 
  3198.603           5.037    306.438       0.209       0.442                0.050               0.000               0.000          3077335.738   1.00000 
  3199.603           5.007    306.306       0.209       0.442                0.050               0.000               0.000          3077335.788   1.00000 
  3200.603           4.977    306.176       0.209       0.442                0.050               0.000               0.000          3077335.838   1.00000 
  3201.603           4.948    306.046       0.209       0.442                0.050               0.000               0.000          3077335.887   1.00000 
  3202.603           4.918    305.917       0.209       0.442                0.049               0.000               0.000          3077335.937   1.00000 
  3203.603           4.888    305.789       0.209       0.442                0.049               0.000               0.000          3077335.986   1.00000 
  3204.603           4.859    305.661       0.209       0.442                0.049               0.000               0.000          3077336.035   1.00000 
  3205.603           4.829    305.535       0.209       0.442                0.049               0.000               0.000          3077336.084   1.00000 
  3206.603           4.800    305.409       0.209       0.442                0.049               0.000               0.000          3077336.133   1.00000 
  3207.603           4.771    305.284       0.209       0.442                0.049               0.000               0.000          3077336.181   1.00000 
  3208.603           4.741    305.159       0.209       0.442                0.048               0.000               0.000          3077336.229   1.00000 
  3209.603           4.712    305.036       0.209       0.442                0.048               0.000               0.000          3077336.278   1.00000 
  3210.603           4.683    304.913       0.209       0.442                0.048               0.000               0.000          3077336.326   1.00000 
  3211.603           4.654    304.791       0.209       0.442                0.048               0.000               0.000          3077336.373   1.00000 
  3212.603           4.625    304.670       0.209       0.442                0.048               0.000               0.000          3077336.421   1.00000 
  3213.603           4.596    304.550       0.209       0.442                0.048               0.000               0.000          3077336.469   1.00000 
  3214.603           4.567    304.430       0.209       0.442                0.047               0.000               0.000          3077336.516   1.00000 
  3215.603           4.538    304.311       0.209       0.442                0.047               0.000               0.000          3077336.563   1.00000 
  3216.603           4.509    304.193       0.209       0.442                0.047               0.000               0.000          3077336.610   1.00000 
  3217.603           4.480    304.075       0.209       0.442                0.047               0.000               0.000          3077336.657   1.00000 
  3218.603           4.452    303.959       0.209       0.442                0.047               0.000               0.000          3077336.704   1.00000 
  3219.603           4.423    303.843       0.209       0.442                0.047               0.000               0.000          3077336.750   1.00000 
  3220.603           4.394    303.728       0.209       0.442                0.046               0.000               0.000          3077336.797   1.00000 
  3221.603           4.366    303.613       0.209       0.442                0.046               0.000               0.000          3077336.843   1.00000 
  3222.603           4.337    303.500       0.209       0.442                0.046               0.000               0.000          3077336.889   1.00000 
  3223.603           4.308    303.387       0.209       0.442                0.046               0.000               0.000          3077336.935   1.00000 
  3224.603           4.280    303.275       0.209       0.442                0.046               0.000               0.000          3077336.981   1.00000 
  3225.603           4.252    303.163       0.209       0.442                0.046               0.000               0.000          3077337.027   1.00000 
  3226.603           4.223    303.052       0.209       0.442                0.046               0.000               0.000          3077337.072   1.00000 
  3227.603           4.195    302.942       0.209       0.442                0.045               0.000               0.000          3077337.118   1.00000 
  3228.603           4.167    302.833       0.209       0.442                0.045               0.000               0.000          3077337.163   1.00000 
  3229.603           4.138    302.725       0.209       0.442                0.045               0.000               0.000          3077337.208   1.00000 
  3230.603           4.110    302.617       0.209       0.442                0.045               0.000               0.000          3077337.253   1.00000 
  3231.603           4.082    302.510       0.209       0.442                0.045               0.000               0.000          3077337.298   1.00000 
  3232.603           4.054    302.403       0.209       0.442                0.045               0.000               0.000          3077337.342   1.00000 
  3233.603           4.026    302.298       0.209       0.442                0.045               0.000               0.000          3077337.387   1.00000 
  3234.603           3.998    302.193       0.209       0.442                0.044               0.000               0.000          3077337.431   1.00000 
  3235.603           3.970    302.088       0.209       0.442                0.044               0.000               0.000          3077337.476   1.00000 
  3236.603           3.942    301.985       0.209       0.442                0.044               0.000               0.000          3077337.520   1.00000 
  3237.603           3.914    301.882       0.209       0.442                0.044               0.000               0.000          3077337.564   1.00000 
  3238.603           3.887    301.780       0.209       0.442                0.044               0.000               0.000          3077337.607   1.00000 
  3239.603           3.859    301.678       0.209       0.442                0.044               0.000               0.000          3077337.651   1.00000 
  3240.603           3.831    301.578       0.209       0.442                0.044               0.000               0.000          3077337.695   1.00000 
  3241.603           3.803    301.478       0.209       0.442                0.043               0.000               0.000          3077337.738   1.00000 
  3242.603           3.776    301.378       0.209       0.442                0.043               0.000               0.000          3077337.781   1.00000 
  3243.603           3.748    301.280       0.209       0.442                0.043               0.000               0.000          3077337.824   1.00000 
  3244.603           3.721    301.182       0.209       0.442                0.043               0.000               0.000          3077337.867   1.00000 
  3245.603           3.693    301.084       0.209       0.442                0.043               0.000               0.000          3077337.910   1.00000 
  3246.603           3.666    300.988       0.209       0.442                0.043               0.000               0.000          3077337.953   1.00000 
  3247.603           3.638    300.892       0.209       0.442                0.043               0.000               0.000          3077337.996   1.00000 
  3248.603           3.611    300.797       0.209       0.442                0.042               0.000               0.000          3077338.038   1.00000 
  3249.603           3.584    300.702       0.209       0.442                0.042               0.000               0.000          3077338.080   1.00000 
  3250.603           3.557    300.608       0.209       0.442                0.042               0.000               0.000          3077338.123   1.00000 
  3251.603           3.529    300.515       0.209       0.442                0.042               0.000               0.000          3077338.165   1.00000 
  3252.603           3.502    300.423       0.209       0.442                0.042               0.000               0.000          3077338.207   1.00000 
  3253.603           3.475    300.331       0.209       0.442                0.042               0.000               0.000          3077338.248   1.00000 
  3254.603           3.448    300.240       0.209       0.442                0.042               0.000               0.000          3077338.290   1.00000 
  3255.603           3.421    300.149       0.209       0.442                0.042               0.000               0.000          3077338.332   1.00000 
  3256.603           3.394    300.059       0.209       0.442                0.041               0.000               0.000          3077338.373   1.00000 
  3257.603           3.367    299.970       0.209       0.442                0.041               0.000               0.000          3077338.415   1.00000 
  3258.603           3.340    299.881       0.209       0.442                0.041               0.000               0.000          3077338.456   1.00000 
  3259.603           3.313    299.794       0.209       0.442                0.041               0.000               0.000          3077338.497   1.00000 
  3260.603           3.286    299.706       0.209       0.442                0.041               0.000               0.000          3077338.538   1.00000 
  3261.603           3.260    299.620       0.209       0.442                0.041               0.000               0.000          3077338.579   1.00000 
  3262.603           3.233    299.534       0.209       0.442                0.041               0.000               0.000          3077338.619   1.00000 
  3263.603           3.206    299.449       0.209       0.442                0.041               0.000               0.000          3077338.660   1.00000 
  3264.603           3.180    299.364       0.209       0.442                0.040               0.000               0.000          3077338.700   1.00000 
  3265.603           3.153    299.280       0.209       0.442                0.040               0.000               0.000          3077338.741   1.00000 
  3266.603           3.126    299.197       0.209       0.442                0.040               0.000               0.000          3077338.781   1.00000 
  3267.603           3.100    299.114       0.209       0.442                0.040               0.000               0.000          3077338.821   1.00000 
  3268.603           3.073    299.032       0.209       0.442                0.040               0.000               0.000          3077338.861   1.00000 
  3269.603           3.047    298.950       0.209       0.442                0.040               0.000               0.000          3077338.901   1.00000 
  3270.603           3.021    298.870       0.209       0.442                0.040               0.000               0.000          3077338.941   1.00000 
  3271.603           2.994    298.789       0.209       0.442                0.040               0.000               0.000          3077338.980   1.00000 
  3272.603           2.968    298.710       0.209       0.442                0.040               0.000               0.000          3077339.020   1.00000 
  3273.603           2.942    298.631       0.209       0.442                0.039               0.000               0.000          3077339.059   1.00000 
  3274.603           2.915    298.553       0.209       0.442                0.039               0.000               0.000          3077339.098   1.00000 
  3275.603           2.889    298.475       0.209       0.442                0.039               0.000               0.000          3077339.138   1.00000 
  3276.603           2.863    298.398       0.209       0.442                0.039               0.000               0.000          3077339.177   1.00000 
  3277.603           2.837    298.322       0.209       0.442                0.039               0.000               0.000          3077339.216   1.00000 
  3278.603           2.811    298.246       0.209       0.442                0.039               0.000               0.000          3077339.254   1.00000 
  3279.603           2.785    298.171       0.209       0.442                0.039               0.000               0.000          3077339.293   1.00000 
  3280.603           2.759    298.096       0.209       0.442                0.039               0.000               0.000          3077339.332   1.00000 
  3281.603           2.733    298.022       0.209       0.442                0.039               0.000               0.000          3077339.370   1.00000 
  3282.603           2.707    297.949       0.209       0.442                0.038               0.000               0.000          3077339.409   1.00000 
  3283.603           2.681    297.876       0.209       0.442                0.038               0.000               0.000          3077339.447   1.00000 
  3284.603           2.655    297.804       0.209       0.442                0.038               0.000               0.000          3077339.485   1.00000 
  3285.603           2.629    297.733       0.209       0.442                0.038               0.000               0.000          3077339.523   1.00000 
  3286.603           2.604    297.662       0.209       0.442                0.038               0.000               0.000          3077339.561   1.00000 
  3287.603           2.578    297.592       0.209       0.442                0.038               0.000               0.000          3077339.599   1.00000 
  3288.603           2.552    297.522       0.209       0.442                0.038               0.000               0.000          3077339.637   1.00000 
  3289.603           2.527    297.453       0.209       0.442                0.038               0.000               0.000          3077339.675   1.00000 
  3290.603           2.501    297.384       0.209       0.442                0.038               0.000               0.000          3077339.712   1.00000 
  3291.603           2.476    297.316       0.209       0.442                0.037               0.000               0.000          3077339.749   1.00000 
  3292.603           2.450    297.249       0.209       0.442                0.037               0.000               0.000          3077339.787   1.00000 
  3293.603           2.424    297.182       0.209       0.442                0.037               0.000               0.000          3077339.824   1.00000 
  3294.603           2.399    297.116       0.209       0.442                0.037               0.000               0.000          3077339.861   1.00000 
  3295.603           2.374    297.051       0.209       0.442                0.037               0.000               0.000          3077339.898   1.00000 
  3296.603           2.348    296.986       0.209       0.442                0.037               0.000               0.000          3077339.935   1.00000 
  3297.603           2.323    296.921       0.209       0.442                0.037               0.000               0.000          3077339.972   1.00000 
  3298.603           2.298    296.858       0.209       0.442                0.037               0.000               0.000          3077340.009   1.00000 
  3299.603           2.272    296.794       0.209       0.442                0.037               0.000               0.000          3077340.045   1.00000 
  3300.603           2.247    296.732       0.209       0.442                0.037               0.000               0.000          3077340.082   1.00000 
  3301.603           2.222    296.670       0.209       0.442                0.036               0.000               0.000          3077340.118   1.00000 
  3302.603           2.197    296.608       0.209       0.442                0.036               0.000               0.000          3077340.154   1.00000 
  3303.603           2.172    296.547       0.209       0.442                0.036               0.000               0.000          3077340.191   1.00000 
  3304.603           2.147    296.487       0.209       0.442                0.036               0.000               0.000          3077340.227   1.00000 
  3305.603           2.122    296.427       0.209       0.442                0.036               0.000               0.000          3077340.263   1.00000 
  3306.603           2.097    296.368       0.209       0.442                0.036               0.000               0.000          3077340.299   1.00000 
  3307.603           2.072    296.310       0.209       0.442                0.036               0.000               0.000          3077340.335   1.00000 
  3308.603           2.047    296.252       0.209       0.442                0.036               0.000               0.000          3077340.370   1.00000 
  3309.603           2.022    296.194       0.209       0.442                0.036               0.000               0.000          3077340.406   1.00000 
  3310.603           1.997    296.137       0.209       0.442                0.036               0.000               0.000          3077340.441   1.00000 
  3311.603           1.972    296.081       0.209       0.442                0.035               0.000               0.000          3077340.477   1.00000 
  3312.603           1.947    296.025       0.209       0.442                0.035               0.000               0.000          3077340.512   1.00000 
  3313.603           1.923    295.970       0.209       0.442                0.035               0.000               0.000          3077340.547   1.00000 
  3314.603           1.898    295.915       0.209       0.442                0.035               0.000               0.000          3077340.583   1.00000 
  3315.603           1.873    295.861       0.209       0.442                0.035               0.000               0.000          3077340.618   1.00000 
  3316.603           1.849    295.808       0.209       0.442                0.035               0.000               0.000          3077340.653   1.00000 
  3317.603           1.824    295.755       0.209       0.442                0.035               0.000               0.000          3077340.688   1.00000 
  3318.603           1.800    295.702       0.209       0.442                0.035               0.000               0.000          3077340.722   1.00000 
  3319.603           1.775    295.650       0.209       0.442                0.035               0.000               0.000          3077340.757   1.00000 
  3320.603           1.751    295.599       0.209       0.442                0.035               0.000               0.000          3077340.792   1.00000 
  3321.603           1.726    295.548       0.209       0.442                0.035               0.000               0.000          3077340.826   1.00000 
  3322.603           1.702    295.498       0.209       0.442                0.034               0.000               0.000          3077340.861   1.00000 
  3323.603           1.677    295.448       0.209       0.442                0.034               0.000               0.000          3077340.895   1.00000 
  3324.603           1.653    295.399       0.209       0.442                0.034               0.000               0.000          3077340.929   1.00000 
  3325.603           1.629    295.350       0.209       0.442                0.034               0.000               0.000          3077340.963   1.00000 
  3326.603           1.604    295.302       0.209       0.442                0.034               0.000               0.000          3077340.997   1.00000 
  3327.603           1.580    295.255       0.209       0.442                0.034               0.000               0.000          3077341.031   1.00000 
  3328.603           1.556    295.207       0.209       0.442                0.034               0.000               0.000          3077341.065   1.00000 
  3329.603           1.532    295.161       0.209       0.442                0.034               0.000               0.000          3077341.099   1.00000 
  3330.603           1.508    295.115       0.209       0.442                0.034               0.000               0.000          3077341.133   1.00000 
  3331.603           1.483    295.070       0.209       0.442                0.034               0.000               0.000          3077341.166   1.00000 
  3332.603           1.459    295.025       0.209       0.442                0.034               0.000               0.000          3077341.200   1.00000 
  3333.603           1.435    294.980       0.209       0.442                0.033               0.000               0.000          3077341.233   1.00000 
  3334.603           1.411    294.936       0.209       0.442                0.033               0.000               0.000          3077341.267   1.00000 
  3335.603           1.387    294.893       0.209       0.442                0.033               0.000               0.000          3077341.300   1.00000 
  3336.603           1.363    294.850       0.209       0.442                0.033               0.000               0.000          3077341.333   1.00000 
  3337.603           1.340    294.808       0.209       0.442                0.033               0.000               0.000          3077341.366   1.00000 
  3338.603           1.316    294.766       0.209       0.442                0.033               0.000               0.000          3077341.399   1.00000 
  3339.603           1.292    294.725       0.209       0.442                0.033               0.000               0.000          3077341.432   1.00000 
  3340.603           1.268    294.684       0.209       0.442                0.033               0.000               0.000          3077341.465   1.00000 
  3341.603           1.244    294.644       0.209       0.442                0.033               0.000               0.000          3077341.498   1.00000 
  3342.603           1.221    294.604       0.209       0.442                0.033               0.000               0.000          3077341.531   1.00000 
  3343.603           1.197    294.565       0.209       0.442                0.033               0.000               0.000          3077341.563   1.00000 
  3344.603           1.173    294.526       0.209       0.442                0.033               0.000               0.000          3077341.596   1.00000 
  3345.603           1.150    294.488       0.209       0.442                0.032               0.000               0.000          3077341.628   1.00000 
  3346.603           1.126    294.450       0.209       0.442                0.032               0.000               0.000          3077341.661   1.00000 
  3347.603           1.102    294.413       0.209       0.442                0.032               0.000               0.000          3077341.693   1.00000 
  3348.603           1.079    294.377       0.209       0.442                0.032               0.000               0.000          3077341.725   1.00000 
  3349.603           1.055    294.341       0.209       0.442                0.032               0.000               0.000          3077341.757   1.00000 
  3350.603           1.032    294.305       0.209       0.442                0.032               0.000               0.000          3077341.789   1.00000 
  3351.603           1.009    294.270       0.209       0.442                0.032               0.000               0.000          3077341.821   1.00000 
  3352.603           0.985    294.235       0.209       0.442                0.032               0.000               0.000          3077341.853   1.00000 
  3353.603           0.962    294.201       0.209       0.442                0.032               0.000               0.000          3077341.885   1.00000 
  3354.603           0.938    294.167       0.209       0.442                0.032               0.000               0.000          3077341.917   1.00000 
  3355.603           0.915    294.134       0.209       0.442                0.032               0.000               0.000          3077341.948   1.00000 
  3356.603           0.892    294.101       0.209       0.442                0.032               0.000               0.000          3077341.980   1.00000 
  3357.603           0.869    294.069       0.209       0.442                0.032               0.000               0.000          3077342.011   1.00000 
  3358.603           0.845    294.038       0.209       0.442                0.031               0.000               0.000          3077342.043   1.00000 
  3359.603           0.822    294.006       0.209       0.442                0.031               0.000               0.000          3077342.074   1.00000 
  3360.603           0.799    293.976       0.209       0.442                0.031               0.000               0.000          3077342.105   1.00000 
  3361.603           0.776    293.945       0.209       0.442                0.031               0.000               0.000          3077342.137   1.00000 
  3362.603           0.753    293.916       0.209       0.442                0.031               0.000               0.000          3077342.168   1.00000 
  3363.603           0.730    293.886       0.209       0.442                0.031               0.000               0.000          3077342.199   1.00000 
  3364.603           0.707    293.858       0.209       0.442                0.031               0.000               0.000          3077342.230   1.00000 
  3365.603           0.684    293.829       0.209       0.442                0.031               0.000               0.000          3077342.261   1.00000 
  3366.603           0.661    293.802       0.209       0.442                0.031               0.000               0.000          3077342.291   1.00000 
  3367.603           0.638    293.774       0.209       0.442                0.031               0.000               0.000          3077342.322   1.00000 
  3368.603           0.615    293.747       0.209       0.442                0.031               0.000               0.000          3077342.353   1.00000 
  3369.603           0.592    293.721       0.209       0.442                0.031               0.000               0.000          3077342.384   1.00000 
  3370.603           0.569    293.695       0.209       0.442                0.031               0.000               0.000          3077342.414   1.00000 
  3371.603           0.547    293.670       0.209       0.442                0.030               0.000               0.000          3077342.445   1.00000 
  3372.603           0.524    293.645       0.209       0.442                0.030               0.000               0.000          3077342.475   1.00000 
  3373.603           0.501    293.620       0.209       0.442                0.030               0.000               0.000          3077342.505   1.00000 
  3374.603           0.479    293.596       0.209       0.442                0.030               0.000               0.000          3077342.535   1.00000 
  3375.603           0.456    293.573       0.209       0.442                0.030               0.000               0.000          3077342.566   1.00000 
  3376.603           0.433    293.550       0.209       0.442                0.030               0.000               0.000          3077342.596   1.00000 
  3377.603           0.411    293.527       0.209       0.442                0.030               0.000               0.000          3077342.626   1.00000 
  3378.603           0.388    293.505       0.209       0.442                0.030               0.000               0.000          3077342.656   1.00000 
  3379.603           0.366    293.483       0.209       0.442                0.030               0.000               0.000          3077342.686   1.00000 
  3380.603           0.343    293.462       0.209       0.442                0.030               0.000               0.000          3077342.715   1.00000 
  3381.603           0.321    293.441       0.209       0.442                0.030               0.000               0.000          3077342.745   1.00000 
  3382.603           0.298    293.421       0.209       0.442                0.030               0.000               0.000          3077342.775   1.00000 
  3383.603           0.276    293.401       0.209       0.442                0.030               0.000               0.000          3077342.804   1.00000 
  3384.603           0.253    293.382       0.209       0.442                0.030               0.000               0.000          3077342.834   1.00000 
  3385.603           0.231    293.363       0.209       0.442                0.029               0.000               0.000          3077342.863   1.00000 
  3386.603           0.209    293.344       0.209       0.442                0.029               0.000               0.000          3077342.893   1.00000 
  3387.603           0.186    293.326       0.209       0.442                0.029               0.000               0.000          3077342.922   1.00000 
  3388.603           0.164    293.309       0.209       0.442                0.029               0.000               0.000          3077342.951   1.00000 
  3389.603           0.142    293.292       0.209       0.442                0.029               0.000               0.000          3077342.981   1.00000 
  3390.603           0.120    293.275       0.209       0.442                0.029               0.000               0.000          3077343.010   1.00000 
  3391.603           0.098    293.259       0.209       0.442                0.029               0.000               0.000          3077343.039   1.00000 
  3392.603           0.075    293.243       0.209       0.442                0.029               0.000               0.000          3077343.068   1.00000 
  3393.603           0.053    293.228       0.209       0.442                0.029               0.000               0.000          3077343.097   1.00000 
  3394.603           0.031    293.213       0.209       0.442                0.029               0.000               0.000          3077343.126   1.00000 
  3395.603           0.009    293.198       0.209       0.442                0.029               0.000               0.000          3077343.154   1.00000 
  3396.603           0.000    293.184       0.209       0.442                0.029               0.000               0.000          3077343.183   1.00000 
