#_______________________________________________________________________________
#    ######   ####     ##             #####   #####     ##    #    #    ##
#    #       #        #  #            #    #  #    #   #  #   ##  ##   #  #
#    #####    ####   ######           #    #  #####   ######  # ## #  ######
#    #            #  #    #           #    #  #    #  #    #  #    #  #    #
#____######__#####___#____#___________#####___#____#__#____#__#____#__#____#____
#
#              ESA Debris Risk Assessment and Mitigation Analysis
#
#                      ---- DRAMA ( SESAM 2.1.5 ) ----
#                                      ESA 2018 
#
#                              trajectory history file
#-------------------------------------------------------------------------------
# Filename      : sara.Cylind2.605f092a-c977-44bd-953f-0bb289c43b86_Trajectory.txt
# RunID         : sara
# ObjectID      : 605f092a-c977-44bd-953f-0bb289c43b86
# ObjectName    : Cylind2
# Content       : This file contains the trajectory state data of the object,
#                 computed by the DRAMA 3 Re-entry Analysis.
# Documentation : DRAMA Software User Manual, section OPERATIONS MANUAL / Normal operation / SARA / SARA Simulation Output / Re-entry simulation output
#
#--------------------------------------------------------------------------------------------------------------------------------------------------------------------------------------------
#  Time [s]  Altitude [km]  Lat [deg]  Lon [deg]  Velocity [km/s]   Downrange [km]       Drag       Lift       Side    Knudsen       Mach  Flight Path [deg]  Heading [deg]  Density [kg/m^2]
#--------------------------------------------------------------------------------------------------------------------------------------------------------------------------------------------
  2676.200          70.563     -9.692    -74.775            6.896        19334.937      1.702      0.000      0.000    0.00052   23.30852           -1.16798       86.24330         7.654e-05 
  2676.300          70.549     -9.691    -74.768            6.890        19335.619      1.702      0.000      0.000    0.00052   23.28898           -1.16899       86.24212         7.667e-05 
  2676.750          70.486     -9.689    -74.741            6.863        19338.679      1.702      0.000      0.000    0.00051   23.19823           -1.17370       86.23682         7.729e-05 
  2677.750          70.346     -9.685    -74.679            6.802        19345.434      1.702      0.000      0.000    0.00050   22.99018           -1.18508       86.22510         7.872e-05 
  2678.750          70.205     -9.681    -74.618            6.742        19352.131      1.702      0.000      0.000    0.00049   22.76675           -1.19771       86.21349         8.029e-05 
  2679.750          70.064     -9.677    -74.558            6.681        19358.767      1.702      0.000      0.000    0.00048   22.54331           -1.21162       86.20197         8.189e-05 
  2680.750          69.922     -9.674    -74.498            6.621        19365.344      1.702      0.000      0.000    0.00047   22.31990           -1.22682       86.19055         8.353e-05 
  2681.750          69.780     -9.670    -74.439            6.560        19371.861      1.701      0.000      0.000    0.00046   22.09652           -1.24332       86.17923         8.520e-05 
  2682.750          69.637     -9.666    -74.380            6.499        19378.318      1.701      0.000      0.000    0.00045   21.87321           -1.26114       86.16800         8.691e-05 
  2683.750          69.494     -9.662    -74.322            6.438        19384.715      1.701      0.000      0.000    0.00045   21.64996           -1.28030       86.15687         8.866e-05 
  2684.750          69.350     -9.658    -74.264            6.377        19391.052      1.701      0.000      0.000    0.00044   21.42679           -1.30082       86.14583         9.045e-05 
  2685.750          69.204     -9.654    -74.207            6.316        19397.328      1.701      0.000      0.000    0.00043   21.20373           -1.32271       86.13489         9.229e-05 
  2686.750          69.058     -9.650    -74.151            6.255        19403.544      1.701      0.000      0.000    0.00042   20.98076           -1.34598       86.12404         9.417e-05 
  2687.750          68.910     -9.647    -74.095            6.194        19409.700      1.701      0.000      0.000    0.00041   20.75791           -1.37067       86.11329         9.611e-05 
  2688.750          68.762     -9.643    -74.039            6.133        19415.795      1.701      0.000      0.000    0.00040   20.53518           -1.39677       86.10263         9.810e-05 
  2689.750          68.611     -9.639    -73.985            6.072        19421.830      1.701      0.000      0.000    0.00039   20.31258           -1.42433       86.09207         1.001e-04 
  2690.750          68.460     -9.635    -73.930            6.010        19427.805      1.701      0.000      0.000    0.00039   20.09010           -1.45334       86.08160         1.022e-04 
  2691.750          68.307     -9.632    -73.877            5.949        19433.719      1.701      0.000      0.000    0.00038   19.86776           -1.48384       86.07122         1.044e-04 
  2692.750          68.152     -9.628    -73.823            5.888        19439.572      1.701      0.000      0.000    0.00037   19.64557           -1.51585       86.06094         1.066e-04 
  2693.750          67.995     -9.625    -73.771            5.827        19445.365      1.701      0.000      0.000    0.00036   19.42351           -1.54937       86.05075         1.090e-04 
  2694.750          67.837     -9.621    -73.719            5.765        19451.098      1.701      0.000      0.000    0.00036   19.20160           -1.58445       86.04065         1.113e-04 
  2695.750          67.676     -9.617    -73.667            5.704        19456.769      1.701      0.000      0.000    0.00035   18.97984           -1.62109       86.03065         1.138e-04 
  2696.750          67.514     -9.614    -73.616            5.642        19462.380      1.701      0.000      0.000    0.00034   18.75823           -1.65932       86.02073         1.163e-04 
  2697.750          67.349     -9.610    -73.566            5.581        19467.931      1.701      0.000      0.000    0.00033   18.53676           -1.69917       86.01090         1.189e-04 
  2698.750          67.183     -9.607    -73.516            5.520        19473.420      1.701      0.000      0.000    0.00032   18.31545           -1.74066       86.00117         1.216e-04 
  2699.750          67.014     -9.604    -73.466            5.458        19478.849      1.701      0.000      0.000    0.00032   18.09428           -1.78381       85.99152         1.244e-04 
  2700.750          66.843     -9.600    -73.418            5.397        19484.217      1.701      0.000      0.000    0.00031   17.87326           -1.82865       85.98197         1.273e-04 
  2701.750          66.670     -9.597    -73.369            5.335        19489.525      1.701      0.000      0.000    0.00030   17.65239           -1.87521       85.97250         1.303e-04 
  2702.750          66.494     -9.593    -73.322            5.274        19494.771      1.701      0.000      0.000    0.00030   17.43168           -1.92351       85.96312         1.334e-04 
  2703.750          66.316     -9.590    -73.274            5.212        19499.957      1.700      0.000      0.000    0.00029   17.21112           -1.97359       85.95382         1.366e-04 
  2704.750          66.135     -9.587    -73.228            5.151        19505.082      1.700      0.000      0.000    0.00028   16.99072           -2.02548       85.94461         1.400e-04 
  2705.750          65.951     -9.584    -73.182            5.089        19510.145      1.700      0.000      0.000    0.00028   16.77049           -2.07919       85.93549         1.434e-04 
  2706.750          65.765     -9.580    -73.136            5.028        19515.148      1.700      0.000      0.000    0.00027   16.55041           -2.13478       85.92646         1.470e-04 
  2707.750          65.577     -9.577    -73.092            4.966        19520.090      1.700      0.000      0.000    0.00026   16.33051           -2.19226       85.91751         1.508e-04 
  2708.750          65.386     -9.574    -73.047            4.904        19524.971      1.700      0.000      0.000    0.00026   16.11079           -2.25168       85.90864         1.546e-04 
  2709.750          65.191     -9.571    -73.003            4.843        19529.791      1.700      0.000      0.000    0.00025   15.89125           -2.31307       85.89986         1.586e-04 
  2710.750          64.995     -9.568    -72.960            4.781        19534.550      1.700      0.000      0.000    0.00024   15.67051           -2.37648       85.89116         1.628e-04 
  2711.750          64.795     -9.565    -72.917            4.717        19539.247      1.700      0.000      0.000    0.00024   15.44528           -2.44198       85.88254         1.671e-04 
  2712.750          64.593     -9.562    -72.875            4.652        19543.879      1.700      0.000      0.000    0.00023   15.21521           -2.50968       85.87400         1.716e-04 
  2713.750          64.388     -9.559    -72.834            4.585        19548.446      1.700      0.000      0.000    0.00022   14.98043           -2.57967       85.86554         1.763e-04 
  2714.750          64.180     -9.556    -72.793            4.516        19552.946      1.700      0.000      0.000    0.00022   14.74111           -2.65206       85.85717         1.811e-04 
  2715.750          63.970     -9.553    -72.753            4.447        19557.378      1.699      0.000      0.000    0.00021   14.49744           -2.72696       85.84888         1.861e-04 
  2716.750          63.757     -9.550    -72.713            4.375        19561.740      1.699      0.000      0.000    0.00021   14.24964           -2.80447       85.84067         1.914e-04 
  2717.750          63.542     -9.547    -72.674            4.303        19566.031      1.699      0.000      0.000    0.00020   13.99799           -2.88471       85.83255         1.968e-04 
  2718.750          63.324     -9.545    -72.636            4.229        19570.249      1.699      0.000      0.000    0.00020   13.74276           -2.96780       85.82451         2.024e-04 
  2719.750          63.104     -9.542    -72.598            4.154        19574.394      1.699      0.000      0.000    0.00019   13.48428           -3.05388       85.81657         2.082e-04 
  2720.750          62.881     -9.539    -72.561            4.079        19578.464      1.698      0.000      0.000    0.00018   13.22291           -3.14305       85.80870         2.143e-04 
  2721.750          62.657     -9.537    -72.525            4.002        19582.458      1.698      0.000      0.000    0.00018   12.95902           -3.23547       85.80093         2.205e-04 
  2722.750          62.430     -9.534    -72.489            3.924        19586.376      1.698      0.000      0.000    0.00017   12.69304           -3.33126       85.79324         2.270e-04 
  2723.750          62.200     -9.531    -72.454            3.846        19590.217      1.698      0.000      0.000    0.00017   12.42538           -3.43056       85.78563         2.338e-04 
  2724.750          61.969     -9.529    -72.420            3.767        19593.980      1.698      0.000      0.000    0.00016   12.15650           -3.53352       85.77812         2.408e-04 
  2725.750          61.736     -9.526    -72.387            3.688        19597.664      1.697      0.000      0.000    0.00016   11.88686           -3.64028       85.77069         2.480e-04 
  2726.750          61.501     -9.524    -72.354            3.609        19601.270      1.697      0.000      0.000    0.00015   11.61692           -3.75100       85.76334         2.555e-04 
  2727.750          61.264     -9.522    -72.322            3.529        19604.796      1.697      0.000      0.000    0.00015   11.34718           -3.86581       85.75608         2.633e-04 
  2728.750          61.025     -9.519    -72.291            3.450        19608.244      1.697      0.000      0.000    0.00015   11.07809           -3.98489       85.74891         2.713e-04 
  2729.750          60.785     -9.517    -72.260            3.370        19611.613      1.697      0.000      0.000    0.00014   10.81013           -4.10839       85.74183         2.797e-04 
  2730.750          60.542     -9.515    -72.230            3.291        19614.903      1.696      0.000      0.000    0.00014   10.54374           -4.23646       85.73483         2.883e-04 
  2731.750          60.298     -9.513    -72.201            3.213        19618.116      1.696      0.000      0.000    0.00013   10.27938           -4.36928       85.72792         2.972e-04 
  2732.750          60.053     -9.511    -72.173            3.135        19621.250      1.696      0.000      0.000    0.00013   10.01745           -4.50700       85.72110         3.065e-04 
  2733.750          59.806     -9.509    -72.145            3.057        19624.307      1.695      0.000      0.000    0.00013    9.75840           -4.64980       85.71436         3.160e-04 
  2734.750          59.557     -9.507    -72.118            2.981        19627.288      1.694      0.000      0.000    0.00012    9.50267           -4.79784       85.70772         3.259e-04 
  2735.750          59.307     -9.505    -72.091            2.906        19630.193      1.693      0.000      0.000    0.00012    9.25059           -4.95129       85.70116         3.362e-04 
  2736.750          59.056     -9.503    -72.066            2.831        19633.024      1.692      0.000      0.000    0.00011    9.00245           -5.11032       85.69470         3.468e-04 
  2737.750          58.803     -9.501    -72.041            2.758        19635.781      1.691      0.000      0.000    0.00011    8.75850           -5.27510       85.68833         3.578e-04 
  2738.750          58.549     -9.499    -72.016            2.686        19638.466      1.690      0.000      0.000    0.00011    8.51899           -5.44580       85.68205         3.691e-04 
  2739.750          58.293     -9.497    -71.992            2.615        19641.080      1.689      0.000      0.000    0.00010    8.28410           -5.62261       85.67586         3.808e-04 
  2740.750          58.036     -9.495    -71.969            2.546        19643.624      1.688      0.000      0.000    0.00010    8.05401           -5.80570       85.66977         3.930e-04 
  2741.750          57.778     -9.494    -71.947            2.478        19646.100      1.687      0.000      0.000    0.00010    7.82885           -5.99525       85.66377         4.055e-04 
  2742.750          57.519     -9.492    -71.925            2.411        19648.508      1.686      0.000      0.000    0.00009    7.60873           -6.19144       85.65788         4.185e-04 
  2743.750          57.258     -9.491    -71.904            2.346        19650.851      1.685      0.000      0.000    0.00009    7.39374           -6.39445       85.65207         4.319e-04 
  2744.750          56.996     -9.489    -71.883            2.282        19653.130      1.684      0.000      0.000    0.00009    7.18392           -6.60447       85.64637         4.458e-04 
  2745.750          56.733     -9.487    -71.863            2.220        19655.345      1.683      0.000      0.000    0.00009    6.97931           -6.82168       85.64077         4.602e-04 
  2746.750          56.469     -9.486    -71.843            2.159        19657.500      1.682      0.000      0.000    0.00008    6.77993           -7.04628       85.63526         4.750e-04 
  2747.750          56.203     -9.485    -71.824            2.100        19659.594      1.681      0.000      0.000    0.00008    6.58575           -7.27846       85.62986         4.904e-04 
  2748.750          55.936     -9.483    -71.806            2.043        19661.630      1.681      0.000      0.000    0.00008    6.39667           -7.51840       85.62456         5.063e-04 
  2749.750          55.669     -9.482    -71.788            1.986        19663.609      1.680      0.000      0.000    0.00008    6.21259           -7.76632       85.61935         5.227e-04 
  2750.750          55.400     -9.480    -71.770            1.931        19665.533      1.679      0.000      0.000    0.00007    6.03340           -8.02242       85.61425         5.397e-04 
  2751.750          55.130     -9.479    -71.753            1.878        19667.402      1.678      0.000      0.000    0.00007    5.85900           -8.28692       85.60925         5.572e-04 
  2752.750          54.858     -9.478    -71.737            1.826        19669.218      1.678      0.000      0.000    0.00007    5.68929           -8.56003       85.60435         5.754e-04 
  2753.750          54.586     -9.477    -71.721            1.775        19670.982      1.677      0.000      0.000    0.00007    5.52417           -8.84199       85.59954         5.941e-04 
  2754.750          54.313     -9.475    -71.705            1.726        19672.696      1.676      0.000      0.000    0.00006    5.36353           -9.13302       85.59483         6.135e-04 
  2755.750          54.038     -9.474    -71.690            1.677        19674.361      1.676      0.000      0.000    0.00006    5.20728           -9.43336       85.59022         6.336e-04 
  2756.750          53.763     -9.473    -71.676            1.631        19675.978      1.675      0.000      0.000    0.00006    5.05532           -9.74326       85.58571         6.543e-04 
  2757.750          53.486     -9.472    -71.661            1.585        19677.548      1.675      0.000      0.000    0.00006    4.90754          -10.06296       85.58129         6.758e-04 
  2758.750          53.209     -9.471    -71.647            1.540        19679.073      1.675      0.000      0.000    0.00006    4.76381          -10.39272       85.57696         6.979e-04 
  2759.750          52.931     -9.470    -71.634            1.497        19680.553      1.675      0.000      0.000    0.00005    4.62405          -10.73279       85.57272         7.208e-04 
  2760.750          52.651     -9.469    -71.621            1.455        19681.991      1.675      0.000      0.000    0.00005    4.48818          -11.08345       85.56857         7.444e-04 
  2761.750          52.371     -9.468    -71.608            1.414        19683.386      1.675      0.000      0.000    0.00005    4.35610          -11.44497       85.56451         7.689e-04 
  2762.750          52.090     -9.467    -71.596            1.374        19684.739      1.675      0.000      0.000    0.00005    4.22773          -11.81761       85.56054         7.941e-04 
  2763.750          51.809     -9.466    -71.584            1.335        19686.053      1.675      0.000      0.000    0.00005    4.10300          -12.20164       85.55665         8.202e-04 
  2764.750          51.526     -9.465    -71.572            1.297        19687.328      1.675      0.000      0.000    0.00005    3.98183          -12.59735       85.55285         8.471e-04 
  2765.750          51.243     -9.464    -71.561            1.260        19688.565      1.675      0.000      0.000    0.00005    3.86673          -13.00502       85.54912         8.761e-04 
  2766.750          50.959     -9.464    -71.550            1.224        19689.764      1.675      0.000      0.000    0.00004    3.75745          -13.42495       85.54547         9.075e-04 
  2767.750          50.674     -9.463    -71.540            1.189        19690.928      1.675      0.000      0.000    0.00004    3.65087          -13.85748       85.54189         9.402e-04 
  2768.750          50.389     -9.462    -71.530            1.155        19692.056      1.675      0.000      0.000    0.00004    3.54696          -14.30292       85.53838         9.741e-04 
  2769.750          50.104     -9.461    -71.520            1.122        19693.150      1.675      0.000      0.000    0.00004    3.44568          -14.76159       85.53492         1.009e-03 
  2770.750          49.817     -9.460    -71.510            1.090        19694.210      1.675      0.000      0.000    0.00004    3.34694          -15.23382       85.53157         1.046e-03 
  2771.750          49.531     -9.460    -71.501            1.058        19695.237      1.675      0.000      0.000    0.00004    3.25080          -15.71991       85.52830         1.084e-03 
  2772.750          49.244     -9.459    -71.492            1.028        19696.232      1.675      0.000      0.000    0.00004    3.15719          -16.22021       85.52508         1.123e-03 
  2773.750          48.957     -9.458    -71.483            0.998        19697.195      1.675      0.000      0.000    0.00003    3.06608          -16.73501       85.52191         1.164e-03 
  2774.750          48.669     -9.458    -71.474            0.969        19698.129      1.675      0.000      0.000    0.00003    2.97742          -17.26465       85.51877         1.206e-03 
  2775.750          48.382     -9.457    -71.466            0.941        19699.032      1.675      0.000      0.000    0.00003    2.89118          -17.80942       85.51566         1.250e-03 
  2776.750          48.094     -9.456    -71.458            0.914        19699.907      1.675      0.000      0.000    0.00003    2.80734          -18.36962       85.51258         1.296e-03 
  2777.750          47.806     -9.456    -71.451            0.887        19700.753      1.675      0.000      0.000    0.00003    2.72586          -18.94555       85.50952         1.343e-03 
  2778.750          47.518     -9.455    -71.443            0.861        19701.572      1.675      0.000      0.000    0.00003    2.64671          -19.53750       85.50647         1.392e-03 
  2779.750          47.230     -9.455    -71.436            0.836        19702.364      1.675      0.000      0.000    0.00003    2.57093          -20.14572       85.50344         1.444e-03 
  2780.750          46.942     -9.454    -71.429            0.812        19703.131      1.675      0.000      0.000    0.00003    2.49977          -20.77054       85.50041         1.501e-03 
  2781.750          46.654     -9.454    -71.422            0.788        19703.871      1.675      0.000      0.000    0.00003    2.43039          -21.41226       85.49738         1.561e-03 
  2782.750          46.367     -9.453    -71.416            0.765        19704.587      1.675      0.000      0.000    0.00002    2.36280          -22.07119       85.49434         1.623e-03 
  2783.750          46.079     -9.453    -71.409            0.742        19705.279      1.675      0.000      0.000    0.00002    2.29697          -22.74760       85.49130         1.687e-03 
  2784.750          45.792     -9.452    -71.403            0.721        19705.947      1.675      0.000      0.000    0.00002    2.23289          -23.44175       85.48824         1.755e-03 
  2785.750          45.506     -9.452    -71.398            0.700        19706.592      1.675      0.000      0.000    0.00002    2.17055          -24.15390       85.48516         1.825e-03 
  2786.750          45.220     -9.451    -71.392            0.679        19707.215      1.675      0.000      0.000    0.00002    2.10992          -24.88426       85.48206         1.898e-03 
  2787.750          44.935     -9.451    -71.386            0.659        19707.816      1.675      0.000      0.000    0.00002    2.05100          -25.63302       85.47895         1.974e-03 
  2788.750          44.650     -9.450    -71.381            0.640        19708.395      1.675      0.000      0.000    0.00002    1.99376          -26.40036       85.47582         2.054e-03 
  2789.750          44.366     -9.450    -71.376            0.621        19708.954      1.675      0.000      0.000    0.00002    1.93819          -27.18641       85.47267         2.136e-03 
  2790.750          44.082     -9.450    -71.371            0.603        19709.492      1.675      0.000      0.000    0.00002    1.88424          -27.99125       85.46950         2.222e-03 
  2791.750          43.800     -9.449    -71.367            0.585        19710.011      1.675      0.000      0.000    0.00002    1.83191          -28.81495       85.46631         2.311e-03 
  2792.750          43.518     -9.449    -71.362            0.568        19710.511      1.675      0.000      0.000    0.00002    1.78117          -29.65750       85.46311         2.404e-03 
  2793.750          43.238     -9.449    -71.358            0.552        19710.992      1.675      0.000      0.000    0.00002    1.73199          -30.51886       85.45989         2.501e-03 
  2794.750          42.958     -9.448    -71.353            0.536        19711.455      1.675      0.000      0.000    0.00002    1.68433          -31.39893       85.45665         2.601e-03 
  2795.750          42.680     -9.448    -71.349            0.520        19711.900      1.675      0.000      0.000    0.00001    1.63819          -32.29754       85.45340         2.706e-03 
  2796.750          42.402     -9.448    -71.346            0.505        19712.328      1.675      0.000      0.000    0.00001    1.59352          -33.21446       85.45014         2.814e-03 
  2797.750          42.126     -9.447    -71.342            0.491        19712.740      1.675      0.000      0.000    0.00001    1.55031          -34.14942       85.44686         2.927e-03 
  2798.750          41.851     -9.447    -71.338            0.477        19713.136      1.675      0.000      0.000    0.00001    1.50851          -35.10203       85.44357         3.044e-03 
  2799.750          41.578     -9.447    -71.335            0.463        19713.515      1.675      0.000      0.000    0.00001    1.46810          -36.07188       85.44027         3.166e-03 
  2800.750          41.306     -9.446    -71.331            0.451        19713.880      1.675      0.000      0.000    0.00001    1.42906          -37.05844       85.43696         3.292e-03 
  2801.750          41.035     -9.446    -71.328            0.438        19714.230      1.675      0.000      0.000    0.00001    1.39134          -38.06112       85.43364         3.422e-03 
  2802.750          40.765     -9.446    -71.325            0.426        19714.566      1.675      0.000      0.000    0.00001    1.35493          -39.07926       85.43030         3.558e-03 
  2803.750          40.498     -9.446    -71.322            0.414        19714.887      1.675      0.000      0.000    0.00001    1.31977          -40.11209       85.42696         3.699e-03 
  2804.750          40.232     -9.445    -71.319            0.403        19715.195      1.675      0.000      0.000    0.00001    1.28586          -41.15880       85.42360         3.845e-03 
  2805.750          39.967     -9.445    -71.317            0.392        19715.491      1.675      0.000      0.000    0.00001    1.25314          -42.21845       85.42023         3.996e-03 
  2806.750          39.704     -9.445    -71.314            0.382        19715.773      1.675      0.000      0.000    0.00001    1.22159          -43.29007       85.41685         4.152e-03 
  2807.750          39.443     -9.445    -71.312            0.372        19716.043      1.675      0.000      0.000    0.00001    1.19118          -44.37257       85.41345         4.314e-03 
  2808.750          39.184     -9.445    -71.309            0.362        19716.302      1.675      0.000      0.000    0.00001    1.16187          -45.46483       85.41003         4.482e-03 
  2809.750          38.927     -9.445    -71.307            0.353        19716.549      1.675      0.000      0.000    0.00001    1.13363          -46.56561       85.40659         4.655e-03 
  2810.750          38.671     -9.444    -71.305            0.344        19716.785      1.675      0.000      0.000    0.00001    1.10642          -47.67367       85.40312         4.834e-03 
  2811.750          38.418     -9.444    -71.303            0.336        19717.010      1.675      0.000      0.000    0.00001    1.08021          -48.78766       85.39962         5.020e-03 
  2812.750          38.166     -9.444    -71.301            0.327        19717.224      1.675      0.000      0.000    0.00001    1.05497          -49.90622       85.39609         5.211e-03 
  2813.750          37.917     -9.444    -71.299            0.320        19717.429      1.675      0.000      0.000    0.00001    1.03065          -51.02792       85.39252         5.409e-03 
  2814.750          37.669     -9.444    -71.297            0.312        19717.624      1.675      0.000      0.000    0.00001    1.00724          -52.15131       85.38890         5.613e-03 
  2814.809          37.655     -9.444    -71.297            0.311        19717.635      1.675      0.000      0.000    0.00001    1.00319          -52.21761       85.38869         5.649e-03 
  2814.868          37.640     -9.444    -71.297            0.311        19717.646      1.675      0.000      0.000    0.00001    1.00185          -52.28406       85.38847         5.662e-03 
  2814.925          37.626     -9.444    -71.297            0.311        19717.657      1.675      0.000      0.000    0.00001    1.00055          -52.34769       85.38827         5.674e-03 
  2814.939          37.623     -9.444    -71.297            0.311        19717.660      1.675      0.000      0.000    0.00001    1.00011          -52.36368       85.38822         5.678e-03 
  2814.947          37.621     -9.444    -71.297            0.311        19717.661      0.837      0.000      0.000    0.00001    0.99999          -52.37243       85.38819         5.680e-03 
  2814.956          37.618     -9.444    -71.297            0.311        19717.663      0.837      0.000      0.000    0.00001    0.99999          -52.38244       85.38817         5.681e-03 
  2814.973          37.614     -9.444    -71.297            0.310        19717.666      0.837      0.000      0.000    0.00001    0.99997          -52.40125       85.38812         5.685e-03 
  2814.998          37.608     -9.444    -71.297            0.310        19717.671      0.837      0.000      0.000    0.00001    0.99988          -52.42848       85.38807         5.690e-03 
  2815.037          37.598     -9.444    -71.297            0.310        19717.678      0.837      0.000      0.000    0.00001    0.99993          -52.47232       85.38798         5.698e-03 
  2815.070          37.590     -9.444    -71.297            0.310        19717.685      0.837      0.000      0.000    0.00001    0.99998          -52.50830       85.38791         5.705e-03 
  2815.081          37.588     -9.444    -71.297            0.310        19717.687      0.837      0.000      0.000    0.00001    1.00000          -52.52061       85.38788         5.708e-03 
  2815.087          37.586     -9.444    -71.297            0.310        19717.688      0.837      0.000      0.000    0.00001    0.99999          -52.52624       85.38787         5.709e-03 
  2815.096          37.584     -9.444    -71.297            0.310        19717.689      0.837      0.000      0.000    0.00001    0.99997          -52.53674       85.38785         5.711e-03 
  2815.114          37.580     -9.444    -71.297            0.310        19717.693      0.837      0.000      0.000    0.00001    0.99999          -52.55595       85.38781         5.714e-03 
  2815.140          37.573     -9.444    -71.297            0.310        19717.698      0.837      0.000      0.000    0.00001    0.99996          -52.58486       85.38773         5.720e-03 
  2815.174          37.565     -9.444    -71.297            0.310        19717.704      0.837      0.000      0.000    0.00001    0.99981          -52.62286       85.38766         5.727e-03 
  2815.224          37.552     -9.444    -71.297            0.310        19717.713      0.837      0.000      0.000    0.00001    0.99987          -52.67736       85.38754         5.737e-03 
  2815.277          37.539     -9.444    -71.297            0.310        19717.723      0.837      0.000      0.000    0.00001    0.99993          -52.73472       85.38743         5.748e-03 
  2815.301          37.533     -9.444    -71.296            0.310        19717.728      0.837      0.000      0.000    0.00001    0.99997          -52.76157       85.38737         5.754e-03 
  2815.395          37.510     -9.444    -71.296            0.310        19717.745      0.837      0.000      0.000    0.00001    0.99984          -52.86462       85.38711         5.772e-03 
  2815.488          37.487     -9.444    -71.296            0.310        19717.763      0.837      0.000      0.000    0.00001    0.99926          -52.96661       85.38690         5.792e-03 
  2815.910          37.382     -9.444    -71.295            0.310        19717.840      0.837      0.000      0.000    0.00001    0.99967          -53.42274       85.38595         5.875e-03 
  2816.110          37.333     -9.444    -71.295            0.310        19717.877      0.837      0.000      0.000    0.00001    0.99988          -53.63771       85.38551         5.925e-03 
  2816.164          37.319     -9.444    -71.295            0.310        19717.887      0.837      0.000      0.000    0.00001    0.99994          -53.69570       85.38538         5.941e-03 
  2816.198          37.311     -9.444    -71.295            0.310        19717.893      0.837      0.000      0.000    0.00001    0.99997          -53.73230       85.38531         5.949e-03 
  2816.229          37.303     -9.444    -71.295            0.310        19717.899      0.837      0.000      0.000    0.00001    1.00000          -53.76537       85.38524         5.956e-03 
  2816.238          37.301     -9.444    -71.295            0.310        19717.900      0.837      0.000      0.000    0.00001    0.99998          -53.77490       85.38521         5.959e-03 
  2816.252          37.297     -9.444    -71.295            0.310        19717.903      0.837      0.000      0.000    0.00001    0.99993          -53.79060       85.38518         5.962e-03 
  2816.318          37.280     -9.444    -71.295            0.310        19717.915      0.837      0.000      0.000    0.00001    0.99997          -53.86115       85.38503         5.976e-03 
  2816.340          37.275     -9.444    -71.295            0.310        19717.919      0.837      0.000      0.000    0.00001    0.99999          -53.88466       85.38498         5.982e-03 
  2816.350          37.272     -9.444    -71.295            0.310        19717.921      0.837      0.000      0.000    0.00001    1.00000          -53.89494       85.38496         5.984e-03 
  2816.354          37.272     -9.444    -71.295            0.310        19717.922      0.837      0.000      0.000    0.00001    0.99994          -53.89871       85.38495         5.985e-03 
  2816.357          37.271     -9.444    -71.295            0.310        19717.922      0.837      0.000      0.000    0.00001    0.99999          -53.90246       85.38494         5.986e-03 
  2816.373          37.267     -9.444    -71.295            0.310        19717.925      0.837      0.000      0.000    0.00001    1.00000          -53.91933       85.38491         5.989e-03 
  2816.378          37.265     -9.444    -71.295            0.310        19717.926      0.837      0.000      0.000    0.00001    0.99999          -53.92492       85.38490         5.991e-03 
  2816.383          37.264     -9.444    -71.295            0.310        19717.927      0.837      0.000      0.000    0.00001    0.99999          -53.93052       85.38488         5.992e-03 
  2816.389          37.263     -9.444    -71.295            0.310        19717.928      0.837      0.000      0.000    0.00001    0.99999          -53.93611       85.38487         5.993e-03 
  2816.412          37.257     -9.444    -71.295            0.310        19717.932      0.837      0.000      0.000    0.00001    0.99995          -53.96146       85.38480         5.998e-03 
  2816.444          37.249     -9.444    -71.295            0.310        19717.938      0.837      0.000      0.000    0.00001    0.99979          -53.99519       85.38473         6.005e-03 
  2816.587          37.213     -9.443    -71.294            0.310        19717.964      0.837      0.000      0.000    0.00001    0.99987          -54.14663       85.38441         6.034e-03 
  2816.715          37.181     -9.443    -71.294            0.310        19717.987      0.837      0.000      0.000    0.00001    0.99995          -54.28248       85.38412         6.064e-03 
  2816.755          37.171     -9.443    -71.294            0.310        19717.994      0.837      0.000      0.000    0.00001    0.99997          -54.32474       85.38403         6.076e-03 
  2816.786          37.163     -9.443    -71.294            0.310        19718.000      0.837      0.000      0.000    0.00001    0.99999          -54.35813       85.38396         6.083e-03 
  2816.797          37.160     -9.443    -71.294            0.310        19718.002      0.837      0.000      0.000    0.00001    1.00000          -54.36932       85.38394         6.086e-03 
  2816.802          37.159     -9.443    -71.294            0.310        19718.002      0.837      0.000      0.000    0.00001    0.99999          -54.37437       85.38393         6.088e-03 
  2816.807          37.158     -9.443    -71.294            0.310        19718.003      0.837      0.000      0.000    0.00001    0.99999          -54.37943       85.38391         6.089e-03 
  2816.811          37.157     -9.443    -71.294            0.310        19718.004      0.837      0.000      0.000    0.00001    0.99999          -54.38448       85.38390         6.090e-03 
  2816.824          37.153     -9.443    -71.294            0.310        19718.006      0.837      0.000      0.000    0.00001    1.00000          -54.39824       85.38387         6.093e-03 
  2816.831          37.152     -9.443    -71.294            0.310        19718.008      0.837      0.000      0.000    0.00001    0.99998          -54.40542       85.38385         6.094e-03 
  2816.843          37.149     -9.443    -71.294            0.310        19718.010      0.837      0.000      0.000    0.00001    0.99994          -54.41786       85.38383         6.097e-03 
  2816.896          37.135     -9.443    -71.294            0.310        19718.019      0.837      0.000      0.000    0.00001    0.99996          -54.47381       85.38371         6.108e-03 
  2816.950          37.122     -9.443    -71.294            0.310        19718.029      0.837      0.000      0.000    0.00001    0.99998          -54.53025       85.38359         6.121e-03 
  2816.974          37.116     -9.443    -71.294            0.310        19718.033      0.837      0.000      0.000    0.00001    0.99999          -54.55544       85.38353         6.127e-03 
  2816.988          37.112     -9.443    -71.294            0.310        19718.036      0.837      0.000      0.000    0.00001    1.00000          -54.57003       85.38350         6.130e-03 
  2816.999          37.109     -9.443    -71.294            0.310        19718.038      0.837      0.000      0.000    0.00001    0.99997          -54.58158       85.38347         6.133e-03 
  2817.016          37.105     -9.443    -71.294            0.310        19718.041      0.837      0.000      0.000    0.00001    0.99990          -54.59966       85.38343         6.137e-03 
  2817.093          37.085     -9.443    -71.294            0.310        19718.055      0.837      0.000      0.000    0.00001    0.99992          -54.68092       85.38326         6.153e-03 
  2817.176          37.064     -9.443    -71.293            0.310        19718.069      0.837      0.000      0.000    0.00001    0.99995          -54.76766       85.38307         6.173e-03 
  2817.263          37.043     -9.443    -71.293            0.310        19718.085      0.837      0.000      0.000    0.00001    0.99997          -54.85806       85.38287         6.193e-03 
  2817.341          37.023     -9.443    -71.293            0.310        19718.098      0.837      0.000      0.000    0.00001    0.99998          -54.93927       85.38270         6.212e-03 
  2817.384          37.012     -9.443    -71.293            0.310        19718.106      0.837      0.000      0.000    0.00001    0.99999          -54.98461       85.38260         6.223e-03 
  2817.416          37.004     -9.443    -71.293            0.310        19718.112      0.837      0.000      0.000    0.00001    1.00000          -55.01770       85.38252         6.231e-03 
  2817.426          37.001     -9.443    -71.293            0.310        19718.114      0.837      0.000      0.000    0.00001    1.00000          -55.02856       85.38250         6.234e-03 
  2817.436          36.999     -9.443    -71.293            0.310        19718.115      0.837      0.000      0.000    0.00001    0.99997          -55.03854       85.38247         6.236e-03 
  2817.451          36.995     -9.443    -71.293            0.310        19718.118      0.837      0.000      0.000    0.00001    0.99990          -55.05457       85.38244         6.240e-03 
  2817.521          36.977     -9.443    -71.293            0.310        19718.130      0.837      0.000      0.000    0.00001    0.99991          -55.12663       85.38228         6.255e-03 
  2817.833          36.898     -9.443    -71.292            0.310        19718.185      0.837      0.000      0.000    0.00001    0.99991          -55.44943       85.38157         6.323e-03 
  2818.833          36.641     -9.443    -71.291            0.309        19718.357      0.837      0.000      0.000    0.00001    0.99959          -56.46703       85.37928         6.551e-03 
  2819.833          36.382     -9.443    -71.289            0.308        19718.524      0.837      0.000      0.000    0.00001    0.99863          -57.46114       85.37696         6.813e-03 
  2820.833          36.121     -9.443    -71.288            0.308        19718.687      0.837      0.000      0.000    0.00001    0.99702          -58.43265       85.37460         7.089e-03 
  2821.833          35.859     -9.443    -71.286            0.306        19718.845      0.837      0.000      0.000    0.00001    0.99473          -59.38244       85.37220         7.379e-03 
  2822.833          35.594     -9.443    -71.285            0.305        19718.997      0.837      0.000      0.000    0.00001    0.99175          -60.31136       85.36974         7.684e-03 
  2823.833          35.329     -9.443    -71.284            0.304        19719.145      0.837      0.000      0.000    0.00000    0.98805          -61.22021       85.36720         8.004e-03 
  2824.833          35.062     -9.443    -71.282            0.302        19719.288      0.837      0.000      0.000    0.00000    0.98363          -62.10981       85.36457         8.339e-03 
  2825.833          34.795     -9.442    -71.281            0.300        19719.426      0.837      0.000      0.000    0.00000    0.97848          -62.98091       85.36183         8.691e-03 
  2826.833          34.528     -9.442    -71.280            0.298        19719.559      0.837      0.000      0.000    0.00000    0.97262          -63.83423       85.35895         9.059e-03 
  2827.833          34.261     -9.442    -71.279            0.295        19719.687      0.837      0.000      0.000    0.00000    0.96605          -64.67045       85.35592         9.443e-03 
  2828.833          33.995     -9.442    -71.278            0.292        19719.810      0.837      0.000      0.000    0.00000    0.95878          -65.49021       85.35269         9.844e-03 
  2829.833          33.729     -9.442    -71.277            0.290        19719.928      0.837      0.000      0.000    0.00000    0.95084          -66.29411       85.34924         1.026e-02 
  2830.833          33.464     -9.442    -71.275            0.287        19720.042      0.837      0.000      0.000    0.00000    0.94224          -67.08268       85.34553         1.070e-02 
  2831.833          33.201     -9.442    -71.275            0.283        19720.150      0.837      0.000      0.000    0.00000    0.93303          -67.85644       85.34152         1.115e-02 
  2832.833          32.939     -9.442    -71.274            0.280        19720.254      0.837      0.000      0.000    0.00000    0.92324          -68.61583       85.33717         1.162e-02 
  2833.833          32.680     -9.442    -71.273            0.276        19720.354      0.837      0.000      0.000    0.00000    0.91289          -69.36125       85.33244         1.211e-02 
  2834.833          32.422     -9.442    -71.272            0.273        19720.448      0.837      0.000      0.000    0.00000    0.90205          -70.09305       85.32727         1.262e-02 
  2835.833          32.167     -9.442    -71.271            0.269        19720.538      0.837      0.000      0.000    0.00000    0.89075          -70.81154       85.32161         1.315e-02 
  2836.833          31.914     -9.442    -71.270            0.265        19720.624      0.837      0.000      0.000    0.00000    0.87833          -71.51691       85.31540         1.367e-02 
  2837.833          31.664     -9.441    -71.269            0.261        19720.706      0.837      0.000      0.000    0.00000    0.86553          -72.20928       85.30860         1.420e-02 
  2838.833          31.417     -9.441    -71.269            0.257        19720.783      0.837      0.000      0.000    0.00000    0.85254          -72.88874       85.30114         1.475e-02 
  2839.833          31.173     -9.441    -71.268            0.253        19720.856      0.837      0.000      0.000    0.00000    0.83938          -73.55535       85.29295         1.531e-02 
  2840.833          30.931     -9.441    -71.267            0.249        19720.926      0.837      0.000      0.000    0.00000    0.82612          -74.20915       85.28395         1.589e-02 
  2841.833          30.693     -9.441    -71.267            0.245        19720.991      0.837      0.000      0.000    0.00000    0.81279          -74.85014       85.27406         1.648e-02 
  2842.833          30.459     -9.441    -71.266            0.241        19721.053      0.837      0.000      0.000    0.00000    0.79944          -75.47828       85.26321         1.708e-02 
  2843.833          30.227     -9.441    -71.266            0.237        19721.111      0.837      0.000      0.000    0.00000    0.78610          -76.09351       85.25129         1.770e-02 
  2844.833          29.999     -9.441    -71.265            0.233        19721.166      0.837      0.000      0.000    0.00000    0.77281          -76.69577       85.23820         1.833e-02 
  2845.833          29.775     -9.441    -71.265            0.228        19721.218      0.837      0.000      0.000    0.00000    0.75961          -77.28496       85.22385         1.898e-02 
  2846.833          29.554     -9.441    -71.264            0.224        19721.266      0.837      0.000      0.000    0.00000    0.74653          -77.86096       85.20811         1.964e-02 
  2847.833          29.336     -9.441    -71.264            0.221        19721.312      0.837      0.000      0.000    0.00000    0.73358          -78.42368       85.19085         2.031e-02 
  2848.833          29.122     -9.441    -71.264            0.217        19721.354      0.837      0.000      0.000    0.00000    0.72081          -78.97300       85.17193         2.099e-02 
  2849.833          28.911     -9.441    -71.263            0.213        19721.394      0.837      0.000      0.000    0.00000    0.70823          -79.50881       85.15120         2.169e-02 
  2850.833          28.703     -9.441    -71.263            0.209        19721.432      0.837      0.000      0.000    0.00000    0.69587          -80.03099       85.12847         2.240e-02 
  2851.833          28.499     -9.441    -71.263            0.205        19721.466      0.837      0.000      0.000    0.00000    0.68373          -80.53945       85.10355         2.312e-02 
  2852.833          28.298     -9.441    -71.262            0.202        19721.499      0.837      0.000      0.000    0.00000    0.67183          -81.03411       85.07622         2.385e-02 
  2853.833          28.101     -9.441    -71.262            0.198        19721.529      0.837      0.000      0.000    0.00000    0.66018          -81.51489       85.04622         2.459e-02 
  2854.833          27.906     -9.441    -71.262            0.195        19721.557      0.837      0.000      0.000    0.00000    0.64880          -81.98174       85.01326         2.535e-02 
  2855.833          27.715     -9.441    -71.262            0.191        19721.583      0.837      0.000      0.000    0.00000    0.63768          -82.43462       84.97704         2.611e-02 
  2856.833          27.527     -9.441    -71.261            0.188        19721.607      0.837      0.000      0.000    0.00000    0.62684          -82.87353       84.93716         2.689e-02 
  2857.833          27.342     -9.441    -71.261            0.185        19721.630      0.837      0.000      0.000    0.00000    0.61628          -83.29847       84.89322         2.768e-02 
  2858.833          27.160     -9.441    -71.261            0.182        19721.650      0.837      0.000      0.000    0.00000    0.60599          -83.70949       84.84471         2.847e-02 
  2859.833          26.981     -9.441    -71.261            0.179        19721.669      0.837      0.000      0.000    0.00000    0.59598          -84.10664       84.79106         2.928e-02 
  2860.833          26.805     -9.441    -71.261            0.176        19721.687      0.837      0.000      0.000    0.00000    0.58625          -84.49002       84.73160         3.010e-02 
  2861.833          26.632     -9.441    -71.260            0.173        19721.703      0.837      0.000      0.000    0.00000    0.57678          -84.85974       84.66555         3.093e-02 
  2862.833          26.461     -9.441    -71.260            0.170        19721.718      0.837      0.000      0.000    0.00000    0.56759          -85.21594       84.59196         3.177e-02 
  2863.833          26.293     -9.441    -71.260            0.167        19721.731      0.837      0.000      0.000    0.00000    0.55867          -85.55879       84.50971         3.261e-02 
  2864.833          26.127     -9.441    -71.260            0.165        19721.743      0.837      0.000      0.000    0.00000    0.55000          -85.88848       84.41743         3.347e-02 
  2865.833          25.964     -9.441    -71.260            0.162        19721.755      0.837      0.000      0.000    0.00000    0.54159          -86.20524       84.31346         3.434e-02 
  2866.833          25.804     -9.441    -71.260            0.160        19721.765      0.837      0.000      0.000    0.00000    0.53343          -86.50930       84.19575         3.522e-02 
  2867.833          25.646     -9.441    -71.260            0.157        19721.774      0.837      0.000      0.000    0.00000    0.52551          -86.80092       84.06172         3.610e-02 
  2868.833          25.490     -9.441    -71.260            0.155        19721.782      0.837      0.000      0.000    0.00000    0.51782          -87.08039       83.90811         3.700e-02 
  2869.833          25.336     -9.441    -71.260            0.153        19721.790      0.837      0.000      0.000    0.00000    0.51036          -87.34801       83.73068         3.790e-02 
  2870.833          25.185     -9.441    -71.260            0.150        19721.796      0.837      0.000      0.000    0.00000    0.50312          -87.60409       83.52391         3.882e-02 
  2871.833          25.036     -9.441    -71.260            0.148        19721.802      0.837      0.000      0.000    0.00000    0.49610          -87.84896       83.28037         3.974e-02 
  2872.833          24.888     -9.441    -71.259            0.146        19721.808      0.837      0.000      0.000    0.00000    0.48928          -88.08297       82.98985         4.068e-02 
  2873.833          24.743     -9.441    -71.259            0.144        19721.812      0.837      0.000      0.000    0.00000    0.48266          -88.30646       82.63792         4.162e-02 
  2874.833          24.600     -9.441    -71.259            0.142        19721.816      0.837      0.000      0.000    0.00000    0.47623          -88.51979       82.20348         4.257e-02 
  2875.833          24.459     -9.441    -71.259            0.140        19721.819      0.837      0.000      0.000    0.00000    0.46999          -88.72332       81.65441         4.354e-02 
  2876.833          24.319     -9.441    -71.259            0.139        19721.822      0.837      0.000      0.000    0.00000    0.46393          -88.91740       80.93928         4.451e-02 
  2877.833          24.181     -9.441    -71.259            0.137        19721.825      0.837      0.000      0.000    0.00000    0.45803          -89.10236       79.97040         4.549e-02 
  2878.833          24.045     -9.441    -71.259            0.135        19721.827      0.837      0.000      0.000    0.00000    0.45230          -89.27848       78.58532         4.648e-02 
  2879.833          23.911     -9.441    -71.259            0.133        19721.828      0.837      0.000      0.000    0.00000    0.44673          -89.44590       76.44664         4.748e-02 
  2880.833          23.778     -9.441    -71.259            0.132        19721.829      0.837      0.000      0.000    0.00000    0.44132          -89.60437       72.72593         4.849e-02 
  2881.833          23.647     -9.441    -71.259            0.130        19721.830      0.837      0.000      0.000    0.00000    0.43604          -89.75217       64.76897         4.951e-02 
  2882.833          23.518     -9.441    -71.259            0.129        19721.830      0.837      0.000      0.000    0.00000    0.43091          -89.87794       39.40067         5.053e-02 
  2883.833          23.390     -9.441    -71.259            0.127        19721.831      0.837      0.000      0.000    0.00000    0.42592          -89.89557      323.06552         5.157e-02 
  2884.833          23.264     -9.441    -71.259            0.126        19721.831      0.837      0.000      0.000    0.00000    0.42105          -89.78998      290.36563         5.262e-02 
  2885.833          23.139     -9.441    -71.259            0.124        19721.831      0.837      0.000      0.000    0.00000    0.41631          -89.66861      280.98265         5.368e-02 
  2886.833          23.015     -9.441    -71.259            0.123        19721.832      0.837      0.000      0.000    0.00000    0.41169          -89.54838      276.81456         5.474e-02 
  2887.833          22.893     -9.441    -71.259            0.122        19721.833      0.837      0.000      0.000    0.00000    0.40718          -89.43168      274.48330         5.582e-02 
  2888.833          22.772     -9.441    -71.259            0.120        19721.835      0.837      0.000      0.000    0.00000    0.40278          -89.31891      272.99822         5.690e-02 
  2889.833          22.652     -9.441    -71.259            0.119        19721.836      0.837      0.000      0.000    0.00000    0.39849          -89.21003      271.97054         5.800e-02 
  2890.833          22.534     -9.441    -71.259            0.118        19721.838      0.837      0.000      0.000    0.00000    0.39430          -89.10484      271.21761         5.910e-02 
  2891.833          22.417     -9.441    -71.259            0.116        19721.840      0.837      0.000      0.000    0.00000    0.39021          -89.00307      270.64254         6.022e-02 
  2892.833          22.301     -9.441    -71.259            0.115        19721.842      0.837      0.000      0.000    0.00000    0.38622          -88.90443      270.18924         6.134e-02 
  2893.833          22.186     -9.441    -71.259            0.114        19721.844      0.837      0.000      0.000    0.00000    0.38232          -88.80866      269.82302         6.248e-02 
  2894.833          22.073     -9.441    -71.259            0.113        19721.847      0.837      0.000      0.000    0.00000    0.37850          -88.71544      269.52130         6.362e-02 
  2895.833          21.960     -9.441    -71.259            0.112        19721.849      0.837      0.000      0.000    0.00000    0.37477          -88.62451      269.26874         6.477e-02 
  2896.833          21.849     -9.441    -71.259            0.111        19721.852      0.837      0.000      0.000    0.00000    0.37112          -88.53560      269.05460         6.594e-02 
  2897.833          21.739     -9.441    -71.259            0.110        19721.855      0.837      0.000      0.000    0.00000    0.36755          -88.44844      268.87110         6.711e-02 
  2898.833          21.630     -9.441    -71.260            0.109        19721.858      0.837      0.000      0.000    0.00000    0.36405          -88.36278      268.71249         6.830e-02 
  2899.833          21.522     -9.441    -71.260            0.108        19721.861      0.837      0.000      0.000    0.00000    0.36063          -88.27838      268.57444         6.949e-02 
  2900.833          21.414     -9.441    -71.260            0.107        19721.864      0.837      0.000      0.000    0.00000    0.35728          -88.19500      268.45360         7.069e-02 
  2901.833          21.308     -9.441    -71.260            0.106        19721.868      0.837      0.000      0.000    0.00000    0.35399          -88.11242      268.34737         7.191e-02 
  2902.833          21.203     -9.441    -71.260            0.105        19721.871      0.837      0.000      0.000    0.00000    0.35077          -88.03043      268.25367         7.313e-02 
  2903.833          21.099     -9.441    -71.260            0.104        19721.875      0.837      0.000      0.000    0.00000    0.34762          -87.94884      268.17085         7.437e-02 
  2904.833          20.996     -9.441    -71.260            0.103        19721.879      0.837      0.000      0.000    0.00000    0.34453          -87.86744      268.09754         7.561e-02 
  2905.833          20.893     -9.441    -71.260            0.102        19721.883      0.837      0.000      0.000    0.00000    0.34149          -87.78607      268.03265         7.687e-02 
  2906.833          20.792     -9.441    -71.260            0.101        19721.887      0.837      0.000      0.000    0.00000    0.33852          -87.70454      267.97524         7.813e-02 
  2907.833          20.691     -9.441    -71.260            0.100        19721.891      0.837      0.000      0.000    0.00000    0.33560          -87.62270      267.92454         7.941e-02 
  2908.833          20.591     -9.441    -71.260            0.099        19721.895      0.837      0.000      0.000    0.00000    0.33273          -87.54040      267.87990         8.069e-02 
  2909.833          20.493     -9.441    -71.260            0.099        19721.899      0.837      0.000      0.000    0.00000    0.32992          -87.45749      267.84074         8.199e-02 
  2910.833          20.394     -9.441    -71.260            0.098        19721.904      0.837      0.000      0.000    0.00000    0.32715          -87.37383      267.80659         8.329e-02 
  2911.833          20.297     -9.441    -71.260            0.097        19721.908      0.837      0.000      0.000    0.00000    0.32444          -87.28930      267.77703         8.461e-02 
  2912.833          20.201     -9.441    -71.260            0.096        19721.913      0.837      0.000      0.000    0.00000    0.32177          -87.20377      267.75168         8.594e-02 
  2913.833          20.105     -9.441    -71.260            0.095        19721.918      0.837      0.000      0.000    0.00000    0.31915          -87.11714      267.73021         8.727e-02 
  2914.833          20.010     -9.441    -71.260            0.095        19721.922      0.837      0.000      0.000    0.00000    0.31655          -87.02935      267.71233         8.860e-02 
  2915.833          19.916     -9.441    -71.260            0.094        19721.927      0.837      0.000      0.000    0.00000    0.31397          -86.94038      267.69778         8.993e-02 
  2916.833          19.822     -9.441    -71.260            0.093        19721.932      0.837      0.000      0.000    0.00000    0.31144          -86.85015      267.68631         9.125e-02 
  2917.833          19.730     -9.441    -71.260            0.093        19721.938      0.837      0.000      0.000    0.00000    0.30896          -86.75859      267.67768         9.259e-02 
  2918.833          19.638     -9.441    -71.260            0.092        19721.943      0.837      0.000      0.000    0.00000    0.30653          -86.66562      267.67168         9.394e-02 
  2919.833          19.546     -9.441    -71.260            0.091        19721.948      0.837      0.000      0.000    0.00000    0.30414          -86.57118      267.66809         9.529e-02 
  2920.833          19.455     -9.441    -71.260            0.091        19721.954      0.837      0.000      0.000    0.00000    0.30181          -86.47523      267.66671         9.666e-02 
  2921.833          19.365     -9.441    -71.260            0.090        19721.959      0.837      0.000      0.000    0.00000    0.29951          -86.37774      267.66733         9.803e-02 
  2922.833          19.276     -9.441    -71.260            0.089        19721.965      0.837      0.000      0.000    0.00000    0.29725          -86.27869      267.66979         9.942e-02 
  2923.833          19.187     -9.441    -71.261            0.089        19721.971      0.837      0.000      0.000    0.00000    0.29503          -86.17808      267.67390         1.008e-01 
  2924.833          19.099     -9.441    -71.261            0.088        19721.977      0.837      0.000      0.000    0.00000    0.29285          -86.07590      267.67950         1.022e-01 
  2925.833          19.012     -9.441    -71.261            0.087        19721.983      0.837      0.000      0.000    0.00000    0.29070          -85.97216      267.68644         1.036e-01 
  2926.833          18.925     -9.441    -71.261            0.087        19721.989      0.837      0.000      0.000    0.00000    0.28859          -85.86687      267.69457         1.051e-01 
  2927.833          18.838     -9.441    -71.261            0.086        19721.995      0.837      0.000      0.000    0.00000    0.28651          -85.76007      267.70375         1.065e-01 
  2928.833          18.752     -9.441    -71.261            0.086        19722.002      0.837      0.000      0.000    0.00000    0.28446          -85.65177      267.71386         1.079e-01 
  2929.833          18.667     -9.441    -71.261            0.085        19722.008      0.837      0.000      0.000    0.00000    0.28245          -85.54202      267.72477         1.094e-01 
  2930.833          18.583     -9.441    -71.261            0.085        19722.015      0.837      0.000      0.000    0.00000    0.28046          -85.43085      267.73639         1.108e-01 
  2931.833          18.499     -9.441    -71.261            0.084        19722.022      0.837      0.000      0.000    0.00000    0.27850          -85.31830      267.74861         1.123e-01 
  2932.833          18.415     -9.441    -71.261            0.084        19722.029      0.837      0.000      0.000    0.00000    0.27658          -85.20442      267.76134         1.138e-01 
  2933.833          18.332     -9.441    -71.261            0.083        19722.036      0.837      0.000      0.000    0.00000    0.27468          -85.08926      267.77449         1.153e-01 
  2934.833          18.250     -9.441    -71.261            0.083        19722.043      0.837      0.000      0.000    0.00000    0.27280          -84.97288      267.78799         1.168e-01 
  2935.833          18.168     -9.441    -71.261            0.082        19722.050      0.837      0.000      0.000    0.00000    0.27096          -84.85531      267.80175         1.183e-01 
  2936.833          18.086     -9.441    -71.261            0.082        19722.057      0.837      0.000      0.000    0.00000    0.26914          -84.73663      267.81573         1.198e-01 
  2937.833          18.005     -9.441    -71.261            0.081        19722.065      0.837      0.000      0.000    0.00000    0.26734          -84.61689      267.82985         1.214e-01 
  2938.833          17.925     -9.441    -71.261            0.081        19722.073      0.837      0.000      0.000    0.00000    0.26557          -84.49615      267.84407         1.229e-01 
  2939.833          17.845     -9.441    -71.262            0.080        19722.080      0.837      0.000      0.000    0.00000    0.26383          -84.37446      267.85834         1.244e-01 
  2940.833          17.766     -9.441    -71.262            0.080        19722.088      0.837      0.000      0.000    0.00000    0.26210          -84.25190      267.87261         1.260e-01 
  2941.833          17.687     -9.441    -71.262            0.079        19722.096      0.837      0.000      0.000    0.00000    0.26040          -84.12851      267.88684         1.276e-01 
  2942.833          17.608     -9.441    -71.262            0.079        19722.104      0.837      0.000      0.000    0.00000    0.25873          -84.00436      267.90101         1.292e-01 
  2943.833          17.530     -9.441    -71.262            0.078        19722.113      0.837      0.000      0.000    0.00000    0.25707          -83.87952      267.91507         1.308e-01 
  2944.833          17.453     -9.441    -71.262            0.078        19722.121      0.837      0.000      0.000    0.00000    0.25544          -83.75404      267.92900         1.324e-01 
  2945.833          17.375     -9.441    -71.262            0.077        19722.130      0.837      0.000      0.000    0.00000    0.25383          -83.62799      267.94277         1.340e-01 
  2946.833          17.299     -9.441    -71.262            0.077        19722.138      0.837      0.000      0.000    0.00000    0.25223          -83.50143      267.95637         1.356e-01 
  2947.833          17.223     -9.441    -71.262            0.077        19722.147      0.837      0.000      0.000    0.00000    0.25066          -83.37442      267.96977         1.372e-01 
  2948.833          17.147     -9.441    -71.262            0.076        19722.156      0.837      0.000      0.000    0.00000    0.24911          -83.24701      267.98295         1.389e-01 
  2949.833          17.071     -9.441    -71.262            0.076        19722.165      0.837      0.000      0.000    0.00000    0.24758          -83.11928      267.99591         1.405e-01 
  2950.833          16.996     -9.441    -71.262            0.075        19722.174      0.837      0.000      0.000    0.00000    0.24606          -82.99128      268.00863         1.422e-01 
  2951.833          16.922     -9.441    -71.262            0.075        19722.183      0.837      0.000      0.000    0.00000    0.24457          -82.86306      268.02109         1.438e-01 
  2952.833          16.848     -9.441    -71.263            0.074        19722.192      0.837      0.000      0.000    0.00000    0.24309          -82.73469      268.03330         1.455e-01 
  2953.833          16.774     -9.441    -71.263            0.074        19722.202      0.837      0.000      0.000    0.00000    0.24163          -82.60622      268.04523         1.472e-01 
  2954.833          16.701     -9.441    -71.263            0.074        19722.211      0.837      0.000      0.000    0.00000    0.24019          -82.47772      268.05689         1.489e-01 
  2955.833          16.628     -9.441    -71.263            0.073        19722.221      0.837      0.000      0.000    0.00000    0.23877          -82.34923      268.06827         1.506e-01 
  2956.833          16.555     -9.441    -71.263            0.073        19722.231      0.837      0.000      0.000    0.00000    0.23736          -82.22081      268.07936         1.524e-01 
  2957.833          16.483     -9.441    -71.263            0.073        19722.241      0.837      0.000      0.000    0.00000    0.23597          -82.09252      268.09016         1.541e-01 
  2958.833          16.412     -9.441    -71.263            0.072        19722.251      0.837      0.000      0.000    0.00000    0.23460          -81.96441      268.10066         1.558e-01 
  2959.833          16.340     -9.441    -71.263            0.072        19722.261      0.837      0.000      0.000    0.00000    0.23324          -81.83652      268.11088         1.576e-01 
  2960.833          16.269     -9.441    -71.263            0.072        19722.271      0.837      0.000      0.000    0.00000    0.23190          -81.70891      268.12079         1.594e-01 
  2961.833          16.199     -9.441    -71.263            0.071        19722.282      0.837      0.000      0.000    0.00000    0.23057          -81.58164      268.13041         1.611e-01 
  2962.833          16.129     -9.441    -71.263            0.071        19722.292      0.837      0.000      0.000    0.00000    0.22926          -81.45476      268.13974         1.629e-01 
  2963.833          16.059     -9.441    -71.264            0.070        19722.303      0.837      0.000      0.000    0.00000    0.22796          -81.32829      268.14876         1.647e-01 
  2964.833          15.989     -9.441    -71.264            0.070        19722.313      0.837      0.000      0.000    0.00000    0.22668          -81.20231      268.15749         1.665e-01 
  2965.833          15.920     -9.441    -71.264            0.070        19722.324      0.837      0.000      0.000    0.00000    0.22541          -81.07686      268.16592         1.683e-01 
  2966.833          15.851     -9.441    -71.264            0.069        19722.335      0.837      0.000      0.000    0.00000    0.22416          -80.95197      268.17406         1.702e-01 
  2967.833          15.783     -9.441    -71.264            0.069        19722.346      0.837      0.000      0.000    0.00000    0.22292          -80.82769      268.18190         1.720e-01 
  2968.833          15.715     -9.441    -71.264            0.069        19722.357      0.837      0.000      0.000    0.00000    0.22170          -80.70409      268.18946         1.739e-01 
  2969.833          15.647     -9.441    -71.264            0.069        19722.368      0.837      0.000      0.000    0.00000    0.22048          -80.58117      268.19672         1.757e-01 
  2970.833          15.580     -9.441    -71.264            0.068        19722.379      0.837      0.000      0.000    0.00000    0.21928          -80.45901      268.20369         1.776e-01 
  2971.833          15.512     -9.441    -71.264            0.068        19722.390      0.837      0.000      0.000    0.00000    0.21810          -80.33764      268.21038         1.795e-01 
  2972.833          15.446     -9.441    -71.264            0.068        19722.402      0.837      0.000      0.000    0.00000    0.21692          -80.21708      268.21678         1.814e-01 
  2973.833          15.379     -9.441    -71.265            0.067        19722.413      0.837      0.000      0.000    0.00000    0.21576          -80.09740      268.22290         1.833e-01 
  2974.833          15.313     -9.441    -71.265            0.067        19722.425      0.837      0.000      0.000    0.00000    0.21461          -79.97863      268.22874         1.852e-01 
  2975.833          15.247     -9.441    -71.265            0.067        19722.437      0.837      0.000      0.000    0.00000    0.21347          -79.86079      268.23430         1.871e-01 
  2976.833          15.182     -9.441    -71.265            0.066        19722.448      0.837      0.000      0.000    0.00000    0.21235          -79.74394      268.23958         1.890e-01 
  2977.833          15.117     -9.441    -71.265            0.066        19722.460      0.837      0.000      0.000    0.00000    0.21124          -79.62812      268.24459         1.910e-01 
  2978.833          15.052     -9.441    -71.265            0.066        19722.472      0.837      0.000      0.000    0.00000    0.21013          -79.51333      268.24933         1.929e-01 
  2979.833          14.987     -9.441    -71.265            0.065        19722.484      0.837      0.000      0.000    0.00000    0.20904          -79.39964      268.25380         1.949e-01 
  2980.833          14.923     -9.441    -71.265            0.065        19722.496      0.837      0.000      0.000    0.00000    0.20796          -79.28709      268.25800         1.969e-01 
  2981.833          14.859     -9.441    -71.265            0.065        19722.508      0.837      0.000      0.000    0.00000    0.20690          -79.17567      268.26194         1.989e-01 
  2982.833          14.796     -9.441    -71.266            0.065        19722.520      0.837      0.000      0.000    0.00000    0.20584          -79.06544      268.26561         2.009e-01 
  2983.833          14.732     -9.441    -71.266            0.064        19722.533      0.837      0.000      0.000    0.00000    0.20479          -78.95642      268.26903         2.029e-01 
  2984.833          14.669     -9.441    -71.266            0.064        19722.545      0.837      0.000      0.000    0.00000    0.20376          -78.84861      268.27221         2.049e-01 
  2985.833          14.607     -9.441    -71.266            0.064        19722.557      0.837      0.000      0.000    0.00000    0.20273          -78.74205      268.27515         2.069e-01 
  2986.833          14.544     -9.441    -71.266            0.064        19722.570      0.837      0.000      0.000    0.00000    0.20171          -78.63673      268.27785         2.089e-01 
  2987.833          14.482     -9.441    -71.266            0.063        19722.582      0.837      0.000      0.000    0.00000    0.20071          -78.53266      268.28033         2.110e-01 
  2988.833          14.420     -9.441    -71.266            0.063        19722.595      0.837      0.000      0.000    0.00000    0.19971          -78.42988      268.28260         2.131e-01 
  2989.833          14.359     -9.441    -71.266            0.063        19722.608      0.837      0.000      0.000    0.00000    0.19873          -78.32834      268.28466         2.151e-01 
  2990.833          14.297     -9.441    -71.266            0.062        19722.620      0.837      0.000      0.000    0.00000    0.19775          -78.22809      268.28652         2.172e-01 
  2991.833          14.236     -9.441    -71.267            0.062        19722.633      0.837      0.000      0.000    0.00000    0.19678          -78.12913      268.28819         2.193e-01 
  2992.833          14.175     -9.441    -71.267            0.062        19722.646      0.837      0.000      0.000    0.00000    0.19582          -78.03143      268.28969         2.214e-01 
  2993.833          14.115     -9.441    -71.267            0.062        19722.659      0.837      0.000      0.000    0.00000    0.19487          -77.93504      268.29101         2.235e-01 
  2994.833          14.055     -9.441    -71.267            0.061        19722.672      0.837      0.000      0.000    0.00000    0.19393          -77.83991      268.29217         2.256e-01 
  2995.833          13.995     -9.441    -71.267            0.061        19722.685      0.837      0.000      0.000    0.00000    0.19300          -77.74606      268.29318         2.278e-01 
  2996.833          13.935     -9.441    -71.267            0.061        19722.698      0.837      0.000      0.000    0.00000    0.19208          -77.65351      268.29403         2.299e-01 
  2997.833          13.876     -9.441    -71.267            0.061        19722.711      0.837      0.000      0.000    0.00000    0.19117          -77.56222      268.29475         2.321e-01 
  2998.833          13.816     -9.441    -71.267            0.060        19722.724      0.837      0.000      0.000    0.00000    0.19026          -77.47223      268.29534         2.342e-01 
  2999.833          13.758     -9.441    -71.268            0.060        19722.737      0.837      0.000      0.000    0.00000    0.18936          -77.38349      268.29580         2.364e-01 
  3000.833          13.699     -9.441    -71.268            0.060        19722.750      0.837      0.000      0.000    0.00000    0.18847          -77.29603      268.29614         2.386e-01 
  3001.833          13.640     -9.441    -71.268            0.060        19722.763      0.837      0.000      0.000    0.00000    0.18759          -77.20984      268.29638         2.408e-01 
  3002.833          13.582     -9.441    -71.268            0.060        19722.776      0.837      0.000      0.000    0.00000    0.18672          -77.12490      268.29651         2.430e-01 
  3003.833          13.524     -9.441    -71.268            0.059        19722.790      0.837      0.000      0.000    0.00000    0.18586          -77.04125      268.29654         2.452e-01 
  3004.833          13.467     -9.441    -71.268            0.059        19722.803      0.837      0.000      0.000    0.00000    0.18500          -76.95883      268.29648         2.475e-01 
  3005.833          13.409     -9.441    -71.268            0.059        19722.816      0.837      0.000      0.000    0.00000    0.18415          -76.87768      268.29633         2.497e-01 
  3006.833          13.352     -9.441    -71.268            0.059        19722.830      0.837      0.000      0.000    0.00000    0.18331          -76.79776      268.29611         2.520e-01 
  3007.833          13.295     -9.441    -71.268            0.058        19722.843      0.837      0.000      0.000    0.00000    0.18248          -76.71909      268.29581         2.542e-01 
  3008.833          13.239     -9.441    -71.269            0.058        19722.856      0.837      0.000      0.000    0.00000    0.18165          -76.64167      268.29544         2.565e-01 
  3009.833          13.182     -9.441    -71.269            0.058        19722.870      0.837      0.000      0.000    0.00000    0.18083          -76.56547      268.29501         2.588e-01 
  3010.833          13.126     -9.441    -71.269            0.058        19722.883      0.837      0.000      0.000    0.00000    0.18002          -76.49053      268.29452         2.611e-01 
  3011.833          13.070     -9.441    -71.269            0.057        19722.897      0.837      0.000      0.000    0.00000    0.17921          -76.41678      268.29398         2.634e-01 
  3012.833          13.014     -9.441    -71.269            0.057        19722.910      0.837      0.000      0.000    0.00000    0.17842          -76.34429      268.29339         2.657e-01 
  3013.833          12.959     -9.441    -71.269            0.057        19722.924      0.837      0.000      0.000    0.00000    0.17763          -76.27299      268.29275         2.680e-01 
  3014.833          12.903     -9.441    -71.269            0.057        19722.937      0.837      0.000      0.000    0.00000    0.17684          -76.20292      268.29207         2.704e-01 
  3015.833          12.848     -9.441    -71.269            0.057        19722.951      0.837      0.000      0.000    0.00000    0.17607          -76.13406      268.29136         2.727e-01 
  3016.833          12.794     -9.441    -71.270            0.056        19722.964      0.837      0.000      0.000    0.00000    0.17530          -76.06640      268.29061         2.751e-01 
  3017.833          12.739     -9.441    -71.270            0.056        19722.978      0.837      0.000      0.000    0.00000    0.17453          -75.99995      268.28984         2.775e-01 
  3018.833          12.685     -9.441    -71.270            0.056        19722.991      0.837      0.000      0.000    0.00000    0.17377          -75.93468      268.28904         2.798e-01 
  3019.833          12.630     -9.441    -71.270            0.056        19723.005      0.837      0.000      0.000    0.00000    0.17302          -75.87064      268.28822         2.822e-01 
  3020.833          12.577     -9.441    -71.270            0.056        19723.018      0.837      0.000      0.000    0.00000    0.17228          -75.80775      268.28738         2.846e-01 
  3021.833          12.523     -9.441    -71.270            0.055        19723.032      0.837      0.000      0.000    0.00000    0.17154          -75.74609      268.28653         2.870e-01 
  3022.833          12.469     -9.441    -71.270            0.055        19723.046      0.837      0.000      0.000    0.00000    0.17081          -75.68556      268.28567         2.895e-01 
  3023.833          12.416     -9.441    -71.270            0.055        19723.059      0.837      0.000      0.000    0.00000    0.17008          -75.62626      268.28480         2.919e-01 
  3024.833          12.363     -9.441    -71.271            0.055        19723.073      0.837      0.000      0.000    0.00000    0.16936          -75.56808      268.28393         2.943e-01 
  3025.833          12.310     -9.441    -71.271            0.054        19723.086      0.837      0.000      0.000    0.00000    0.16865          -75.51112      268.28305         2.968e-01 
  3026.833          12.257     -9.441    -71.271            0.054        19723.100      0.837      0.000      0.000    0.00000    0.16794          -75.45529      268.28218         2.993e-01 
  3027.833          12.205     -9.441    -71.271            0.054        19723.114      0.837      0.000      0.000    0.00000    0.16724          -75.40065      268.28132         3.017e-01 
  3028.833          12.153     -9.441    -71.271            0.054        19723.127      0.837      0.000      0.000    0.00000    0.16655          -75.34715      268.28046         3.042e-01 
  3029.833          12.101     -9.441    -71.271            0.054        19723.141      0.837      0.000      0.000    0.00000    0.16585          -75.29481      268.27961         3.067e-01 
  3030.833          12.049     -9.441    -71.271            0.053        19723.154      0.837      0.000      0.000    0.00000    0.16517          -75.24363      268.27877         3.092e-01 
  3031.833          11.997     -9.441    -71.271            0.053        19723.168      0.837      0.000      0.000    0.00000    0.16449          -75.19359      268.27796         3.118e-01 
  3032.833          11.946     -9.441    -71.272            0.053        19723.182      0.837      0.000      0.000    0.00000    0.16382          -75.14470      268.27716         3.143e-01 
  3033.833          11.895     -9.441    -71.272            0.053        19723.195      0.837      0.000      0.000    0.00000    0.16315          -75.09693      268.27638         3.168e-01 
  3034.833          11.844     -9.441    -71.272            0.053        19723.209      0.837      0.000      0.000    0.00000    0.16249          -75.05033      268.27562         3.194e-01 
  3035.833          11.793     -9.441    -71.272            0.053        19723.222      0.837      0.000      0.000    0.00000    0.16183          -75.00483      268.27489         3.219e-01 
  3036.833          11.742     -9.441    -71.272            0.052        19723.236      0.837      0.000      0.000    0.00000    0.16118          -74.96050      268.27419         3.245e-01 
  3037.833          11.692     -9.441    -71.272            0.052        19723.249      0.837      0.000      0.000    0.00000    0.16053          -74.91726      268.27352         3.271e-01 
  3038.833          11.641     -9.441    -71.272            0.052        19723.263      0.837      0.000      0.000    0.00000    0.15989          -74.87517      268.27289         3.297e-01 
  3039.833          11.591     -9.441    -71.272            0.052        19723.276      0.837      0.000      0.000    0.00000    0.15925          -74.83418      268.27228         3.323e-01 
  3040.833          11.541     -9.441    -71.273            0.052        19723.290      0.837      0.000      0.000    0.00000    0.15862          -74.79434      268.27172         3.349e-01 
  3041.833          11.492     -9.441    -71.273            0.051        19723.303      0.837      0.000      0.000    0.00000    0.15799          -74.75558      268.27120         3.375e-01 
  3042.833          11.442     -9.441    -71.273            0.051        19723.317      0.837      0.000      0.000    0.00000    0.15737          -74.71796      268.27072         3.402e-01 
  3043.833          11.393     -9.441    -71.273            0.051        19723.330      0.837      0.000      0.000    0.00000    0.15675          -74.68142      268.27028         3.428e-01 
  3044.833          11.344     -9.441    -71.273            0.051        19723.344      0.837      0.000      0.000    0.00000    0.15614          -74.64601      268.26989         3.455e-01 
  3045.833          11.295     -9.441    -71.273            0.051        19723.357      0.837      0.000      0.000    0.00000    0.15553          -74.61168      268.26954         3.482e-01 
  3046.833          11.246     -9.441    -71.273            0.050        19723.371      0.837      0.000      0.000    0.00000    0.15493          -74.57848      268.26925         3.508e-01 
  3047.833          11.197     -9.441    -71.273            0.050        19723.384      0.837      0.000      0.000    0.00000    0.15433          -74.54635      268.26901         3.535e-01 
  3048.833          11.149     -9.441    -71.274            0.050        19723.397      0.837      0.000      0.000    0.00000    0.15374          -74.51533      268.26883         3.562e-01 
  3049.833          11.101     -9.441    -71.274            0.050        19723.411      0.837      0.000      0.000    0.00000    0.15315          -74.48540      268.26870         3.589e-01 
  3050.833          11.053     -9.441    -71.274            0.050        19723.424      0.837      0.000      0.000    0.00000    0.15255          -74.45690      268.26863         3.616e-01 
  3051.833          11.005     -9.441    -71.274            0.050        19723.437      0.837      0.000      0.000    0.00000    0.15196          -74.43006      268.26862         3.642e-01 
  3052.833          10.957     -9.441    -71.274            0.049        19723.451      0.837      0.000      0.000    0.00000    0.15132          -74.40591      268.26867         3.665e-01 
  3053.833          10.910     -9.441    -71.274            0.049        19723.464      0.837      0.000      0.000    0.00000    0.15069          -74.38553      268.26879         3.687e-01 
  3054.833          10.862     -9.441    -71.274            0.049        19723.477      0.837      0.000      0.000    0.00000    0.15009          -74.36794      268.26897         3.710e-01 
  3055.833          10.815     -9.441    -71.274            0.049        19723.490      0.837      0.000      0.000    0.00000    0.14951          -74.35261      268.26922         3.732e-01 
  3056.833          10.768     -9.441    -71.274            0.049        19723.504      0.837      0.000      0.000    0.00000    0.14894          -74.33905      268.26953         3.754e-01 
  3057.833          10.721     -9.441    -71.275            0.049        19723.517      0.837      0.000      0.000    0.00000    0.14838          -74.32712      268.26992         3.776e-01 
  3058.833          10.674     -9.441    -71.275            0.049        19723.530      0.837      0.000      0.000    0.00000    0.14783          -74.31652      268.27038         3.799e-01 
  3059.833          10.628     -9.441    -71.275            0.048        19723.543      0.837      0.000      0.000    0.00000    0.14729          -74.30726      268.27093         3.821e-01 
  3060.833          10.581     -9.441    -71.275            0.048        19723.556      0.837      0.000      0.000    0.00000    0.14675          -74.29916      268.27154         3.844e-01 
  3061.833          10.535     -9.441    -71.275            0.048        19723.569      0.837      0.000      0.000    0.00000    0.14621          -74.29227      268.27225         3.866e-01 
  3062.833          10.488     -9.441    -71.275            0.048        19723.582      0.837      0.000      0.000    0.00000    0.14569          -74.28647      268.27303         3.889e-01 
  3063.833          10.442     -9.441    -71.275            0.048        19723.595      0.837      0.000      0.000    0.00000    0.14516          -74.28182      268.27390         3.911e-01 
  3064.833          10.396     -9.441    -71.275            0.048        19723.608      0.837      0.000      0.000    0.00000    0.14464          -74.27824      268.27486         3.934e-01 
  3065.833          10.350     -9.441    -71.276            0.048        19723.621      0.837      0.000      0.000    0.00000    0.14413          -74.27577      268.27591         3.956e-01 
  3066.833          10.305     -9.441    -71.276            0.047        19723.634      0.837      0.000      0.000    0.00000    0.14362          -74.27438      268.27705         3.979e-01 
  3067.833          10.259     -9.441    -71.276            0.047        19723.646      0.837      0.000      0.000    0.00000    0.14311          -74.27405      268.27828         4.001e-01 
  3068.833          10.214     -9.441    -71.276            0.047        19723.659      0.837      0.000      0.000    0.00000    0.14260          -74.27482      268.27962         4.024e-01 
  3069.833          10.168     -9.441    -71.276            0.047        19723.672      0.837      0.000      0.000    0.00000    0.14211          -74.27661      268.28105         4.047e-01 
  3070.833          10.123     -9.441    -71.276            0.047        19723.685      0.837      0.000      0.000    0.00000    0.14161          -74.27954      268.28259         4.070e-01 
  3071.833          10.078     -9.441    -71.276            0.047        19723.697      0.837      0.000      0.000    0.00000    0.14112          -74.28347      268.28422         4.093e-01 
  3072.833          10.033     -9.441    -71.276            0.047        19723.710      0.837      0.000      0.000    0.00000    0.14063          -74.28853      268.28597         4.115e-01 
  3073.833           9.988     -9.441    -71.276            0.046        19723.723      0.837      0.000      0.000    0.00000    0.14015          -74.29459      268.28782         4.138e-01 
  3074.833           9.944     -9.441    -71.277            0.046        19723.735      0.837      0.000      0.000    0.00000    0.13967          -74.30177      268.28979         4.161e-01 
  3075.833           9.899     -9.441    -71.277            0.046        19723.748      0.837      0.000      0.000    0.00000    0.13919          -74.30997      268.29187         4.184e-01 
  3076.833           9.855     -9.441    -71.277            0.046        19723.760      0.837      0.000      0.000    0.00000    0.13872          -74.31923      268.29406         4.207e-01 
  3077.833           9.810     -9.441    -71.277            0.046        19723.772      0.837      0.000      0.000    0.00000    0.13825          -74.32956      268.29637         4.230e-01 
  3078.833           9.766     -9.441    -71.277            0.046        19723.785      0.837      0.000      0.000    0.00000    0.13778          -74.34087      268.29879         4.253e-01 
  3079.833           9.722     -9.441    -71.277            0.046        19723.797      0.837      0.000      0.000    0.00000    0.13732          -74.35328      268.30133         4.276e-01 
  3080.833           9.678     -9.441    -71.277            0.046        19723.809      0.837      0.000      0.000    0.00000    0.13686          -74.36664      268.30398         4.299e-01 
  3081.833           9.634     -9.441    -71.277            0.045        19723.822      0.837      0.000      0.000    0.00000    0.13640          -74.38107      268.30675         4.322e-01 
  3082.833           9.590     -9.441    -71.277            0.045        19723.834      0.837      0.000      0.000    0.00000    0.13595          -74.39645      268.30962         4.345e-01 
  3083.833           9.547     -9.441    -71.278            0.045        19723.846      0.837      0.000      0.000    0.00000    0.13550          -74.41285      268.31261         4.369e-01 
  3084.833           9.503     -9.441    -71.278            0.045        19723.858      0.837      0.000      0.000    0.00000    0.13505          -74.43021      268.31570         4.392e-01 
  3085.833           9.460     -9.441    -71.278            0.045        19723.870      0.837      0.000      0.000    0.00000    0.13461          -74.44852      268.31890         4.415e-01 
  3086.833           9.417     -9.441    -71.278            0.045        19723.882      0.837      0.000      0.000    0.00000    0.13417          -74.46781      268.32221         4.438e-01 
  3087.833           9.374     -9.441    -71.278            0.045        19723.894      0.837      0.000      0.000    0.00000    0.13373          -74.48799      268.32562         4.462e-01 
  3088.833           9.331     -9.441    -71.278            0.045        19723.906      0.837      0.000      0.000    0.00000    0.13330          -74.50915      268.32914         4.485e-01 
  3089.833           9.288     -9.441    -71.278            0.044        19723.918      0.837      0.000      0.000    0.00000    0.13287          -74.53117      268.33276         4.508e-01 
  3090.833           9.245     -9.441    -71.278            0.044        19723.930      0.837      0.000      0.000    0.00000    0.13244          -74.55414      268.33648         4.532e-01 
  3091.833           9.202     -9.441    -71.278            0.044        19723.942      0.837      0.000      0.000    0.00000    0.13202          -74.57797      268.34030         4.555e-01 
  3092.833           9.160     -9.441    -71.279            0.044        19723.953      0.837      0.000      0.000    0.00000    0.13160          -74.60267      268.34421         4.579e-01 
  3093.833           9.117     -9.441    -71.279            0.044        19723.965      0.837      0.000      0.000    0.00000    0.13118          -74.62827      268.34823         4.602e-01 
  3094.833           9.075     -9.441    -71.279            0.044        19723.976      0.837      0.000      0.000    0.00000    0.13076          -74.65467      268.35233         4.626e-01 
  3095.833           9.033     -9.441    -71.279            0.044        19723.988      0.837      0.000      0.000    0.00000    0.13035          -74.68197      268.35653         4.649e-01 
  3096.833           8.991     -9.441    -71.279            0.044        19724.000      0.837      0.000      0.000    0.00000    0.12994          -74.71004      268.36082         4.673e-01 
  3097.833           8.949     -9.441    -71.279            0.043        19724.011      0.837      0.000      0.000    0.00000    0.12954          -74.73896      268.36520         4.696e-01 
  3098.833           8.907     -9.441    -71.279            0.043        19724.022      0.837      0.000      0.000    0.00000    0.12913          -74.76868      268.36967         4.720e-01 
  3099.833           8.865     -9.441    -71.279            0.043        19724.034      0.837      0.000      0.000    0.00000    0.12873          -74.79917      268.37422         4.744e-01 
  3100.833           8.824     -9.441    -71.279            0.043        19724.045      0.837      0.000      0.000    0.00000    0.12833          -74.83048      268.37887         4.767e-01 
  3101.833           8.782     -9.441    -71.280            0.043        19724.056      0.837      0.000      0.000    0.00000    0.12794          -74.86250      268.38359         4.791e-01 
  3102.833           8.741     -9.441    -71.280            0.043        19724.067      0.837      0.000      0.000    0.00000    0.12755          -74.89534      268.38840         4.815e-01 
  3103.833           8.699     -9.441    -71.280            0.043        19724.079      0.837      0.000      0.000    0.00000    0.12716          -74.92888      268.39329         4.839e-01 
  3104.833           8.658     -9.441    -71.280            0.043        19724.090      0.837      0.000      0.000    0.00000    0.12677          -74.96317      268.39826         4.862e-01 
  3105.833           8.617     -9.441    -71.280            0.042        19724.101      0.837      0.000      0.000    0.00000    0.12638          -74.99820      268.40331         4.886e-01 
  3106.833           8.576     -9.441    -71.280            0.042        19724.112      0.837      0.000      0.000    0.00000    0.12600          -75.03389      268.40844         4.910e-01 
  3107.833           8.535     -9.441    -71.280            0.042        19724.122      0.837      0.000      0.000    0.00000    0.12562          -75.07034      268.41364         4.934e-01 
  3108.833           8.494     -9.441    -71.280            0.042        19724.133      0.837      0.000      0.000    0.00000    0.12524          -75.10743      268.41892         4.958e-01 
  3109.833           8.454     -9.441    -71.280            0.042        19724.144      0.837      0.000      0.000    0.00000    0.12487          -75.14522      268.42427         4.982e-01 
  3110.833           8.413     -9.441    -71.280            0.042        19724.155      0.837      0.000      0.000    0.00000    0.12450          -75.18369      268.42969         5.006e-01 
  3111.833           8.373     -9.441    -71.281            0.042        19724.165      0.837      0.000      0.000    0.00000    0.12413          -75.22277      268.43519         5.030e-01 
  3112.833           8.332     -9.441    -71.281            0.042        19724.176      0.837      0.000      0.000    0.00000    0.12376          -75.26254      268.44075         5.054e-01 
  3113.833           8.292     -9.441    -71.281            0.042        19724.187      0.837      0.000      0.000    0.00000    0.12340          -75.30291      268.44638         5.078e-01 
  3114.833           8.252     -9.441    -71.281            0.041        19724.197      0.837      0.000      0.000    0.00000    0.12303          -75.34392      268.45208         5.102e-01 
  3115.833           8.212     -9.441    -71.281            0.041        19724.208      0.837      0.000      0.000    0.00000    0.12267          -75.38555      268.45784         5.126e-01 
  3116.833           8.172     -9.441    -71.281            0.041        19724.218      0.837      0.000      0.000    0.00000    0.12232          -75.42774      268.46367         5.150e-01 
  3117.833           8.132     -9.441    -71.281            0.041        19724.228      0.837      0.000      0.000    0.00000    0.12196          -75.47057      268.46955         5.174e-01 
  3118.833           8.092     -9.441    -71.281            0.041        19724.239      0.837      0.000      0.000    0.00000    0.12161          -75.51393      268.47550         5.198e-01 
  3119.833           8.053     -9.441    -71.281            0.041        19724.249      0.837      0.000      0.000    0.00000    0.12126          -75.55789      268.48151         5.223e-01 
  3120.833           8.013     -9.441    -71.281            0.041        19724.259      0.837      0.000      0.000    0.00000    0.12091          -75.60241      268.48758         5.247e-01 
  3121.833           7.974     -9.441    -71.281            0.041        19724.269      0.837      0.000      0.000    0.00000    0.12056          -75.64745      268.49371         5.271e-01 
  3122.833           7.934     -9.441    -71.282            0.041        19724.279      0.837      0.000      0.000    0.00000    0.12022          -75.69306      268.49989         5.295e-01 
  3123.833           7.895     -9.441    -71.282            0.040        19724.289      0.837      0.000      0.000    0.00000    0.11988          -75.73916      268.50612         5.320e-01 
  3124.833           7.856     -9.441    -71.282            0.040        19724.299      0.837      0.000      0.000    0.00000    0.11954          -75.78580      268.51241         5.344e-01 
  3125.833           7.817     -9.441    -71.282            0.040        19724.309      0.837      0.000      0.000    0.00000    0.11920          -75.83295      268.51875         5.368e-01 
  3126.833           7.778     -9.441    -71.282            0.040        19724.319      0.837      0.000      0.000    0.00000    0.11887          -75.88057      268.52514         5.393e-01 
  3127.833           7.739     -9.441    -71.282            0.040        19724.328      0.837      0.000      0.000    0.00000    0.11853          -75.92871      268.53157         5.417e-01 
  3128.833           7.700     -9.441    -71.282            0.040        19724.338      0.837      0.000      0.000    0.00000    0.11820          -75.97729      268.53806         5.442e-01 
  3129.833           7.661     -9.441    -71.282            0.040        19724.348      0.837      0.000      0.000    0.00000    0.11788          -76.02635      268.54459         5.466e-01 
  3130.833           7.623     -9.441    -71.282            0.040        19724.357      0.837      0.000      0.000    0.00000    0.11755          -76.07588      268.55116         5.490e-01 
  3131.833           7.584     -9.441    -71.282            0.040        19724.367      0.837      0.000      0.000    0.00000    0.11722          -76.12582      268.55777         5.515e-01 
  3132.833           7.546     -9.441    -71.282            0.039        19724.376      0.837      0.000      0.000    0.00000    0.11690          -76.17622      268.56443         5.539e-01 
  3133.833           7.508     -9.441    -71.283            0.039        19724.386      0.837      0.000      0.000    0.00000    0.11658          -76.22704      268.57112         5.564e-01 
  3134.833           7.469     -9.441    -71.283            0.039        19724.395      0.837      0.000      0.000    0.00000    0.11626          -76.27825      268.57785         5.588e-01 
  3135.833           7.431     -9.441    -71.283            0.039        19724.404      0.837      0.000      0.000    0.00000    0.11595          -76.32990      268.58462         5.613e-01 
  3136.833           7.393     -9.441    -71.283            0.039        19724.414      0.837      0.000      0.000    0.00000    0.11563          -76.38192      268.59142         5.638e-01 
  3137.833           7.355     -9.441    -71.283            0.039        19724.423      0.837      0.000      0.000    0.00000    0.11532          -76.43433      268.59825         5.662e-01 
  3138.833           7.318     -9.441    -71.283            0.039        19724.432      0.837      0.000      0.000    0.00000    0.11501          -76.48713      268.60511         5.687e-01 
  3139.833           7.280     -9.441    -71.283            0.039        19724.441      0.837      0.000      0.000    0.00000    0.11470          -76.54027      268.61200         5.712e-01 
  3140.833           7.242     -9.441    -71.283            0.039        19724.450      0.837      0.000      0.000    0.00000    0.11439          -76.59378      268.61892         5.736e-01 
  3141.833           7.205     -9.441    -71.283            0.039        19724.459      0.837      0.000      0.000    0.00000    0.11409          -76.64763      268.62586         5.761e-01 
  3142.833           7.167     -9.441    -71.283            0.038        19724.468      0.837      0.000      0.000    0.00000    0.11378          -76.70182      268.63283         5.786e-01 
  3143.833           7.130     -9.441    -71.283            0.038        19724.476      0.837      0.000      0.000    0.00000    0.11348          -76.75634      268.63981         5.811e-01 
  3144.833           7.092     -9.441    -71.283            0.038        19724.485      0.837      0.000      0.000    0.00000    0.11318          -76.81116      268.64682         5.835e-01 
  3145.833           7.055     -9.441    -71.284            0.038        19724.494      0.837      0.000      0.000    0.00000    0.11288          -76.86630      268.65384         5.860e-01 
  3146.833           7.018     -9.441    -71.284            0.038        19724.502      0.837      0.000      0.000    0.00000    0.11259          -76.92174      268.66087         5.885e-01 
  3147.833           6.981     -9.441    -71.284            0.038        19724.511      0.837      0.000      0.000    0.00000    0.11229          -76.97745      268.66792         5.910e-01 
  3148.833           6.944     -9.441    -71.284            0.038        19724.520      0.837      0.000      0.000    0.00000    0.11200          -77.03346      268.67498         5.935e-01 
  3149.833           6.907     -9.441    -71.284            0.038        19724.528      0.837      0.000      0.000    0.00000    0.11171          -77.08972      268.68204         5.960e-01 
  3150.833           6.870     -9.441    -71.284            0.038        19724.536      0.837      0.000      0.000    0.00000    0.11142          -77.14625      268.68912         5.984e-01 
  3151.833           6.834     -9.441    -71.284            0.038        19724.545      0.837      0.000      0.000    0.00000    0.11113          -77.20303      268.69619         6.009e-01 
  3152.833           6.797     -9.441    -71.284            0.037        19724.553      0.837      0.000      0.000    0.00000    0.11085          -77.26005      268.70328         6.034e-01 
  3153.833           6.761     -9.441    -71.284            0.037        19724.561      0.837      0.000      0.000    0.00000    0.11056          -77.31729      268.71035         6.059e-01 
  3154.833           6.724     -9.441    -71.284            0.037        19724.569      0.837      0.000      0.000    0.00000    0.11028          -77.37476      268.71742         6.084e-01 
  3155.833           6.688     -9.441    -71.284            0.037        19724.578      0.837      0.000      0.000    0.00000    0.11000          -77.43245      268.72450         6.109e-01 
  3156.833           6.652     -9.441    -71.284            0.037        19724.586      0.837      0.000      0.000    0.00000    0.10972          -77.49033      268.73155         6.134e-01 
  3157.833           6.615     -9.441    -71.284            0.037        19724.594      0.837      0.000      0.000    0.00000    0.10944          -77.54841      268.73859         6.160e-01 
  3158.833           6.579     -9.441    -71.284            0.037        19724.602      0.837      0.000      0.000    0.00000    0.10917          -77.60668      268.74564         6.185e-01 
  3159.833           6.543     -9.441    -71.285            0.037        19724.609      0.837      0.000      0.000    0.00000    0.10889          -77.66512      268.75264         6.210e-01 
  3160.833           6.507     -9.441    -71.285            0.037        19724.617      0.837      0.000      0.000    0.00000    0.10862          -77.72372      268.75964         6.235e-01 
  3161.833           6.471     -9.441    -71.285            0.037        19724.625      0.837      0.000      0.000    0.00000    0.10835          -77.78249      268.76662         6.260e-01 
  3162.833           6.436     -9.441    -71.285            0.037        19724.633      0.837      0.000      0.000    0.00000    0.10808          -77.84140      268.77356         6.285e-01 
  3163.833           6.400     -9.441    -71.285            0.036        19724.640      0.837      0.000      0.000    0.00000    0.10781          -77.90045      268.78049         6.310e-01 
  3164.833           6.364     -9.441    -71.285            0.036        19724.648      0.837      0.000      0.000    0.00000    0.10754          -77.95963      268.78738         6.336e-01 
  3165.833           6.329     -9.441    -71.285            0.036        19724.656      0.837      0.000      0.000    0.00000    0.10728          -78.01892      268.79422         6.361e-01 
  3166.833           6.293     -9.441    -71.285            0.036        19724.663      0.837      0.000      0.000    0.00000    0.10701          -78.07834      268.80104         6.386e-01 
  3167.833           6.258     -9.441    -71.285            0.036        19724.671      0.837      0.000      0.000    0.00000    0.10675          -78.13786      268.80781         6.411e-01 
  3168.833           6.223     -9.441    -71.285            0.036        19724.678      0.837      0.000      0.000    0.00000    0.10649          -78.19746      268.81453         6.437e-01 
  3169.833           6.187     -9.441    -71.285            0.036        19724.685      0.837      0.000      0.000    0.00000    0.10623          -78.25717      268.82123         6.462e-01 
  3170.833           6.152     -9.441    -71.285            0.036        19724.693      0.837      0.000      0.000    0.00000    0.10597          -78.31693      268.82785         6.487e-01 
  3171.833           6.117     -9.441    -71.285            0.036        19724.700      0.837      0.000      0.000    0.00000    0.10572          -78.37676      268.83441         6.513e-01 
  3172.833           6.082     -9.441    -71.285            0.036        19724.707      0.837      0.000      0.000    0.00000    0.10546          -78.43667      268.84094         6.538e-01 
  3173.833           6.047     -9.441    -71.286            0.036        19724.714      0.837      0.000      0.000    0.00000    0.10521          -78.49660      268.84737         6.563e-01 
  3174.833           6.012     -9.441    -71.286            0.036        19724.721      0.837      0.000      0.000    0.00000    0.10496          -78.55659      268.85375         6.589e-01 
  3175.833           5.978     -9.441    -71.286            0.035        19724.728      0.837      0.000      0.000    0.00000    0.10471          -78.61662      268.86008         6.614e-01 
  3176.833           5.943     -9.441    -71.286            0.035        19724.735      0.837      0.000      0.000    0.00000    0.10446          -78.67664      268.86630         6.640e-01 
  3177.833           5.908     -9.441    -71.286            0.035        19724.742      0.837      0.000      0.000    0.00000    0.10421          -78.73670      268.87245         6.665e-01 
  3178.833           5.874     -9.441    -71.286            0.035        19724.749      0.837      0.000      0.000    0.00000    0.10396          -78.79677      268.87854         6.691e-01 
  3179.833           5.839     -9.441    -71.286            0.035        19724.756      0.837      0.000      0.000    0.00000    0.10372          -78.85681      268.88450         6.716e-01 
  3180.833           5.805     -9.441    -71.286            0.035        19724.762      0.837      0.000      0.000    0.00000    0.10347          -78.91686      268.89039         6.742e-01 
  3181.833           5.771     -9.441    -71.286            0.035        19724.769      0.837      0.000      0.000    0.00000    0.10323          -78.97690      268.89619         6.767e-01 
  3182.833           5.737     -9.441    -71.286            0.035        19724.776      0.837      0.000      0.000    0.00000    0.10299          -79.03687      268.90186         6.793e-01 
  3183.833           5.702     -9.441    -71.286            0.035        19724.782      0.837      0.000      0.000    0.00000    0.10275          -79.09684      268.90745         6.818e-01 
  3184.833           5.668     -9.441    -71.286            0.035        19724.789      0.837      0.000      0.000    0.00000    0.10251          -79.15676      268.91293         6.844e-01 
  3185.833           5.634     -9.441    -71.286            0.035        19724.795      0.837      0.000      0.000    0.00000    0.10227          -79.21659      268.91826         6.870e-01 
  3186.833           5.600     -9.441    -71.286            0.035        19724.802      0.837      0.000      0.000    0.00000    0.10203          -79.27640      268.92350         6.895e-01 
  3187.833           5.566     -9.441    -71.286            0.034        19724.808      0.837      0.000      0.000    0.00000    0.10180          -79.33613      268.92861         6.921e-01 
  3188.833           5.533     -9.441    -71.286            0.034        19724.815      0.837      0.000      0.000    0.00000    0.10156          -79.39574      268.93355         6.947e-01 
  3189.833           5.499     -9.441    -71.286            0.034        19724.821      0.837      0.000      0.000    0.00000    0.10133          -79.45531      268.93839         6.972e-01 
  3190.833           5.465     -9.441    -71.287            0.034        19724.827      0.837      0.000      0.000    0.00000    0.10110          -79.51477      268.94308         6.998e-01 
  3191.833           5.432     -9.441    -71.287            0.034        19724.833      0.837      0.000      0.000    0.00000    0.10087          -79.57409      268.94759         7.024e-01 
  3192.833           5.398     -9.441    -71.287            0.034        19724.839      0.837      0.000      0.000    0.00000    0.10064          -79.63335      268.95198         7.050e-01 
  3193.833           5.365     -9.441    -71.287            0.034        19724.846      0.837      0.000      0.000    0.00000    0.10041          -79.69246      268.95620         7.075e-01 
  3194.833           5.331     -9.441    -71.287            0.034        19724.852      0.837      0.000      0.000    0.00000    0.10019          -79.75141      268.96022         7.101e-01 
  3195.833           5.298     -9.441    -71.287            0.034        19724.858      0.837      0.000      0.000    0.00000    0.09996          -79.81028      268.96411         7.127e-01 
  3196.833           5.265     -9.441    -71.287            0.034        19724.864      0.837      0.000      0.000    0.00000    0.09974          -79.86898      268.96780         7.153e-01 
  3197.833           5.232     -9.441    -71.287            0.034        19724.869      0.837      0.000      0.000    0.00000    0.09951          -79.92748      268.97127         7.179e-01 
  3198.833           5.198     -9.441    -71.287            0.034        19724.875      0.837      0.000      0.000    0.00000    0.09929          -79.98588      268.97459         7.204e-01 
  3199.833           5.165     -9.441    -71.287            0.034        19724.881      0.837      0.000      0.000    0.00000    0.09907          -80.04409      268.97770         7.230e-01 
  3200.833           5.132     -9.441    -71.287            0.033        19724.887      0.837      0.000      0.000    0.00000    0.09885          -80.10208      268.98056         7.256e-01 
  3201.833           5.100     -9.441    -71.287            0.033        19724.893      0.837      0.000      0.000    0.00000    0.09863          -80.15993      268.98326         7.282e-01 
  3202.833           5.067     -9.441    -71.287            0.033        19724.898      0.837      0.000      0.000    0.00000    0.09842          -80.21758      268.98572         7.308e-01 
  3203.833           5.034     -9.441    -71.287            0.033        19724.904      0.837      0.000      0.000    0.00000    0.09820          -80.27497      268.98791         7.334e-01 
  3204.833           5.001     -9.441    -71.287            0.033        19724.909      0.837      0.000      0.000    0.00000    0.09798          -80.33221      268.98991         7.360e-01 
  3205.833           4.969     -9.441    -71.287            0.033        19724.915      0.837      0.000      0.000    0.00000    0.09777          -80.38923      268.99167         7.386e-01 
  3206.833           4.936     -9.441    -71.287            0.033        19724.920      0.837      0.000      0.000    0.00000    0.09756          -80.44596      268.99312         7.412e-01 
  3207.833           4.903     -9.441    -71.287            0.033        19724.926      0.837      0.000      0.000    0.00000    0.09734          -80.50252      268.99436         7.438e-01 
  3208.833           4.871     -9.441    -71.287            0.033        19724.931      0.837      0.000      0.000    0.00000    0.09713          -80.55886      268.99535         7.464e-01 
  3209.833           4.839     -9.441    -71.288            0.033        19724.937      0.837      0.000      0.000    0.00000    0.09692          -80.61490      268.99601         7.490e-01 
  3210.833           4.806     -9.441    -71.288            0.033        19724.942      0.837      0.000      0.000    0.00000    0.09671          -80.67075      268.99645         7.516e-01 
  3211.833           4.774     -9.441    -71.288            0.033        19724.947      0.837      0.000      0.000    0.00000    0.09651          -80.72640      268.99663         7.542e-01 
  3212.833           4.742     -9.441    -71.288            0.033        19724.953      0.837      0.000      0.000    0.00000    0.09630          -80.78176      268.99647         7.569e-01 
  3213.833           4.710     -9.441    -71.288            0.033        19724.958      0.837      0.000      0.000    0.00000    0.09609          -80.83692      268.99607         7.595e-01 
  3214.833           4.678     -9.441    -71.288            0.032        19724.963      0.837      0.000      0.000    0.00000    0.09589          -80.89191      268.99542         7.621e-01 
  3215.833           4.646     -9.441    -71.288            0.032        19724.968      0.837      0.000      0.000    0.00000    0.09568          -80.94660      268.99442         7.647e-01 
  3216.833           4.614     -9.441    -71.288            0.032        19724.973      0.837      0.000      0.000    0.00000    0.09548          -81.00110      268.99316         7.673e-01 
  3217.833           4.582     -9.441    -71.288            0.032        19724.978      0.837      0.000      0.000    0.00000    0.09528          -81.05545      268.99165         7.699e-01 
  3218.833           4.550     -9.441    -71.288            0.032        19724.983      0.837      0.000      0.000    0.00000    0.09508          -81.10952      268.98979         7.726e-01 
  3219.833           4.518     -9.441    -71.288            0.032        19724.988      0.837      0.000      0.000    0.00000    0.09488          -81.16339      268.98765         7.752e-01 
  3220.833           4.487     -9.441    -71.288            0.032        19724.993      0.837      0.000      0.000    0.00000    0.09468          -81.21713      268.98526         7.778e-01 
  3221.833           4.455     -9.441    -71.288            0.032        19724.998      0.837      0.000      0.000    0.00000    0.09448          -81.27061      268.98253         7.805e-01 
  3222.833           4.423     -9.441    -71.288            0.032        19725.003      0.837      0.000      0.000    0.00000    0.09428          -81.32390      268.97948         7.831e-01 
  3223.833           4.392     -9.441    -71.288            0.032        19725.007      0.837      0.000      0.000    0.00000    0.09409          -81.37706      268.97620         7.857e-01 
  3224.833           4.360     -9.441    -71.288            0.032        19725.012      0.837      0.000      0.000    0.00000    0.09389          -81.43000      268.97256         7.883e-01 
  3225.833           4.329     -9.441    -71.288            0.032        19725.017      0.837      0.000      0.000    0.00000    0.09370          -81.48274      268.96860         7.910e-01 
  3226.833           4.298     -9.441    -71.288            0.032        19725.022      0.837      0.000      0.000    0.00000    0.09351          -81.53536      268.96439         7.936e-01 
  3227.833           4.266     -9.441    -71.288            0.032        19725.026      0.837      0.000      0.000    0.00000    0.09331          -81.58779      268.95984         7.963e-01 
  3228.833           4.235     -9.441    -71.288            0.032        19725.031      0.837      0.000      0.000    0.00000    0.09312          -81.64002      268.95495         7.989e-01 
  3229.833           4.204     -9.441    -71.288            0.031        19725.035      0.837      0.000      0.000    0.00000    0.09293          -81.69213      268.94978         8.015e-01 
  3230.833           4.173     -9.441    -71.288            0.031        19725.040      0.837      0.000      0.000    0.00000    0.09274          -81.74409      268.94430         8.042e-01 
  3231.833           4.142     -9.441    -71.289            0.031        19725.044      0.837      0.000      0.000    0.00000    0.09255          -81.79585      268.93846         8.068e-01 
  3232.833           4.111     -9.441    -71.289            0.031        19725.049      0.837      0.000      0.000    0.00000    0.09237          -81.84749      268.93231         8.095e-01 
  3233.833           4.080     -9.441    -71.289            0.031        19725.053      0.837      0.000      0.000    0.00000    0.09218          -81.89902      268.92588         8.121e-01 
  3234.833           4.049     -9.441    -71.289            0.031        19725.058      0.837      0.000      0.000    0.00000    0.09199          -81.95036      268.91906         8.148e-01 
  3235.833           4.018     -9.441    -71.289            0.031        19725.062      0.837      0.000      0.000    0.00000    0.09181          -82.00156      268.91192         8.174e-01 
  3236.833           3.987     -9.441    -71.289            0.031        19725.066      0.837      0.000      0.000    0.00000    0.09162          -82.05268      268.90450         8.201e-01 
  3237.833           3.957     -9.441    -71.289            0.031        19725.071      0.837      0.000      0.000    0.00000    0.09144          -82.10363      268.89669         8.228e-01 
  3238.833           3.926     -9.441    -71.289            0.031        19725.075      0.837      0.000      0.000    0.00000    0.09126          -82.15445      268.88854         8.254e-01 
  3239.833           3.896     -9.441    -71.289            0.031        19725.079      0.837      0.000      0.000    0.00000    0.09107          -82.20519      268.88009         8.281e-01 
  3240.833           3.865     -9.441    -71.289            0.031        19725.083      0.837      0.000      0.000    0.00000    0.09089          -82.25579      268.87127         8.307e-01 
  3241.833           3.835     -9.441    -71.289            0.031        19725.087      0.837      0.000      0.000    0.00000    0.09071          -82.30626      268.86208         8.334e-01 
  3242.833           3.804     -9.441    -71.289            0.031        19725.091      0.837      0.000      0.000    0.00000    0.09053          -82.35665      268.85257         8.361e-01 
  3243.833           3.774     -9.441    -71.289            0.031        19725.095      0.837      0.000      0.000    0.00000    0.09036          -82.40695      268.84272         8.387e-01 
  3244.833           3.743     -9.441    -71.289            0.031        19725.099      0.837      0.000      0.000    0.00000    0.09018          -82.45711      268.83246         8.414e-01 
  3245.833           3.713     -9.441    -71.289            0.030        19725.103      0.837      0.000      0.000    0.00000    0.09000          -82.50719      268.82186         8.441e-01 
  3246.833           3.683     -9.441    -71.289            0.030        19725.107      0.837      0.000      0.000    0.00000    0.08982          -82.55721      268.81094         8.467e-01 
  3247.833           3.653     -9.441    -71.289            0.030        19725.111      0.837      0.000      0.000    0.00000    0.08965          -82.60710      268.79959         8.494e-01 
  3248.833           3.623     -9.441    -71.289            0.030        19725.115      0.837      0.000      0.000    0.00000    0.08947          -82.65691      268.78788         8.521e-01 
  3249.833           3.593     -9.441    -71.289            0.030        19725.119      0.837      0.000      0.000    0.00000    0.08930          -82.70668      268.77584         8.548e-01 
  3250.833           3.563     -9.441    -71.289            0.030        19725.123      0.837      0.000      0.000    0.00000    0.08913          -82.75634      268.76338         8.574e-01 
  3251.833           3.533     -9.441    -71.289            0.030        19725.127      0.837      0.000      0.000    0.00000    0.08896          -82.80592      268.75053         8.601e-01 
  3252.833           3.503     -9.441    -71.289            0.030        19725.130      0.837      0.000      0.000    0.00000    0.08878          -82.85546      268.73732         8.628e-01 
  3253.833           3.473     -9.441    -71.289            0.030        19725.134      0.837      0.000      0.000    0.00000    0.08861          -82.90494      268.72372         8.655e-01 
  3254.833           3.443     -9.441    -71.289            0.030        19725.138      0.837      0.000      0.000    0.00000    0.08844          -82.95433      268.70969         8.682e-01 
  3255.833           3.413     -9.441    -71.289            0.030        19725.141      0.837      0.000      0.000    0.00000    0.08827          -83.00368      268.69527         8.709e-01 
  3256.833           3.384     -9.441    -71.289            0.030        19725.145      0.837      0.000      0.000    0.00000    0.08811          -83.05300      268.68048         8.736e-01 
  3257.833           3.354     -9.441    -71.289            0.030        19725.149      0.837      0.000      0.000    0.00000    0.08794          -83.10224      268.66524         8.762e-01 
  3258.833           3.325     -9.441    -71.289            0.030        19725.152      0.837      0.000      0.000    0.00000    0.08777          -83.15144      268.64958         8.789e-01 
  3259.833           3.295     -9.441    -71.290            0.030        19725.156      0.837      0.000      0.000    0.00000    0.08760          -83.20063      268.63354         8.816e-01 
  3260.833           3.266     -9.441    -71.290            0.030        19725.159      0.837      0.000      0.000    0.00000    0.08744          -83.24977      268.61705         8.843e-01 
  3261.833           3.236     -9.441    -71.290            0.030        19725.163      0.837      0.000      0.000    0.00000    0.08727          -83.29885      268.60011         8.870e-01 
  3262.833           3.207     -9.441    -71.290            0.030        19725.166      0.837      0.000      0.000    0.00000    0.08711          -83.34793      268.58275         8.897e-01 
  3263.833           3.178     -9.441    -71.290            0.029        19725.170      0.837      0.000      0.000    0.00000    0.08695          -83.39700      268.56497         8.924e-01 
  3264.833           3.148     -9.441    -71.290            0.029        19725.173      0.837      0.000      0.000    0.00000    0.08678          -83.44602      268.54669         8.951e-01 
  3265.833           3.119     -9.441    -71.290            0.029        19725.176      0.837      0.000      0.000    0.00000    0.08662          -83.49502      268.52797         8.978e-01 
  3266.833           3.090     -9.441    -71.290            0.029        19725.180      0.837      0.000      0.000    0.00000    0.08646          -83.54404      268.50882         9.005e-01 
  3267.833           3.061     -9.441    -71.290            0.029        19725.183      0.837      0.000      0.000    0.00000    0.08630          -83.59303      268.48917         9.032e-01 
  3268.833           3.032     -9.441    -71.290            0.029        19725.186      0.837      0.000      0.000    0.00000    0.08614          -83.64201      268.46903         9.060e-01 
  3269.833           3.003     -9.441    -71.290            0.029        19725.189      0.837      0.000      0.000    0.00000    0.08598          -83.69100      268.44843         9.087e-01 
  3270.833           2.974     -9.441    -71.290            0.029        19725.193      0.837      0.000      0.000    0.00000    0.08582          -83.74000      268.42734         9.114e-01 
  3271.833           2.945     -9.441    -71.290            0.029        19725.196      0.837      0.000      0.000    0.00000    0.08567          -83.78899      268.40572         9.141e-01 
  3272.833           2.916     -9.441    -71.290            0.029        19725.199      0.837      0.000      0.000    0.00000    0.08551          -83.83799      268.38360         9.168e-01 
  3273.833           2.887     -9.441    -71.290            0.029        19725.202      0.837      0.000      0.000    0.00000    0.08535          -83.88703      268.36099         9.195e-01 
  3274.833           2.858     -9.441    -71.290            0.029        19725.205      0.837      0.000      0.000    0.00000    0.08520          -83.93607      268.33783         9.222e-01 
  3275.833           2.830     -9.441    -71.290            0.029        19725.208      0.837      0.000      0.000    0.00000    0.08504          -83.98512      268.31411         9.250e-01 
  3276.833           2.801     -9.441    -71.290            0.029        19725.211      0.837      0.000      0.000    0.00000    0.08489          -84.03421      268.28988         9.277e-01 
  3277.833           2.772     -9.441    -71.290            0.029        19725.214      0.837      0.000      0.000    0.00000    0.08473          -84.08334      268.26509         9.304e-01 
  3278.833           2.744     -9.441    -71.290            0.029        19725.217      0.837      0.000      0.000    0.00000    0.08458          -84.13248      268.23970         9.331e-01 
  3279.833           2.715     -9.441    -71.290            0.029        19725.220      0.837      0.000      0.000    0.00000    0.08443          -84.18167      268.21374         9.359e-01 
  3280.833           2.687     -9.441    -71.290            0.029        19725.223      0.837      0.000      0.000    0.00000    0.08427          -84.23090      268.18722         9.386e-01 
  3281.833           2.658     -9.441    -71.290            0.029        19725.226      0.837      0.000      0.000    0.00000    0.08412          -84.28018      268.16006         9.413e-01 
  3282.833           2.630     -9.441    -71.290            0.029        19725.228      0.837      0.000      0.000    0.00000    0.08397          -84.32949      268.13228         9.440e-01 
  3283.833           2.601     -9.441    -71.290            0.028        19725.231      0.837      0.000      0.000    0.00000    0.08382          -84.37887      268.10390         9.468e-01 
  3284.833           2.573     -9.441    -71.290            0.028        19725.234      0.837      0.000      0.000    0.00000    0.08367          -84.42830      268.07487         9.495e-01 
  3285.833           2.545     -9.441    -71.290            0.028        19725.237      0.837      0.000      0.000    0.00000    0.08352          -84.47778      268.04515         9.522e-01 
  3286.833           2.517     -9.441    -71.290            0.028        19725.240      0.837      0.000      0.000    0.00000    0.08338          -84.52733      268.01478         9.550e-01 
  3287.833           2.489     -9.441    -71.290            0.028        19725.242      0.837      0.000      0.000    0.00000    0.08323          -84.57695      267.98373         9.577e-01 
  3288.833           2.460     -9.441    -71.290            0.028        19725.245      0.837      0.000      0.000    0.00000    0.08308          -84.62664      267.95195         9.605e-01 
  3289.833           2.432     -9.441    -71.290            0.028        19725.247      0.837      0.000      0.000    0.00000    0.08293          -84.67640      267.91944         9.632e-01 
  3290.833           2.404     -9.441    -71.290            0.028        19725.250      0.837      0.000      0.000    0.00000    0.08279          -84.72623      267.88621         9.660e-01 
  3291.833           2.376     -9.441    -71.290            0.028        19725.253      0.837      0.000      0.000    0.00000    0.08264          -84.77615      267.85222         9.687e-01 
  3292.833           2.348     -9.441    -71.290            0.028        19725.255      0.837      0.000      0.000    0.00000    0.08250          -84.82616      267.81743         9.714e-01 
  3293.833           2.321     -9.441    -71.290            0.028        19725.258      0.837      0.000      0.000    0.00000    0.08235          -84.87625      267.78183         9.742e-01 
  3294.833           2.293     -9.441    -71.290            0.028        19725.260      0.837      0.000      0.000    0.00000    0.08221          -84.92643      267.74544         9.769e-01 
  3295.833           2.265     -9.441    -71.291            0.028        19725.263      0.837      0.000      0.000    0.00000    0.08207          -84.97671      267.70817         9.797e-01 
  3296.833           2.237     -9.441    -71.291            0.028        19725.265      0.837      0.000      0.000    0.00000    0.08193          -85.02709      267.67003         9.824e-01 
  3297.833           2.209     -9.441    -71.291            0.028        19725.267      0.837      0.000      0.000    0.00000    0.08178          -85.07757      267.63100         9.852e-01 
  3298.833           2.182     -9.441    -71.291            0.028        19725.270      0.837      0.000      0.000    0.00000    0.08164          -85.12815      267.59105         9.879e-01 
  3299.833           2.154     -9.441    -71.291            0.028        19725.272      0.837      0.000      0.000    0.00000    0.08150          -85.17886      267.55013         9.907e-01 
  3300.833           2.127     -9.441    -71.291            0.028        19725.274      0.837      0.000      0.000    0.00000    0.08136          -85.22967      267.50823         9.935e-01 
  3301.833           2.099     -9.441    -71.291            0.028        19725.277      0.837      0.000      0.000    0.00000    0.08122          -85.28059      267.46533         9.962e-01 
  3302.833           2.072     -9.441    -71.291            0.028        19725.279      0.837      0.000      0.000    0.00000    0.08108          -85.33163      267.42137         9.990e-01 
  3303.833           2.044     -9.441    -71.291            0.028        19725.281      0.837      0.000      0.000    0.00000    0.08095          -85.38281      267.37633         1.002e+00 
  3304.833           2.017     -9.441    -71.291            0.027        19725.283      0.837      0.000      0.000    0.00000    0.08081          -85.43411      267.33016         1.005e+00 
  3305.833           1.989     -9.441    -71.291            0.027        19725.286      0.837      0.000      0.000    0.00000    0.08067          -85.48552      267.28285         1.007e+00 
  3306.833           1.962     -9.441    -71.291            0.027        19725.288      0.837      0.000      0.000    0.00000    0.08053          -85.53709      267.23434         1.010e+00 
  3307.833           1.935     -9.441    -71.291            0.027        19725.290      0.837      0.000      0.000    0.00000    0.08040          -85.58880      267.18457         1.013e+00 
  3308.833           1.908     -9.441    -71.291            0.027        19725.292      0.837      0.000      0.000    0.00000    0.08026          -85.64063      267.13353         1.016e+00 
  3309.833           1.880     -9.441    -71.291            0.027        19725.294      0.837      0.000      0.000    0.00000    0.08013          -85.69260      267.08116         1.018e+00 
  3310.833           1.853     -9.441    -71.291            0.027        19725.296      0.837      0.000      0.000    0.00000    0.07999          -85.74474      267.02739         1.021e+00 
  3311.833           1.826     -9.441    -71.291            0.027        19725.298      0.837      0.000      0.000    0.00000    0.07986          -85.79703      266.97219         1.024e+00 
  3312.833           1.799     -9.441    -71.291            0.027        19725.300      0.837      0.000      0.000    0.00000    0.07972          -85.84946      266.91549         1.027e+00 
  3313.833           1.772     -9.441    -71.291            0.027        19725.302      0.837      0.000      0.000    0.00000    0.07959          -85.90204      266.85723         1.029e+00 
  3314.833           1.745     -9.441    -71.291            0.027        19725.304      0.837      0.000      0.000    0.00000    0.07946          -85.95481      266.79735         1.032e+00 
  3315.833           1.718     -9.441    -71.291            0.027        19725.306      0.837      0.000      0.000    0.00000    0.07933          -86.00774      266.73578         1.035e+00 
  3316.833           1.691     -9.441    -71.291            0.027        19725.308      0.837      0.000      0.000    0.00000    0.07920          -86.06080      266.67246         1.038e+00 
  3317.833           1.665     -9.441    -71.291            0.027        19725.309      0.837      0.000      0.000    0.00000    0.07906          -86.11406      266.60729         1.041e+00 
  3318.833           1.638     -9.441    -71.291            0.027        19725.311      0.837      0.000      0.000    0.00000    0.07893          -86.16751      266.54019         1.043e+00 
  3319.833           1.611     -9.441    -71.291            0.027        19725.313      0.837      0.000      0.000    0.00000    0.07880          -86.22112      266.47109         1.046e+00 
  3320.833           1.584     -9.441    -71.291            0.027        19725.315      0.837      0.000      0.000    0.00000    0.07867          -86.27488      266.39989         1.049e+00 
  3321.833           1.558     -9.441    -71.291            0.027        19725.317      0.837      0.000      0.000    0.00000    0.07855          -86.32887      266.32649         1.052e+00 
  3322.833           1.531     -9.441    -71.291            0.027        19725.318      0.837      0.000      0.000    0.00000    0.07842          -86.38304      266.25077         1.054e+00 
  3323.833           1.504     -9.441    -71.291            0.027        19725.320      0.837      0.000      0.000    0.00000    0.07829          -86.43738      266.17264         1.057e+00 
  3324.833           1.478     -9.441    -71.291            0.027        19725.322      0.837      0.000      0.000    0.00000    0.07816          -86.49190      266.09195         1.060e+00 
  3325.833           1.451     -9.441    -71.291            0.027        19725.323      0.837      0.000      0.000    0.00000    0.07803          -86.54666      266.00859         1.063e+00 
  3326.833           1.425     -9.441    -71.291            0.026        19725.325      0.837      0.000      0.000    0.00000    0.07791          -86.60161      265.92242         1.066e+00 
  3327.833           1.398     -9.441    -71.291            0.026        19725.326      0.837      0.000      0.000    0.00000    0.07778          -86.65672      265.83327         1.068e+00 
  3328.833           1.372     -9.441    -71.291            0.026        19725.328      0.837      0.000      0.000    0.00000    0.07766          -86.71205      265.74099         1.071e+00 
  3329.833           1.346     -9.441    -71.291            0.026        19725.329      0.837      0.000      0.000    0.00000    0.07753          -86.76763      265.64540         1.074e+00 
  3330.833           1.319     -9.441    -71.291            0.026        19725.331      0.837      0.000      0.000    0.00000    0.07741          -86.82340      265.54632         1.077e+00 
  3331.833           1.293     -9.441    -71.291            0.026        19725.332      0.837      0.000      0.000    0.00000    0.07728          -86.87934      265.44353         1.080e+00 
  3332.833           1.267     -9.441    -71.291            0.026        19725.334      0.837      0.000      0.000    0.00000    0.07716          -86.93554      265.33682         1.082e+00 
  3333.833           1.241     -9.441    -71.291            0.026        19725.335      0.837      0.000      0.000    0.00000    0.07704          -86.99198      265.22594         1.085e+00 
  3334.833           1.215     -9.441    -71.291            0.026        19725.336      0.837      0.000      0.000    0.00000    0.07691          -87.04861      265.11063         1.088e+00 
  3335.833           1.189     -9.441    -71.291            0.026        19725.338      0.837      0.000      0.000    0.00000    0.07679          -87.10542      264.99062         1.091e+00 
  3336.833           1.162     -9.441    -71.291            0.026        19725.339      0.837      0.000      0.000    0.00000    0.07667          -87.16252      264.86557         1.094e+00 
  3337.833           1.136     -9.441    -71.291            0.026        19725.340      0.837      0.000      0.000    0.00000    0.07655          -87.21986      264.73516         1.096e+00 
  3338.833           1.110     -9.441    -71.291            0.026        19725.342      0.837      0.000      0.000    0.00000    0.07643          -87.27740      264.59903         1.099e+00 
  3339.833           1.085     -9.441    -71.291            0.026        19725.343      0.837      0.000      0.000    0.00000    0.07631          -87.33513      264.45678         1.102e+00 
  3340.833           1.059     -9.441    -71.291            0.026        19725.344      0.837      0.000      0.000    0.00000    0.07619          -87.39317      264.30792         1.105e+00 
  3341.833           1.033     -9.441    -71.291            0.026        19725.345      0.837      0.000      0.000    0.00000    0.07607          -87.45145      264.15199         1.108e+00 
  3342.833           1.007     -9.441    -71.291            0.026        19725.346      0.837      0.000      0.000    0.00000    0.07595          -87.50992      263.98846         1.111e+00 
  3343.833           0.981     -9.441    -71.291            0.026        19725.347      0.837      0.000      0.000    0.00000    0.07583          -87.56861      263.81675         1.113e+00 
  3344.833           0.955     -9.442    -71.291            0.026        19725.348      0.837      0.000      0.000    0.00000    0.07571          -87.62762      263.63612         1.116e+00 
  3345.833           0.930     -9.442    -71.291            0.026        19725.349      0.837      0.000      0.000    0.00000    0.07559          -87.68687      263.44587         1.119e+00 
  3346.833           0.904     -9.442    -71.291            0.026        19725.351      0.837      0.000      0.000    0.00000    0.07547          -87.74630      263.24524         1.122e+00 
  3347.833           0.878     -9.442    -71.291            0.026        19725.352      0.837      0.000      0.000    0.00000    0.07536          -87.80598      263.03328         1.125e+00 
  3348.833           0.853     -9.442    -71.291            0.026        19725.352      0.837      0.000      0.000    0.00000    0.07524          -87.86597      262.80887         1.127e+00 
  3349.833           0.827     -9.442    -71.291            0.026        19725.353      0.837      0.000      0.000    0.00000    0.07513          -87.92621      262.57093         1.130e+00 
  3350.833           0.802     -9.442    -71.291            0.026        19725.354      0.837      0.000      0.000    0.00000    0.07501          -87.98662      262.31823         1.133e+00 
  3351.833           0.776     -9.442    -71.291            0.025        19725.355      0.837      0.000      0.000    0.00000    0.07489          -88.04728      262.04922         1.136e+00 
  3352.833           0.751     -9.442    -71.291            0.025        19725.356      0.837      0.000      0.000    0.00000    0.07478          -88.10827      261.76209         1.139e+00 
  3353.833           0.725     -9.442    -71.291            0.025        19725.357      0.837      0.000      0.000    0.00000    0.07466          -88.16948      261.45505         1.142e+00 
  3354.833           0.700     -9.442    -71.291            0.025        19725.358      0.837      0.000      0.000    0.00000    0.07455          -88.23086      261.12603         1.144e+00 
  3355.833           0.675     -9.442    -71.291            0.025        19725.358      0.837      0.000      0.000    0.00000    0.07444          -88.29250      260.77231         1.147e+00 
  3356.833           0.650     -9.442    -71.291            0.025        19725.359      0.837      0.000      0.000    0.00000    0.07432          -88.35444      260.39081         1.150e+00 
  3357.833           0.624     -9.442    -71.291            0.025        19725.360      0.837      0.000      0.000    0.00000    0.07421          -88.41659      259.97828         1.153e+00 
  3358.833           0.599     -9.442    -71.291            0.025        19725.361      0.837      0.000      0.000    0.00000    0.07410          -88.47888      259.53098         1.156e+00 
  3359.833           0.574     -9.442    -71.291            0.025        19725.361      0.837      0.000      0.000    0.00000    0.07399          -88.54141      259.04382         1.159e+00 
  3360.833           0.549     -9.442    -71.291            0.025        19725.362      0.837      0.000      0.000    0.00000    0.07388          -88.60421      258.51097         1.161e+00 
  3361.833           0.524     -9.442    -71.291            0.025        19725.362      0.837      0.000      0.000    0.00000    0.07376          -88.66717      257.92608         1.164e+00 
  3362.833           0.499     -9.442    -71.291            0.025        19725.363      0.837      0.000      0.000    0.00000    0.07365          -88.73021      257.28154         1.167e+00 
  3363.833           0.474     -9.442    -71.291            0.025        19725.364      0.837      0.000      0.000    0.00000    0.07354          -88.79344      256.56688         1.170e+00 
  3364.833           0.449     -9.442    -71.291            0.025        19725.364      0.837      0.000      0.000    0.00000    0.07343          -88.85686      255.76975         1.173e+00 
  3365.833           0.424     -9.442    -71.291            0.025        19725.365      0.837      0.000      0.000    0.00000    0.07332          -88.92033      254.87596         1.176e+00 
  3366.833           0.399     -9.442    -71.291            0.025        19725.365      0.837      0.000      0.000    0.00000    0.07321          -88.98373      253.86782         1.178e+00 
  3367.833           0.374     -9.442    -71.291            0.025        19725.365      0.837      0.000      0.000    0.00000    0.07311          -89.04716      252.72070         1.181e+00 
  3368.833           0.349     -9.442    -71.291            0.025        19725.366      0.837      0.000      0.000    0.00000    0.07300          -89.11055      251.40381         1.184e+00 
  3369.833           0.324     -9.442    -71.291            0.025        19725.366      0.837      0.000      0.000    0.00000    0.07289          -89.17371      249.87957         1.187e+00 
  3370.833           0.300     -9.442    -71.291            0.025        19725.367      0.837      0.000      0.000    0.00000    0.07278          -89.23642      248.09866         1.190e+00 
  3371.833           0.275     -9.442    -71.291            0.025        19725.367      0.837      0.000      0.000    0.00000    0.07267          -89.29863      245.99080         1.193e+00 
  3372.833           0.250     -9.442    -71.291            0.025        19725.367      0.837      0.000      0.000    0.00000    0.07257          -89.36012      243.46180         1.195e+00 
  3373.833           0.226     -9.442    -71.291            0.025        19725.367      0.837      0.000      0.000    0.00000    0.07246          -89.42039      240.38840         1.198e+00 
  3374.833           0.201     -9.442    -71.291            0.025        19725.368      0.837      0.000      0.000    0.00000    0.07235          -89.47884      236.60150         1.201e+00 
  3375.833           0.176     -9.442    -71.291            0.025        19725.368      0.837      0.000      0.000    0.00000    0.07225          -89.53477      231.85853         1.204e+00 
  3376.833           0.152     -9.442    -71.291            0.025        19725.368      0.837      0.000      0.000    0.00000    0.07214          -89.58702      225.83279         1.207e+00 
  3377.833           0.127     -9.442    -71.291            0.024        19725.368      0.837      0.000      0.000    0.00000    0.07204          -89.63367      218.13604         1.210e+00 
  3378.833           0.103     -9.442    -71.291            0.024        19725.368      0.837      0.000      0.000    0.00000    0.07193          -89.67204      208.39121         1.213e+00 
  3379.833           0.078     -9.442    -71.291            0.024        19725.369      0.837      0.000      0.000    0.00000    0.07183          -89.69881      196.44951         1.215e+00 
  3380.833           0.054     -9.442    -71.291            0.024        19725.369      0.837      0.000      0.000    0.00000    0.07172          -89.71049      182.79929         1.218e+00 
  3381.833           0.030     -9.442    -71.291            0.024        19725.369      0.837      0.000      0.000    0.00000    0.07162          -89.70492      168.78739         1.221e+00 
  3382.833           0.005     -9.442    -71.291            0.024        19725.369      0.837      0.000      0.000    0.00000    0.07152          -89.68280      155.96853         1.224e+00 
  3383.833           0.000     -9.442    -71.291            0.024        19725.369      0.837      0.000      0.000    0.00000    0.07143          -89.65162      146.31604         1.225e+00 
