#_______________________________________________________________________________
#    ######   ####     ##             #####   #####     ##    #    #    ## 
#    #       #        #  #            #    #  #    #   #  #   ##  ##   #  #
#    #####    ####   ######           #    #  #####   ######  # ## #  ######
#    #            #  #    #           #    #  #    #  #    #  #    #  #    #
#____######__#####___#____#___________#####___#____#__#____#__#____#__#____#____
#
#              ESA Debris Risk Assessment and Mitigation Analysis
#
#                      ---- DRAMA ( SESAM 2.1.5 ) ----
#                                      ESA 2018
#
#                              aerothermal history file
#-------------------------------------------------------------------------------
# Filename      : sara.TCU-internal.3831342f-7250-40c5-994b-3f3064440376_AeroThermalHistory.txt
# RunID         : sara
# ObjectID      : 3831342f-7250-40c5-994b-3f3064440376
# ObjectName    : TCU-internal
# ReferenceArea : 0.088 [m^2]
# Content       : This file contains the aerothermal data of the object,
#                 computed by the DRAMA 3 Re-entry Analysis.
# Documentation : DRAMA Software User Manual, section OPERATIONS MANUAL / Normal operation / SARA / SARA Simulation Output / Re-entry simulation output
# Note          : The convective heat and the integrated heat values in this file take into account the visibility factor
#
#-------------------------------------------------------------------------------------------------------------------------------------------------------------------
#  Time [s]  Altitude [km]   Temp [K]   Mass [kg]   Thick [mm]  Convective Heat [W]  Radiative Heat [W]  Oxidation Heat [W]  Integrated Heat [J] VisibilityFactor [-]
#-------------------------------------------------------------------------------------------------------------------------------------------------------------------
  2735.750          59.687    300.000       9.570       4.544           185943.696               0.000               0.000                0.000   1.00000 
  2735.850          59.664    302.452       9.570       4.544           185433.935               0.000               0.000            18543.394   1.00000 
  2736.300          59.559    313.344       9.570       4.544           183074.673               0.000               0.000           100926.996   1.00000 
  2737.300          59.326    336.838       9.570       4.544           177712.240               0.000               0.000           278639.236   1.00000 
  2738.300          59.090    359.572       9.570       4.544           172028.234               0.000               0.000           450667.470   1.00000 
  2739.300          58.853    381.558       9.570       4.544           166425.188               0.000               0.000           617092.658   1.00000 
  2740.300          58.615    402.803       9.570       4.544           160906.898               0.000               0.000           777999.556   1.00000 
  2741.300          58.375    423.320       9.570       4.544           155477.111               0.000               0.000           933476.667   1.00000 
  2742.300          58.134    443.118       9.570       4.544           150138.709               0.000               0.000          1083615.376   1.00000 
  2743.300          57.890    462.209       9.570       4.544           144894.922               0.000               0.000          1228510.298   1.00000 
  2744.300          57.645    480.604       9.570       4.544           139748.244               0.000               0.000          1368258.541   1.00000 
  2745.300          57.399    498.314       9.570       4.544           134701.100               0.000               0.000          1502959.642   1.00000 
  2746.300          57.150    515.353       9.570       4.544           129755.677               0.000               0.000          1632715.319   1.00000 
  2747.300          56.900    531.732       9.570       4.544           124913.746               0.000               0.000          1757629.065   1.00000 
  2748.300          56.648    547.464       9.570       4.544           120177.093               0.000               0.000          1877806.158   1.00000 
  2749.300          56.394    562.562       9.570       4.544           115547.058               0.000               0.000          1993353.216   1.00000 
  2750.300          56.138    577.040       9.570       4.544           111024.894               0.000               0.000          2104378.110   1.00000 
  2751.300          55.880    590.912       9.570       4.544           106611.647               0.000               0.000          2210989.757   1.00000 
  2752.300          55.621    604.190       9.570       4.544           102308.010               0.000               0.000          2313297.767   1.00000 
  2753.300          55.359    616.889       9.570       4.544            98114.780               0.000               0.000          2411412.547   1.00000 
  2754.300          55.095    629.023       9.570       4.544            94032.200               0.000               0.000          2505444.747   1.00000 
  2755.300          54.830    640.607       9.570       4.544            90060.664               0.000               0.000          2595505.411   1.00000 
  2756.300          54.563    646.000       8.698       4.119            86200.232               0.000               0.000          2681705.643   1.00000 
  2757.300          54.294    646.000       7.080       3.338            82013.792               0.000               0.000          2763719.435   1.00000 
  2758.300          54.024    646.000       5.568       2.614            76884.070               0.000               0.000          2840603.505   1.00000 
  2759.300          53.755    646.000       4.185       1.957            70509.574               0.000               0.000          2911113.080   1.00000 
  2760.300          53.490    646.000       2.965       1.382            62583.210               0.000               0.000          2973696.290   1.00000 
  2761.300          53.230    646.000       1.944       0.904            52772.479               0.000               0.000          3026468.768   1.00000 
  2762.300          52.981    646.000       1.166       0.541            40886.207               0.000               0.000          3067354.976   1.00000 
  2763.300          52.752    646.000       0.662       0.307            27446.976               0.000               0.000          3094801.952   1.00000 
  2763.823          52.643    646.000       0.487       0.225            19193.073               0.000               0.000          3104843.758   1.00000 
  2764.366          52.540    646.000       0.379       0.176            12464.448               0.000               0.000          3111615.514   1.00000 
  2764.958          52.442    646.000       0.324       0.150             7374.875               0.000               0.000          3115976.372   1.00000 
  2765.549          52.357    646.000       0.305       0.141             4320.580               0.000               0.000          3118531.187   1.00000 
  2766.140          52.281    645.703       0.305       0.141             2642.335               0.000               0.000          3120093.634   1.00000 
  2766.782          52.206    642.798       0.305       0.141             1667.541               0.000               0.000          3121163.836   1.00000 
  2767.534          52.126    637.627       0.305       0.141             1048.750               0.000               0.000          3121951.874   1.00000 
  2768.396          52.041    630.618       0.305       0.141              660.197               0.000               0.000          3122521.434   1.00000 
  2769.391          51.948    622.008       0.305       0.141              415.780               0.000               0.000          3122935.132   1.00000 
  2770.391          51.858    613.348       0.305       0.141              275.327               0.000               0.000          3123210.459   1.00000 
  2771.391          51.769    604.894       0.305       0.141              191.203               0.000               0.000          3123401.662   1.00000 
  2772.391          51.680    596.740       0.305       0.141              138.015               0.000               0.000          3123539.677   1.00000 
  2773.391          51.591    588.921       0.305       0.141              102.870               0.000               0.000          3123642.547   1.00000 
  2774.391          51.500    581.446       0.305       0.141               78.794               0.000               0.000          3123721.340   1.00000 
  2775.391          51.408    574.308       0.305       0.141               61.800               0.000               0.000          3123783.140   1.00000 
  2775.591          51.389    572.952       0.305       0.141               57.696               0.000               0.000          3123794.679   1.00000 
  2775.785          51.371    571.653       0.305       0.141               55.245               0.000               0.000          3123805.354   1.00000 
  2775.977          51.353    570.372       0.305       0.141               52.958               0.000               0.000          3123815.536   1.00000 
  2776.010          51.350    570.154       0.305       0.141               52.353               0.000               0.000          3123817.259   1.00000 
  2776.045          51.346    569.921       0.305       0.141               51.957               0.000               0.000          3123819.096   1.00000 
  2776.055          51.345    569.853       0.305       0.141               25.917               0.000               0.000          3123819.360   1.00000 
  2776.066          51.344    569.782       0.305       0.141               25.891               0.000               0.000          3123819.635   1.00000 
  2776.114          51.340    569.462       0.305       0.141               25.788               0.000               0.000          3123820.870   1.00000 
  2776.329          51.319    568.026       0.305       0.141               25.334               0.000               0.000          3123826.327   1.00000 
  2777.299          51.223    561.623       0.305       0.141               23.453               0.000               0.000          3123849.062   1.00000 
  2778.299          51.118    555.324       0.305       0.141               21.597               0.000               0.000          3123870.660   1.00000 
  2779.299          51.008    549.316       0.305       0.141               19.994               0.000               0.000          3123890.653   1.00000 
  2780.299          50.892    543.577       0.305       0.141               18.610               0.000               0.000          3123909.263   1.00000 
  2781.299          50.771    538.087       0.305       0.141               17.413               0.000               0.000          3123926.677   1.00000 
  2782.299          50.644    532.829       0.305       0.141               16.376               0.000               0.000          3123943.052   1.00000 
  2783.299          50.513    527.787       0.305       0.141               15.475               0.000               0.000          3123958.527   1.00000 
  2784.299          50.377    522.945       0.305       0.141               14.692               0.000               0.000          3123973.220   1.00000 
  2785.299          50.236    518.291       0.305       0.141               14.011               0.000               0.000          3123987.231   1.00000 
  2786.299          50.091    513.813       0.305       0.141               13.417               0.000               0.000          3124000.648   1.00000 
  2787.299          49.941    509.500       0.305       0.141               12.899               0.000               0.000          3124013.546   1.00000 
  2788.299          49.788    505.342       0.305       0.141               12.447               0.000               0.000          3124025.994   1.00000 
  2789.299          49.630    501.329       0.305       0.141               12.054               0.000               0.000          3124038.047   1.00000 
  2790.299          49.469    497.455       0.305       0.141               11.710               0.000               0.000          3124049.757   1.00000 
  2791.299          49.304    493.710       0.305       0.141               11.410               0.000               0.000          3124061.167   1.00000 
  2792.299          49.135    490.087       0.305       0.141               11.147               0.000               0.000          3124072.314   1.00000 
  2793.299          48.963    486.581       0.305       0.141               10.916               0.000               0.000          3124083.230   1.00000 
  2794.299          48.789    483.185       0.305       0.141               10.714               0.000               0.000          3124093.944   1.00000 
  2795.299          48.611    479.893       0.305       0.141               10.535               0.000               0.000          3124104.479   1.00000 
  2796.299          48.431    476.700       0.305       0.141               10.376               0.000               0.000          3124114.854   1.00000 
  2797.299          48.248    473.602       0.305       0.141               10.233               0.000               0.000          3124125.088   1.00000 
  2798.299          48.063    470.593       0.305       0.141               10.104               0.000               0.000          3124135.192   1.00000 
  2799.299          47.876    467.670       0.305       0.141                9.987               0.000               0.000          3124145.178   1.00000 
  2800.299          47.687    464.828       0.305       0.141                9.877               0.000               0.000          3124155.056   1.00000 
  2801.299          47.496    462.064       0.305       0.141                9.775               0.000               0.000          3124164.830   1.00000 
  2802.299          47.304    459.374       0.305       0.141                9.678               0.000               0.000          3124174.508   1.00000 
  2803.299          47.111    456.752       0.305       0.141                9.590               0.000               0.000          3124184.098   1.00000 
  2804.299          46.917    454.195       0.305       0.141                9.501               0.000               0.000          3124193.599   1.00000 
  2805.299          46.721    451.701       0.305       0.141                9.411               0.000               0.000          3124203.010   1.00000 
  2806.299          46.526    449.267       0.305       0.141                9.316               0.000               0.000          3124212.327   1.00000 
  2807.299          46.329    446.889       0.305       0.141                9.218               0.000               0.000          3124221.545   1.00000 
  2808.299          46.133    444.567       0.305       0.141                9.115               0.000               0.000          3124230.660   1.00000 
  2809.299          45.936    442.297       0.305       0.141                9.007               0.000               0.000          3124239.667   1.00000 
  2810.299          45.740    440.077       0.305       0.141                8.893               0.000               0.000          3124248.560   1.00000 
  2811.299          45.544    437.906       0.305       0.141                8.774               0.000               0.000          3124257.334   1.00000 
  2812.299          45.348    435.782       0.305       0.141                8.648               0.000               0.000          3124265.982   1.00000 
  2813.299          45.153    433.702       0.305       0.141                8.517               0.000               0.000          3124274.500   1.00000 
  2814.299          44.959    431.666       0.305       0.141                8.381               0.000               0.000          3124282.881   1.00000 
  2815.299          44.766    429.671       0.305       0.141                8.239               0.000               0.000          3124291.120   1.00000 
  2816.299          44.574    427.716       0.305       0.141                8.093               0.000               0.000          3124299.213   1.00000 
  2817.299          44.383    425.800       0.305       0.141                7.942               0.000               0.000          3124307.155   1.00000 
  2818.299          44.193    423.921       0.305       0.141                7.788               0.000               0.000          3124314.943   1.00000 
  2819.299          44.004    422.077       0.305       0.141                7.630               0.000               0.000          3124322.573   1.00000 
  2820.299          43.817    420.269       0.305       0.141                7.470               0.000               0.000          3124330.043   1.00000 
  2821.299          43.631    418.494       0.305       0.141                7.307               0.000               0.000          3124337.350   1.00000 
  2822.299          43.447    416.752       0.305       0.141                7.143               0.000               0.000          3124344.493   1.00000 
  2823.299          43.265    415.041       0.305       0.141                6.978               0.000               0.000          3124351.471   1.00000 
  2824.299          43.085    413.360       0.305       0.141                6.813               0.000               0.000          3124358.284   1.00000 
  2825.299          42.906    411.709       0.305       0.141                6.648               0.000               0.000          3124364.932   1.00000 
  2826.299          42.729    410.086       0.305       0.141                6.483               0.000               0.000          3124371.415   1.00000 
  2827.299          42.553    408.491       0.305       0.141                6.320               0.000               0.000          3124377.735   1.00000 
  2828.299          42.380    406.922       0.305       0.141                6.158               0.000               0.000          3124383.893   1.00000 
  2829.299          42.208    405.380       0.305       0.141                5.998               0.000               0.000          3124389.891   1.00000 
  2830.299          42.039    403.863       0.305       0.141                5.841               0.000               0.000          3124395.732   1.00000 
  2831.299          41.871    402.370       0.305       0.141                5.686               0.000               0.000          3124401.419   1.00000 
  2832.299          41.705    400.902       0.305       0.141                5.535               0.000               0.000          3124406.953   1.00000 
  2833.299          41.541    399.456       0.305       0.141                5.386               0.000               0.000          3124412.339   1.00000 
  2834.299          41.379    398.033       0.305       0.141                5.240               0.000               0.000          3124417.579   1.00000 
  2835.299          41.219    396.632       0.305       0.141                5.099               0.000               0.000          3124422.678   1.00000 
  2836.299          41.061    395.253       0.305       0.141                4.960               0.000               0.000          3124427.638   1.00000 
  2837.299          40.904    393.894       0.305       0.141                4.826               0.000               0.000          3124432.464   1.00000 
  2838.299          40.750    392.555       0.305       0.141                4.695               0.000               0.000          3124437.159   1.00000 
  2839.299          40.597    391.236       0.305       0.141                4.568               0.000               0.000          3124441.726   1.00000 
  2840.299          40.446    389.936       0.305       0.141                4.444               0.000               0.000          3124446.171   1.00000 
  2841.299          40.296    388.655       0.305       0.141                4.325               0.000               0.000          3124450.496   1.00000 
  2842.299          40.149    387.393       0.305       0.141                4.209               0.000               0.000          3124454.705   1.00000 
  2843.299          40.003    386.148       0.305       0.141                4.097               0.000               0.000          3124458.802   1.00000 
  2844.299          39.859    384.920       0.305       0.141                3.989               0.000               0.000          3124462.791   1.00000 
  2845.299          39.716    383.710       0.305       0.141                3.884               0.000               0.000          3124466.674   1.00000 
  2846.299          39.575    382.516       0.305       0.141                3.782               0.000               0.000          3124470.457   1.00000 
  2847.299          39.436    381.338       0.305       0.141                3.685               0.000               0.000          3124474.141   1.00000 
  2848.299          39.298    380.177       0.305       0.141                3.590               0.000               0.000          3124477.731   1.00000 
  2849.299          39.162    379.030       0.305       0.141                3.499               0.000               0.000          3124481.230   1.00000 
  2850.299          39.028    377.899       0.305       0.141                3.410               0.000               0.000          3124484.640   1.00000 
  2851.299          38.894    376.783       0.305       0.141                3.325               0.000               0.000          3124487.965   1.00000 
  2852.299          38.763    375.681       0.305       0.141                3.243               0.000               0.000          3124491.208   1.00000 
  2853.299          38.632    374.593       0.305       0.141                3.163               0.000               0.000          3124494.371   1.00000 
  2854.299          38.503    373.519       0.305       0.141                3.087               0.000               0.000          3124497.458   1.00000 
  2855.299          38.376    372.458       0.305       0.141                3.013               0.000               0.000          3124500.471   1.00000 
  2856.299          38.250    371.411       0.305       0.141                2.941               0.000               0.000          3124503.412   1.00000 
  2857.299          38.125    370.377       0.305       0.141                2.872               0.000               0.000          3124506.283   1.00000 
  2858.299          38.001    369.355       0.305       0.141                2.805               0.000               0.000          3124509.088   1.00000 
  2859.299          37.879    368.346       0.305       0.141                2.741               0.000               0.000          3124511.829   1.00000 
  2860.299          37.758    367.349       0.305       0.141                2.678               0.000               0.000          3124514.507   1.00000 
  2861.299          37.638    366.363       0.305       0.141                2.618               0.000               0.000          3124517.125   1.00000 
  2862.299          37.519    365.390       0.305       0.141                2.560               0.000               0.000          3124519.685   1.00000 
  2863.299          37.402    364.428       0.305       0.141                2.503               0.000               0.000          3124522.188   1.00000 
  2864.299          37.285    363.477       0.305       0.141                2.449               0.000               0.000          3124524.636   1.00000 
  2865.299          37.170    362.537       0.305       0.141                2.396               0.000               0.000          3124527.032   1.00000 
  2866.299          37.056    361.608       0.305       0.141                2.345               0.000               0.000          3124529.376   1.00000 
  2867.299          36.943    360.690       0.305       0.141                2.295               0.000               0.000          3124531.671   1.00000 
  2868.299          36.831    359.781       0.305       0.141                2.247               0.000               0.000          3124533.919   1.00000 
  2869.299          36.720    358.883       0.305       0.141                2.201               0.000               0.000          3124536.119   1.00000 
  2870.299          36.610    357.995       0.305       0.141                2.156               0.000               0.000          3124538.275   1.00000 
  2871.299          36.501    357.117       0.305       0.141                2.112               0.000               0.000          3124540.386   1.00000 
  2872.299          36.393    356.248       0.305       0.141                2.069               0.000               0.000          3124542.456   1.00000 
  2873.299          36.285    355.389       0.305       0.141                2.028               0.000               0.000          3124544.484   1.00000 
  2874.299          36.179    354.539       0.305       0.141                1.988               0.000               0.000          3124546.473   1.00000 
  2875.299          36.074    353.698       0.305       0.141                1.950               0.000               0.000          3124548.423   1.00000 
  2876.299          35.970    352.866       0.305       0.141                1.912               0.000               0.000          3124550.335   1.00000 
  2877.299          35.867    352.043       0.305       0.141                1.876               0.000               0.000          3124552.210   1.00000 
  2878.299          35.764    351.228       0.305       0.141                1.840               0.000               0.000          3124554.050   1.00000 
  2879.299          35.662    350.422       0.305       0.141                1.806               0.000               0.000          3124555.856   1.00000 
  2880.299          35.562    349.624       0.305       0.141                1.772               0.000               0.000          3124557.628   1.00000 
  2881.299          35.462    348.834       0.305       0.141                1.739               0.000               0.000          3124559.367   1.00000 
  2882.299          35.363    348.052       0.305       0.141                1.708               0.000               0.000          3124561.075   1.00000 
  2883.299          35.264    347.278       0.305       0.141                1.677               0.000               0.000          3124562.752   1.00000 
  2884.299          35.167    346.512       0.305       0.141                1.647               0.000               0.000          3124564.399   1.00000 
  2885.299          35.070    345.753       0.305       0.141                1.618               0.000               0.000          3124566.016   1.00000 
  2886.299          34.974    345.002       0.305       0.141                1.589               0.000               0.000          3124567.605   1.00000 
  2887.299          34.879    344.258       0.305       0.141                1.561               0.000               0.000          3124569.167   1.00000 
  2888.299          34.785    343.522       0.305       0.141                1.534               0.000               0.000          3124570.701   1.00000 
  2889.299          34.691    342.792       0.305       0.141                1.508               0.000               0.000          3124572.209   1.00000 
  2890.299          34.598    342.070       0.305       0.141                1.482               0.000               0.000          3124573.691   1.00000 
  2891.299          34.506    341.354       0.305       0.141                1.457               0.000               0.000          3124575.148   1.00000 
  2892.299          34.414    340.645       0.305       0.141                1.433               0.000               0.000          3124576.581   1.00000 
  2893.299          34.323    339.943       0.305       0.141                1.409               0.000               0.000          3124577.990   1.00000 
  2894.299          34.233    339.247       0.305       0.141                1.386               0.000               0.000          3124579.376   1.00000 
  2895.299          34.143    338.558       0.305       0.141                1.363               0.000               0.000          3124580.739   1.00000 
  2896.299          34.054    337.875       0.305       0.141                1.341               0.000               0.000          3124582.080   1.00000 
  2897.299          33.966    337.198       0.305       0.141                1.319               0.000               0.000          3124583.399   1.00000 
  2898.299          33.879    336.528       0.305       0.141                1.298               0.000               0.000          3124584.697   1.00000 
  2899.299          33.792    335.863       0.305       0.141                1.278               0.000               0.000          3124585.975   1.00000 
  2900.299          33.705    335.204       0.305       0.141                1.257               0.000               0.000          3124587.232   1.00000 
  2901.299          33.619    334.552       0.305       0.141                1.238               0.000               0.000          3124588.470   1.00000 
  2902.299          33.534    333.905       0.305       0.141                1.219               0.000               0.000          3124589.688   1.00000 
  2903.299          33.450    333.263       0.305       0.141                1.200               0.000               0.000          3124590.888   1.00000 
  2904.299          33.366    332.628       0.305       0.141                1.181               0.000               0.000          3124592.069   1.00000 
  2905.299          33.282    331.998       0.305       0.141                1.163               0.000               0.000          3124593.233   1.00000 
  2906.299          33.200    331.373       0.305       0.141                1.146               0.000               0.000          3124594.379   1.00000 
  2907.299          33.117    330.753       0.305       0.141                1.129               0.000               0.000          3124595.507   1.00000 
  2908.299          33.036    330.139       0.305       0.141                1.112               0.000               0.000          3124596.619   1.00000 
  2909.299          32.955    329.530       0.305       0.141                1.095               0.000               0.000          3124597.715   1.00000 
  2910.299          32.874    328.927       0.305       0.141                1.079               0.000               0.000          3124598.794   1.00000 
  2911.299          32.794    328.328       0.305       0.141                1.064               0.000               0.000          3124599.857   1.00000 
  2912.299          32.715    327.734       0.305       0.141                1.048               0.000               0.000          3124600.906   1.00000 
  2913.299          32.636    327.145       0.305       0.141                1.033               0.000               0.000          3124601.939   1.00000 
  2914.299          32.557    326.561       0.305       0.141                1.018               0.000               0.000          3124602.957   1.00000 
  2915.299          32.479    325.982       0.305       0.141                1.004               0.000               0.000          3124603.961   1.00000 
  2916.299          32.402    325.407       0.305       0.141                0.990               0.000               0.000          3124604.950   1.00000 
  2917.299          32.325    324.837       0.305       0.141                0.976               0.000               0.000          3124605.926   1.00000 
  2918.299          32.248    324.272       0.305       0.141                0.962               0.000               0.000          3124606.888   1.00000 
  2919.299          32.172    323.711       0.305       0.141                0.949               0.000               0.000          3124607.837   1.00000 
  2920.299          32.097    323.155       0.305       0.141                0.936               0.000               0.000          3124608.772   1.00000 
  2921.299          32.022    322.604       0.305       0.141                0.923               0.000               0.000          3124609.695   1.00000 
  2922.299          31.947    322.057       0.305       0.141                0.910               0.000               0.000          3124610.605   1.00000 
  2923.299          31.873    321.515       0.305       0.141                0.898               0.000               0.000          3124611.503   1.00000 
  2924.299          31.799    320.978       0.305       0.141                0.886               0.000               0.000          3124612.390   1.00000 
  2925.299          31.726    320.445       0.305       0.141                0.875               0.000               0.000          3124613.265   1.00000 
  2926.299          31.653    319.917       0.305       0.141                0.864               0.000               0.000          3124614.129   1.00000 
  2927.299          31.581    319.393       0.305       0.141                0.853               0.000               0.000          3124614.981   1.00000 
  2928.299          31.509    318.874       0.305       0.141                0.842               0.000               0.000          3124615.823   1.00000 
  2929.299          31.437    318.359       0.305       0.141                0.832               0.000               0.000          3124616.655   1.00000 
  2930.299          31.366    317.848       0.305       0.141                0.821               0.000               0.000          3124617.476   1.00000 
  2931.299          31.295    317.341       0.305       0.141                0.811               0.000               0.000          3124618.287   1.00000 
  2932.299          31.224    316.839       0.305       0.141                0.801               0.000               0.000          3124619.089   1.00000 
  2933.299          31.154    316.341       0.305       0.141                0.792               0.000               0.000          3124619.880   1.00000 
  2934.299          31.085    315.846       0.305       0.141                0.782               0.000               0.000          3124620.662   1.00000 
  2935.299          31.016    315.356       0.305       0.141                0.773               0.000               0.000          3124621.435   1.00000 
  2936.299          30.947    314.869       0.305       0.141                0.763               0.000               0.000          3124622.198   1.00000 
  2937.299          30.878    314.387       0.305       0.141                0.754               0.000               0.000          3124622.953   1.00000 
  2938.299          30.810    313.908       0.305       0.141                0.746               0.000               0.000          3124623.698   1.00000 
  2939.299          30.742    313.433       0.305       0.141                0.737               0.000               0.000          3124624.435   1.00000 
  2940.299          30.675    312.962       0.305       0.141                0.728               0.000               0.000          3124625.164   1.00000 
  2941.299          30.608    312.494       0.305       0.141                0.720               0.000               0.000          3124625.883   1.00000 
  2942.299          30.541    312.030       0.305       0.141                0.712               0.000               0.000          3124626.595   1.00000 
  2943.299          30.475    311.570       0.305       0.141                0.703               0.000               0.000          3124627.298   1.00000 
  2944.299          30.409    311.113       0.305       0.141                0.695               0.000               0.000          3124627.994   1.00000 
  2945.299          30.343    310.660       0.305       0.141                0.688               0.000               0.000          3124628.682   1.00000 
  2946.299          30.278    310.210       0.305       0.141                0.680               0.000               0.000          3124629.361   1.00000 
  2947.299          30.213    309.764       0.305       0.141                0.672               0.000               0.000          3124630.034   1.00000 
  2948.299          30.148    309.321       0.305       0.141                0.665               0.000               0.000          3124630.698   1.00000 
  2949.299          30.084    308.881       0.305       0.141                0.657               0.000               0.000          3124631.356   1.00000 
  2950.299          30.020    308.445       0.305       0.141                0.650               0.000               0.000          3124632.006   1.00000 
  2951.299          29.956    308.011       0.305       0.141                0.643               0.000               0.000          3124632.649   1.00000 
  2952.299          29.893    307.581       0.305       0.141                0.636               0.000               0.000          3124633.285   1.00000 
  2953.299          29.830    307.155       0.305       0.141                0.629               0.000               0.000          3124633.914   1.00000 
  2954.299          29.767    306.731       0.305       0.141                0.622               0.000               0.000          3124634.537   1.00000 
  2955.299          29.704    306.311       0.305       0.141                0.616               0.000               0.000          3124635.152   1.00000 
  2956.299          29.642    305.893       0.305       0.141                0.609               0.000               0.000          3124635.762   1.00000 
  2957.299          29.580    305.479       0.305       0.141                0.603               0.000               0.000          3124636.364   1.00000 
  2958.299          29.519    305.067       0.305       0.141                0.596               0.000               0.000          3124636.960   1.00000 
  2959.299          29.458    304.659       0.305       0.141                0.590               0.000               0.000          3124637.550   1.00000 
  2960.299          29.397    304.253       0.305       0.141                0.584               0.000               0.000          3124638.134   1.00000 
  2961.299          29.336    303.851       0.305       0.141                0.578               0.000               0.000          3124638.712   1.00000 
  2962.299          29.276    303.451       0.305       0.141                0.572               0.000               0.000          3124639.284   1.00000 
  2963.299          29.216    303.054       0.305       0.141                0.566               0.000               0.000          3124639.850   1.00000 
  2964.299          29.156    302.660       0.305       0.141                0.560               0.000               0.000          3124640.410   1.00000 
  2965.299          29.096    302.269       0.305       0.141                0.554               0.000               0.000          3124640.964   1.00000 
  2966.299          29.037    301.880       0.305       0.141                0.549               0.000               0.000          3124641.513   1.00000 
  2967.299          28.978    301.494       0.305       0.141                0.543               0.000               0.000          3124642.056   1.00000 
  2968.299          28.919    301.111       0.305       0.141                0.538               0.000               0.000          3124642.593   1.00000 
  2969.299          28.861    300.730       0.305       0.141                0.532               0.000               0.000          3124643.126   1.00000 
  2970.299          28.803    300.352       0.305       0.141                0.527               0.000               0.000          3124643.653   1.00000 
  2971.299          28.745    299.977       0.305       0.141                0.522               0.000               0.000          3124644.174   1.00000 
  2972.299          28.687    299.604       0.305       0.141                0.517               0.000               0.000          3124644.691   1.00000 
  2973.299          28.630    299.234       0.305       0.141                0.511               0.000               0.000          3124645.202   1.00000 
  2974.299          28.573    298.866       0.305       0.141                0.506               0.000               0.000          3124645.709   1.00000 
  2975.299          28.516    298.500       0.305       0.141                0.502               0.000               0.000          3124646.210   1.00000 
  2976.299          28.459    298.137       0.305       0.141                0.497               0.000               0.000          3124646.707   1.00000 
  2977.299          28.403    297.777       0.305       0.141                0.492               0.000               0.000          3124647.199   1.00000 
  2978.299          28.347    297.419       0.305       0.141                0.487               0.000               0.000          3124647.686   1.00000 
  2979.299          28.291    297.063       0.305       0.141                0.482               0.000               0.000          3124648.168   1.00000 
  2980.299          28.235    296.710       0.305       0.141                0.478               0.000               0.000          3124648.646   1.00000 
  2981.299          28.180    296.359       0.305       0.141                0.473               0.000               0.000          3124649.120   1.00000 
  2982.299          28.125    296.010       0.305       0.141                0.469               0.000               0.000          3124649.588   1.00000 
  2983.299          28.070    295.664       0.305       0.141                0.464               0.000               0.000          3124650.053   1.00000 
  2984.299          28.015    295.319       0.305       0.141                0.460               0.000               0.000          3124650.513   1.00000 
  2985.299          27.961    294.977       0.305       0.141                0.456               0.000               0.000          3124650.969   1.00000 
  2986.299          27.907    294.638       0.305       0.141                0.452               0.000               0.000          3124651.420   1.00000 
  2987.299          27.853    294.300       0.305       0.141                0.447               0.000               0.000          3124651.867   1.00000 
  2988.299          27.799    293.965       0.305       0.141                0.443               0.000               0.000          3124652.311   1.00000 
  2989.299          27.746    293.631       0.305       0.141                0.439               0.000               0.000          3124652.750   1.00000 
  2990.299          27.692    293.300       0.305       0.141                0.435               0.000               0.000          3124653.185   1.00000 
  2991.299          27.639    292.971       0.305       0.141                0.431               0.000               0.000          3124653.616   1.00000 
  2992.299          27.586    292.644       0.305       0.141                0.427               0.000               0.000          3124654.043   1.00000 
  2993.299          27.534    292.319       0.305       0.141                0.423               0.000               0.000          3124654.467   1.00000 
  2994.299          27.481    291.996       0.305       0.141                0.420               0.000               0.000          3124654.886   1.00000 
  2995.299          27.429    291.675       0.305       0.141                0.416               0.000               0.000          3124655.302   1.00000 
  2996.299          27.377    291.356       0.305       0.141                0.412               0.000               0.000          3124655.714   1.00000 
  2997.299          27.325    291.039       0.305       0.141                0.408               0.000               0.000          3124656.123   1.00000 
  2998.299          27.274    290.724       0.305       0.141                0.405               0.000               0.000          3124656.528   1.00000 
  2999.299          27.222    290.411       0.305       0.141                0.401               0.000               0.000          3124656.929   1.00000 
  3000.299          27.171    290.100       0.305       0.141                0.398               0.000               0.000          3124657.327   1.00000 
  3001.299          27.120    289.791       0.305       0.141                0.394               0.000               0.000          3124657.721   1.00000 
  3002.299          27.070    289.483       0.305       0.141                0.391               0.000               0.000          3124658.112   1.00000 
  3003.299          27.019    289.178       0.305       0.141                0.387               0.000               0.000          3124658.499   1.00000 
  3004.299          26.969    288.874       0.305       0.141                0.384               0.000               0.000          3124658.883   1.00000 
  3005.299          26.919    288.572       0.305       0.141                0.381               0.000               0.000          3124659.264   1.00000 
  3006.299          26.869    288.272       0.305       0.141                0.378               0.000               0.000          3124659.642   1.00000 
  3007.299          26.819    287.974       0.305       0.141                0.374               0.000               0.000          3124660.016   1.00000 
  3008.299          26.769    287.678       0.305       0.141                0.371               0.000               0.000          3124660.387   1.00000 
  3009.299          26.720    287.383       0.305       0.141                0.368               0.000               0.000          3124660.755   1.00000 
  3010.299          26.671    287.090       0.305       0.141                0.365               0.000               0.000          3124661.120   1.00000 
  3011.299          26.622    286.799       0.305       0.141                0.362               0.000               0.000          3124661.482   1.00000 
  3012.299          26.573    286.509       0.305       0.141                0.359               0.000               0.000          3124661.841   1.00000 
  3013.299          26.524    286.221       0.305       0.141                0.356               0.000               0.000          3124662.197   1.00000 
  3014.299          26.476    285.935       0.305       0.141                0.353               0.000               0.000          3124662.549   1.00000 
  3015.299          26.428    285.651       0.305       0.141                0.350               0.000               0.000          3124662.899   1.00000 
  3016.299          26.380    285.368       0.305       0.141                0.347               0.000               0.000          3124663.246   1.00000 
  3017.299          26.332    285.087       0.305       0.141                0.344               0.000               0.000          3124663.591   1.00000 
  3018.299          26.284    284.807       0.305       0.141                0.341               0.000               0.000          3124663.932   1.00000 
  3019.299          26.237    284.529       0.305       0.141                0.339               0.000               0.000          3124664.271   1.00000 
  3020.299          26.189    284.253       0.305       0.141                0.336               0.000               0.000          3124664.606   1.00000 
  3021.299          26.142    283.978       0.305       0.141                0.333               0.000               0.000          3124664.939   1.00000 
  3022.299          26.095    283.705       0.305       0.141                0.330               0.000               0.000          3124665.270   1.00000 
  3023.299          26.048    283.433       0.305       0.141                0.328               0.000               0.000          3124665.598   1.00000 
  3024.299          26.001    283.163       0.305       0.141                0.325               0.000               0.000          3124665.923   1.00000 
  3025.299          25.955    282.894       0.305       0.141                0.323               0.000               0.000          3124666.245   1.00000 
  3026.299          25.909    282.627       0.305       0.141                0.320               0.000               0.000          3124666.565   1.00000 
  3027.299          25.862    282.361       0.305       0.141                0.317               0.000               0.000          3124666.883   1.00000 
  3028.299          25.816    282.097       0.305       0.141                0.315               0.000               0.000          3124667.198   1.00000 
  3029.299          25.771    281.834       0.305       0.141                0.312               0.000               0.000          3124667.510   1.00000 
  3030.299          25.725    281.573       0.305       0.141                0.310               0.000               0.000          3124667.820   1.00000 
  3031.299          25.679    281.313       0.305       0.141                0.308               0.000               0.000          3124668.128   1.00000 
  3032.299          25.634    281.055       0.305       0.141                0.305               0.000               0.000          3124668.433   1.00000 
  3033.299          25.589    280.798       0.305       0.141                0.303               0.000               0.000          3124668.736   1.00000 
  3034.299          25.544    280.542       0.305       0.141                0.300               0.000               0.000          3124669.036   1.00000 
  3035.299          25.499    280.288       0.305       0.141                0.298               0.000               0.000          3124669.334   1.00000 
  3036.299          25.454    280.035       0.305       0.141                0.296               0.000               0.000          3124669.630   1.00000 
  3037.299          25.410    279.784       0.305       0.141                0.294               0.000               0.000          3124669.924   1.00000 
  3038.299          25.365    279.534       0.305       0.141                0.291               0.000               0.000          3124670.215   1.00000 
  3039.299          25.321    279.285       0.305       0.141                0.289               0.000               0.000          3124670.504   1.00000 
  3040.299          25.277    279.038       0.305       0.141                0.287               0.000               0.000          3124670.791   1.00000 
  3041.299          25.233    278.791       0.305       0.141                0.285               0.000               0.000          3124671.076   1.00000 
  3042.299          25.189    278.547       0.305       0.141                0.283               0.000               0.000          3124671.359   1.00000 
  3043.299          25.146    278.303       0.305       0.141                0.281               0.000               0.000          3124671.639   1.00000 
  3044.299          25.102    278.061       0.305       0.141                0.278               0.000               0.000          3124671.918   1.00000 
  3045.299          25.059    277.820       0.305       0.141                0.276               0.000               0.000          3124672.194   1.00000 
  3046.299          25.016    277.581       0.305       0.141                0.274               0.000               0.000          3124672.468   1.00000 
  3047.299          24.973    277.342       0.305       0.141                0.272               0.000               0.000          3124672.741   1.00000 
  3048.299          24.930    277.105       0.305       0.141                0.270               0.000               0.000          3124673.011   1.00000 
  3049.299          24.887    276.869       0.305       0.141                0.268               0.000               0.000          3124673.279   1.00000 
  3050.299          24.844    276.635       0.305       0.141                0.266               0.000               0.000          3124673.545   1.00000 
  3051.299          24.802    276.401       0.305       0.141                0.264               0.000               0.000          3124673.810   1.00000 
  3052.299          24.759    276.169       0.305       0.141                0.262               0.000               0.000          3124674.072   1.00000 
  3053.299          24.717    275.938       0.305       0.141                0.261               0.000               0.000          3124674.333   1.00000 
  3054.299          24.675    275.708       0.305       0.141                0.259               0.000               0.000          3124674.591   1.00000 
  3055.299          24.633    275.479       0.305       0.141                0.257               0.000               0.000          3124674.848   1.00000 
  3056.299          24.591    275.252       0.305       0.141                0.255               0.000               0.000          3124675.103   1.00000 
  3057.299          24.550    275.025       0.305       0.141                0.253               0.000               0.000          3124675.356   1.00000 
  3058.299          24.508    274.800       0.305       0.141                0.251               0.000               0.000          3124675.607   1.00000 
  3059.299          24.467    274.576       0.305       0.141                0.249               0.000               0.000          3124675.857   1.00000 
  3060.299          24.425    274.353       0.305       0.141                0.248               0.000               0.000          3124676.105   1.00000 
  3061.299          24.384    274.132       0.305       0.141                0.246               0.000               0.000          3124676.351   1.00000 
  3062.299          24.343    273.911       0.305       0.141                0.244               0.000               0.000          3124676.595   1.00000 
  3063.299          24.302    273.691       0.305       0.141                0.243               0.000               0.000          3124676.837   1.00000 
  3064.299          24.262    273.473       0.305       0.141                0.241               0.000               0.000          3124677.078   1.00000 
  3065.299          24.221    273.256       0.305       0.141                0.239               0.000               0.000          3124677.317   1.00000 
  3066.299          24.181    273.039       0.305       0.141                0.237               0.000               0.000          3124677.555   1.00000 
  3067.299          24.140    272.824       0.305       0.141                0.236               0.000               0.000          3124677.791   1.00000 
  3068.299          24.100    272.610       0.305       0.141                0.234               0.000               0.000          3124678.025   1.00000 
  3069.299          24.060    272.397       0.305       0.141                0.233               0.000               0.000          3124678.257   1.00000 
  3070.299          24.020    272.185       0.305       0.141                0.231               0.000               0.000          3124678.488   1.00000 
  3071.299          23.980    271.974       0.305       0.141                0.229               0.000               0.000          3124678.718   1.00000 
  3072.299          23.940    271.764       0.305       0.141                0.228               0.000               0.000          3124678.945   1.00000 
  3073.299          23.901    271.555       0.305       0.141                0.226               0.000               0.000          3124679.172   1.00000 
  3074.299          23.861    271.347       0.305       0.141                0.225               0.000               0.000          3124679.396   1.00000 
  3075.299          23.822    271.140       0.305       0.141                0.223               0.000               0.000          3124679.619   1.00000 
  3076.299          23.782    270.934       0.305       0.141                0.222               0.000               0.000          3124679.841   1.00000 
  3077.299          23.743    270.729       0.305       0.141                0.220               0.000               0.000          3124680.061   1.00000 
  3078.299          23.704    270.525       0.305       0.141                0.219               0.000               0.000          3124680.280   1.00000 
  3079.299          23.665    270.322       0.305       0.141                0.217               0.000               0.000          3124680.497   1.00000 
  3080.299          23.626    270.120       0.305       0.141                0.216               0.000               0.000          3124680.713   1.00000 
  3081.299          23.588    269.919       0.305       0.141                0.214               0.000               0.000          3124680.927   1.00000 
  3082.299          23.549    269.719       0.305       0.141                0.213               0.000               0.000          3124681.140   1.00000 
  3083.299          23.511    269.520       0.305       0.141                0.211               0.000               0.000          3124681.352   1.00000 
  3084.299          23.472    269.322       0.305       0.141                0.210               0.000               0.000          3124681.562   1.00000 
  3085.299          23.434    269.125       0.305       0.141                0.209               0.000               0.000          3124681.770   1.00000 
  3086.299          23.396    268.928       0.305       0.141                0.207               0.000               0.000          3124681.978   1.00000 
  3087.299          23.358    268.733       0.305       0.141                0.206               0.000               0.000          3124682.184   1.00000 
  3088.299          23.320    268.538       0.305       0.141                0.205               0.000               0.000          3124682.388   1.00000 
  3089.299          23.282    268.345       0.305       0.141                0.203               0.000               0.000          3124682.592   1.00000 
  3090.299          23.245    268.152       0.305       0.141                0.202               0.000               0.000          3124682.793   1.00000 
  3091.299          23.207    267.960       0.305       0.141                0.201               0.000               0.000          3124682.994   1.00000 
  3092.299          23.170    267.770       0.305       0.141                0.199               0.000               0.000          3124683.193   1.00000 
  3093.299          23.132    267.580       0.305       0.141                0.198               0.000               0.000          3124683.392   1.00000 
  3094.299          23.095    267.391       0.305       0.141                0.197               0.000               0.000          3124683.588   1.00000 
  3095.299          23.058    267.202       0.305       0.141                0.196               0.000               0.000          3124683.784   1.00000 
  3096.299          23.021    267.015       0.305       0.141                0.194               0.000               0.000          3124683.978   1.00000 
  3097.299          22.984    266.828       0.305       0.141                0.193               0.000               0.000          3124684.171   1.00000 
  3098.299          22.947    266.643       0.305       0.141                0.192               0.000               0.000          3124684.363   1.00000 
  3099.299          22.910    266.458       0.305       0.141                0.191               0.000               0.000          3124684.554   1.00000 
  3100.299          22.874    266.274       0.305       0.141                0.189               0.000               0.000          3124684.743   1.00000 
  3101.299          22.837    266.091       0.305       0.141                0.188               0.000               0.000          3124684.931   1.00000 
  3102.299          22.801    265.909       0.305       0.141                0.187               0.000               0.000          3124685.118   1.00000 
  3103.299          22.764    265.727       0.305       0.141                0.186               0.000               0.000          3124685.304   1.00000 
  3104.299          22.728    265.546       0.305       0.141                0.185               0.000               0.000          3124685.489   1.00000 
  3105.299          22.692    265.367       0.305       0.141                0.184               0.000               0.000          3124685.672   1.00000 
  3106.299          22.656    265.188       0.305       0.141                0.182               0.000               0.000          3124685.854   1.00000 
  3107.299          22.620    265.009       0.305       0.141                0.181               0.000               0.000          3124686.036   1.00000 
  3108.299          22.584    264.832       0.305       0.141                0.180               0.000               0.000          3124686.216   1.00000 
  3109.299          22.548    264.655       0.305       0.141                0.179               0.000               0.000          3124686.395   1.00000 
  3110.299          22.513    264.479       0.305       0.141                0.178               0.000               0.000          3124686.573   1.00000 
  3111.299          22.477    264.304       0.305       0.141                0.177               0.000               0.000          3124686.749   1.00000 
  3112.299          22.442    264.130       0.305       0.141                0.176               0.000               0.000          3124686.925   1.00000 
  3113.299          22.406    263.956       0.305       0.141                0.175               0.000               0.000          3124687.100   1.00000 
  3114.299          22.371    263.784       0.305       0.141                0.174               0.000               0.000          3124687.273   1.00000 
  3115.299          22.336    263.611       0.305       0.141                0.173               0.000               0.000          3124687.446   1.00000 
  3116.299          22.301    263.440       0.305       0.141                0.171               0.000               0.000          3124687.617   1.00000 
  3117.299          22.266    263.270       0.305       0.141                0.170               0.000               0.000          3124687.788   1.00000 
  3118.299          22.231    263.100       0.305       0.141                0.169               0.000               0.000          3124687.957   1.00000 
  3119.299          22.196    262.931       0.305       0.141                0.168               0.000               0.000          3124688.126   1.00000 
  3120.299          22.161    262.762       0.305       0.141                0.167               0.000               0.000          3124688.293   1.00000 
  3121.299          22.127    262.595       0.305       0.141                0.166               0.000               0.000          3124688.459   1.00000 
  3122.299          22.092    262.428       0.305       0.141                0.165               0.000               0.000          3124688.625   1.00000 
  3123.299          22.058    262.262       0.305       0.141                0.164               0.000               0.000          3124688.789   1.00000 
  3124.299          22.023    262.096       0.305       0.141                0.163               0.000               0.000          3124688.952   1.00000 
  3125.299          21.989    261.932       0.305       0.141                0.162               0.000               0.000          3124689.115   1.00000 
  3126.299          21.955    261.768       0.305       0.141                0.161               0.000               0.000          3124689.276   1.00000 
  3127.299          21.921    261.604       0.305       0.141                0.161               0.000               0.000          3124689.437   1.00000 
  3128.299          21.887    261.442       0.305       0.141                0.160               0.000               0.000          3124689.596   1.00000 
  3129.299          21.853    261.280       0.305       0.141                0.159               0.000               0.000          3124689.755   1.00000 
  3130.299          21.819    261.119       0.305       0.141                0.158               0.000               0.000          3124689.913   1.00000 
  3131.299          21.785    260.958       0.305       0.141                0.157               0.000               0.000          3124690.070   1.00000 
  3132.299          21.752    260.798       0.305       0.141                0.156               0.000               0.000          3124690.225   1.00000 
  3133.299          21.718    260.639       0.305       0.141                0.155               0.000               0.000          3124690.380   1.00000 
  3134.299          21.684    260.480       0.305       0.141                0.154               0.000               0.000          3124690.534   1.00000 
  3135.299          21.651    260.322       0.305       0.141                0.153               0.000               0.000          3124690.688   1.00000 
  3136.299          21.618    260.165       0.305       0.141                0.152               0.000               0.000          3124690.840   1.00000 
  3137.299          21.584    260.009       0.305       0.141                0.151               0.000               0.000          3124690.991   1.00000 
  3138.299          21.551    259.853       0.305       0.141                0.151               0.000               0.000          3124691.142   1.00000 
  3139.299          21.518    259.697       0.305       0.141                0.150               0.000               0.000          3124691.291   1.00000 
  3140.299          21.485    259.543       0.305       0.141                0.149               0.000               0.000          3124691.440   1.00000 
  3141.299          21.452    259.389       0.305       0.141                0.148               0.000               0.000          3124691.588   1.00000 
  3142.299          21.419    259.235       0.305       0.141                0.147               0.000               0.000          3124691.735   1.00000 
  3143.299          21.386    259.083       0.305       0.141                0.146               0.000               0.000          3124691.881   1.00000 
  3144.299          21.354    258.931       0.305       0.141                0.145               0.000               0.000          3124692.027   1.00000 
  3145.299          21.321    258.779       0.305       0.141                0.145               0.000               0.000          3124692.172   1.00000 
  3146.299          21.289    258.628       0.305       0.141                0.144               0.000               0.000          3124692.315   1.00000 
  3147.299          21.256    258.478       0.305       0.141                0.143               0.000               0.000          3124692.458   1.00000 
  3148.299          21.224    258.328       0.305       0.141                0.142               0.000               0.000          3124692.600   1.00000 
  3149.299          21.191    258.179       0.305       0.141                0.141               0.000               0.000          3124692.742   1.00000 
  3150.299          21.159    258.031       0.305       0.141                0.141               0.000               0.000          3124692.882   1.00000 
  3151.299          21.127    257.883       0.305       0.141                0.140               0.000               0.000          3124693.022   1.00000 
  3152.299          21.095    257.736       0.305       0.141                0.139               0.000               0.000          3124693.161   1.00000 
  3153.299          21.063    257.589       0.305       0.141                0.138               0.000               0.000          3124693.299   1.00000 
  3154.299          21.031    257.443       0.305       0.141                0.137               0.000               0.000          3124693.437   1.00000 
  3155.299          20.999    257.298       0.305       0.141                0.137               0.000               0.000          3124693.574   1.00000 
  3156.299          20.967    257.153       0.305       0.141                0.136               0.000               0.000          3124693.710   1.00000 
  3157.299          20.935    257.009       0.305       0.141                0.135               0.000               0.000          3124693.845   1.00000 
  3158.299          20.904    256.865       0.305       0.141                0.134               0.000               0.000          3124693.979   1.00000 
  3159.299          20.872    256.722       0.305       0.141                0.134               0.000               0.000          3124694.113   1.00000 
  3160.299          20.841    256.579       0.305       0.141                0.133               0.000               0.000          3124694.246   1.00000 
  3161.299          20.809    256.437       0.305       0.141                0.132               0.000               0.000          3124694.378   1.00000 
  3162.299          20.778    256.296       0.305       0.141                0.132               0.000               0.000          3124694.510   1.00000 
  3163.299          20.746    256.155       0.305       0.141                0.131               0.000               0.000          3124694.641   1.00000 
  3164.299          20.715    256.014       0.305       0.141                0.130               0.000               0.000          3124694.771   1.00000 
  3165.299          20.684    255.875       0.305       0.141                0.129               0.000               0.000          3124694.900   1.00000 
  3166.299          20.653    255.735       0.305       0.141                0.129               0.000               0.000          3124695.029   1.00000 
  3167.299          20.622    255.597       0.305       0.141                0.128               0.000               0.000          3124695.157   1.00000 
  3168.299          20.591    255.458       0.305       0.141                0.127               0.000               0.000          3124695.284   1.00000 
  3169.299          20.560    255.321       0.305       0.141                0.127               0.000               0.000          3124695.411   1.00000 
  3170.299          20.529    255.184       0.305       0.141                0.126               0.000               0.000          3124695.537   1.00000 
  3171.299          20.498    255.047       0.305       0.141                0.125               0.000               0.000          3124695.662   1.00000 
  3172.299          20.468    254.911       0.305       0.141                0.125               0.000               0.000          3124695.787   1.00000 
  3173.299          20.437    254.776       0.305       0.141                0.124               0.000               0.000          3124695.911   1.00000 
  3174.299          20.406    254.641       0.305       0.141                0.123               0.000               0.000          3124696.034   1.00000 
  3175.299          20.376    254.506       0.305       0.141                0.123               0.000               0.000          3124696.157   1.00000 
  3176.299          20.345    254.372       0.305       0.141                0.122               0.000               0.000          3124696.279   1.00000 
  3177.299          20.315    254.239       0.305       0.141                0.121               0.000               0.000          3124696.400   1.00000 
  3178.299          20.285    254.106       0.305       0.141                0.121               0.000               0.000          3124696.521   1.00000 
  3179.299          20.254    253.973       0.305       0.141                0.120               0.000               0.000          3124696.641   1.00000 
  3180.299          20.224    253.842       0.305       0.141                0.119               0.000               0.000          3124696.760   1.00000 
  3181.299          20.194    253.710       0.305       0.141                0.119               0.000               0.000          3124696.879   1.00000 
  3182.299          20.164    253.579       0.305       0.141                0.118               0.000               0.000          3124696.997   1.00000 
  3183.299          20.134    253.449       0.305       0.141                0.118               0.000               0.000          3124697.115   1.00000 
  3184.299          20.104    253.319       0.305       0.141                0.117               0.000               0.000          3124697.232   1.00000 
  3185.299          20.074    253.189       0.305       0.141                0.116               0.000               0.000          3124697.348   1.00000 
  3186.299          20.044    253.061       0.305       0.141                0.116               0.000               0.000          3124697.464   1.00000 
  3187.299          20.015    252.932       0.305       0.141                0.115               0.000               0.000          3124697.579   1.00000 
  3188.299          19.985    252.804       0.305       0.141                0.115               0.000               0.000          3124697.693   1.00000 
  3189.299          19.955    252.677       0.305       0.141                0.114               0.000               0.000          3124697.807   1.00000 
  3190.299          19.926    252.551       0.305       0.141                0.113               0.000               0.000          3124697.921   1.00000 
  3191.299          19.896    252.424       0.305       0.141                0.113               0.000               0.000          3124698.034   1.00000 
  3192.299          19.867    252.299       0.305       0.141                0.112               0.000               0.000          3124698.146   1.00000 
  3193.299          19.837    252.174       0.305       0.141                0.112               0.000               0.000          3124698.258   1.00000 
  3194.299          19.808    252.049       0.305       0.141                0.111               0.000               0.000          3124698.369   1.00000 
  3195.299          19.779    251.925       0.305       0.141                0.111               0.000               0.000          3124698.479   1.00000 
  3196.299          19.749    251.802       0.305       0.141                0.110               0.000               0.000          3124698.589   1.00000 
  3197.299          19.720    251.679       0.305       0.141                0.110               0.000               0.000          3124698.699   1.00000 
  3198.299          19.691    251.557       0.305       0.141                0.109               0.000               0.000          3124698.808   1.00000 
  3199.299          19.662    251.435       0.305       0.141                0.108               0.000               0.000          3124698.916   1.00000 
  3200.299          19.633    251.314       0.305       0.141                0.108               0.000               0.000          3124699.024   1.00000 
  3201.299          19.604    251.193       0.305       0.141                0.107               0.000               0.000          3124699.132   1.00000 
  3202.299          19.575    251.073       0.305       0.141                0.107               0.000               0.000          3124699.238   1.00000 
  3203.299          19.546    250.953       0.305       0.141                0.106               0.000               0.000          3124699.345   1.00000 
  3204.299          19.517    250.834       0.305       0.141                0.106               0.000               0.000          3124699.451   1.00000 
  3205.299          19.489    250.715       0.305       0.141                0.105               0.000               0.000          3124699.556   1.00000 
  3206.299          19.460    250.597       0.305       0.141                0.105               0.000               0.000          3124699.661   1.00000 
  3207.299          19.431    250.479       0.305       0.141                0.104               0.000               0.000          3124699.765   1.00000 
  3208.299          19.403    250.362       0.305       0.141                0.104               0.000               0.000          3124699.869   1.00000 
  3209.299          19.374    250.245       0.305       0.141                0.103               0.000               0.000          3124699.972   1.00000 
  3210.299          19.346    250.129       0.305       0.141                0.103               0.000               0.000          3124700.075   1.00000 
  3211.299          19.317    250.013       0.305       0.141                0.102               0.000               0.000          3124700.177   1.00000 
  3212.299          19.289    249.898       0.305       0.141                0.102               0.000               0.000          3124700.279   1.00000 
  3213.299          19.260    249.783       0.305       0.141                0.101               0.000               0.000          3124700.380   1.00000 
  3214.299          19.232    249.669       0.305       0.141                0.101               0.000               0.000          3124700.481   1.00000 
  3215.299          19.204    249.555       0.305       0.141                0.100               0.000               0.000          3124700.581   1.00000 
  3216.299          19.176    249.442       0.305       0.141                0.100               0.000               0.000          3124700.681   1.00000 
  3217.299          19.148    249.329       0.305       0.141                0.099               0.000               0.000          3124700.780   1.00000 
  3218.299          19.119    249.217       0.305       0.141                0.099               0.000               0.000          3124700.879   1.00000 
  3219.299          19.091    249.105       0.305       0.141                0.098               0.000               0.000          3124700.978   1.00000 
  3220.299          19.063    248.993       0.305       0.141                0.098               0.000               0.000          3124701.076   1.00000 
  3221.299          19.035    248.882       0.305       0.141                0.098               0.000               0.000          3124701.173   1.00000 
  3222.299          19.008    248.772       0.305       0.141                0.097               0.000               0.000          3124701.270   1.00000 
  3223.299          18.980    248.662       0.305       0.141                0.097               0.000               0.000          3124701.367   1.00000 
  3224.299          18.952    248.552       0.305       0.141                0.096               0.000               0.000          3124701.463   1.00000 
  3225.299          18.924    248.443       0.305       0.141                0.096               0.000               0.000          3124701.559   1.00000 
  3226.299          18.896    248.334       0.305       0.141                0.095               0.000               0.000          3124701.654   1.00000 
  3227.299          18.869    248.226       0.305       0.141                0.095               0.000               0.000          3124701.749   1.00000 
  3228.299          18.841    248.118       0.305       0.141                0.094               0.000               0.000          3124701.843   1.00000 
  3229.299          18.814    248.011       0.305       0.141                0.094               0.000               0.000          3124701.937   1.00000 
  3230.299          18.786    247.904       0.305       0.141                0.093               0.000               0.000          3124702.030   1.00000 
  3231.299          18.759    247.798       0.305       0.141                0.093               0.000               0.000          3124702.123   1.00000 
  3232.299          18.731    247.692       0.305       0.141                0.093               0.000               0.000          3124702.216   1.00000 
  3233.299          18.704    247.586       0.305       0.141                0.092               0.000               0.000          3124702.308   1.00000 
  3234.299          18.676    247.481       0.305       0.141                0.092               0.000               0.000          3124702.400   1.00000 
  3235.299          18.649    247.376       0.305       0.141                0.091               0.000               0.000          3124702.491   1.00000 
  3236.299          18.622    247.272       0.305       0.141                0.091               0.000               0.000          3124702.582   1.00000 
  3237.299          18.595    247.168       0.305       0.141                0.090               0.000               0.000          3124702.673   1.00000 
  3238.299          18.567    247.065       0.305       0.141                0.090               0.000               0.000          3124702.763   1.00000 
  3239.299          18.540    246.962       0.305       0.141                0.090               0.000               0.000          3124702.852   1.00000 
  3240.299          18.513    246.859       0.305       0.141                0.089               0.000               0.000          3124702.942   1.00000 
  3241.299          18.486    246.757       0.305       0.141                0.089               0.000               0.000          3124703.030   1.00000 
  3242.299          18.459    246.655       0.305       0.141                0.088               0.000               0.000          3124703.119   1.00000 
  3243.299          18.432    246.554       0.305       0.141                0.088               0.000               0.000          3124703.207   1.00000 
  3244.299          18.405    246.453       0.305       0.141                0.088               0.000               0.000          3124703.295   1.00000 
  3245.299          18.379    246.353       0.305       0.141                0.087               0.000               0.000          3124703.382   1.00000 
  3246.299          18.352    246.253       0.305       0.141                0.087               0.000               0.000          3124703.469   1.00000 
  3247.299          18.325    246.153       0.305       0.141                0.086               0.000               0.000          3124703.555   1.00000 
  3248.299          18.298    246.054       0.305       0.141                0.086               0.000               0.000          3124703.641   1.00000 
  3249.299          18.272    245.955       0.305       0.141                0.086               0.000               0.000          3124703.727   1.00000 
  3250.299          18.245    245.856       0.305       0.141                0.085               0.000               0.000          3124703.812   1.00000 
  3251.299          18.218    245.758       0.305       0.141                0.085               0.000               0.000          3124703.897   1.00000 
  3252.299          18.192    245.660       0.305       0.141                0.085               0.000               0.000          3124703.982   1.00000 
  3253.299          18.165    245.563       0.305       0.141                0.084               0.000               0.000          3124704.066   1.00000 
  3254.299          18.139    245.466       0.305       0.141                0.084               0.000               0.000          3124704.149   1.00000 
  3255.299          18.112    245.370       0.305       0.141                0.083               0.000               0.000          3124704.233   1.00000 
  3256.299          18.086    245.273       0.305       0.141                0.083               0.000               0.000          3124704.316   1.00000 
  3257.299          18.060    245.178       0.305       0.141                0.083               0.000               0.000          3124704.399   1.00000 
  3258.299          18.033    245.082       0.305       0.141                0.082               0.000               0.000          3124704.481   1.00000 
  3259.299          18.007    244.987       0.305       0.141                0.082               0.000               0.000          3124704.563   1.00000 
  3260.299          17.981    244.893       0.305       0.141                0.082               0.000               0.000          3124704.644   1.00000 
  3261.299          17.955    244.798       0.305       0.141                0.081               0.000               0.000          3124704.726   1.00000 
  3262.299          17.928    244.704       0.305       0.141                0.081               0.000               0.000          3124704.806   1.00000 
  3263.299          17.902    244.611       0.305       0.141                0.080               0.000               0.000          3124704.887   1.00000 
  3264.299          17.876    244.518       0.305       0.141                0.080               0.000               0.000          3124704.967   1.00000 
  3265.299          17.850    244.425       0.305       0.141                0.080               0.000               0.000          3124705.047   1.00000 
  3266.299          17.824    244.333       0.305       0.141                0.079               0.000               0.000          3124705.126   1.00000 
  3267.299          17.798    244.241       0.305       0.141                0.079               0.000               0.000          3124705.205   1.00000 
  3268.299          17.772    244.149       0.305       0.141                0.079               0.000               0.000          3124705.284   1.00000 
  3269.299          17.746    244.058       0.305       0.141                0.078               0.000               0.000          3124705.362   1.00000 
  3270.299          17.721    243.967       0.305       0.141                0.078               0.000               0.000          3124705.440   1.00000 
  3271.299          17.695    243.876       0.305       0.141                0.078               0.000               0.000          3124705.518   1.00000 
  3272.299          17.669    243.786       0.305       0.141                0.077               0.000               0.000          3124705.596   1.00000 
  3273.299          17.643    243.696       0.305       0.141                0.077               0.000               0.000          3124705.673   1.00000 
  3274.299          17.618    243.606       0.305       0.141                0.077               0.000               0.000          3124705.749   1.00000 
  3275.299          17.592    243.517       0.305       0.141                0.076               0.000               0.000          3124705.826   1.00000 
  3276.299          17.566    243.428       0.305       0.141                0.076               0.000               0.000          3124705.902   1.00000 
  3277.299          17.541    243.340       0.305       0.141                0.076               0.000               0.000          3124705.977   1.00000 
  3278.299          17.515    243.252       0.305       0.141                0.075               0.000               0.000          3124706.053   1.00000 
  3279.299          17.490    243.164       0.305       0.141                0.075               0.000               0.000          3124706.128   1.00000 
  3280.299          17.464    243.076       0.305       0.141                0.075               0.000               0.000          3124706.203   1.00000 
  3281.299          17.439    242.989       0.305       0.141                0.074               0.000               0.000          3124706.277   1.00000 
  3282.299          17.413    242.903       0.305       0.141                0.074               0.000               0.000          3124706.351   1.00000 
  3283.299          17.388    242.816       0.305       0.141                0.074               0.000               0.000          3124706.425   1.00000 
  3284.299          17.363    242.730       0.305       0.141                0.073               0.000               0.000          3124706.498   1.00000 
  3285.299          17.337    242.644       0.305       0.141                0.073               0.000               0.000          3124706.571   1.00000 
  3286.299          17.312    242.559       0.305       0.141                0.073               0.000               0.000          3124706.644   1.00000 
  3287.299          17.287    242.474       0.305       0.141                0.073               0.000               0.000          3124706.717   1.00000 
  3288.299          17.262    242.389       0.305       0.141                0.072               0.000               0.000          3124706.789   1.00000 
  3289.299          17.237    242.304       0.305       0.141                0.072               0.000               0.000          3124706.861   1.00000 
  3290.299          17.212    242.220       0.305       0.141                0.072               0.000               0.000          3124706.933   1.00000 
  3291.299          17.187    242.136       0.305       0.141                0.071               0.000               0.000          3124707.004   1.00000 
  3292.299          17.161    242.053       0.305       0.141                0.071               0.000               0.000          3124707.075   1.00000 
  3293.299          17.137    241.970       0.305       0.141                0.071               0.000               0.000          3124707.146   1.00000 
  3294.299          17.112    241.887       0.305       0.141                0.070               0.000               0.000          3124707.216   1.00000 
  3295.299          17.087    241.804       0.305       0.141                0.070               0.000               0.000          3124707.286   1.00000 
  3296.299          17.062    241.722       0.305       0.141                0.070               0.000               0.000          3124707.356   1.00000 
  3297.299          17.037    241.640       0.305       0.141                0.070               0.000               0.000          3124707.426   1.00000 
  3298.299          17.012    241.559       0.305       0.141                0.069               0.000               0.000          3124707.495   1.00000 
  3299.299          16.987    241.477       0.305       0.141                0.069               0.000               0.000          3124707.564   1.00000 
  3300.299          16.962    241.396       0.305       0.141                0.069               0.000               0.000          3124707.632   1.00000 
  3301.299          16.938    241.316       0.305       0.141                0.068               0.000               0.000          3124707.701   1.00000 
  3302.299          16.913    241.235       0.305       0.141                0.068               0.000               0.000          3124707.769   1.00000 
  3303.299          16.888    241.155       0.305       0.141                0.068               0.000               0.000          3124707.837   1.00000 
  3304.299          16.864    241.076       0.305       0.141                0.068               0.000               0.000          3124707.904   1.00000 
  3305.299          16.839    240.996       0.305       0.141                0.067               0.000               0.000          3124707.971   1.00000 
  3306.299          16.815    240.917       0.305       0.141                0.067               0.000               0.000          3124708.038   1.00000 
  3307.299          16.790    240.838       0.305       0.141                0.067               0.000               0.000          3124708.105   1.00000 
  3308.299          16.766    240.760       0.305       0.141                0.066               0.000               0.000          3124708.171   1.00000 
  3309.299          16.741    240.681       0.305       0.141                0.066               0.000               0.000          3124708.238   1.00000 
  3310.299          16.717    240.603       0.305       0.141                0.066               0.000               0.000          3124708.304   1.00000 
  3311.299          16.692    240.526       0.305       0.141                0.066               0.000               0.000          3124708.369   1.00000 
  3312.299          16.668    240.448       0.305       0.141                0.065               0.000               0.000          3124708.434   1.00000 
  3313.299          16.644    240.371       0.305       0.141                0.065               0.000               0.000          3124708.500   1.00000 
  3314.299          16.619    240.295       0.305       0.141                0.065               0.000               0.000          3124708.564   1.00000 
  3315.299          16.595    240.218       0.305       0.141                0.065               0.000               0.000          3124708.629   1.00000 
  3316.299          16.571    240.142       0.305       0.141                0.064               0.000               0.000          3124708.693   1.00000 
  3317.299          16.547    240.066       0.305       0.141                0.064               0.000               0.000          3124708.757   1.00000 
  3318.299          16.523    239.990       0.305       0.141                0.064               0.000               0.000          3124708.821   1.00000 
  3319.299          16.499    239.915       0.305       0.141                0.063               0.000               0.000          3124708.884   1.00000 
  3320.299          16.474    239.840       0.305       0.141                0.063               0.000               0.000          3124708.948   1.00000 
  3321.299          16.450    239.765       0.305       0.141                0.063               0.000               0.000          3124709.011   1.00000 
  3322.299          16.426    239.690       0.305       0.141                0.063               0.000               0.000          3124709.073   1.00000 
  3323.299          16.402    239.616       0.305       0.141                0.062               0.000               0.000          3124709.136   1.00000 
  3324.299          16.378    239.542       0.305       0.141                0.062               0.000               0.000          3124709.198   1.00000 
  3325.299          16.354    239.469       0.305       0.141                0.062               0.000               0.000          3124709.260   1.00000 
  3326.299          16.331    239.395       0.305       0.141                0.062               0.000               0.000          3124709.322   1.00000 
  3327.299          16.307    239.322       0.305       0.141                0.061               0.000               0.000          3124709.383   1.00000 
  3328.299          16.283    239.249       0.305       0.141                0.061               0.000               0.000          3124709.444   1.00000 
  3329.299          16.259    239.177       0.305       0.141                0.061               0.000               0.000          3124709.505   1.00000 
  3330.299          16.235    239.104       0.305       0.141                0.061               0.000               0.000          3124709.566   1.00000 
  3331.299          16.211    239.032       0.305       0.141                0.060               0.000               0.000          3124709.627   1.00000 
  3332.299          16.188    238.960       0.305       0.141                0.060               0.000               0.000          3124709.687   1.00000 
  3333.299          16.164    238.889       0.305       0.141                0.060               0.000               0.000          3124709.747   1.00000 
  3334.299          16.140    238.818       0.305       0.141                0.060               0.000               0.000          3124709.807   1.00000 
  3335.299          16.117    238.747       0.305       0.141                0.060               0.000               0.000          3124709.866   1.00000 
  3336.299          16.093    238.676       0.305       0.141                0.059               0.000               0.000          3124709.925   1.00000 
  3337.299          16.070    238.605       0.305       0.141                0.059               0.000               0.000          3124709.984   1.00000 
  3338.299          16.046    238.535       0.305       0.141                0.059               0.000               0.000          3124710.043   1.00000 
  3339.299          16.023    238.465       0.305       0.141                0.059               0.000               0.000          3124710.102   1.00000 
  3340.299          15.999    238.395       0.305       0.141                0.058               0.000               0.000          3124710.160   1.00000 
  3341.299          15.976    238.326       0.305       0.141                0.058               0.000               0.000          3124710.218   1.00000 
  3342.299          15.952    238.257       0.305       0.141                0.058               0.000               0.000          3124710.276   1.00000 
  3343.299          15.929    238.188       0.305       0.141                0.058               0.000               0.000          3124710.334   1.00000 
  3344.299          15.906    238.119       0.305       0.141                0.057               0.000               0.000          3124710.391   1.00000 
  3345.299          15.882    238.051       0.305       0.141                0.057               0.000               0.000          3124710.449   1.00000 
  3346.299          15.859    237.982       0.305       0.141                0.057               0.000               0.000          3124710.505   1.00000 
  3347.299          15.836    237.915       0.305       0.141                0.057               0.000               0.000          3124710.562   1.00000 
  3348.299          15.812    237.847       0.305       0.141                0.057               0.000               0.000          3124710.619   1.00000 
  3349.299          15.789    237.779       0.305       0.141                0.056               0.000               0.000          3124710.675   1.00000 
  3350.299          15.766    237.712       0.305       0.141                0.056               0.000               0.000          3124710.731   1.00000 
  3351.299          15.743    237.645       0.305       0.141                0.056               0.000               0.000          3124710.787   1.00000 
  3352.299          15.720    237.578       0.305       0.141                0.056               0.000               0.000          3124710.843   1.00000 
  3353.299          15.697    237.512       0.305       0.141                0.055               0.000               0.000          3124710.898   1.00000 
  3354.299          15.674    237.446       0.305       0.141                0.055               0.000               0.000          3124710.953   1.00000 
  3355.299          15.651    237.380       0.305       0.141                0.055               0.000               0.000          3124711.009   1.00000 
  3356.299          15.628    237.314       0.305       0.141                0.055               0.000               0.000          3124711.063   1.00000 
  3357.299          15.605    237.249       0.305       0.141                0.055               0.000               0.000          3124711.118   1.00000 
  3358.299          15.582    237.183       0.305       0.141                0.054               0.000               0.000          3124711.172   1.00000 
  3359.299          15.559    237.118       0.305       0.141                0.054               0.000               0.000          3124711.226   1.00000 
  3360.299          15.536    237.053       0.305       0.141                0.054               0.000               0.000          3124711.280   1.00000 
  3361.299          15.513    236.989       0.305       0.141                0.054               0.000               0.000          3124711.334   1.00000 
  3362.299          15.490    236.924       0.305       0.141                0.054               0.000               0.000          3124711.388   1.00000 
  3363.299          15.467    236.860       0.305       0.141                0.053               0.000               0.000          3124711.441   1.00000 
  3364.299          15.445    236.796       0.305       0.141                0.053               0.000               0.000          3124711.494   1.00000 
  3365.299          15.422    236.733       0.305       0.141                0.053               0.000               0.000          3124711.547   1.00000 
  3366.299          15.399    236.669       0.305       0.141                0.053               0.000               0.000          3124711.600   1.00000 
  3367.299          15.376    236.606       0.305       0.141                0.053               0.000               0.000          3124711.652   1.00000 
  3368.299          15.354    236.543       0.305       0.141                0.052               0.000               0.000          3124711.705   1.00000 
  3369.299          15.331    236.480       0.305       0.141                0.052               0.000               0.000          3124711.757   1.00000 
  3370.299          15.309    236.418       0.305       0.141                0.052               0.000               0.000          3124711.809   1.00000 
  3371.299          15.286    236.356       0.305       0.141                0.052               0.000               0.000          3124711.861   1.00000 
  3372.299          15.263    236.294       0.305       0.141                0.052               0.000               0.000          3124711.912   1.00000 
  3373.299          15.241    236.232       0.305       0.141                0.051               0.000               0.000          3124711.964   1.00000 
  3374.299          15.218    236.170       0.305       0.141                0.051               0.000               0.000          3124712.015   1.00000 
  3375.299          15.196    236.109       0.305       0.141                0.051               0.000               0.000          3124712.066   1.00000 
  3376.299          15.174    236.047       0.305       0.141                0.051               0.000               0.000          3124712.116   1.00000 
  3377.299          15.151    235.986       0.305       0.141                0.051               0.000               0.000          3124712.167   1.00000 
  3378.299          15.129    235.926       0.305       0.141                0.050               0.000               0.000          3124712.217   1.00000 
  3379.299          15.106    235.865       0.305       0.141                0.050               0.000               0.000          3124712.268   1.00000 
  3380.299          15.084    235.805       0.305       0.141                0.050               0.000               0.000          3124712.318   1.00000 
  3381.299          15.062    235.745       0.305       0.141                0.050               0.000               0.000          3124712.367   1.00000 
  3382.299          15.040    235.685       0.305       0.141                0.050               0.000               0.000          3124712.417   1.00000 
  3383.299          15.017    235.625       0.305       0.141                0.049               0.000               0.000          3124712.467   1.00000 
  3384.299          14.995    235.566       0.305       0.141                0.049               0.000               0.000          3124712.516   1.00000 
  3385.299          14.973    235.506       0.305       0.141                0.049               0.000               0.000          3124712.565   1.00000 
  3386.299          14.951    235.447       0.305       0.141                0.049               0.000               0.000          3124712.614   1.00000 
  3387.299          14.929    235.388       0.305       0.141                0.049               0.000               0.000          3124712.662   1.00000 
  3388.299          14.906    235.330       0.305       0.141                0.049               0.000               0.000          3124712.711   1.00000 
  3389.299          14.884    235.271       0.305       0.141                0.048               0.000               0.000          3124712.759   1.00000 
  3390.299          14.862    235.213       0.305       0.141                0.048               0.000               0.000          3124712.808   1.00000 
  3391.299          14.840    235.155       0.305       0.141                0.048               0.000               0.000          3124712.856   1.00000 
  3392.299          14.818    235.097       0.305       0.141                0.048               0.000               0.000          3124712.903   1.00000 
  3393.299          14.796    235.040       0.305       0.141                0.048               0.000               0.000          3124712.951   1.00000 
  3394.299          14.774    234.982       0.305       0.141                0.047               0.000               0.000          3124712.998   1.00000 
  3395.299          14.752    234.925       0.305       0.141                0.047               0.000               0.000          3124713.046   1.00000 
  3396.299          14.731    234.868       0.305       0.141                0.047               0.000               0.000          3124713.093   1.00000 
  3397.299          14.709    234.811       0.305       0.141                0.047               0.000               0.000          3124713.140   1.00000 
  3398.299          14.687    234.755       0.305       0.141                0.047               0.000               0.000          3124713.187   1.00000 
  3399.299          14.665    234.698       0.305       0.141                0.047               0.000               0.000          3124713.233   1.00000 
  3400.299          14.643    234.642       0.305       0.141                0.046               0.000               0.000          3124713.280   1.00000 
  3401.299          14.622    234.586       0.305       0.141                0.046               0.000               0.000          3124713.326   1.00000 
  3402.299          14.600    234.530       0.305       0.141                0.046               0.000               0.000          3124713.372   1.00000 
  3403.299          14.578    234.475       0.305       0.141                0.046               0.000               0.000          3124713.418   1.00000 
  3404.299          14.556    234.419       0.305       0.141                0.046               0.000               0.000          3124713.464   1.00000 
  3405.299          14.535    234.364       0.305       0.141                0.046               0.000               0.000          3124713.509   1.00000 
  3406.299          14.513    234.309       0.305       0.141                0.045               0.000               0.000          3124713.555   1.00000 
  3407.299          14.492    234.254       0.305       0.141                0.045               0.000               0.000          3124713.600   1.00000 
  3408.299          14.470    234.199       0.305       0.141                0.045               0.000               0.000          3124713.645   1.00000 
  3409.299          14.448    234.145       0.305       0.141                0.045               0.000               0.000          3124713.690   1.00000 
  3410.299          14.427    234.091       0.305       0.141                0.045               0.000               0.000          3124713.735   1.00000 
  3411.299          14.405    234.036       0.305       0.141                0.045               0.000               0.000          3124713.779   1.00000 
  3412.299          14.384    233.983       0.305       0.141                0.044               0.000               0.000          3124713.824   1.00000 
  3413.299          14.362    233.929       0.305       0.141                0.044               0.000               0.000          3124713.868   1.00000 
  3414.299          14.341    233.875       0.305       0.141                0.044               0.000               0.000          3124713.912   1.00000 
  3415.299          14.320    233.822       0.305       0.141                0.044               0.000               0.000          3124713.956   1.00000 
  3416.299          14.298    233.769       0.305       0.141                0.044               0.000               0.000          3124714.000   1.00000 
  3417.299          14.277    233.716       0.305       0.141                0.044               0.000               0.000          3124714.044   1.00000 
  3418.299          14.256    233.663       0.305       0.141                0.043               0.000               0.000          3124714.087   1.00000 
  3419.299          14.234    233.610       0.305       0.141                0.043               0.000               0.000          3124714.130   1.00000 
  3420.299          14.213    233.558       0.305       0.141                0.043               0.000               0.000          3124714.174   1.00000 
  3421.299          14.192    233.506       0.305       0.141                0.043               0.000               0.000          3124714.217   1.00000 
  3422.299          14.171    233.454       0.305       0.141                0.043               0.000               0.000          3124714.259   1.00000 
  3423.299          14.149    233.402       0.305       0.141                0.043               0.000               0.000          3124714.302   1.00000 
  3424.299          14.128    233.350       0.305       0.141                0.043               0.000               0.000          3124714.345   1.00000 
  3425.299          14.107    233.298       0.305       0.141                0.042               0.000               0.000          3124714.387   1.00000 
  3426.299          14.086    233.247       0.305       0.141                0.042               0.000               0.000          3124714.429   1.00000 
  3427.299          14.065    233.196       0.305       0.141                0.042               0.000               0.000          3124714.472   1.00000 
  3428.299          14.044    233.145       0.305       0.141                0.042               0.000               0.000          3124714.514   1.00000 
  3429.299          14.023    233.094       0.305       0.141                0.042               0.000               0.000          3124714.555   1.00000 
  3430.299          14.002    233.043       0.305       0.141                0.042               0.000               0.000          3124714.597   1.00000 
  3431.299          13.981    232.993       0.305       0.141                0.042               0.000               0.000          3124714.639   1.00000 
  3432.299          13.960    232.943       0.305       0.141                0.041               0.000               0.000          3124714.680   1.00000 
  3433.299          13.939    232.892       0.305       0.141                0.041               0.000               0.000          3124714.721   1.00000 
  3434.299          13.918    232.842       0.305       0.141                0.041               0.000               0.000          3124714.762   1.00000 
  3435.299          13.897    232.793       0.305       0.141                0.041               0.000               0.000          3124714.803   1.00000 
  3436.299          13.876    232.743       0.305       0.141                0.041               0.000               0.000          3124714.844   1.00000 
  3437.299          13.855    232.693       0.305       0.141                0.041               0.000               0.000          3124714.885   1.00000 
  3438.299          13.835    232.644       0.305       0.141                0.041               0.000               0.000          3124714.925   1.00000 
  3439.299          13.814    232.595       0.305       0.141                0.040               0.000               0.000          3124714.965   1.00000 
  3440.299          13.793    232.546       0.305       0.141                0.040               0.000               0.000          3124715.006   1.00000 
  3441.299          13.772    232.497       0.305       0.141                0.040               0.000               0.000          3124715.046   1.00000 
  3442.299          13.752    232.449       0.305       0.141                0.040               0.000               0.000          3124715.086   1.00000 
  3443.299          13.731    232.400       0.305       0.141                0.040               0.000               0.000          3124715.126   1.00000 
  3444.299          13.710    232.352       0.305       0.141                0.040               0.000               0.000          3124715.165   1.00000 
  3445.299          13.690    232.304       0.305       0.141                0.040               0.000               0.000          3124715.205   1.00000 
  3446.299          13.669    232.256       0.305       0.141                0.039               0.000               0.000          3124715.244   1.00000 
  3447.299          13.648    232.208       0.305       0.141                0.039               0.000               0.000          3124715.283   1.00000 
  3448.299          13.628    232.160       0.305       0.141                0.039               0.000               0.000          3124715.323   1.00000 
  3449.299          13.607    232.113       0.305       0.141                0.039               0.000               0.000          3124715.362   1.00000 
  3450.299          13.587    232.066       0.305       0.141                0.039               0.000               0.000          3124715.400   1.00000 
  3451.299          13.566    232.018       0.305       0.141                0.039               0.000               0.000          3124715.439   1.00000 
  3452.299          13.546    231.971       0.305       0.141                0.039               0.000               0.000          3124715.478   1.00000 
  3453.299          13.525    231.925       0.305       0.141                0.038               0.000               0.000          3124715.516   1.00000 
  3454.299          13.505    231.878       0.305       0.141                0.038               0.000               0.000          3124715.554   1.00000 
  3455.299          13.485    231.831       0.305       0.141                0.038               0.000               0.000          3124715.593   1.00000 
  3456.299          13.464    231.785       0.305       0.141                0.038               0.000               0.000          3124715.631   1.00000 
  3457.299          13.444    231.739       0.305       0.141                0.038               0.000               0.000          3124715.669   1.00000 
  3458.299          13.424    231.693       0.305       0.141                0.038               0.000               0.000          3124715.706   1.00000 
  3459.299          13.403    231.647       0.305       0.141                0.038               0.000               0.000          3124715.744   1.00000 
  3460.299          13.383    231.601       0.305       0.141                0.038               0.000               0.000          3124715.782   1.00000 
  3461.299          13.363    231.555       0.305       0.141                0.037               0.000               0.000          3124715.819   1.00000 
  3462.299          13.343    231.510       0.305       0.141                0.037               0.000               0.000          3124715.856   1.00000 
  3463.299          13.322    231.465       0.305       0.141                0.037               0.000               0.000          3124715.894   1.00000 
  3464.299          13.302    231.420       0.305       0.141                0.037               0.000               0.000          3124715.931   1.00000 
  3465.299          13.282    231.375       0.305       0.141                0.037               0.000               0.000          3124715.967   1.00000 
  3466.299          13.262    231.330       0.305       0.141                0.037               0.000               0.000          3124716.004   1.00000 
  3467.299          13.242    231.285       0.305       0.141                0.037               0.000               0.000          3124716.041   1.00000 
  3468.299          13.222    231.241       0.305       0.141                0.037               0.000               0.000          3124716.077   1.00000 
  3469.299          13.202    231.196       0.305       0.141                0.036               0.000               0.000          3124716.114   1.00000 
  3470.299          13.182    231.152       0.305       0.141                0.036               0.000               0.000          3124716.150   1.00000 
  3471.299          13.162    231.108       0.305       0.141                0.036               0.000               0.000          3124716.186   1.00000 
  3472.299          13.142    231.064       0.305       0.141                0.036               0.000               0.000          3124716.222   1.00000 
  3473.299          13.122    231.020       0.305       0.141                0.036               0.000               0.000          3124716.258   1.00000 
  3474.299          13.102    230.976       0.305       0.141                0.036               0.000               0.000          3124716.294   1.00000 
  3475.299          13.082    230.933       0.305       0.141                0.036               0.000               0.000          3124716.330   1.00000 
  3476.299          13.062    230.890       0.305       0.141                0.036               0.000               0.000          3124716.365   1.00000 
  3477.299          13.042    230.846       0.305       0.141                0.035               0.000               0.000          3124716.401   1.00000 
  3478.299          13.022    230.803       0.305       0.141                0.035               0.000               0.000          3124716.436   1.00000 
  3479.299          13.003    230.760       0.305       0.141                0.035               0.000               0.000          3124716.471   1.00000 
  3480.299          12.983    230.718       0.305       0.141                0.035               0.000               0.000          3124716.506   1.00000 
  3481.299          12.963    230.675       0.305       0.141                0.035               0.000               0.000          3124716.541   1.00000 
  3482.299          12.943    230.632       0.305       0.141                0.035               0.000               0.000          3124716.576   1.00000 
  3483.299          12.924    230.590       0.305       0.141                0.035               0.000               0.000          3124716.611   1.00000 
  3484.299          12.904    230.548       0.305       0.141                0.035               0.000               0.000          3124716.646   1.00000 
  3485.299          12.884    230.506       0.305       0.141                0.035               0.000               0.000          3124716.680   1.00000 
  3486.299          12.865    230.464       0.305       0.141                0.034               0.000               0.000          3124716.715   1.00000 
  3487.299          12.845    230.422       0.305       0.141                0.034               0.000               0.000          3124716.749   1.00000 
  3488.299          12.825    230.380       0.305       0.141                0.034               0.000               0.000          3124716.783   1.00000 
  3489.299          12.806    230.339       0.305       0.141                0.034               0.000               0.000          3124716.817   1.00000 
  3490.299          12.786    230.297       0.305       0.141                0.034               0.000               0.000          3124716.851   1.00000 
  3491.299          12.767    230.256       0.305       0.141                0.034               0.000               0.000          3124716.885   1.00000 
  3492.299          12.747    230.215       0.305       0.141                0.034               0.000               0.000          3124716.919   1.00000 
  3493.299          12.728    230.174       0.305       0.141                0.034               0.000               0.000          3124716.952   1.00000 
  3494.299          12.708    230.133       0.305       0.141                0.034               0.000               0.000          3124716.986   1.00000 
  3495.299          12.689    230.093       0.305       0.141                0.033               0.000               0.000          3124717.019   1.00000 
  3496.299          12.669    230.052       0.305       0.141                0.033               0.000               0.000          3124717.052   1.00000 
  3497.299          12.650    230.011       0.305       0.141                0.033               0.000               0.000          3124717.086   1.00000 
  3498.299          12.631    229.971       0.305       0.141                0.033               0.000               0.000          3124717.119   1.00000 
  3499.299          12.611    229.931       0.305       0.141                0.033               0.000               0.000          3124717.152   1.00000 
  3500.299          12.592    229.891       0.305       0.141                0.033               0.000               0.000          3124717.184   1.00000 
  3501.299          12.573    229.851       0.305       0.141                0.033               0.000               0.000          3124717.217   1.00000 
  3502.299          12.553    229.811       0.305       0.141                0.033               0.000               0.000          3124717.250   1.00000 
  3503.299          12.534    229.772       0.305       0.141                0.033               0.000               0.000          3124717.282   1.00000 
  3504.299          12.515    229.732       0.305       0.141                0.032               0.000               0.000          3124717.315   1.00000 
  3505.299          12.496    229.693       0.305       0.141                0.032               0.000               0.000          3124717.347   1.00000 
  3506.299          12.476    229.653       0.305       0.141                0.032               0.000               0.000          3124717.379   1.00000 
  3507.299          12.457    229.614       0.305       0.141                0.032               0.000               0.000          3124717.411   1.00000 
  3508.299          12.438    229.575       0.305       0.141                0.032               0.000               0.000          3124717.443   1.00000 
  3509.299          12.419    229.536       0.305       0.141                0.032               0.000               0.000          3124717.475   1.00000 
  3510.299          12.400    229.498       0.305       0.141                0.032               0.000               0.000          3124717.507   1.00000 
  3511.299          12.381    229.459       0.305       0.141                0.032               0.000               0.000          3124717.539   1.00000 
  3512.299          12.362    229.421       0.305       0.141                0.032               0.000               0.000          3124717.570   1.00000 
  3513.299          12.343    229.382       0.305       0.141                0.032               0.000               0.000          3124717.602   1.00000 
  3514.299          12.324    229.344       0.305       0.141                0.031               0.000               0.000          3124717.633   1.00000 
  3515.299          12.305    229.306       0.305       0.141                0.031               0.000               0.000          3124717.665   1.00000 
  3516.299          12.286    229.268       0.305       0.141                0.031               0.000               0.000          3124717.696   1.00000 
  3517.299          12.267    229.230       0.305       0.141                0.031               0.000               0.000          3124717.727   1.00000 
  3518.299          12.248    229.192       0.305       0.141                0.031               0.000               0.000          3124717.758   1.00000 
  3519.299          12.229    229.155       0.305       0.141                0.031               0.000               0.000          3124717.789   1.00000 
  3520.299          12.210    229.117       0.305       0.141                0.031               0.000               0.000          3124717.820   1.00000 
  3521.299          12.191    229.080       0.305       0.141                0.031               0.000               0.000          3124717.850   1.00000 
  3522.299          12.172    229.042       0.305       0.141                0.031               0.000               0.000          3124717.881   1.00000 
  3523.299          12.154    229.005       0.305       0.141                0.031               0.000               0.000          3124717.912   1.00000 
  3524.299          12.135    228.968       0.305       0.141                0.030               0.000               0.000          3124717.942   1.00000 
  3525.299          12.116    228.931       0.305       0.141                0.030               0.000               0.000          3124717.972   1.00000 
  3526.299          12.097    228.895       0.305       0.141                0.030               0.000               0.000          3124718.002   1.00000 
  3527.299          12.079    228.858       0.305       0.141                0.030               0.000               0.000          3124718.033   1.00000 
  3528.299          12.060    228.821       0.305       0.141                0.030               0.000               0.000          3124718.063   1.00000 
  3529.299          12.041    228.785       0.305       0.141                0.030               0.000               0.000          3124718.093   1.00000 
  3530.299          12.023    228.749       0.305       0.141                0.030               0.000               0.000          3124718.122   1.00000 
  3531.299          12.004    228.713       0.305       0.141                0.030               0.000               0.000          3124718.152   1.00000 
  3532.299          11.985    228.676       0.305       0.141                0.030               0.000               0.000          3124718.182   1.00000 
  3533.299          11.967    228.641       0.305       0.141                0.030               0.000               0.000          3124718.211   1.00000 
  3534.299          11.948    228.605       0.305       0.141                0.029               0.000               0.000          3124718.241   1.00000 
  3535.299          11.930    228.569       0.305       0.141                0.029               0.000               0.000          3124718.270   1.00000 
  3536.299          11.911    228.533       0.305       0.141                0.029               0.000               0.000          3124718.300   1.00000 
  3537.299          11.893    228.498       0.305       0.141                0.029               0.000               0.000          3124718.329   1.00000 
  3538.299          11.874    228.462       0.305       0.141                0.029               0.000               0.000          3124718.358   1.00000 
  3539.299          11.856    228.427       0.305       0.141                0.029               0.000               0.000          3124718.387   1.00000 
  3540.299          11.837    228.392       0.305       0.141                0.029               0.000               0.000          3124718.416   1.00000 
  3541.299          11.819    228.357       0.305       0.141                0.029               0.000               0.000          3124718.445   1.00000 
  3542.299          11.800    228.322       0.305       0.141                0.029               0.000               0.000          3124718.473   1.00000 
  3543.299          11.782    228.287       0.305       0.141                0.029               0.000               0.000          3124718.502   1.00000 
  3544.299          11.764    228.253       0.305       0.141                0.029               0.000               0.000          3124718.531   1.00000 
  3545.299          11.745    228.218       0.305       0.141                0.028               0.000               0.000          3124718.559   1.00000 
  3546.299          11.727    228.184       0.305       0.141                0.028               0.000               0.000          3124718.588   1.00000 
  3547.299          11.709    228.149       0.305       0.141                0.028               0.000               0.000          3124718.616   1.00000 
  3548.299          11.691    228.115       0.305       0.141                0.028               0.000               0.000          3124718.644   1.00000 
  3549.299          11.672    228.081       0.305       0.141                0.028               0.000               0.000          3124718.672   1.00000 
  3550.299          11.654    228.047       0.305       0.141                0.028               0.000               0.000          3124718.700   1.00000 
  3551.299          11.636    228.013       0.305       0.141                0.028               0.000               0.000          3124718.728   1.00000 
  3552.299          11.618    227.979       0.305       0.141                0.028               0.000               0.000          3124718.756   1.00000 
  3553.299          11.600    227.945       0.305       0.141                0.028               0.000               0.000          3124718.784   1.00000 
  3554.299          11.581    227.912       0.305       0.141                0.028               0.000               0.000          3124718.812   1.00000 
  3555.299          11.563    227.878       0.305       0.141                0.028               0.000               0.000          3124718.839   1.00000 
  3556.299          11.545    227.845       0.305       0.141                0.028               0.000               0.000          3124718.867   1.00000 
  3557.299          11.527    227.812       0.305       0.141                0.027               0.000               0.000          3124718.894   1.00000 
  3558.299          11.509    227.778       0.305       0.141                0.027               0.000               0.000          3124718.922   1.00000 
  3559.299          11.491    227.745       0.305       0.141                0.027               0.000               0.000          3124718.949   1.00000 
  3560.299          11.473    227.712       0.305       0.141                0.027               0.000               0.000          3124718.976   1.00000 
  3561.299          11.455    227.680       0.305       0.141                0.027               0.000               0.000          3124719.003   1.00000 
  3562.299          11.437    227.647       0.305       0.141                0.027               0.000               0.000          3124719.030   1.00000 
  3563.299          11.419    227.614       0.305       0.141                0.027               0.000               0.000          3124719.057   1.00000 
  3564.299          11.401    227.582       0.305       0.141                0.027               0.000               0.000          3124719.084   1.00000 
  3565.299          11.383    227.549       0.305       0.141                0.027               0.000               0.000          3124719.111   1.00000 
  3566.299          11.366    227.517       0.305       0.141                0.027               0.000               0.000          3124719.138   1.00000 
  3567.299          11.348    227.485       0.305       0.141                0.027               0.000               0.000          3124719.164   1.00000 
  3568.299          11.330    227.453       0.305       0.141                0.027               0.000               0.000          3124719.191   1.00000 
  3569.299          11.312    227.421       0.305       0.141                0.026               0.000               0.000          3124719.217   1.00000 
  3570.299          11.294    227.389       0.305       0.141                0.026               0.000               0.000          3124719.244   1.00000 
  3571.299          11.277    227.357       0.305       0.141                0.026               0.000               0.000          3124719.270   1.00000 
  3572.299          11.259    227.325       0.305       0.141                0.026               0.000               0.000          3124719.296   1.00000 
  3573.299          11.241    227.293       0.305       0.141                0.026               0.000               0.000          3124719.322   1.00000 
  3574.299          11.223    227.262       0.305       0.141                0.026               0.000               0.000          3124719.348   1.00000 
  3575.299          11.206    227.231       0.305       0.141                0.026               0.000               0.000          3124719.374   1.00000 
  3576.299          11.188    227.199       0.305       0.141                0.026               0.000               0.000          3124719.400   1.00000 
  3577.299          11.170    227.168       0.305       0.141                0.026               0.000               0.000          3124719.426   1.00000 
  3578.299          11.153    227.137       0.305       0.141                0.026               0.000               0.000          3124719.452   1.00000 
  3579.299          11.135    227.106       0.305       0.141                0.026               0.000               0.000          3124719.478   1.00000 
  3580.299          11.118    227.075       0.305       0.141                0.026               0.000               0.000          3124719.503   1.00000 
  3581.299          11.100    227.044       0.305       0.141                0.026               0.000               0.000          3124719.529   1.00000 
  3582.299          11.083    227.013       0.305       0.141                0.025               0.000               0.000          3124719.554   1.00000 
  3583.299          11.065    226.983       0.305       0.141                0.025               0.000               0.000          3124719.580   1.00000 
  3584.299          11.048    226.953       0.305       0.141                0.025               0.000               0.000          3124719.605   1.00000 
  3585.299          11.030    226.922       0.305       0.141                0.025               0.000               0.000          3124719.630   1.00000 
  3586.299          11.013    226.892       0.305       0.141                0.025               0.000               0.000          3124719.655   1.00000 
  3587.299          10.995    226.862       0.305       0.141                0.025               0.000               0.000          3124719.681   1.00000 
  3588.299          10.978    226.833       0.305       0.141                0.025               0.000               0.000          3124719.706   1.00000 
  3589.299          10.960    226.804       0.305       0.141                0.025               0.000               0.000          3124719.731   1.00000 
  3590.299          10.943    226.775       0.305       0.141                0.025               0.000               0.000          3124719.756   1.00000 
  3591.299          10.926    226.747       0.305       0.141                0.025               0.000               0.000          3124719.780   1.00000 
  3592.299          10.908    226.719       0.305       0.141                0.025               0.000               0.000          3124719.805   1.00000 
  3593.299          10.891    226.692       0.305       0.141                0.025               0.000               0.000          3124719.830   1.00000 
  3594.299          10.874    226.665       0.305       0.141                0.025               0.000               0.000          3124719.855   1.00000 
  3595.299          10.856    226.638       0.305       0.141                0.025               0.000               0.000          3124719.879   1.00000 
  3596.299          10.839    226.612       0.305       0.141                0.025               0.000               0.000          3124719.904   1.00000 
  3597.299          10.822    226.586       0.305       0.141                0.025               0.000               0.000          3124719.928   1.00000 
  3598.299          10.805    226.561       0.305       0.141                0.024               0.000               0.000          3124719.953   1.00000 
  3599.299          10.787    226.536       0.305       0.141                0.024               0.000               0.000          3124719.977   1.00000 
  3600.299          10.770    226.511       0.305       0.141                0.024               0.000               0.000          3124720.002   1.00000 
  3601.299          10.753    226.487       0.305       0.141                0.024               0.000               0.000          3124720.026   1.00000 
  3602.299          10.736    226.463       0.305       0.141                0.024               0.000               0.000          3124720.050   1.00000 
  3603.299          10.719    226.439       0.305       0.141                0.024               0.000               0.000          3124720.074   1.00000 
  3604.299          10.701    226.416       0.305       0.141                0.024               0.000               0.000          3124720.098   1.00000 
  3605.299          10.684    226.394       0.305       0.141                0.024               0.000               0.000          3124720.122   1.00000 
  3606.299          10.667    226.371       0.305       0.141                0.024               0.000               0.000          3124720.146   1.00000 
  3607.299          10.650    226.349       0.305       0.141                0.024               0.000               0.000          3124720.170   1.00000 
  3608.299          10.633    226.328       0.305       0.141                0.024               0.000               0.000          3124720.194   1.00000 
  3609.299          10.616    226.307       0.305       0.141                0.024               0.000               0.000          3124720.218   1.00000 
  3610.299          10.599    226.286       0.305       0.141                0.024               0.000               0.000          3124720.242   1.00000 
  3611.299          10.582    226.265       0.305       0.141                0.024               0.000               0.000          3124720.266   1.00000 
  3612.299          10.565    226.245       0.305       0.141                0.024               0.000               0.000          3124720.289   1.00000 
  3613.299          10.548    226.226       0.305       0.141                0.024               0.000               0.000          3124720.313   1.00000 
  3614.299          10.531    226.206       0.305       0.141                0.024               0.000               0.000          3124720.337   1.00000 
  3615.299          10.514    226.188       0.305       0.141                0.024               0.000               0.000          3124720.360   1.00000 
  3616.299          10.497    226.169       0.305       0.141                0.023               0.000               0.000          3124720.384   1.00000 
  3617.299          10.480    226.151       0.305       0.141                0.023               0.000               0.000          3124720.407   1.00000 
  3618.299          10.463    226.133       0.305       0.141                0.023               0.000               0.000          3124720.430   1.00000 
  3619.299          10.446    226.116       0.305       0.141                0.023               0.000               0.000          3124720.454   1.00000 
  3620.299          10.430    226.099       0.305       0.141                0.023               0.000               0.000          3124720.477   1.00000 
  3621.299          10.413    226.082       0.305       0.141                0.023               0.000               0.000          3124720.500   1.00000 
  3622.299          10.396    226.066       0.305       0.141                0.023               0.000               0.000          3124720.523   1.00000 
  3623.299          10.379    226.050       0.305       0.141                0.023               0.000               0.000          3124720.546   1.00000 
  3624.299          10.362    226.034       0.305       0.141                0.023               0.000               0.000          3124720.569   1.00000 
  3625.299          10.345    226.019       0.305       0.141                0.023               0.000               0.000          3124720.592   1.00000 
  3626.299          10.329    226.004       0.305       0.141                0.023               0.000               0.000          3124720.615   1.00000 
  3627.299          10.312    225.990       0.305       0.141                0.023               0.000               0.000          3124720.638   1.00000 
  3628.299          10.295    225.976       0.305       0.141                0.023               0.000               0.000          3124720.661   1.00000 
  3629.299          10.279    225.962       0.305       0.141                0.023               0.000               0.000          3124720.684   1.00000 
  3630.299          10.262    225.949       0.305       0.141                0.023               0.000               0.000          3124720.707   1.00000 
  3631.299          10.245    225.936       0.305       0.141                0.023               0.000               0.000          3124720.729   1.00000 
  3632.299          10.228    225.923       0.305       0.141                0.023               0.000               0.000          3124720.752   1.00000 
  3633.299          10.212    225.911       0.305       0.141                0.023               0.000               0.000          3124720.774   1.00000 
  3634.299          10.195    225.899       0.305       0.141                0.023               0.000               0.000          3124720.797   1.00000 
  3635.299          10.179    225.888       0.305       0.141                0.022               0.000               0.000          3124720.819   1.00000 
  3636.299          10.162    225.876       0.305       0.141                0.022               0.000               0.000          3124720.842   1.00000 
  3637.299          10.145    225.865       0.305       0.141                0.022               0.000               0.000          3124720.864   1.00000 
  3638.299          10.129    225.855       0.305       0.141                0.022               0.000               0.000          3124720.887   1.00000 
  3639.299          10.112    225.845       0.305       0.141                0.022               0.000               0.000          3124720.909   1.00000 
  3640.299          10.096    225.835       0.305       0.141                0.022               0.000               0.000          3124720.931   1.00000 
  3641.299          10.079    225.826       0.305       0.141                0.022               0.000               0.000          3124720.953   1.00000 
  3642.299          10.063    225.817       0.305       0.141                0.022               0.000               0.000          3124720.976   1.00000 
  3643.299          10.046    225.808       0.305       0.141                0.022               0.000               0.000          3124720.998   1.00000 
  3644.299          10.030    225.799       0.305       0.141                0.022               0.000               0.000          3124721.020   1.00000 
  3645.299          10.013    225.791       0.305       0.141                0.022               0.000               0.000          3124721.042   1.00000 
  3646.299           9.997    225.784       0.305       0.141                0.022               0.000               0.000          3124721.064   1.00000 
  3647.299           9.980    225.776       0.305       0.141                0.022               0.000               0.000          3124721.086   1.00000 
  3648.299           9.964    225.769       0.305       0.141                0.022               0.000               0.000          3124721.107   1.00000 
  3649.299           9.948    225.763       0.305       0.141                0.022               0.000               0.000          3124721.129   1.00000 
  3650.299           9.931    225.756       0.305       0.141                0.022               0.000               0.000          3124721.151   1.00000 
  3651.299           9.915    225.750       0.305       0.141                0.022               0.000               0.000          3124721.173   1.00000 
  3652.299           9.899    225.745       0.305       0.141                0.022               0.000               0.000          3124721.194   1.00000 
  3653.299           9.882    225.739       0.305       0.141                0.022               0.000               0.000          3124721.216   1.00000 
  3654.299           9.866    225.735       0.305       0.141                0.022               0.000               0.000          3124721.238   1.00000 
  3655.299           9.850    225.730       0.305       0.141                0.022               0.000               0.000          3124721.259   1.00000 
  3656.299           9.833    225.726       0.305       0.141                0.021               0.000               0.000          3124721.281   1.00000 
  3657.299           9.817    225.722       0.305       0.141                0.021               0.000               0.000          3124721.302   1.00000 
  3658.299           9.801    225.718       0.305       0.141                0.021               0.000               0.000          3124721.323   1.00000 
  3659.299           9.785    225.715       0.305       0.141                0.021               0.000               0.000          3124721.345   1.00000 
  3660.299           9.769    225.712       0.305       0.141                0.021               0.000               0.000          3124721.366   1.00000 
  3661.299           9.752    225.709       0.305       0.141                0.021               0.000               0.000          3124721.387   1.00000 
  3662.299           9.736    225.707       0.305       0.141                0.021               0.000               0.000          3124721.408   1.00000 
  3663.299           9.720    225.705       0.305       0.141                0.021               0.000               0.000          3124721.430   1.00000 
  3664.299           9.704    225.703       0.305       0.141                0.021               0.000               0.000          3124721.451   1.00000 
  3665.299           9.688    225.702       0.305       0.141                0.021               0.000               0.000          3124721.472   1.00000 
  3666.299           9.672    225.701       0.305       0.141                0.021               0.000               0.000          3124721.493   1.00000 
  3667.299           9.656    225.701       0.305       0.141                0.021               0.000               0.000          3124721.514   1.00000 
  3668.299           9.640    225.700       0.305       0.141                0.021               0.000               0.000          3124721.535   1.00000 
  3669.299           9.623    225.700       0.305       0.141                0.021               0.000               0.000          3124721.556   1.00000 
  3670.299           9.607    225.700       0.305       0.141                0.021               0.000               0.000          3124721.577   1.00000 
  3671.299           9.591    225.700       0.305       0.141                0.021               0.000               0.000          3124721.597   1.00000 
  3672.299           9.575    225.701       0.305       0.141                0.021               0.000               0.000          3124721.618   1.00000 
  3673.299           9.559    225.701       0.305       0.141                0.021               0.000               0.000          3124721.639   1.00000 
  3674.299           9.543    225.701       0.305       0.141                0.021               0.000               0.000          3124721.659   1.00000 
  3675.299           9.527    225.701       0.305       0.141                0.021               0.000               0.000          3124721.680   1.00000 
  3676.299           9.512    225.701       0.305       0.141                0.021               0.000               0.000          3124721.701   1.00000 
  3677.299           9.496    225.701       0.305       0.141                0.021               0.000               0.000          3124721.721   1.00000 
  3678.299           9.480    225.701       0.305       0.141                0.021               0.000               0.000          3124721.742   1.00000 
  3679.299           9.464    225.701       0.305       0.141                0.020               0.000               0.000          3124721.762   1.00000 
  3680.299           9.448    225.701       0.305       0.141                0.020               0.000               0.000          3124721.783   1.00000 
  3681.299           9.432    225.701       0.305       0.141                0.020               0.000               0.000          3124721.803   1.00000 
  3682.299           9.416    225.701       0.305       0.141                0.020               0.000               0.000          3124721.823   1.00000 
  3683.299           9.400    225.701       0.305       0.141                0.020               0.000               0.000          3124721.844   1.00000 
  3684.299           9.385    225.702       0.305       0.141                0.020               0.000               0.000          3124721.864   1.00000 
  3685.299           9.369    225.702       0.305       0.141                0.020               0.000               0.000          3124721.884   1.00000 
  3686.299           9.353    225.702       0.305       0.141                0.020               0.000               0.000          3124721.904   1.00000 
  3687.299           9.337    225.702       0.305       0.141                0.020               0.000               0.000          3124721.924   1.00000 
  3688.299           9.322    225.702       0.305       0.141                0.020               0.000               0.000          3124721.945   1.00000 
  3689.299           9.306    225.702       0.305       0.141                0.020               0.000               0.000          3124721.965   1.00000 
  3690.299           9.290    225.702       0.305       0.141                0.020               0.000               0.000          3124721.985   1.00000 
  3691.299           9.274    225.702       0.305       0.141                0.020               0.000               0.000          3124722.005   1.00000 
  3692.299           9.259    225.702       0.305       0.141                0.020               0.000               0.000          3124722.024   1.00000 
  3693.299           9.243    225.702       0.305       0.141                0.020               0.000               0.000          3124722.044   1.00000 
  3694.299           9.227    225.702       0.305       0.141                0.020               0.000               0.000          3124722.064   1.00000 
  3695.299           9.212    225.702       0.305       0.141                0.020               0.000               0.000          3124722.084   1.00000 
  3696.299           9.196    225.703       0.305       0.141                0.020               0.000               0.000          3124722.104   1.00000 
  3697.299           9.181    225.703       0.305       0.141                0.020               0.000               0.000          3124722.124   1.00000 
  3698.299           9.165    225.703       0.305       0.141                0.020               0.000               0.000          3124722.143   1.00000 
  3699.299           9.149    225.703       0.305       0.141                0.020               0.000               0.000          3124722.163   1.00000 
  3700.299           9.134    225.703       0.305       0.141                0.020               0.000               0.000          3124722.182   1.00000 
  3701.299           9.118    225.703       0.305       0.141                0.020               0.000               0.000          3124722.202   1.00000 
  3702.299           9.103    225.703       0.305       0.141                0.020               0.000               0.000          3124722.222   1.00000 
  3703.299           9.087    225.703       0.305       0.141                0.019               0.000               0.000          3124722.241   1.00000 
  3704.299           9.072    225.703       0.305       0.141                0.019               0.000               0.000          3124722.260   1.00000 
  3705.299           9.056    225.703       0.305       0.141                0.019               0.000               0.000          3124722.280   1.00000 
  3706.299           9.041    225.703       0.305       0.141                0.019               0.000               0.000          3124722.299   1.00000 
  3707.299           9.025    225.703       0.305       0.141                0.019               0.000               0.000          3124722.319   1.00000 
  3708.299           9.010    225.704       0.305       0.141                0.019               0.000               0.000          3124722.338   1.00000 
  3709.299           8.995    225.704       0.305       0.141                0.019               0.000               0.000          3124722.357   1.00000 
  3710.299           8.979    225.704       0.305       0.141                0.019               0.000               0.000          3124722.376   1.00000 
  3711.299           8.964    225.704       0.305       0.141                0.019               0.000               0.000          3124722.396   1.00000 
  3712.299           8.948    225.704       0.305       0.141                0.019               0.000               0.000          3124722.415   1.00000 
  3713.299           8.933    225.704       0.305       0.141                0.019               0.000               0.000          3124722.434   1.00000 
  3714.299           8.918    225.704       0.305       0.141                0.019               0.000               0.000          3124722.453   1.00000 
  3715.299           8.902    225.704       0.305       0.141                0.019               0.000               0.000          3124722.472   1.00000 
  3716.299           8.887    225.704       0.305       0.141                0.019               0.000               0.000          3124722.491   1.00000 
  3717.299           8.872    225.704       0.305       0.141                0.019               0.000               0.000          3124722.510   1.00000 
  3718.299           8.857    225.704       0.305       0.141                0.019               0.000               0.000          3124722.529   1.00000 
  3719.299           8.841    225.704       0.305       0.141                0.019               0.000               0.000          3124722.548   1.00000 
  3720.299           8.826    225.704       0.305       0.141                0.019               0.000               0.000          3124722.567   1.00000 
  3721.299           8.811    225.705       0.305       0.141                0.019               0.000               0.000          3124722.585   1.00000 
  3722.299           8.796    225.705       0.305       0.141                0.019               0.000               0.000          3124722.604   1.00000 
  3723.299           8.781    225.705       0.305       0.141                0.019               0.000               0.000          3124722.623   1.00000 
  3724.299           8.765    225.705       0.305       0.141                0.019               0.000               0.000          3124722.642   1.00000 
  3725.299           8.750    225.705       0.305       0.141                0.019               0.000               0.000          3124722.660   1.00000 
  3726.299           8.735    225.705       0.305       0.141                0.019               0.000               0.000          3124722.679   1.00000 
  3727.299           8.720    225.705       0.305       0.141                0.019               0.000               0.000          3124722.697   1.00000 
  3728.299           8.705    225.705       0.305       0.141                0.019               0.000               0.000          3124722.716   1.00000 
  3729.299           8.690    225.705       0.305       0.141                0.019               0.000               0.000          3124722.734   1.00000 
  3730.299           8.675    225.705       0.305       0.141                0.018               0.000               0.000          3124722.753   1.00000 
  3731.299           8.660    225.705       0.305       0.141                0.018               0.000               0.000          3124722.771   1.00000 
  3732.299           8.645    225.705       0.305       0.141                0.018               0.000               0.000          3124722.790   1.00000 
  3733.299           8.630    225.705       0.305       0.141                0.018               0.000               0.000          3124722.808   1.00000 
  3734.299           8.615    225.706       0.305       0.141                0.018               0.000               0.000          3124722.827   1.00000 
  3735.299           8.600    225.706       0.305       0.141                0.018               0.000               0.000          3124722.845   1.00000 
  3736.299           8.585    225.706       0.305       0.141                0.018               0.000               0.000          3124722.863   1.00000 
  3737.299           8.570    225.706       0.305       0.141                0.018               0.000               0.000          3124722.881   1.00000 
  3738.299           8.555    225.706       0.305       0.141                0.018               0.000               0.000          3124722.900   1.00000 
  3739.299           8.540    225.706       0.305       0.141                0.018               0.000               0.000          3124722.918   1.00000 
  3740.299           8.525    225.706       0.305       0.141                0.018               0.000               0.000          3124722.936   1.00000 
  3741.299           8.510    225.706       0.305       0.141                0.018               0.000               0.000          3124722.954   1.00000 
  3742.299           8.495    225.706       0.305       0.141                0.018               0.000               0.000          3124722.972   1.00000 
  3743.299           8.480    225.706       0.305       0.141                0.018               0.000               0.000          3124722.990   1.00000 
  3744.299           8.465    225.706       0.305       0.141                0.018               0.000               0.000          3124723.008   1.00000 
  3745.299           8.450    225.706       0.305       0.141                0.018               0.000               0.000          3124723.026   1.00000 
  3746.299           8.436    225.706       0.305       0.141                0.018               0.000               0.000          3124723.044   1.00000 
  3747.299           8.421    225.707       0.305       0.141                0.018               0.000               0.000          3124723.062   1.00000 
  3748.299           8.406    225.707       0.305       0.141                0.018               0.000               0.000          3124723.080   1.00000 
  3749.299           8.391    225.707       0.305       0.141                0.018               0.000               0.000          3124723.098   1.00000 
  3750.299           8.376    225.707       0.305       0.141                0.018               0.000               0.000          3124723.115   1.00000 
  3751.299           8.362    225.707       0.305       0.141                0.018               0.000               0.000          3124723.133   1.00000 
  3752.299           8.347    225.707       0.305       0.141                0.018               0.000               0.000          3124723.151   1.00000 
  3753.299           8.332    225.707       0.305       0.141                0.018               0.000               0.000          3124723.169   1.00000 
  3754.299           8.318    225.707       0.305       0.141                0.018               0.000               0.000          3124723.186   1.00000 
  3755.299           8.303    225.707       0.305       0.141                0.018               0.000               0.000          3124723.204   1.00000 
  3756.299           8.288    225.707       0.305       0.141                0.018               0.000               0.000          3124723.221   1.00000 
  3757.299           8.274    225.707       0.305       0.141                0.018               0.000               0.000          3124723.239   1.00000 
  3758.299           8.259    225.707       0.305       0.141                0.018               0.000               0.000          3124723.257   1.00000 
  3759.299           8.244    225.707       0.305       0.141                0.018               0.000               0.000          3124723.274   1.00000 
  3760.299           8.230    225.707       0.305       0.141                0.017               0.000               0.000          3124723.292   1.00000 
  3761.299           8.215    225.708       0.305       0.141                0.017               0.000               0.000          3124723.309   1.00000 
  3762.299           8.200    225.708       0.305       0.141                0.017               0.000               0.000          3124723.326   1.00000 
  3763.299           8.186    225.708       0.305       0.141                0.017               0.000               0.000          3124723.344   1.00000 
  3764.299           8.171    225.708       0.305       0.141                0.017               0.000               0.000          3124723.361   1.00000 
  3765.299           8.157    225.708       0.305       0.141                0.017               0.000               0.000          3124723.378   1.00000 
  3766.299           8.142    225.708       0.305       0.141                0.017               0.000               0.000          3124723.396   1.00000 
  3767.299           8.128    225.708       0.305       0.141                0.017               0.000               0.000          3124723.413   1.00000 
  3768.299           8.113    225.708       0.305       0.141                0.017               0.000               0.000          3124723.430   1.00000 
  3769.299           8.099    225.708       0.305       0.141                0.017               0.000               0.000          3124723.447   1.00000 
  3770.299           8.084    225.708       0.305       0.141                0.017               0.000               0.000          3124723.464   1.00000 
  3771.299           8.070    225.708       0.305       0.141                0.017               0.000               0.000          3124723.482   1.00000 
  3772.299           8.055    225.708       0.305       0.141                0.017               0.000               0.000          3124723.499   1.00000 
  3773.299           8.041    225.708       0.305       0.141                0.017               0.000               0.000          3124723.516   1.00000 
  3774.299           8.027    225.708       0.305       0.141                0.017               0.000               0.000          3124723.533   1.00000 
  3775.299           8.012    225.709       0.305       0.141                0.017               0.000               0.000          3124723.550   1.00000 
  3776.299           7.998    225.709       0.305       0.141                0.017               0.000               0.000          3124723.567   1.00000 
  3777.299           7.984    225.709       0.305       0.141                0.017               0.000               0.000          3124723.584   1.00000 
  3778.299           7.969    225.709       0.305       0.141                0.017               0.000               0.000          3124723.601   1.00000 
  3779.299           7.955    225.709       0.305       0.141                0.017               0.000               0.000          3124723.617   1.00000 
  3780.299           7.941    225.709       0.305       0.141                0.017               0.000               0.000          3124723.634   1.00000 
  3781.299           7.926    225.709       0.305       0.141                0.017               0.000               0.000          3124723.651   1.00000 
  3782.299           7.912    225.709       0.305       0.141                0.017               0.000               0.000          3124723.668   1.00000 
  3783.299           7.898    225.709       0.305       0.141                0.017               0.000               0.000          3124723.685   1.00000 
  3784.299           7.883    225.709       0.305       0.141                0.017               0.000               0.000          3124723.701   1.00000 
  3785.299           7.869    225.709       0.305       0.141                0.017               0.000               0.000          3124723.718   1.00000 
  3786.299           7.855    225.709       0.305       0.141                0.017               0.000               0.000          3124723.735   1.00000 
  3787.299           7.841    225.709       0.305       0.141                0.017               0.000               0.000          3124723.751   1.00000 
  3788.299           7.827    225.709       0.305       0.141                0.017               0.000               0.000          3124723.768   1.00000 
  3789.299           7.812    225.710       0.305       0.141                0.017               0.000               0.000          3124723.785   1.00000 
  3790.299           7.798    225.710       0.305       0.141                0.017               0.000               0.000          3124723.801   1.00000 
  3791.299           7.784    225.710       0.305       0.141                0.017               0.000               0.000          3124723.818   1.00000 
  3792.299           7.770    225.710       0.305       0.141                0.016               0.000               0.000          3124723.834   1.00000 
  3793.299           7.756    225.710       0.305       0.141                0.016               0.000               0.000          3124723.851   1.00000 
  3794.299           7.742    225.710       0.305       0.141                0.016               0.000               0.000          3124723.867   1.00000 
  3795.299           7.728    225.710       0.305       0.141                0.016               0.000               0.000          3124723.883   1.00000 
  3796.299           7.713    225.710       0.305       0.141                0.016               0.000               0.000          3124723.900   1.00000 
  3797.299           7.699    225.710       0.305       0.141                0.016               0.000               0.000          3124723.916   1.00000 
  3798.299           7.685    225.710       0.305       0.141                0.016               0.000               0.000          3124723.932   1.00000 
  3799.299           7.671    225.710       0.305       0.141                0.016               0.000               0.000          3124723.949   1.00000 
  3800.299           7.657    225.710       0.305       0.141                0.016               0.000               0.000          3124723.965   1.00000 
  3801.299           7.643    225.710       0.305       0.141                0.016               0.000               0.000          3124723.981   1.00000 
  3802.299           7.629    225.710       0.305       0.141                0.016               0.000               0.000          3124723.997   1.00000 
  3803.299           7.615    225.710       0.305       0.141                0.016               0.000               0.000          3124724.014   1.00000 
  3804.299           7.601    225.711       0.305       0.141                0.016               0.000               0.000          3124724.030   1.00000 
  3805.299           7.587    225.711       0.305       0.141                0.016               0.000               0.000          3124724.046   1.00000 
  3806.299           7.573    225.711       0.305       0.141                0.016               0.000               0.000          3124724.062   1.00000 
  3807.299           7.560    225.711       0.305       0.141                0.016               0.000               0.000          3124724.078   1.00000 
  3808.299           7.546    225.711       0.305       0.141                0.016               0.000               0.000          3124724.094   1.00000 
  3809.299           7.532    225.711       0.305       0.141                0.016               0.000               0.000          3124724.110   1.00000 
  3810.299           7.518    225.711       0.305       0.141                0.016               0.000               0.000          3124724.126   1.00000 
  3811.299           7.504    225.711       0.305       0.141                0.016               0.000               0.000          3124724.142   1.00000 
  3812.299           7.490    225.711       0.305       0.141                0.016               0.000               0.000          3124724.158   1.00000 
  3813.299           7.476    225.711       0.305       0.141                0.016               0.000               0.000          3124724.174   1.00000 
  3814.299           7.463    225.711       0.305       0.141                0.016               0.000               0.000          3124724.190   1.00000 
  3815.299           7.449    225.711       0.305       0.141                0.016               0.000               0.000          3124724.206   1.00000 
  3816.299           7.435    225.711       0.305       0.141                0.016               0.000               0.000          3124724.221   1.00000 
  3817.299           7.421    225.711       0.305       0.141                0.016               0.000               0.000          3124724.237   1.00000 
  3818.299           7.407    225.711       0.305       0.141                0.016               0.000               0.000          3124724.253   1.00000 
  3819.299           7.394    225.712       0.305       0.141                0.016               0.000               0.000          3124724.269   1.00000 
  3820.299           7.380    225.712       0.305       0.141                0.016               0.000               0.000          3124724.284   1.00000 
  3821.299           7.366    225.712       0.305       0.141                0.016               0.000               0.000          3124724.300   1.00000 
  3822.299           7.352    225.712       0.305       0.141                0.016               0.000               0.000          3124724.316   1.00000 
  3823.299           7.339    225.712       0.305       0.141                0.016               0.000               0.000          3124724.331   1.00000 
  3824.299           7.325    225.712       0.305       0.141                0.016               0.000               0.000          3124724.347   1.00000 
  3825.299           7.311    225.712       0.305       0.141                0.016               0.000               0.000          3124724.363   1.00000 
  3826.299           7.298    225.712       0.305       0.141                0.016               0.000               0.000          3124724.378   1.00000 
  3827.299           7.284    225.712       0.305       0.141                0.016               0.000               0.000          3124724.394   1.00000 
  3828.299           7.271    225.712       0.305       0.141                0.016               0.000               0.000          3124724.409   1.00000 
  3829.299           7.257    225.712       0.305       0.141                0.015               0.000               0.000          3124724.425   1.00000 
  3830.299           7.243    225.712       0.305       0.141                0.015               0.000               0.000          3124724.440   1.00000 
  3831.299           7.230    225.712       0.305       0.141                0.015               0.000               0.000          3124724.456   1.00000 
  3832.299           7.216    225.712       0.305       0.141                0.015               0.000               0.000          3124724.471   1.00000 
  3833.299           7.203    225.712       0.305       0.141                0.015               0.000               0.000          3124724.486   1.00000 
  3834.299           7.189    225.712       0.305       0.141                0.015               0.000               0.000          3124724.502   1.00000 
  3835.299           7.176    225.713       0.305       0.141                0.015               0.000               0.000          3124724.517   1.00000 
  3836.299           7.162    225.713       0.305       0.141                0.015               0.000               0.000          3124724.532   1.00000 
  3837.299           7.149    225.713       0.305       0.141                0.015               0.000               0.000          3124724.548   1.00000 
  3838.299           7.135    225.713       0.305       0.141                0.015               0.000               0.000          3124724.563   1.00000 
  3839.299           7.122    225.713       0.305       0.141                0.015               0.000               0.000          3124724.578   1.00000 
  3840.299           7.108    225.713       0.305       0.141                0.015               0.000               0.000          3124724.593   1.00000 
  3841.299           7.095    225.713       0.305       0.141                0.015               0.000               0.000          3124724.608   1.00000 
  3842.299           7.081    225.713       0.305       0.141                0.015               0.000               0.000          3124724.624   1.00000 
  3843.299           7.068    225.713       0.305       0.141                0.015               0.000               0.000          3124724.639   1.00000 
  3844.299           7.054    225.713       0.305       0.141                0.015               0.000               0.000          3124724.654   1.00000 
  3845.299           7.041    225.713       0.305       0.141                0.015               0.000               0.000          3124724.669   1.00000 
  3846.299           7.028    225.713       0.305       0.141                0.015               0.000               0.000          3124724.684   1.00000 
  3847.299           7.014    225.713       0.305       0.141                0.015               0.000               0.000          3124724.699   1.00000 
  3848.299           7.001    225.713       0.305       0.141                0.015               0.000               0.000          3124724.714   1.00000 
  3849.299           6.988    225.713       0.305       0.141                0.015               0.000               0.000          3124724.729   1.00000 
  3850.299           6.974    225.714       0.305       0.141                0.015               0.000               0.000          3124724.744   1.00000 
  3851.299           6.961    225.714       0.305       0.141                0.015               0.000               0.000          3124724.759   1.00000 
  3852.299           6.948    225.714       0.305       0.141                0.015               0.000               0.000          3124724.774   1.00000 
  3853.299           6.934    225.714       0.305       0.141                0.015               0.000               0.000          3124724.789   1.00000 
  3854.299           6.921    225.714       0.305       0.141                0.015               0.000               0.000          3124724.803   1.00000 
  3855.299           6.908    225.714       0.305       0.141                0.015               0.000               0.000          3124724.818   1.00000 
  3856.299           6.895    225.714       0.305       0.141                0.015               0.000               0.000          3124724.833   1.00000 
  3857.299           6.881    225.714       0.305       0.141                0.015               0.000               0.000          3124724.848   1.00000 
  3858.299           6.868    225.714       0.305       0.141                0.015               0.000               0.000          3124724.863   1.00000 
  3859.299           6.855    225.714       0.305       0.141                0.015               0.000               0.000          3124724.877   1.00000 
  3860.299           6.842    225.714       0.305       0.141                0.015               0.000               0.000          3124724.892   1.00000 
  3861.299           6.829    225.714       0.305       0.141                0.015               0.000               0.000          3124724.907   1.00000 
  3862.299           6.815    225.714       0.305       0.141                0.015               0.000               0.000          3124724.921   1.00000 
  3863.299           6.802    225.714       0.305       0.141                0.015               0.000               0.000          3124724.936   1.00000 
  3864.299           6.789    225.714       0.305       0.141                0.015               0.000               0.000          3124724.951   1.00000 
  3865.299           6.776    225.714       0.305       0.141                0.015               0.000               0.000          3124724.965   1.00000 
  3866.299           6.763    225.714       0.305       0.141                0.015               0.000               0.000          3124724.980   1.00000 
  3867.299           6.750    225.715       0.305       0.141                0.015               0.000               0.000          3124724.994   1.00000 
  3868.299           6.737    225.715       0.305       0.141                0.015               0.000               0.000          3124725.009   1.00000 
  3869.299           6.724    225.715       0.305       0.141                0.015               0.000               0.000          3124725.023   1.00000 
  3870.299           6.711    225.715       0.305       0.141                0.014               0.000               0.000          3124725.038   1.00000 
  3871.299           6.698    225.715       0.305       0.141                0.014               0.000               0.000          3124725.052   1.00000 
  3872.299           6.685    225.715       0.305       0.141                0.014               0.000               0.000          3124725.067   1.00000 
  3873.299           6.672    225.715       0.305       0.141                0.014               0.000               0.000          3124725.081   1.00000 
  3874.299           6.659    225.715       0.305       0.141                0.014               0.000               0.000          3124725.096   1.00000 
  3875.299           6.646    225.715       0.305       0.141                0.014               0.000               0.000          3124725.110   1.00000 
  3876.299           6.633    225.715       0.305       0.141                0.014               0.000               0.000          3124725.124   1.00000 
  3877.299           6.620    225.715       0.305       0.141                0.014               0.000               0.000          3124725.139   1.00000 
  3878.299           6.607    225.715       0.305       0.141                0.014               0.000               0.000          3124725.153   1.00000 
  3879.299           6.594    225.715       0.305       0.141                0.014               0.000               0.000          3124725.167   1.00000 
  3880.299           6.581    225.715       0.305       0.141                0.014               0.000               0.000          3124725.181   1.00000 
  3881.299           6.568    225.715       0.305       0.141                0.014               0.000               0.000          3124725.196   1.00000 
  3882.299           6.555    225.715       0.305       0.141                0.014               0.000               0.000          3124725.210   1.00000 
  3883.299           6.542    225.715       0.305       0.141                0.014               0.000               0.000          3124725.224   1.00000 
  3884.299           6.529    225.716       0.305       0.141                0.014               0.000               0.000          3124725.238   1.00000 
  3885.299           6.516    225.716       0.305       0.141                0.014               0.000               0.000          3124725.252   1.00000 
  3886.299           6.503    225.716       0.305       0.141                0.014               0.000               0.000          3124725.266   1.00000 
  3887.299           6.491    225.716       0.305       0.141                0.014               0.000               0.000          3124725.281   1.00000 
  3888.299           6.478    225.716       0.305       0.141                0.014               0.000               0.000          3124725.295   1.00000 
  3889.299           6.465    225.716       0.305       0.141                0.014               0.000               0.000          3124725.309   1.00000 
  3890.299           6.452    225.716       0.305       0.141                0.014               0.000               0.000          3124725.323   1.00000 
  3891.299           6.439    225.716       0.305       0.141                0.014               0.000               0.000          3124725.337   1.00000 
  3892.299           6.427    225.716       0.305       0.141                0.014               0.000               0.000          3124725.351   1.00000 
  3893.299           6.414    225.716       0.305       0.141                0.014               0.000               0.000          3124725.365   1.00000 
  3894.299           6.401    225.716       0.305       0.141                0.014               0.000               0.000          3124725.379   1.00000 
  3895.299           6.388    225.716       0.305       0.141                0.014               0.000               0.000          3124725.393   1.00000 
  3896.299           6.376    225.716       0.305       0.141                0.014               0.000               0.000          3124725.407   1.00000 
  3897.299           6.363    225.716       0.305       0.141                0.014               0.000               0.000          3124725.420   1.00000 
  3898.299           6.350    225.716       0.305       0.141                0.014               0.000               0.000          3124725.434   1.00000 
  3899.299           6.338    225.716       0.305       0.141                0.014               0.000               0.000          3124725.448   1.00000 
  3900.299           6.325    225.716       0.305       0.141                0.014               0.000               0.000          3124725.462   1.00000 
  3901.299           6.312    225.717       0.305       0.141                0.014               0.000               0.000          3124725.476   1.00000 
  3902.299           6.300    225.717       0.305       0.141                0.014               0.000               0.000          3124725.490   1.00000 
  3903.299           6.287    225.717       0.305       0.141                0.014               0.000               0.000          3124725.503   1.00000 
  3904.299           6.274    225.717       0.305       0.141                0.014               0.000               0.000          3124725.517   1.00000 
  3905.299           6.262    225.717       0.305       0.141                0.014               0.000               0.000          3124725.531   1.00000 
  3906.299           6.249    225.717       0.305       0.141                0.014               0.000               0.000          3124725.544   1.00000 
  3907.299           6.237    225.717       0.305       0.141                0.014               0.000               0.000          3124725.558   1.00000 
  3908.299           6.224    225.717       0.305       0.141                0.014               0.000               0.000          3124725.572   1.00000 
  3909.299           6.211    225.717       0.305       0.141                0.014               0.000               0.000          3124725.585   1.00000 
  3910.299           6.199    225.717       0.305       0.141                0.014               0.000               0.000          3124725.599   1.00000 
  3911.299           6.186    225.717       0.305       0.141                0.014               0.000               0.000          3124725.613   1.00000 
  3912.299           6.174    225.717       0.305       0.141                0.014               0.000               0.000          3124725.626   1.00000 
  3913.299           6.161    225.717       0.305       0.141                0.014               0.000               0.000          3124725.640   1.00000 
  3914.299           6.149    225.717       0.305       0.141                0.014               0.000               0.000          3124725.653   1.00000 
  3915.299           6.136    225.717       0.305       0.141                0.014               0.000               0.000          3124725.667   1.00000 
  3916.299           6.124    225.717       0.305       0.141                0.013               0.000               0.000          3124725.680   1.00000 
  3917.299           6.111    225.717       0.305       0.141                0.013               0.000               0.000          3124725.694   1.00000 
  3918.299           6.099    225.718       0.305       0.141                0.013               0.000               0.000          3124725.707   1.00000 
  3919.299           6.086    225.718       0.305       0.141                0.013               0.000               0.000          3124725.721   1.00000 
  3920.299           6.074    225.718       0.305       0.141                0.013               0.000               0.000          3124725.734   1.00000 
  3921.299           6.062    225.718       0.305       0.141                0.013               0.000               0.000          3124725.747   1.00000 
  3922.299           6.049    225.718       0.305       0.141                0.013               0.000               0.000          3124725.761   1.00000 
  3923.299           6.037    225.718       0.305       0.141                0.013               0.000               0.000          3124725.774   1.00000 
  3924.299           6.024    225.718       0.305       0.141                0.013               0.000               0.000          3124725.787   1.00000 
  3925.299           6.012    225.718       0.305       0.141                0.013               0.000               0.000          3124725.801   1.00000 
  3926.299           6.000    225.718       0.305       0.141                0.013               0.000               0.000          3124725.814   1.00000 
  3927.299           5.987    225.718       0.305       0.141                0.013               0.000               0.000          3124725.827   1.00000 
  3928.299           5.975    225.718       0.305       0.141                0.013               0.000               0.000          3124725.841   1.00000 
  3929.299           5.963    225.718       0.305       0.141                0.013               0.000               0.000          3124725.854   1.00000 
  3930.299           5.950    225.718       0.305       0.141                0.013               0.000               0.000          3124725.867   1.00000 
  3931.299           5.938    225.718       0.305       0.141                0.013               0.000               0.000          3124725.880   1.00000 
  3932.299           5.926    225.718       0.305       0.141                0.013               0.000               0.000          3124725.893   1.00000 
  3933.299           5.914    225.718       0.305       0.141                0.013               0.000               0.000          3124725.907   1.00000 
  3934.299           5.901    225.718       0.305       0.141                0.013               0.000               0.000          3124725.920   1.00000 
  3935.299           5.889    225.718       0.305       0.141                0.013               0.000               0.000          3124725.933   1.00000 
  3936.299           5.877    225.718       0.305       0.141                0.013               0.000               0.000          3124725.946   1.00000 
  3937.299           5.865    225.719       0.305       0.141                0.013               0.000               0.000          3124725.959   1.00000 
  3938.299           5.852    225.719       0.305       0.141                0.013               0.000               0.000          3124725.972   1.00000 
  3939.299           5.840    225.719       0.305       0.141                0.013               0.000               0.000          3124725.985   1.00000 
  3940.299           5.828    225.719       0.305       0.141                0.013               0.000               0.000          3124725.998   1.00000 
  3941.299           5.816    225.719       0.305       0.141                0.013               0.000               0.000          3124726.011   1.00000 
  3942.299           5.804    225.719       0.305       0.141                0.013               0.000               0.000          3124726.024   1.00000 
  3943.299           5.791    225.719       0.305       0.141                0.013               0.000               0.000          3124726.037   1.00000 
  3944.299           5.779    225.719       0.305       0.141                0.013               0.000               0.000          3124726.050   1.00000 
  3945.299           5.767    225.719       0.305       0.141                0.013               0.000               0.000          3124726.063   1.00000 
  3946.299           5.755    225.719       0.305       0.141                0.013               0.000               0.000          3124726.076   1.00000 
  3947.299           5.743    225.719       0.305       0.141                0.013               0.000               0.000          3124726.089   1.00000 
  3948.299           5.731    225.719       0.305       0.141                0.013               0.000               0.000          3124726.102   1.00000 
  3949.299           5.719    225.719       0.305       0.141                0.013               0.000               0.000          3124726.115   1.00000 
  3950.299           5.707    225.719       0.305       0.141                0.013               0.000               0.000          3124726.127   1.00000 
  3951.299           5.695    225.719       0.305       0.141                0.013               0.000               0.000          3124726.140   1.00000 
  3952.299           5.683    225.719       0.305       0.141                0.013               0.000               0.000          3124726.153   1.00000 
  3953.299           5.670    225.719       0.305       0.141                0.013               0.000               0.000          3124726.166   1.00000 
  3954.299           5.658    225.719       0.305       0.141                0.013               0.000               0.000          3124726.179   1.00000 
  3955.299           5.646    225.720       0.305       0.141                0.013               0.000               0.000          3124726.191   1.00000 
  3956.299           5.634    225.720       0.305       0.141                0.013               0.000               0.000          3124726.204   1.00000 
  3957.299           5.622    225.720       0.305       0.141                0.013               0.000               0.000          3124726.217   1.00000 
  3958.299           5.610    225.720       0.305       0.141                0.013               0.000               0.000          3124726.230   1.00000 
  3959.299           5.598    225.720       0.305       0.141                0.013               0.000               0.000          3124726.242   1.00000 
  3960.299           5.586    225.720       0.305       0.141                0.013               0.000               0.000          3124726.255   1.00000 
  3961.299           5.575    225.720       0.305       0.141                0.013               0.000               0.000          3124726.267   1.00000 
  3962.299           5.563    225.720       0.305       0.141                0.013               0.000               0.000          3124726.280   1.00000 
  3963.299           5.551    225.720       0.305       0.141                0.013               0.000               0.000          3124726.293   1.00000 
  3964.299           5.539    225.720       0.305       0.141                0.013               0.000               0.000          3124726.305   1.00000 
  3965.299           5.527    225.720       0.305       0.141                0.013               0.000               0.000          3124726.318   1.00000 
  3966.299           5.515    225.720       0.305       0.141                0.013               0.000               0.000          3124726.330   1.00000 
  3967.299           5.503    225.720       0.305       0.141                0.013               0.000               0.000          3124726.343   1.00000 
  3968.299           5.491    225.720       0.305       0.141                0.013               0.000               0.000          3124726.355   1.00000 
  3969.299           5.479    225.720       0.305       0.141                0.013               0.000               0.000          3124726.368   1.00000 
  3970.299           5.467    225.720       0.305       0.141                0.012               0.000               0.000          3124726.380   1.00000 
  3971.299           5.456    225.720       0.305       0.141                0.012               0.000               0.000          3124726.393   1.00000 
  3972.299           5.444    225.720       0.305       0.141                0.012               0.000               0.000          3124726.405   1.00000 
  3973.299           5.432    225.720       0.305       0.141                0.012               0.000               0.000          3124726.418   1.00000 
  3974.299           5.420    225.721       0.305       0.141                0.012               0.000               0.000          3124726.430   1.00000 
  3975.299           5.408    225.721       0.305       0.141                0.012               0.000               0.000          3124726.443   1.00000 
  3976.299           5.397    225.721       0.305       0.141                0.012               0.000               0.000          3124726.455   1.00000 
  3977.299           5.385    225.721       0.305       0.141                0.012               0.000               0.000          3124726.467   1.00000 
  3978.299           5.373    225.721       0.305       0.141                0.012               0.000               0.000          3124726.480   1.00000 
  3979.299           5.361    225.721       0.305       0.141                0.012               0.000               0.000          3124726.492   1.00000 
  3980.299           5.350    225.721       0.305       0.141                0.012               0.000               0.000          3124726.504   1.00000 
  3981.299           5.338    225.721       0.305       0.141                0.012               0.000               0.000          3124726.517   1.00000 
  3982.299           5.326    225.721       0.305       0.141                0.012               0.000               0.000          3124726.529   1.00000 
  3983.299           5.314    225.721       0.305       0.141                0.012               0.000               0.000          3124726.541   1.00000 
  3984.299           5.303    225.721       0.305       0.141                0.012               0.000               0.000          3124726.553   1.00000 
  3985.299           5.291    225.721       0.305       0.141                0.012               0.000               0.000          3124726.566   1.00000 
  3986.299           5.279    225.721       0.305       0.141                0.012               0.000               0.000          3124726.578   1.00000 
  3987.299           5.268    225.721       0.305       0.141                0.012               0.000               0.000          3124726.590   1.00000 
  3988.299           5.256    225.721       0.305       0.141                0.012               0.000               0.000          3124726.602   1.00000 
  3989.299           5.244    225.721       0.305       0.141                0.012               0.000               0.000          3124726.614   1.00000 
  3990.299           5.233    225.721       0.305       0.141                0.012               0.000               0.000          3124726.627   1.00000 
  3991.299           5.221    225.721       0.305       0.141                0.012               0.000               0.000          3124726.639   1.00000 
  3992.299           5.209    225.721       0.305       0.141                0.012               0.000               0.000          3124726.651   1.00000 
  3993.299           5.198    225.721       0.305       0.141                0.012               0.000               0.000          3124726.663   1.00000 
  3994.299           5.186    225.722       0.305       0.141                0.012               0.000               0.000          3124726.675   1.00000 
  3995.299           5.175    225.722       0.305       0.141                0.012               0.000               0.000          3124726.687   1.00000 
  3996.299           5.163    225.722       0.305       0.141                0.012               0.000               0.000          3124726.699   1.00000 
  3997.299           5.152    225.722       0.305       0.141                0.012               0.000               0.000          3124726.711   1.00000 
  3998.299           5.140    225.722       0.305       0.141                0.012               0.000               0.000          3124726.723   1.00000 
  3999.299           5.128    225.722       0.305       0.141                0.012               0.000               0.000          3124726.735   1.00000 
  4000.299           5.117    225.722       0.305       0.141                0.012               0.000               0.000          3124726.747   1.00000 
  4001.299           5.105    225.722       0.305       0.141                0.012               0.000               0.000          3124726.759   1.00000 
  4002.299           5.094    225.722       0.305       0.141                0.012               0.000               0.000          3124726.771   1.00000 
  4003.299           5.082    225.722       0.305       0.141                0.012               0.000               0.000          3124726.783   1.00000 
  4004.299           5.071    225.722       0.305       0.141                0.012               0.000               0.000          3124726.795   1.00000 
  4005.299           5.059    225.722       0.305       0.141                0.012               0.000               0.000          3124726.807   1.00000 
  4006.299           5.048    225.722       0.305       0.141                0.012               0.000               0.000          3124726.819   1.00000 
  4007.299           5.036    225.722       0.305       0.141                0.012               0.000               0.000          3124726.831   1.00000 
  4008.299           5.025    225.722       0.305       0.141                0.012               0.000               0.000          3124726.842   1.00000 
  4009.299           5.014    225.722       0.305       0.141                0.012               0.000               0.000          3124726.854   1.00000 
  4010.299           5.002    225.722       0.305       0.141                0.012               0.000               0.000          3124726.866   1.00000 
  4011.299           4.991    225.722       0.305       0.141                0.012               0.000               0.000          3124726.878   1.00000 
  4012.299           4.979    225.722       0.305       0.141                0.012               0.000               0.000          3124726.890   1.00000 
  4013.299           4.968    225.722       0.305       0.141                0.012               0.000               0.000          3124726.901   1.00000 
  4014.299           4.956    225.723       0.305       0.141                0.012               0.000               0.000          3124726.913   1.00000 
  4015.299           4.945    225.723       0.305       0.141                0.012               0.000               0.000          3124726.925   1.00000 
  4016.299           4.934    225.723       0.305       0.141                0.012               0.000               0.000          3124726.937   1.00000 
  4017.299           4.922    225.723       0.305       0.141                0.012               0.000               0.000          3124726.948   1.00000 
  4018.299           4.911    225.723       0.305       0.141                0.012               0.000               0.000          3124726.960   1.00000 
  4019.299           4.900    225.723       0.305       0.141                0.012               0.000               0.000          3124726.972   1.00000 
  4020.299           4.888    225.723       0.305       0.141                0.012               0.000               0.000          3124726.984   1.00000 
  4021.299           4.877    225.723       0.305       0.141                0.012               0.000               0.000          3124726.995   1.00000 
  4022.299           4.866    225.723       0.305       0.141                0.012               0.000               0.000          3124727.007   1.00000 
  4023.299           4.854    225.723       0.305       0.141                0.012               0.000               0.000          3124727.018   1.00000 
  4024.299           4.843    225.723       0.305       0.141                0.012               0.000               0.000          3124727.030   1.00000 
  4025.299           4.832    225.723       0.305       0.141                0.012               0.000               0.000          3124727.042   1.00000 
  4026.299           4.821    225.723       0.305       0.141                0.012               0.000               0.000          3124727.053   1.00000 
  4027.299           4.809    225.723       0.305       0.141                0.012               0.000               0.000          3124727.065   1.00000 
  4028.299           4.798    225.723       0.305       0.141                0.012               0.000               0.000          3124727.076   1.00000 
  4029.299           4.787    225.723       0.305       0.141                0.012               0.000               0.000          3124727.088   1.00000 
  4030.299           4.776    225.723       0.305       0.141                0.012               0.000               0.000          3124727.099   1.00000 
  4031.299           4.764    225.723       0.305       0.141                0.012               0.000               0.000          3124727.111   1.00000 
  4032.299           4.753    225.723       0.305       0.141                0.011               0.000               0.000          3124727.122   1.00000 
  4033.299           4.742    225.723       0.305       0.141                0.011               0.000               0.000          3124727.134   1.00000 
  4034.299           4.731    225.723       0.305       0.141                0.011               0.000               0.000          3124727.145   1.00000 
  4035.299           4.720    225.724       0.305       0.141                0.011               0.000               0.000          3124727.157   1.00000 
  4036.299           4.708    225.724       0.305       0.141                0.011               0.000               0.000          3124727.168   1.00000 
  4037.299           4.697    225.724       0.305       0.141                0.011               0.000               0.000          3124727.180   1.00000 
  4038.299           4.686    225.724       0.305       0.141                0.011               0.000               0.000          3124727.191   1.00000 
  4039.299           4.675    225.724       0.305       0.141                0.011               0.000               0.000          3124727.202   1.00000 
  4040.299           4.664    225.724       0.305       0.141                0.011               0.000               0.000          3124727.214   1.00000 
  4041.299           4.653    225.724       0.305       0.141                0.011               0.000               0.000          3124727.225   1.00000 
  4042.299           4.642    225.724       0.305       0.141                0.011               0.000               0.000          3124727.236   1.00000 
  4043.299           4.630    225.724       0.305       0.141                0.011               0.000               0.000          3124727.248   1.00000 
  4044.299           4.619    225.724       0.305       0.141                0.011               0.000               0.000          3124727.259   1.00000 
  4045.299           4.608    225.724       0.305       0.141                0.011               0.000               0.000          3124727.270   1.00000 
  4046.299           4.597    225.724       0.305       0.141                0.011               0.000               0.000          3124727.282   1.00000 
  4047.299           4.586    225.724       0.305       0.141                0.011               0.000               0.000          3124727.293   1.00000 
  4048.299           4.575    225.724       0.305       0.141                0.011               0.000               0.000          3124727.304   1.00000 
  4049.299           4.564    225.724       0.305       0.141                0.011               0.000               0.000          3124727.315   1.00000 
  4050.299           4.553    225.724       0.305       0.141                0.011               0.000               0.000          3124727.327   1.00000 
  4051.299           4.542    225.724       0.305       0.141                0.011               0.000               0.000          3124727.338   1.00000 
  4052.299           4.531    225.724       0.305       0.141                0.011               0.000               0.000          3124727.349   1.00000 
  4053.299           4.520    225.724       0.305       0.141                0.011               0.000               0.000          3124727.360   1.00000 
  4054.299           4.509    225.724       0.305       0.141                0.011               0.000               0.000          3124727.371   1.00000 
  4055.299           4.498    225.724       0.305       0.141                0.011               0.000               0.000          3124727.383   1.00000 
  4056.299           4.487    225.725       0.305       0.141                0.011               0.000               0.000          3124727.394   1.00000 
  4057.299           4.476    225.725       0.305       0.141                0.011               0.000               0.000          3124727.405   1.00000 
  4058.299           4.465    225.725       0.305       0.141                0.011               0.000               0.000          3124727.416   1.00000 
  4059.299           4.454    225.725       0.305       0.141                0.011               0.000               0.000          3124727.427   1.00000 
  4060.299           4.443    225.725       0.305       0.141                0.011               0.000               0.000          3124727.438   1.00000 
  4061.299           4.432    225.725       0.305       0.141                0.011               0.000               0.000          3124727.449   1.00000 
  4062.299           4.421    225.725       0.305       0.141                0.011               0.000               0.000          3124727.460   1.00000 
  4063.299           4.410    225.725       0.305       0.141                0.011               0.000               0.000          3124727.471   1.00000 
  4064.299           4.399    225.725       0.305       0.141                0.011               0.000               0.000          3124727.482   1.00000 
  4065.299           4.388    225.725       0.305       0.141                0.011               0.000               0.000          3124727.493   1.00000 
  4066.299           4.378    225.725       0.305       0.141                0.011               0.000               0.000          3124727.504   1.00000 
  4067.299           4.367    225.725       0.305       0.141                0.011               0.000               0.000          3124727.515   1.00000 
  4068.299           4.356    225.725       0.305       0.141                0.011               0.000               0.000          3124727.526   1.00000 
  4069.299           4.345    225.725       0.305       0.141                0.011               0.000               0.000          3124727.537   1.00000 
  4070.299           4.334    225.725       0.305       0.141                0.011               0.000               0.000          3124727.548   1.00000 
  4071.299           4.323    225.725       0.305       0.141                0.011               0.000               0.000          3124727.559   1.00000 
  4072.299           4.312    225.725       0.305       0.141                0.011               0.000               0.000          3124727.570   1.00000 
  4073.299           4.301    225.725       0.305       0.141                0.011               0.000               0.000          3124727.581   1.00000 
  4074.299           4.291    225.725       0.305       0.141                0.011               0.000               0.000          3124727.592   1.00000 
  4075.299           4.280    225.725       0.305       0.141                0.011               0.000               0.000          3124727.603   1.00000 
  4076.299           4.269    225.725       0.305       0.141                0.011               0.000               0.000          3124727.614   1.00000 
  4077.299           4.258    225.725       0.305       0.141                0.011               0.000               0.000          3124727.625   1.00000 
  4078.299           4.247    225.726       0.305       0.141                0.011               0.000               0.000          3124727.635   1.00000 
  4079.299           4.237    225.726       0.305       0.141                0.011               0.000               0.000          3124727.646   1.00000 
  4080.299           4.226    225.726       0.305       0.141                0.011               0.000               0.000          3124727.657   1.00000 
  4081.299           4.215    225.726       0.305       0.141                0.011               0.000               0.000          3124727.668   1.00000 
  4082.299           4.204    225.726       0.305       0.141                0.011               0.000               0.000          3124727.679   1.00000 
  4083.299           4.194    225.726       0.305       0.141                0.011               0.000               0.000          3124727.689   1.00000 
  4084.299           4.183    225.726       0.305       0.141                0.011               0.000               0.000          3124727.700   1.00000 
  4085.299           4.172    225.726       0.305       0.141                0.011               0.000               0.000          3124727.711   1.00000 
  4086.299           4.161    225.726       0.305       0.141                0.011               0.000               0.000          3124727.722   1.00000 
  4087.299           4.151    225.726       0.305       0.141                0.011               0.000               0.000          3124727.732   1.00000 
  4088.299           4.140    225.726       0.305       0.141                0.011               0.000               0.000          3124727.743   1.00000 
  4089.299           4.129    225.726       0.305       0.141                0.011               0.000               0.000          3124727.754   1.00000 
  4090.299           4.119    225.726       0.305       0.141                0.011               0.000               0.000          3124727.765   1.00000 
  4091.299           4.108    225.726       0.305       0.141                0.011               0.000               0.000          3124727.775   1.00000 
  4092.299           4.097    225.726       0.305       0.141                0.011               0.000               0.000          3124727.786   1.00000 
  4093.299           4.087    225.726       0.305       0.141                0.011               0.000               0.000          3124727.796   1.00000 
  4094.299           4.076    225.726       0.305       0.141                0.011               0.000               0.000          3124727.807   1.00000 
  4095.299           4.065    225.726       0.305       0.141                0.011               0.000               0.000          3124727.818   1.00000 
  4096.299           4.055    225.726       0.305       0.141                0.011               0.000               0.000          3124727.828   1.00000 
  4097.299           4.044    225.726       0.305       0.141                0.011               0.000               0.000          3124727.839   1.00000 
  4098.299           4.034    225.726       0.305       0.141                0.011               0.000               0.000          3124727.850   1.00000 
  4099.299           4.023    225.726       0.305       0.141                0.011               0.000               0.000          3124727.860   1.00000 
  4100.299           4.012    225.726       0.305       0.141                0.011               0.000               0.000          3124727.871   1.00000 
  4101.299           4.002    225.727       0.305       0.141                0.011               0.000               0.000          3124727.881   1.00000 
  4102.299           3.991    225.727       0.305       0.141                0.011               0.000               0.000          3124727.892   1.00000 
  4103.299           3.981    225.727       0.305       0.141                0.011               0.000               0.000          3124727.902   1.00000 
  4104.299           3.970    225.727       0.305       0.141                0.011               0.000               0.000          3124727.913   1.00000 
  4105.299           3.959    225.727       0.305       0.141                0.010               0.000               0.000          3124727.923   1.00000 
  4106.299           3.949    225.727       0.305       0.141                0.010               0.000               0.000          3124727.934   1.00000 
  4107.299           3.938    225.727       0.305       0.141                0.010               0.000               0.000          3124727.944   1.00000 
  4108.299           3.928    225.727       0.305       0.141                0.010               0.000               0.000          3124727.955   1.00000 
  4109.299           3.917    225.727       0.305       0.141                0.010               0.000               0.000          3124727.965   1.00000 
  4110.299           3.907    225.727       0.305       0.141                0.010               0.000               0.000          3124727.976   1.00000 
  4111.299           3.896    225.727       0.305       0.141                0.010               0.000               0.000          3124727.986   1.00000 
  4112.299           3.886    225.727       0.305       0.141                0.010               0.000               0.000          3124727.996   1.00000 
  4113.299           3.875    225.727       0.305       0.141                0.010               0.000               0.000          3124728.007   1.00000 
  4114.299           3.865    225.727       0.305       0.141                0.010               0.000               0.000          3124728.017   1.00000 
  4115.299           3.854    225.727       0.305       0.141                0.010               0.000               0.000          3124728.028   1.00000 
  4116.299           3.844    225.727       0.305       0.141                0.010               0.000               0.000          3124728.038   1.00000 
  4117.299           3.833    225.727       0.305       0.141                0.010               0.000               0.000          3124728.048   1.00000 
  4118.299           3.823    225.727       0.305       0.141                0.010               0.000               0.000          3124728.059   1.00000 
  4119.299           3.813    225.727       0.305       0.141                0.010               0.000               0.000          3124728.069   1.00000 
  4120.299           3.802    225.727       0.305       0.141                0.010               0.000               0.000          3124728.079   1.00000 
  4121.299           3.792    225.727       0.305       0.141                0.010               0.000               0.000          3124728.089   1.00000 
  4122.299           3.781    225.727       0.305       0.141                0.010               0.000               0.000          3124728.100   1.00000 
  4123.299           3.771    225.727       0.305       0.141                0.010               0.000               0.000          3124728.110   1.00000 
  4124.299           3.761    225.728       0.305       0.141                0.010               0.000               0.000          3124728.120   1.00000 
  4125.299           3.750    225.728       0.305       0.141                0.010               0.000               0.000          3124728.131   1.00000 
  4126.299           3.740    225.728       0.305       0.141                0.010               0.000               0.000          3124728.141   1.00000 
  4127.299           3.729    225.728       0.305       0.141                0.010               0.000               0.000          3124728.151   1.00000 
  4128.299           3.719    225.728       0.305       0.141                0.010               0.000               0.000          3124728.161   1.00000 
  4129.299           3.709    225.728       0.305       0.141                0.010               0.000               0.000          3124728.171   1.00000 
  4130.299           3.698    225.728       0.305       0.141                0.010               0.000               0.000          3124728.182   1.00000 
  4131.299           3.688    225.728       0.305       0.141                0.010               0.000               0.000          3124728.192   1.00000 
  4132.299           3.678    225.728       0.305       0.141                0.010               0.000               0.000          3124728.202   1.00000 
  4133.299           3.667    225.728       0.305       0.141                0.010               0.000               0.000          3124728.212   1.00000 
  4134.299           3.657    225.728       0.305       0.141                0.010               0.000               0.000          3124728.222   1.00000 
  4135.299           3.647    225.728       0.305       0.141                0.010               0.000               0.000          3124728.232   1.00000 
  4136.299           3.636    225.728       0.305       0.141                0.010               0.000               0.000          3124728.243   1.00000 
  4137.299           3.626    225.728       0.305       0.141                0.010               0.000               0.000          3124728.253   1.00000 
  4138.299           3.616    225.728       0.305       0.141                0.010               0.000               0.000          3124728.263   1.00000 
  4139.299           3.606    225.728       0.305       0.141                0.010               0.000               0.000          3124728.273   1.00000 
  4140.299           3.595    225.728       0.305       0.141                0.010               0.000               0.000          3124728.283   1.00000 
  4141.299           3.585    225.728       0.305       0.141                0.010               0.000               0.000          3124728.293   1.00000 
  4142.299           3.575    225.728       0.305       0.141                0.010               0.000               0.000          3124728.303   1.00000 
  4143.299           3.565    225.728       0.305       0.141                0.010               0.000               0.000          3124728.313   1.00000 
  4144.299           3.554    225.728       0.305       0.141                0.010               0.000               0.000          3124728.323   1.00000 
  4145.299           3.544    225.728       0.305       0.141                0.010               0.000               0.000          3124728.333   1.00000 
  4146.299           3.534    225.728       0.305       0.141                0.010               0.000               0.000          3124728.343   1.00000 
  4147.299           3.524    225.728       0.305       0.141                0.010               0.000               0.000          3124728.353   1.00000 
  4148.299           3.513    225.729       0.305       0.141                0.010               0.000               0.000          3124728.363   1.00000 
  4149.299           3.503    225.729       0.305       0.141                0.010               0.000               0.000          3124728.373   1.00000 
  4150.299           3.493    225.729       0.305       0.141                0.010               0.000               0.000          3124728.383   1.00000 
  4151.299           3.483    225.729       0.305       0.141                0.010               0.000               0.000          3124728.393   1.00000 
  4152.299           3.473    225.729       0.305       0.141                0.010               0.000               0.000          3124728.403   1.00000 
  4153.299           3.463    225.729       0.305       0.141                0.010               0.000               0.000          3124728.413   1.00000 
  4154.299           3.452    225.729       0.305       0.141                0.010               0.000               0.000          3124728.423   1.00000 
  4155.299           3.442    225.729       0.305       0.141                0.010               0.000               0.000          3124728.433   1.00000 
  4156.299           3.432    225.729       0.305       0.141                0.010               0.000               0.000          3124728.443   1.00000 
  4157.299           3.422    225.729       0.305       0.141                0.010               0.000               0.000          3124728.452   1.00000 
  4158.299           3.412    225.729       0.305       0.141                0.010               0.000               0.000          3124728.462   1.00000 
  4159.299           3.402    225.729       0.305       0.141                0.010               0.000               0.000          3124728.472   1.00000 
  4160.299           3.392    225.729       0.305       0.141                0.010               0.000               0.000          3124728.482   1.00000 
  4161.299           3.381    225.729       0.305       0.141                0.010               0.000               0.000          3124728.492   1.00000 
  4162.299           3.371    225.729       0.305       0.141                0.010               0.000               0.000          3124728.502   1.00000 
  4163.299           3.361    225.729       0.305       0.141                0.010               0.000               0.000          3124728.511   1.00000 
  4164.299           3.351    225.729       0.305       0.141                0.010               0.000               0.000          3124728.521   1.00000 
  4165.299           3.341    225.729       0.305       0.141                0.010               0.000               0.000          3124728.531   1.00000 
  4166.299           3.331    225.729       0.305       0.141                0.010               0.000               0.000          3124728.541   1.00000 
  4167.299           3.321    225.729       0.305       0.141                0.010               0.000               0.000          3124728.551   1.00000 
  4168.299           3.311    225.729       0.305       0.141                0.010               0.000               0.000          3124728.560   1.00000 
  4169.299           3.301    225.729       0.305       0.141                0.010               0.000               0.000          3124728.570   1.00000 
  4170.299           3.291    225.729       0.305       0.141                0.010               0.000               0.000          3124728.580   1.00000 
  4171.299           3.281    225.729       0.305       0.141                0.010               0.000               0.000          3124728.590   1.00000 
  4172.299           3.271    225.730       0.305       0.141                0.010               0.000               0.000          3124728.599   1.00000 
  4173.299           3.261    225.730       0.305       0.141                0.010               0.000               0.000          3124728.609   1.00000 
  4174.299           3.251    225.730       0.305       0.141                0.010               0.000               0.000          3124728.619   1.00000 
  4175.299           3.241    225.730       0.305       0.141                0.010               0.000               0.000          3124728.628   1.00000 
  4176.299           3.231    225.730       0.305       0.141                0.010               0.000               0.000          3124728.638   1.00000 
  4177.299           3.221    225.730       0.305       0.141                0.010               0.000               0.000          3124728.648   1.00000 
  4178.299           3.211    225.730       0.305       0.141                0.010               0.000               0.000          3124728.657   1.00000 
  4179.299           3.201    225.730       0.305       0.141                0.010               0.000               0.000          3124728.667   1.00000 
  4180.299           3.191    225.730       0.305       0.141                0.010               0.000               0.000          3124728.677   1.00000 
  4181.299           3.181    225.730       0.305       0.141                0.010               0.000               0.000          3124728.686   1.00000 
  4182.299           3.171    225.730       0.305       0.141                0.010               0.000               0.000          3124728.696   1.00000 
  4183.299           3.161    225.730       0.305       0.141                0.010               0.000               0.000          3124728.705   1.00000 
  4184.299           3.151    225.730       0.305       0.141                0.010               0.000               0.000          3124728.715   1.00000 
  4185.299           3.141    225.730       0.305       0.141                0.010               0.000               0.000          3124728.725   1.00000 
  4186.299           3.131    225.730       0.305       0.141                0.010               0.000               0.000          3124728.734   1.00000 
  4187.299           3.122    225.730       0.305       0.141                0.010               0.000               0.000          3124728.744   1.00000 
  4188.299           3.112    225.730       0.305       0.141                0.010               0.000               0.000          3124728.753   1.00000 
  4189.299           3.102    225.730       0.305       0.141                0.010               0.000               0.000          3124728.763   1.00000 
  4190.299           3.092    225.730       0.305       0.141                0.010               0.000               0.000          3124728.772   1.00000 
  4191.299           3.082    225.730       0.305       0.141                0.010               0.000               0.000          3124728.782   1.00000 
  4192.299           3.072    225.730       0.305       0.141                0.010               0.000               0.000          3124728.791   1.00000 
  4193.299           3.062    225.730       0.305       0.141                0.009               0.000               0.000          3124728.801   1.00000 
  4194.299           3.052    225.730       0.305       0.141                0.009               0.000               0.000          3124728.810   1.00000 
  4195.299           3.043    225.730       0.305       0.141                0.009               0.000               0.000          3124728.820   1.00000 
  4196.299           3.033    225.730       0.305       0.141                0.009               0.000               0.000          3124728.829   1.00000 
  4197.299           3.023    225.730       0.305       0.141                0.009               0.000               0.000          3124728.839   1.00000 
  4198.299           3.013    225.731       0.305       0.141                0.009               0.000               0.000          3124728.848   1.00000 
  4199.299           3.003    225.731       0.305       0.141                0.009               0.000               0.000          3124728.858   1.00000 
  4200.299           2.993    225.731       0.305       0.141                0.009               0.000               0.000          3124728.867   1.00000 
  4201.299           2.984    225.731       0.305       0.141                0.009               0.000               0.000          3124728.876   1.00000 
  4202.299           2.974    225.731       0.305       0.141                0.009               0.000               0.000          3124728.886   1.00000 
  4203.299           2.964    225.731       0.305       0.141                0.009               0.000               0.000          3124728.895   1.00000 
  4204.299           2.954    225.731       0.305       0.141                0.009               0.000               0.000          3124728.905   1.00000 
  4205.299           2.945    225.731       0.305       0.141                0.009               0.000               0.000          3124728.914   1.00000 
  4206.299           2.935    225.731       0.305       0.141                0.009               0.000               0.000          3124728.923   1.00000 
  4207.299           2.925    225.731       0.305       0.141                0.009               0.000               0.000          3124728.933   1.00000 
  4208.299           2.915    225.731       0.305       0.141                0.009               0.000               0.000          3124728.942   1.00000 
  4209.299           2.905    225.731       0.305       0.141                0.009               0.000               0.000          3124728.951   1.00000 
  4210.299           2.896    225.731       0.305       0.141                0.009               0.000               0.000          3124728.961   1.00000 
  4211.299           2.886    225.731       0.305       0.141                0.009               0.000               0.000          3124728.970   1.00000 
  4212.299           2.876    225.731       0.305       0.141                0.009               0.000               0.000          3124728.979   1.00000 
  4213.299           2.867    225.731       0.305       0.141                0.009               0.000               0.000          3124728.989   1.00000 
  4214.299           2.857    225.731       0.305       0.141                0.009               0.000               0.000          3124728.998   1.00000 
  4215.299           2.847    225.731       0.305       0.141                0.009               0.000               0.000          3124729.007   1.00000 
  4216.299           2.838    225.731       0.305       0.141                0.009               0.000               0.000          3124729.016   1.00000 
  4217.299           2.828    225.731       0.305       0.141                0.009               0.000               0.000          3124729.026   1.00000 
  4218.299           2.818    225.731       0.305       0.141                0.009               0.000               0.000          3124729.035   1.00000 
  4219.299           2.808    225.731       0.305       0.141                0.009               0.000               0.000          3124729.044   1.00000 
  4220.299           2.799    225.731       0.305       0.141                0.009               0.000               0.000          3124729.053   1.00000 
  4221.299           2.789    225.731       0.305       0.141                0.009               0.000               0.000          3124729.063   1.00000 
  4222.299           2.780    225.731       0.305       0.141                0.009               0.000               0.000          3124729.072   1.00000 
  4223.299           2.770    225.732       0.305       0.141                0.009               0.000               0.000          3124729.081   1.00000 
  4224.299           2.760    225.732       0.305       0.141                0.009               0.000               0.000          3124729.090   1.00000 
  4225.299           2.751    225.732       0.305       0.141                0.009               0.000               0.000          3124729.099   1.00000 
  4226.299           2.741    225.732       0.305       0.141                0.009               0.000               0.000          3124729.109   1.00000 
  4227.299           2.731    225.732       0.305       0.141                0.009               0.000               0.000          3124729.118   1.00000 
  4228.299           2.722    225.732       0.305       0.141                0.009               0.000               0.000          3124729.127   1.00000 
  4229.299           2.712    225.732       0.305       0.141                0.009               0.000               0.000          3124729.136   1.00000 
  4230.299           2.703    225.732       0.305       0.141                0.009               0.000               0.000          3124729.145   1.00000 
  4231.299           2.693    225.732       0.305       0.141                0.009               0.000               0.000          3124729.154   1.00000 
  4232.299           2.683    225.732       0.305       0.141                0.009               0.000               0.000          3124729.163   1.00000 
  4233.299           2.674    225.732       0.305       0.141                0.009               0.000               0.000          3124729.172   1.00000 
  4234.299           2.664    225.732       0.305       0.141                0.009               0.000               0.000          3124729.181   1.00000 
  4235.299           2.655    225.732       0.305       0.141                0.009               0.000               0.000          3124729.191   1.00000 
  4236.299           2.645    225.732       0.305       0.141                0.009               0.000               0.000          3124729.200   1.00000 
  4237.299           2.636    225.732       0.305       0.141                0.009               0.000               0.000          3124729.209   1.00000 
