#_______________________________________________________________________________
#    ######   ####     ##             #####   #####     ##    #    #    ##
#    #       #        #  #            #    #  #    #   #  #   ##  ##   #  #
#    #####    ####   ######           #    #  #####   ######  # ## #  ######
#    #            #  #    #           #    #  #    #  #    #  #    #  #    #
#____######__#####___#____#___________#####___#____#__#____#__#____#__#____#____
#
#              ESA Debris Risk Assessment and Mitigation Analysis
#
#                      ---- DRAMA ( SESAM 2.1.5 ) ----
#                                      ESA 2018 
#
#                              trajectory history file
#-------------------------------------------------------------------------------
# Filename      : PySara.Cylind1.ae599747-ecf5-4232-aa46-521c56c71902_Trajectory.txt
# RunID         : PySara
# ObjectID      : ae599747-ecf5-4232-aa46-521c56c71902
# ObjectName    : Cylind1
# Content       : This file contains the trajectory state data of the object,
#                 computed by the DRAMA 3 Re-entry Analysis.
# Documentation : DRAMA Software User Manual, section OPERATIONS MANUAL / Normal operation / SARA / SARA Simulation Output / Re-entry simulation output
#
#--------------------------------------------------------------------------------------------------------------------------------------------------------------------------------------------
#  Time [s]  Altitude [km]  Lat [deg]  Lon [deg]  Velocity [km/s]   Downrange [km]       Drag       Lift       Side    Knudsen       Mach  Flight Path [deg]  Heading [deg]  Density [kg/m^2]
#--------------------------------------------------------------------------------------------------------------------------------------------------------------------------------------------
  2550.200          74.725      9.785     94.442            7.077        18434.434      1.705      0.000      0.000    0.00132   24.62438           -0.93397       86.31060         4.242e-05 
  2550.300          74.713      9.785     94.448            7.075        18435.133      1.705      0.000      0.000    0.00131   24.62024           -0.93460       86.31183         4.249e-05 
  2550.750          74.661      9.787     94.476            7.070        18438.278      1.705      0.000      0.000    0.00130   24.60094           -0.93743       86.31736         4.280e-05 
  2551.750          74.545      9.791     94.540            7.059        18445.260      1.705      0.000      0.000    0.00128   24.55636           -0.94389       86.32966         4.354e-05 
  2552.750          74.429      9.795     94.603            7.047        18452.230      1.705      0.000      0.000    0.00126   24.50790           -0.95059       86.34195         4.435e-05 
  2553.750          74.312      9.799     94.667            7.035        18459.188      1.705      0.000      0.000    0.00123   24.45884           -0.95752       86.35423         4.518e-05 
  2554.750          74.194      9.803     94.730            7.023        18466.134      1.705      0.000      0.000    0.00121   24.40916           -0.96470       86.36650         4.603e-05 
  2555.750          74.075      9.807     94.793            7.010        18473.069      1.705      0.000      0.000    0.00119   24.35883           -0.97212       86.37876         4.690e-05 
  2556.750          73.956      9.811     94.856            6.998        18479.991      1.705      0.000      0.000    0.00117   24.30786           -0.97979       86.39101         4.779e-05 
  2557.750          73.836      9.815     94.919            6.985        18486.900      1.705      0.000      0.000    0.00115   24.25622           -0.98772       86.40325         4.870e-05 
  2558.750          73.715      9.819     94.982            6.972        18493.797      1.705      0.000      0.000    0.00112   24.20390           -0.99591       86.41548         4.964e-05 
  2559.750          73.593      9.823     95.044            6.959        18500.682      1.705      0.000      0.000    0.00110   24.15087           -1.00436       86.42770         5.059e-05 
  2560.750          73.471      9.826     95.107            6.945        18507.553      1.705      0.000      0.000    0.00108   24.09714           -1.01308       86.43990         5.158e-05 
  2561.750          73.348      9.830     95.169            6.932        18514.411      1.705      0.000      0.000    0.00106   24.04266           -1.02208       86.45210         5.258e-05 
  2562.750          73.224      9.834     95.231            6.918        18521.255      1.705      0.000      0.000    0.00104   23.98744           -1.03135       86.46429         5.361e-05 
  2563.750          73.099      9.838     95.294            6.904        18528.086      1.705      0.000      0.000    0.00102   23.93144           -1.04091       86.47646         5.467e-05 
  2564.750          72.973      9.842     95.356            6.890        18534.903      1.705      0.000      0.000    0.00100   23.87466           -1.05075       86.48862         5.576e-05 
  2565.750          72.846      9.845     95.418            6.875        18541.706      1.705      0.000      0.000    0.00098   23.81707           -1.06090       86.50077         5.687e-05 
  2566.750          72.718      9.849     95.479            6.860        18548.495      1.705      0.000      0.000    0.00096   23.75866           -1.07134       86.51291         5.802e-05 
  2567.750          72.590      9.853     95.541            6.845        18555.269      1.705      0.000      0.000    0.00094   23.69940           -1.08209       86.52503         5.919e-05 
  2568.750          72.460      9.857     95.602            6.830        18562.028      1.705      0.000      0.000    0.00093   23.63927           -1.09315       86.53714         6.023e-05 
  2569.750          72.329      9.860     95.664            6.815        18568.773      1.705      0.000      0.000    0.00091   23.57825           -1.10452       86.54924         6.147e-05 
  2570.750          72.197      9.864     95.725            6.799        18575.502      1.705      0.000      0.000    0.00089   23.51605           -1.11622       86.56133         6.273e-05 
  2571.750          72.064      9.868     95.786            6.783        18582.215      1.705      0.000      0.000    0.00087   23.45267           -1.12825       86.57340         6.404e-05 
  2572.750          71.930      9.871     95.847            6.767        18588.913      1.705      0.000      0.000    0.00085   23.38809           -1.14062       86.58545         6.537e-05 
  2573.750          71.795      9.875     95.908            6.751        18595.595      1.705      0.000      0.000    0.00084   23.32229           -1.15333       86.59749         6.675e-05 
  2574.750          71.658      9.878     95.969            6.734        18602.261      1.705      0.000      0.000    0.00082   23.25524           -1.16639       86.60952         6.816e-05 
  2575.750          71.520      9.882     96.029            6.717        18608.910      1.705      0.000      0.000    0.00080   23.18694           -1.17980       86.62153         6.961e-05 
  2576.750          71.381      9.885     96.090            6.700        18615.543      1.705      0.000      0.000    0.00078   23.11734           -1.19358       86.63352         7.110e-05 
  2577.750          71.241      9.889     96.150            6.682        18622.158      1.705      0.000      0.000    0.00077   23.04645           -1.20772       86.64550         7.263e-05 
  2578.750          71.100      9.892     96.210            6.665        18628.756      1.705      0.000      0.000    0.00075   22.97422           -1.22225       86.65746         7.421e-05 
  2579.750          70.957      9.896     96.270            6.647        18635.336      1.705      0.000      0.000    0.00074   22.90064           -1.23716       86.66941         7.583e-05 
  2580.750          70.813      9.899     96.329            6.628        18641.899      1.705      0.000      0.000    0.00072   22.82568           -1.25246       86.68133         7.750e-05 
  2581.750          70.667      9.903     96.389            6.609        18648.443      1.705      0.000      0.000    0.00070   22.74932           -1.26817       86.69324         7.921e-05 
  2582.750          70.520      9.906     96.448            6.590        18654.968      1.705      0.000      0.000    0.00069   22.67153           -1.28428       86.70513         8.098e-05 
  2583.750          70.372      9.909     96.508            6.571        18661.475      1.705      0.000      0.000    0.00067   22.59230           -1.30082       86.71700         8.280e-05 
  2584.750          70.222      9.913     96.567            6.551        18667.963      1.705      0.000      0.000    0.00066   22.51159           -1.31778       86.72884         8.467e-05 
  2585.750          70.070      9.916     96.626            6.531        18674.431      1.705      0.000      0.000    0.00064   22.42938           -1.33517       86.74067         8.660e-05 
  2586.750          69.917      9.919     96.684            6.511        18680.879      1.705      0.000      0.000    0.00063   22.34564           -1.35302       86.75247         8.858e-05 
  2587.750          69.763      9.923     96.743            6.490        18687.307      1.705      0.000      0.000    0.00062   22.26035           -1.37131       86.76425         9.063e-05 
  2588.750          69.607      9.926     96.801            6.469        18693.714      1.705      0.000      0.000    0.00060   22.17347           -1.39007       86.77600         9.274e-05 
  2589.750          69.449      9.929     96.859            6.448        18700.101      1.705      0.000      0.000    0.00059   22.08499           -1.40931       86.78773         9.491e-05 
  2590.750          69.290      9.932     96.917            6.426        18706.466      1.705      0.000      0.000    0.00057   21.99487           -1.42903       86.79943         9.715e-05 
  2591.750          69.129      9.936     96.975            6.404        18712.810      1.705      0.000      0.000    0.00056   21.90309           -1.44925       86.81111         9.946e-05 
  2592.750          68.966      9.939     97.033            6.382        18719.132      1.705      0.000      0.000    0.00055   21.80961           -1.46997       86.82275         1.018e-04 
  2593.750          68.801      9.942     97.090            6.359        18725.431      1.705      0.000      0.000    0.00054   21.71441           -1.49121       86.83437         1.043e-04 
  2594.750          68.635      9.945     97.147            6.335        18731.708      1.705      0.000      0.000    0.00052   21.61745           -1.51298       86.84595         1.068e-04 
  2595.750          68.467      9.948     97.204            6.312        18737.962      1.705      0.000      0.000    0.00051   21.51871           -1.53529       86.85751         1.094e-04 
  2596.750          68.296      9.951     97.261            6.288        18744.192      1.705      0.000      0.000    0.00050   21.41816           -1.55816       86.86902         1.121e-04 
  2597.750          68.125      9.954     97.317            6.263        18750.398      1.705      0.000      0.000    0.00049   21.31576           -1.58159       86.88051         1.149e-04 
  2598.750          67.951      9.957     97.374            6.238        18756.579      1.705      0.000      0.000    0.00047   21.21150           -1.60560       86.89195         1.178e-04 
  2599.750          67.775      9.960     97.430            6.213        18762.736      1.705      0.000      0.000    0.00046   21.10533           -1.63019       86.90336         1.208e-04 
  2600.750          67.597      9.963     97.486            6.187        18768.868      1.705      0.000      0.000    0.00045   20.99722           -1.65540       86.91474         1.239e-04 
  2601.750          67.418      9.966     97.541            6.161        18774.974      1.705      0.000      0.000    0.00044   20.88716           -1.68122       86.92607         1.270e-04 
  2602.750          67.236      9.969     97.597            6.134        18781.054      1.705      0.000      0.000    0.00043   20.77511           -1.70768       86.93736         1.303e-04 
  2603.750          67.052      9.972     97.652            6.107        18787.107      1.705      0.000      0.000    0.00042   20.66103           -1.73478       86.94861         1.337e-04 
  2604.750          66.866      9.975     97.707            6.079        18793.133      1.705      0.000      0.000    0.00041   20.54490           -1.76255       86.95981         1.372e-04 
  2605.750          66.678      9.978     97.761            6.051        18799.132      1.705      0.000      0.000    0.00040   20.42670           -1.79100       86.97097         1.408e-04 
  2606.750          66.488      9.981     97.816            6.022        18805.103      1.705      0.000      0.000    0.00039   20.30639           -1.82013       86.98208         1.445e-04 
  2607.750          66.295      9.984     97.870            5.993        18811.045      1.705      0.000      0.000    0.00038   20.18395           -1.84998       86.99315         1.484e-04 
  2608.750          66.101      9.986     97.924            5.964        18816.958      1.705      0.000      0.000    0.00037   20.05934           -1.88056       87.00416         1.524e-04 
  2609.750          65.904      9.989     97.977            5.933        18822.842      1.705      0.000      0.000    0.00036   19.93255           -1.91188       87.01513         1.565e-04 
  2610.750          65.705      9.992     98.030            5.903        18828.696      1.705      0.000      0.000    0.00035   19.80354           -1.94396       87.02605         1.608e-04 
  2611.750          65.504      9.995     98.084            5.872        18834.520      1.705      0.000      0.000    0.00034   19.67230           -1.97682       87.03692         1.653e-04 
  2612.750          65.300      9.997     98.136            5.840        18840.312      1.705      0.000      0.000    0.00033   19.53879           -2.01048       87.04773         1.698e-04 
  2613.750          65.094     10.000     98.189            5.808        18846.073      1.704      0.000      0.000    0.00032   19.40300           -2.04495       87.05849         1.746e-04 
  2614.750          64.885     10.003     98.241            5.775        18851.801      1.704      0.000      0.000    0.00031   19.26491           -2.08026       87.06920         1.795e-04 
  2615.750          64.675     10.005     98.293            5.742        18857.498      1.704      0.000      0.000    0.00030   19.12451           -2.11643       87.07986         1.846e-04 
  2616.750          64.461     10.008     98.344            5.708        18863.160      1.704      0.000      0.000    0.00029   18.98181           -2.15347       87.09046         1.899e-04 
  2617.750          64.246     10.011     98.396            5.673        18868.790      1.704      0.000      0.000    0.00029   18.83682           -2.19140       87.10101         1.953e-04 
  2618.750          64.027     10.013     98.447            5.638        18874.385      1.704      0.000      0.000    0.00028   18.68956           -2.23025       87.11151         2.010e-04 
  2619.750          63.807     10.016     98.497            5.603        18879.945      1.704      0.000      0.000    0.00027   18.53976           -2.27004       87.12195         2.068e-04 
  2620.750          63.584     10.018     98.548            5.566        18885.469      1.704      0.000      0.000    0.00026   18.38555           -2.31081       87.13235         2.129e-04 
  2621.750          63.358     10.021     98.598            5.527        18890.955      1.704      0.000      0.000    0.00025   18.22659           -2.35260       87.14269         2.192e-04 
  2622.750          63.130     10.023     98.647            5.487        18896.404      1.704      0.000      0.000    0.00025   18.06280           -2.39546       87.15298         2.257e-04 
  2623.750          62.899     10.026     98.697            5.446        18901.812      1.704      0.000      0.000    0.00024   17.89411           -2.43944       87.16321         2.325e-04 
  2624.750          62.666     10.028     98.745            5.404        18907.178      1.704      0.000      0.000    0.00023   17.72046           -2.48459       87.17339         2.395e-04 
  2625.750          62.431     10.030     98.794            5.359        18912.502      1.704      0.000      0.000    0.00023   17.54178           -2.53096       87.18352         2.467e-04 
  2626.750          62.193     10.033     98.842            5.313        18917.781      1.704      0.000      0.000    0.00022   17.35798           -2.57862       87.19359         2.542e-04 
  2627.750          61.953     10.035     98.890            5.266        18923.014      1.704      0.000      0.000    0.00021   17.16909           -2.62761       87.20360         2.620e-04 
  2628.750          61.710     10.037     98.937            5.217        18928.199      1.704      0.000      0.000    0.00021   16.97509           -2.67801       87.21354         2.700e-04 
  2629.750          61.465     10.039     98.984            5.166        18933.335      1.704      0.000      0.000    0.00020   16.77596           -2.72987       87.22343         2.784e-04 
  2630.750          61.218     10.042     99.030            5.114        18938.419      1.704      0.000      0.000    0.00019   16.57171           -2.78328       87.23325         2.870e-04 
  2631.750          60.969     10.044     99.076            5.059        18943.451      1.704      0.000      0.000    0.00019   16.36237           -2.83829       87.24301         2.960e-04 
  2632.750          60.717     10.046     99.121            5.003        18948.428      1.704      0.000      0.000    0.00018   16.14798           -2.89499       87.25270         3.053e-04 
  2633.750          60.463     10.048     99.166            4.946        18953.349      1.704      0.000      0.000    0.00018   15.92862           -2.95345       87.26232         3.149e-04 
  2634.750          60.207     10.050     99.210            4.886        18958.212      1.703      0.000      0.000    0.00017   15.70435           -3.01376       87.27186         3.248e-04 
  2635.750          59.949     10.052     99.254            4.825        18963.015      1.703      0.000      0.000    0.00017   15.47531           -3.07600       87.28132         3.352e-04 
  2636.750          59.690     10.054     99.297            4.762        18967.757      1.703      0.000      0.000    0.00016   15.24162           -3.14027       87.29070         3.459e-04 
  2637.750          59.428     10.056     99.340            4.697        18972.435      1.703      0.000      0.000    0.00016   15.00342           -3.20667       87.29999         3.570e-04 
  2638.750          59.164     10.058     99.382            4.631        18977.048      1.703      0.000      0.000    0.00015   14.76090           -3.27529       87.30919         3.685e-04 
  2639.750          58.899     10.060     99.424            4.563        18981.595      1.703      0.000      0.000    0.00015   14.51425           -3.34623       87.31828         3.804e-04 
  2640.750          58.631     10.062     99.464            4.493        18986.074      1.703      0.000      0.000    0.00014   14.26370           -3.41961       87.32727         3.927e-04 
  2641.750          58.363     10.064     99.505            4.422        18990.482      1.702      0.000      0.000    0.00014   14.00951           -3.49554       87.33614         4.055e-04 
  2642.750          58.092     10.066     99.544            4.349        18994.820      1.702      0.000      0.000    0.00013   13.75196           -3.57413       87.34489         4.187e-04 
  2643.750          57.820     10.068     99.583            4.275        18999.085      1.702      0.000      0.000    0.00013   13.49136           -3.65550       87.35351         4.325e-04 
  2644.750          57.547     10.069     99.621            4.200        19003.275      1.702      0.000      0.000    0.00012   13.22807           -3.73979       87.36199         4.467e-04 
  2645.750          57.273     10.071     99.659            4.124        19007.391      1.702      0.000      0.000    0.00012   12.96243           -3.82711       87.37032         4.614e-04 
  2646.750          56.997     10.073     99.695            4.046        19011.430      1.701      0.000      0.000    0.00012   12.69484           -3.91760       87.37850         4.767e-04 
  2647.750          56.720     10.074     99.732            3.967        19015.391      1.701      0.000      0.000    0.00011   12.42571           -4.01141       87.38651         4.926e-04 
  2648.750          56.442     10.076     99.767            3.888        19019.274      1.701      0.000      0.000    0.00011   12.15546           -4.10867       87.39434         5.090e-04 
  2649.750          56.163     10.078     99.802            3.808        19023.078      1.701      0.000      0.000    0.00011   11.88453           -4.20953       87.40198         5.260e-04 
  2650.750          55.883     10.079     99.836            3.727        19026.802      1.701      0.000      0.000    0.00010   11.61336           -4.31414       87.40942         5.437e-04 
  2651.750          55.602     10.081     99.869            3.646        19030.446      1.700      0.000      0.000    0.00010   11.34241           -4.42265       87.41664         5.620e-04 
  2652.750          55.320     10.082     99.901            3.565        19034.009      1.700      0.000      0.000    0.00010   11.07212           -4.53523       87.42365         5.810e-04 
  2653.750          55.038     10.083     99.933            3.483        19037.491      1.700      0.000      0.000    0.00009   10.80294           -4.65204       87.43041         6.007e-04 
  2654.750          54.755     10.085     99.964            3.402        19040.892      1.700      0.000      0.000    0.00009   10.53530           -4.77324       87.43693         6.212e-04 
  2655.750          54.472     10.086     99.994            3.320        19044.212      1.700      0.000      0.000    0.00009   10.26959           -4.89901       87.44318         6.424e-04 
  2656.750          54.188     10.087    100.024            3.239        19047.452      1.699      0.000      0.000    0.00008   10.00619           -5.02952       87.44915         6.645e-04 
  2657.750          53.904     10.089    100.053            3.159        19050.611      1.698      0.000      0.000    0.00008    9.74550           -5.16495       87.45483         6.873e-04 
  2658.750          53.620     10.090    100.081            3.078        19053.690      1.697      0.000      0.000    0.00008    9.48794           -5.30548       87.46022         7.111e-04 
  2659.750          53.335     10.091    100.108            2.999        19056.690      1.696      0.000      0.000    0.00008    9.23379           -5.45131       87.46530         7.357e-04 
  2660.750          53.050     10.092    100.135            2.921        19059.611      1.695      0.000      0.000    0.00007    8.98335           -5.60262       87.47006         7.613e-04 
  2661.750          52.765     10.093    100.161            2.843        19062.455      1.694      0.000      0.000    0.00007    8.73687           -5.75961       87.47450         7.878e-04 
  2662.750          52.479     10.095    100.186            2.766        19065.222      1.693      0.000      0.000    0.00007    8.49458           -5.92247       87.47862         8.153e-04 
  2663.750          52.194     10.096    100.210            2.691        19067.913      1.692      0.000      0.000    0.00007    8.25668           -6.09142       87.48240         8.439e-04 
  2664.750          51.908     10.097    100.234            2.617        19070.529      1.691      0.000      0.000    0.00006    8.02336           -6.26666       87.48586         8.736e-04 
  2665.750          51.623     10.098    100.257            2.544        19073.072      1.690      0.000      0.000    0.00006    7.79476           -6.44841       87.48899         9.044e-04 
  2666.750          51.337     10.099    100.280            2.472        19075.543      1.689      0.000      0.000    0.00006    7.57102           -6.63690       87.49181         9.364e-04 
  2667.750          51.051     10.100    100.302            2.401        19077.944      1.688      0.000      0.000    0.00006    7.35222           -6.83234       87.49431         9.696e-04 
  2668.750          50.766     10.100    100.323            2.332        19080.274      1.687      0.000      0.000    0.00006    7.13847           -7.03498       87.49652         1.004e-03 
  2669.750          50.480     10.101    100.344            2.265        19082.537      1.686      0.000      0.000    0.00005    6.92980           -7.24504       87.49846         1.040e-03 
  2670.750          50.194     10.102    100.364            2.199        19084.733      1.685      0.000      0.000    0.00005    6.72626           -7.46279       87.50015         1.077e-03 
  2671.750          49.909     10.103    100.383            2.134        19086.863      1.685      0.000      0.000    0.00005    6.52786           -7.68848       87.50161         1.116e-03 
  2672.750          49.623     10.104    100.402            2.071        19088.930      1.684      0.000      0.000    0.00005    6.33460           -7.92236       87.50288         1.156e-03 
  2673.750          49.338     10.105    100.420            2.010        19090.934      1.683      0.000      0.000    0.00005    6.14644           -8.16471       87.50399         1.197e-03 
  2674.750          49.052     10.105    100.438            1.950        19092.878      1.682      0.000      0.000    0.00004    5.96332           -8.41580       87.50498         1.241e-03 
  2675.750          48.767     10.106    100.455            1.891        19094.762      1.681      0.000      0.000    0.00004    5.78520           -8.67590       87.50589         1.286e-03 
  2676.750          48.482     10.107    100.472            1.834        19096.588      1.681      0.000      0.000    0.00004    5.61199           -8.94532       87.50675         1.332e-03 
  2677.750          48.197     10.108    100.488            1.778        19098.358      1.680      0.000      0.000    0.00004    5.44361           -9.22432       87.50760         1.381e-03 
  2678.750          47.912     10.108    100.503            1.724        19100.073      1.679      0.000      0.000    0.00004    5.27998           -9.51322       87.50847         1.431e-03 
  2679.750          47.627     10.109    100.519            1.672        19101.734      1.679      0.000      0.000    0.00004    5.12101           -9.81231       87.50938         1.484e-03 
  2680.750          47.342     10.110    100.533            1.621        19103.344      1.678      0.000      0.000    0.00004    4.96656          -10.12189       87.51038         1.538e-03 
  2681.750          47.057     10.110    100.548            1.571        19104.902      1.678      0.000      0.000    0.00004    4.81645          -10.44229       87.51149         1.595e-03 
  2682.750          46.773     10.111    100.561            1.523        19106.411      1.678      0.000      0.000    0.00003    4.67055          -10.77382       87.51273         1.653e-03 
  2683.750          46.488     10.111    100.575            1.475        19107.872      1.678      0.000      0.000    0.00003    4.52875          -11.11681       87.51413         1.714e-03 
  2684.750          46.204     10.112    100.587            1.430        19109.286      1.678      0.000      0.000    0.00003    4.39093          -11.47160       87.51570         1.778e-03 
  2685.750          45.919     10.112    100.600            1.385        19110.654      1.678      0.000      0.000    0.00003    4.25697          -11.83851       87.51745         1.844e-03 
  2686.750          45.635     10.113    100.612            1.342        19111.978      1.678      0.000      0.000    0.00003    4.12678          -12.21788       87.51940         1.913e-03 
  2687.750          45.351     10.113    100.624            1.300        19113.259      1.678      0.000      0.000    0.00003    4.00026          -12.61005       87.52155         1.984e-03 
  2688.750          45.068     10.114    100.635            1.260        19114.498      1.678      0.000      0.000    0.00003    3.87729          -13.01535       87.52389         2.058e-03 
  2689.750          44.784     10.114    100.646            1.220        19115.696      1.678      0.000      0.000    0.00003    3.75780          -13.43411       87.52641         2.135e-03 
  2690.750          44.501     10.115    100.656            1.182        19116.855      1.678      0.000      0.000    0.00003    3.64170          -13.86664       87.52909         2.215e-03 
  2691.750          44.218     10.115    100.667            1.145        19117.975      1.678      0.000      0.000    0.00002    3.52894          -14.31327       87.53191         2.298e-03 
  2692.750          43.935     10.116    100.677            1.108        19119.058      1.678      0.000      0.000    0.00002    3.41946          -14.77432       87.53485         2.385e-03 
  2693.750          43.652     10.116    100.686            1.074        19120.104      1.678      0.000      0.000    0.00002    3.31321          -15.25009       87.53790         2.474e-03 
  2694.750          43.370     10.117    100.695            1.040        19121.115      1.678      0.000      0.000    0.00002    3.21011          -15.74088       87.54103         2.568e-03 
  2695.750          43.088     10.117    100.704            1.007        19122.092      1.678      0.000      0.000    0.00002    3.11012          -16.24699       87.54423         2.665e-03 
  2696.750          42.807     10.117    100.713            0.975        19123.036      1.678      0.000      0.000    0.00002    3.01317          -16.76870       87.54748         2.766e-03 
  2697.750          42.525     10.118    100.721            0.945        19123.948      1.678      0.000      0.000    0.00002    2.91920          -17.30628       87.55076         2.871e-03 
  2698.750          42.245     10.118    100.729            0.915        19124.828      1.678      0.000      0.000    0.00002    2.82816          -17.85997       87.55407         2.980e-03 
  2699.750          41.964     10.118    100.737            0.886        19125.678      1.678      0.000      0.000    0.00002    2.73999          -18.43002       87.55739         3.094e-03 
  2700.750          41.684     10.119    100.744            0.858        19126.498      1.678      0.000      0.000    0.00002    2.65462          -19.01664       87.56071         3.212e-03 
  2701.750          41.405     10.119    100.752            0.832        19127.291      1.678      0.000      0.000    0.00002    2.57200          -19.62002       87.56403         3.334e-03 
  2702.750          41.126     10.119    100.759            0.806        19128.055      1.678      0.000      0.000    0.00002    2.49207          -20.24033       87.56735         3.462e-03 
  2703.750          40.847     10.119    100.765            0.781        19128.793      1.678      0.000      0.000    0.00002    2.41476          -20.87770       87.57068         3.595e-03 
  2704.750          40.570     10.120    100.772            0.756        19129.505      1.678      0.000      0.000    0.00001    2.34004          -21.53224       87.57402         3.733e-03 
  2705.750          40.292     10.120    100.778            0.733        19130.191      1.678      0.000      0.000    0.00001    2.26783          -22.20403       87.57740         3.877e-03 
  2706.750          40.015     10.120    100.784            0.711        19130.854      1.678      0.000      0.000    0.00001    2.19808          -22.89308       87.58084         4.026e-03 
  2707.750          39.739     10.121    100.790            0.689        19131.492      1.678      0.000      0.000    0.00001    2.13073          -23.59941       87.58437         4.181e-03 
  2708.750          39.464     10.121    100.796            0.668        19132.108      1.678      0.000      0.000    0.00001    2.06574          -24.32296       87.58803         4.343e-03 
  2709.750          39.189     10.121    100.801            0.648        19132.702      1.678      0.000      0.000    0.00001    2.00305          -25.06365       87.59186         4.511e-03 
  2710.750          38.915     10.121    100.806            0.628        19133.274      1.678      0.000      0.000    0.00001    1.94262          -25.82136       87.59591         4.686e-03 
  2711.750          38.642     10.121    100.811            0.609        19133.826      1.678      0.000      0.000    0.00001    1.88439          -26.59592       87.60020         4.868e-03 
  2712.750          38.370     10.122    100.816            0.591        19134.358      1.678      0.000      0.000    0.00001    1.82832          -27.38711       87.60477         5.057e-03 
  2713.750          38.098     10.122    100.821            0.574        19134.870      1.678      0.000      0.000    0.00001    1.77435          -28.19470       87.60967         5.253e-03 
  2714.750          37.827     10.122    100.825            0.557        19135.363      1.678      0.000      0.000    0.00001    1.72243          -29.01839       87.61492         5.458e-03 
  2715.750          37.558     10.122    100.830            0.541        19135.839      1.678      0.000      0.000    0.00001    1.67251          -29.85786       87.62056         5.670e-03 
  2716.750          37.289     10.122    100.834            0.525        19136.296      1.678      0.000      0.000    0.00001    1.62454          -30.71273       87.62661         5.892e-03 
  2717.750          37.021     10.122    100.838            0.510        19136.737      1.678      0.000      0.000    0.00001    1.57846          -31.58261       87.63311         6.121e-03 
  2718.750          36.754     10.123    100.842            0.496        19137.161      1.678      0.000      0.000    0.00001    1.53422          -32.46706       87.64007         6.360e-03 
  2719.750          36.489     10.123    100.845            0.482        19137.569      1.678      0.000      0.000    0.00001    1.49176          -33.36561       87.64750         6.609e-03 
  2720.750          36.224     10.123    100.849            0.469        19137.961      1.678      0.000      0.000    0.00001    1.45102          -34.27776       87.65543         6.867e-03 
  2721.750          35.961     10.123    100.852            0.456        19138.339      1.678      0.000      0.000    0.00001    1.41196          -35.20302       87.66385         7.135e-03 
  2722.750          35.699     10.123    100.856            0.443        19138.702      1.678      0.000      0.000    0.00001    1.37450          -36.14084       87.67275         7.413e-03 
  2723.750          35.438     10.123    100.859            0.431        19139.051      1.678      0.000      0.000    0.00001    1.33860          -37.09070       87.68214         7.703e-03 
  2724.750          35.179     10.123    100.862            0.420        19139.386      1.678      0.000      0.000    0.00001    1.30419          -38.05205       87.69197         8.003e-03 
  2725.750          34.921     10.124    100.865            0.409        19139.708      1.678      0.000      0.000    0.00001    1.27121          -39.02437       87.70221         8.315e-03 
  2726.750          34.664     10.124    100.868            0.398        19140.017      1.678      0.000      0.000    0.00001    1.23960          -40.00713       87.71282         8.639e-03 
  2727.750          34.410     10.124    100.870            0.387        19140.314      1.678      0.000      0.000    0.00001    1.20929          -40.99978       87.72373         8.975e-03 
  2728.750          34.156     10.124    100.873            0.377        19140.599      1.678      0.000      0.000    0.00001    1.18018          -42.00173       87.73490         9.323e-03 
  2729.750          33.904     10.124    100.875            0.368        19140.872      1.678      0.000      0.000    0.00001    1.15222          -43.01233       87.74625         9.684e-03 
  2730.750          33.655     10.124    100.878            0.358        19141.134      1.678      0.000      0.000    0.00001    1.12533          -44.03089       87.75775         1.006e-02 
  2731.750          33.406     10.124    100.880            0.349        19141.385      1.678      0.000      0.000    0.00001    1.09945          -45.05668       87.76933         1.045e-02 
  2732.750          33.160     10.124    100.882            0.341        19141.625      1.678      0.000      0.000    0.00001    1.07452          -46.08890       87.78092         1.085e-02 
  2733.750          32.916     10.124    100.884            0.332        19141.855      1.678      0.000      0.000    0.00000    1.05049          -47.12667       87.79249         1.127e-02 
  2734.750          32.673     10.124    100.886            0.324        19142.075      1.678      0.000      0.000    0.00000    1.02731          -48.16909       87.80397         1.170e-02 
  2735.750          32.433     10.125    100.888            0.316        19142.285      1.678      0.000      0.000    0.00000    1.00493          -49.21515       87.81532         1.214e-02 
  2735.799          32.421     10.125    100.888            0.316        19142.295      1.678      0.000      0.000    0.00000    1.00123          -49.26682       87.81588         1.222e-02 
  2735.823          32.415     10.125    100.888            0.316        19142.300      1.678      0.000      0.000    0.00000    1.00064          -49.29177       87.81614         1.223e-02 
  2735.840          32.411     10.125    100.888            0.316        19142.304      1.678      0.000      0.000    0.00000    1.00025          -49.30983       87.81634         1.224e-02 
  2735.867          32.405     10.125    100.889            0.315        19142.309      0.839      0.000      0.000    0.00000    0.99996          -49.33789       87.81657         1.225e-02 
  2735.882          32.401     10.125    100.889            0.315        19142.312      0.839      0.000      0.000    0.00000    0.99998          -49.35466       87.81668         1.226e-02 
  2735.906          32.395     10.125    100.889            0.315        19142.317      0.839      0.000      0.000    0.00000    0.99997          -49.38063       87.81688         1.227e-02 
  2735.939          32.387     10.125    100.889            0.315        19142.324      0.839      0.000      0.000    0.00000    0.99987          -49.41642       87.81710         1.228e-02 
  2735.979          32.378     10.125    100.889            0.315        19142.332      0.839      0.000      0.000    0.00000    0.99996          -49.46017       87.81737         1.230e-02 
  2736.025          32.367     10.125    100.889            0.315        19142.341      0.839      0.000      0.000    0.00000    0.99995          -49.50920       87.81776         1.232e-02 
  2736.078          32.354     10.125    100.889            0.315        19142.352      0.839      0.000      0.000    0.00000    0.99974          -49.56739       87.81812         1.235e-02 
  2736.134          32.341     10.125    100.889            0.315        19142.364      0.839      0.000      0.000    0.00000    0.99987          -49.62768       87.81849         1.237e-02 
  2736.169          32.332     10.125    100.889            0.315        19142.371      0.839      0.000      0.000    0.00000    0.99995          -49.66622       87.81873         1.239e-02 
  2736.181          32.329     10.125    100.889            0.315        19142.373      0.839      0.000      0.000    0.00000    0.99999          -49.67881       87.81881         1.240e-02 
  2736.201          32.324     10.125    100.889            0.315        19142.377      0.839      0.000      0.000    0.00000    0.99998          -49.70016       87.81898         1.240e-02 
  2736.229          32.318     10.125    100.889            0.315        19142.383      0.839      0.000      0.000    0.00000    0.99989          -49.73077       87.81917         1.242e-02 
  2736.265          32.309     10.125    100.889            0.315        19142.390      0.839      0.000      0.000    0.00000    0.99997          -49.76997       87.81941         1.243e-02 
  2736.308          32.299     10.125    100.889            0.315        19142.399      0.839      0.000      0.000    0.00000    0.99995          -49.81528       87.81977         1.245e-02 
  2736.359          32.287     10.125    100.889            0.315        19142.409      0.839      0.000      0.000    0.00000    0.99975          -49.86989       87.82011         1.248e-02 
  2736.412          32.274     10.125    100.890            0.315        19142.420      0.839      0.000      0.000    0.00000    0.99986          -49.92736       87.82047         1.250e-02 
  2736.447          32.265     10.125    100.890            0.315        19142.427      0.839      0.000      0.000    0.00000    0.99994          -49.96510       87.82070         1.252e-02 
  2736.464          32.261     10.125    100.890            0.315        19142.430      0.839      0.000      0.000    0.00000    0.99998          -49.98357       87.82081         1.253e-02 
  2736.490          32.255     10.125    100.890            0.315        19142.436      0.839      0.000      0.000    0.00000    0.99997          -50.01094       87.82103         1.254e-02 
  2736.524          32.247     10.125    100.890            0.315        19142.442      0.839      0.000      0.000    0.00000    0.99984          -50.04794       87.82126         1.255e-02 
  2736.565          32.237     10.125    100.890            0.315        19142.451      0.839      0.000      0.000    0.00000    0.99993          -50.09216       87.82153         1.257e-02 
  2736.587          32.231     10.125    100.890            0.315        19142.455      0.839      0.000      0.000    0.00000    0.99997          -50.11599       87.82168         1.259e-02 
  2736.595          32.229     10.125    100.890            0.315        19142.457      0.839      0.000      0.000    0.00000    0.99999          -50.12459       87.82173         1.259e-02 
  2736.601          32.228     10.125    100.890            0.315        19142.458      0.839      0.000      0.000    0.00000    0.99999          -50.13105       87.82179         1.259e-02 
  2736.612          32.225     10.125    100.890            0.315        19142.460      0.839      0.000      0.000    0.00000    0.99997          -50.14293       87.82186         1.260e-02 
  2736.625          32.222     10.125    100.890            0.315        19142.463      0.839      0.000      0.000    0.00000    0.99999          -50.15624       87.82194         1.260e-02 
  2736.636          32.220     10.125    100.890            0.315        19142.465      0.839      0.000      0.000    0.00000    0.99999          -50.16761       87.82203         1.261e-02 
  2736.653          32.216     10.125    100.890            0.315        19142.468      0.839      0.000      0.000    0.00000    0.99994          -50.18619       87.82215         1.262e-02 
  2736.679          32.209     10.125    100.890            0.315        19142.474      0.839      0.000      0.000    0.00000    0.99999          -50.21407       87.82232         1.263e-02 
  2736.694          32.206     10.125    100.890            0.315        19142.477      0.839      0.000      0.000    0.00000    0.99998          -50.22982       87.82245         1.264e-02 
  2736.716          32.200     10.125    100.890            0.315        19142.481      0.839      0.000      0.000    0.00000    0.99991          -50.25381       87.82260         1.265e-02 
  2736.747          32.193     10.125    100.890            0.315        19142.487      0.839      0.000      0.000    0.00000    0.99997          -50.28681       87.82280         1.266e-02 
  2736.758          32.190     10.125    100.890            0.315        19142.489      0.839      0.000      0.000    0.00000    1.00000          -50.29855       87.82287         1.267e-02 
  2736.763          32.189     10.125    100.890            0.315        19142.490      0.839      0.000      0.000    0.00000    0.99999          -50.30386       87.82292         1.267e-02 
  2736.772          32.187     10.125    100.890            0.315        19142.492      0.839      0.000      0.000    0.00000    0.99997          -50.31402       87.82298         1.267e-02 
  2736.784          32.184     10.125    100.890            0.315        19142.495      0.839      0.000      0.000    0.00000    0.99999          -50.32637       87.82305         1.268e-02 
  2736.791          32.182     10.125    100.890            0.315        19142.496      0.839      0.000      0.000    0.00000    0.99999          -50.33350       87.82311         1.268e-02 
  2736.803          32.179     10.125    100.890            0.315        19142.498      0.839      0.000      0.000    0.00000    0.99996          -50.34632       87.82319         1.269e-02 
  2736.815          32.176     10.125    100.890            0.315        19142.501      0.839      0.000      0.000    0.00000    0.99999          -50.36000       87.82328         1.269e-02 
  2736.837          32.171     10.125    100.890            0.315        19142.505      0.839      0.000      0.000    0.00000    0.99997          -50.38226       87.82345         1.270e-02 
  2736.866          32.164     10.125    100.890            0.315        19142.511      0.839      0.000      0.000    0.00000    0.99986          -50.41364       87.82365         1.272e-02 
  2736.903          32.155     10.125    100.890            0.315        19142.518      0.839      0.000      0.000    0.00000    0.99993          -50.45299       87.82389         1.273e-02 
  2736.935          32.147     10.125    100.891            0.315        19142.525      0.839      0.000      0.000    0.00000    0.99999          -50.48710       87.82410         1.275e-02 
  2736.941          32.146     10.125    100.891            0.315        19142.526      0.839      0.000      0.000    0.00000    0.99999          -50.49360       87.82416         1.276e-02 
  2736.952          32.143     10.125    100.891            0.315        19142.528      0.839      0.000      0.000    0.00000    0.99996          -50.50549       87.82423         1.276e-02 
  2736.964          32.140     10.125    100.891            0.314        19142.531      0.839      0.000      0.000    0.00000    0.99999          -50.51866       87.82431         1.277e-02 
  2736.971          32.139     10.125    100.891            0.314        19142.532      0.839      0.000      0.000    0.00000    1.00000          -50.52538       87.82435         1.277e-02 
  2736.975          32.138     10.125    100.891            0.314        19142.533      0.839      0.000      0.000    0.00000    0.99993          -50.52946       87.82438         1.277e-02 
  2736.978          32.137     10.125    100.891            0.314        19142.533      0.839      0.000      0.000    0.00000    0.99999          -50.53358       87.82441         1.277e-02 
  2736.996          32.132     10.125    100.891            0.314        19142.537      0.839      0.000      0.000    0.00000    0.99998          -50.55180       87.82455         1.278e-02 
  2737.021          32.126     10.125    100.891            0.314        19142.542      0.839      0.000      0.000    0.00000    0.99989          -50.57858       87.82472         1.279e-02 
  2737.054          32.118     10.125    100.891            0.314        19142.548      0.839      0.000      0.000    0.00000    0.99994          -50.61388       87.82494         1.281e-02 
  2737.074          32.113     10.125    100.891            0.314        19142.552      0.839      0.000      0.000    0.00000    0.99998          -50.63511       87.82507         1.282e-02 
  2737.102          32.107     10.125    100.891            0.314        19142.558      0.839      0.000      0.000    0.00000    0.99996          -50.66477       87.82531         1.283e-02 
  2737.139          32.098     10.125    100.891            0.314        19142.565      0.839      0.000      0.000    0.00000    0.99980          -50.70383       87.82555         1.285e-02 
  2737.190          32.085     10.125    100.891            0.314        19142.575      0.839      0.000      0.000    0.00000    0.99989          -50.75845       87.82589         1.287e-02 
  2737.225          32.077     10.125    100.891            0.314        19142.582      0.839      0.000      0.000    0.00000    0.99995          -50.79469       87.82612         1.289e-02 
  2737.245          32.072     10.125    100.891            0.314        19142.586      0.839      0.000      0.000    0.00000    0.99998          -50.81604       87.82625         1.290e-02 
  2737.273          32.065     10.125    100.891            0.314        19142.592      0.839      0.000      0.000    0.00000    0.99995          -50.84571       87.82649         1.292e-02 
  2737.310          32.056     10.125    100.891            0.314        19142.599      0.839      0.000      0.000    0.00000    0.99979          -50.88469       87.82673         1.293e-02 
  2737.361          32.043     10.125    100.891            0.314        19142.609      0.839      0.000      0.000    0.00000    0.99987          -50.93905       87.82707         1.296e-02 
  2737.414          32.031     10.125    100.891            0.314        19142.620      0.839      0.000      0.000    0.00000    0.99996          -50.99521       87.82741         1.298e-02 
  2737.435          32.026     10.125    100.891            0.314        19142.624      0.839      0.000      0.000    0.00000    0.99999          -51.01652       87.82755         1.300e-02 
  2737.438          32.025     10.125    100.891            0.314        19142.624      0.839      0.000      0.000    0.00000    0.99999          -51.02047       87.82758         1.300e-02 
  2737.446          32.023     10.125    100.891            0.314        19142.626      0.839      0.000      0.000    0.00000    0.99998          -51.02842       87.82763         1.300e-02 
  2737.461          32.019     10.125    100.891            0.314        19142.629      0.839      0.000      0.000    0.00000    1.00000          -51.04402       87.82773         1.301e-02 
  2737.464          32.018     10.125    100.891            0.314        19142.629      0.839      0.000      0.000    0.00000    0.99993          -51.04789       87.82775         1.301e-02 
  2737.468          32.017     10.125    100.891            0.314        19142.630      0.839      0.000      0.000    0.00000    0.99999          -51.05179       87.82778         1.301e-02 
  2737.475          32.016     10.125    100.891            0.314        19142.631      0.839      0.000      0.000    0.00000    0.99999          -51.05866       87.82782         1.302e-02 
  2737.480          32.015     10.125    100.891            0.314        19142.632      0.839      0.000      0.000    0.00000    1.00000          -51.06392       87.82785         1.302e-02 
  2737.485          32.013     10.125    100.892            0.314        19142.633      0.839      0.000      0.000    0.00000    0.99999          -51.06920       87.82789         1.302e-02 
  2737.490          32.012     10.125    100.892            0.314        19142.634      0.839      0.000      0.000    0.00000    1.00000          -51.07445       87.82792         1.302e-02 
  2737.493          32.011     10.125    100.892            0.314        19142.635      0.839      0.000      0.000    0.00000    0.99997          -51.07824       87.82795         1.303e-02 
  2737.497          32.010     10.125    100.892            0.314        19142.636      0.839      0.000      0.000    0.00000    0.99999          -51.08206       87.82797         1.303e-02 
  2737.504          32.009     10.125    100.892            0.314        19142.637      0.839      0.000      0.000    0.00000    1.00000          -51.08987       87.82802         1.303e-02 
  2737.508          32.008     10.125    100.892            0.314        19142.638      0.839      0.000      0.000    0.00000    0.99994          -51.09350       87.82805         1.303e-02 
  2737.511          32.007     10.125    100.892            0.314        19142.639      0.839      0.000      0.000    0.00000    0.99999          -51.09716       87.82807         1.303e-02 
  2737.518          32.005     10.125    100.892            0.314        19142.640      0.839      0.000      0.000    0.00000    0.99999          -51.10390       87.82811         1.304e-02 
  2737.523          32.004     10.125    100.892            0.314        19142.641      0.839      0.000      0.000    0.00000    1.00000          -51.10965       87.82815         1.304e-02 
  2737.527          32.003     10.125    100.892            0.314        19142.642      0.839      0.000      0.000    0.00000    0.99999          -51.11427       87.82818         1.304e-02 
  2737.532          32.002     10.125    100.892            0.314        19142.643      0.839      0.000      0.000    0.00000    1.00000          -51.11887       87.82821         1.304e-02 
  2737.536          32.001     10.125    100.892            0.314        19142.643      0.839      0.000      0.000    0.00000    0.99996          -51.12281       87.82824         1.305e-02 
  2737.539          32.000     10.125    100.892            0.314        19142.644      0.839      0.000      0.000    0.00000    0.99999          -51.12678       87.82826         1.305e-02 
  2737.547          31.998     10.125    100.892            0.314        19142.646      0.839      0.000      0.000    0.00000    1.00000          -51.13471       87.82831         1.305e-02 
  2737.550          31.997     10.125    100.892            0.314        19142.646      0.839      0.000      0.000    0.00000    0.99999          -51.13831       87.82834         1.305e-02 
  2737.557          31.996     10.125    100.892            0.314        19142.648      0.839      0.000      0.000    0.00000    0.99998          -51.14569       87.82839         1.306e-02 
  2737.571          31.992     10.125    100.892            0.314        19142.650      0.839      0.000      0.000    0.00000    1.00000          -51.16049       87.82848         1.306e-02 
  2737.576          31.991     10.125    100.892            0.314        19142.651      0.839      0.000      0.000    0.00000    0.99999          -51.16484       87.82851         1.307e-02 
  2737.584          31.989     10.125    100.892            0.314        19142.653      0.839      0.000      0.000    0.00000    0.99997          -51.17343       87.82857         1.307e-02 
  2737.599          31.985     10.125    100.892            0.314        19142.656      0.839      0.000      0.000    0.00000    0.99999          -51.18979       87.82867         1.308e-02 
  2737.611          31.982     10.125    100.892            0.314        19142.658      0.839      0.000      0.000    0.00000    0.99998          -51.20184       87.82877         1.308e-02 
  2737.629          31.978     10.125    100.892            0.314        19142.662      0.839      0.000      0.000    0.00000    0.99991          -51.22106       87.82889         1.309e-02 
  2737.661          31.970     10.125    100.892            0.314        19142.668      0.839      0.000      0.000    0.00000    0.99996          -51.25483       87.82910         1.311e-02 
  2737.681          31.965     10.125    100.892            0.314        19142.672      0.839      0.000      0.000    0.00000    0.99999          -51.27523       87.82922         1.312e-02 
  2737.708          31.959     10.125    100.892            0.314        19142.677      0.839      0.000      0.000    0.00000    0.99995          -51.30375       87.82945         1.313e-02 
  2737.744          31.950     10.125    100.892            0.314        19142.684      0.839      0.000      0.000    0.00000    0.99978          -51.34135       87.82969         1.315e-02 
  2737.905          31.910     10.125    100.892            0.314        19142.716      0.839      0.000      0.000    0.00000    0.99997          -51.51014       87.83074         1.322e-02 
  2737.910          31.909     10.125    100.892            0.314        19142.716      0.839      0.000      0.000    0.00000    0.99999          -51.51499       87.83077         1.323e-02 
  2737.915          31.908     10.125    100.892            0.314        19142.717      0.839      0.000      0.000    0.00000    1.00000          -51.51982       87.83080         1.324e-02 
  2737.919          31.907     10.125    100.892            0.314        19142.718      0.839      0.000      0.000    0.00000    0.99999          -51.52466       87.83083         1.324e-02 
  2737.924          31.906     10.125    100.892            0.314        19142.719      0.839      0.000      0.000    0.00000    1.00000          -51.52949       87.83086         1.324e-02 
  2737.928          31.905     10.125    100.892            0.314        19142.720      0.839      0.000      0.000    0.00000    0.99999          -51.53433       87.83089         1.324e-02 
  2737.933          31.904     10.125    100.892            0.314        19142.721      0.839      0.000      0.000    0.00000    1.00000          -51.53916       87.83092         1.325e-02 
  2737.938          31.902     10.125    100.892            0.314        19142.722      0.839      0.000      0.000    0.00000    0.99999          -51.54400       87.83095         1.325e-02 
  2737.942          31.901     10.125    100.892            0.314        19142.723      0.839      0.000      0.000    0.00000    0.99999          -51.54882       87.83098         1.325e-02 
  2737.947          31.900     10.125    100.892            0.314        19142.724      0.839      0.000      0.000    0.00000    0.99999          -51.55367       87.83101         1.325e-02 
  2737.952          31.899     10.125    100.892            0.314        19142.725      0.839      0.000      0.000    0.00000    0.99999          -51.55849       87.83105         1.326e-02 
  2737.956          31.898     10.125    100.892            0.314        19142.725      0.839      0.000      0.000    0.00000    1.00000          -51.56333       87.83108         1.326e-02 
  2737.960          31.897     10.125    100.892            0.314        19142.726      0.839      0.000      0.000    0.00000    0.99993          -51.56704       87.83110         1.326e-02 
  2737.963          31.896     10.125    100.892            0.314        19142.727      0.839      0.000      0.000    0.00000    0.99999          -51.57079       87.83113         1.326e-02 
  2737.972          31.894     10.125    100.892            0.314        19142.729      0.839      0.000      0.000    0.00000    1.00000          -51.58013       87.83118         1.327e-02 
  2737.976          31.893     10.125    100.892            0.314        19142.729      0.839      0.000      0.000    0.00000    0.99994          -51.58372       87.83121         1.327e-02 
  2737.979          31.892     10.125    100.892            0.314        19142.730      0.839      0.000      0.000    0.00000    0.99999          -51.58735       87.83123         1.327e-02 
  2737.988          31.890     10.125    100.892            0.314        19142.731      0.839      0.000      0.000    0.00000    1.00000          -51.59587       87.83129         1.327e-02 
  2737.993          31.889     10.125    100.892            0.314        19142.733      0.839      0.000      0.000    0.00000    0.99999          -51.60193       87.83133         1.328e-02 
  2738.004          31.886     10.125    100.892            0.314        19142.735      0.839      0.000      0.000    0.00000    0.99995          -51.61305       87.83140         1.328e-02 
  2738.026          31.881     10.125    100.892            0.314        19142.739      0.839      0.000      0.000    0.00000    0.99998          -51.63633       87.83155         1.329e-02 
  2738.040          31.877     10.125    100.892            0.314        19142.742      0.839      0.000      0.000    0.00000    1.00000          -51.65048       87.83164         1.330e-02 
  2738.051          31.875     10.125    100.893            0.314        19142.744      0.839      0.000      0.000    0.00000    0.99998          -51.66161       87.83173         1.331e-02 
  2738.068          31.870     10.125    100.893            0.314        19142.747      0.839      0.000      0.000    0.00000    0.99991          -51.67956       87.83184         1.331e-02 
  2738.099          31.863     10.125    100.893            0.313        19142.753      0.839      0.000      0.000    0.00000    0.99995          -51.71156       87.83204         1.333e-02 
  2738.136          31.854     10.125    100.893            0.313        19142.760      0.839      0.000      0.000    0.00000    0.99999          -51.75044       87.83228         1.335e-02 
  2738.179          31.843     10.125    100.893            0.313        19142.768      0.839      0.000      0.000    0.00000    0.99992          -51.79379       87.83263         1.337e-02 
  2738.228          31.831     10.125    100.893            0.313        19142.778      0.839      0.000      0.000    0.00000    0.99963          -51.84527       87.83295         1.339e-02 
  2738.451          31.776     10.125    100.893            0.313        19142.821      0.839      0.000      0.000    0.00000    0.99983          -52.07621       87.83438         1.350e-02 
  2738.508          31.762     10.125    100.893            0.313        19142.832      0.839      0.000      0.000    0.00000    0.99990          -52.13546       87.83475         1.354e-02 
  2738.565          31.748     10.125    100.893            0.313        19142.842      0.839      0.000      0.000    0.00000    0.99995          -52.19356       87.83512         1.357e-02 
  2738.598          31.740     10.125    100.893            0.313        19142.849      0.839      0.000      0.000    0.00000    0.99998          -52.22837       87.83533         1.359e-02 
  2738.618          31.735     10.125    100.894            0.313        19142.853      0.839      0.000      0.000    0.00000    0.99999          -52.24840       87.83546         1.360e-02 
  2738.625          31.733     10.125    100.894            0.313        19142.854      0.839      0.000      0.000    0.00000    1.00000          -52.25593       87.83550         1.360e-02 
  2738.631          31.731     10.125    100.894            0.313        19142.855      0.839      0.000      0.000    0.00000    0.99999          -52.26161       87.83555         1.361e-02 
  2738.641          31.729     10.125    100.894            0.313        19142.857      0.839      0.000      0.000    0.00000    0.99995          -52.27210       87.83561         1.361e-02 
  2738.687          31.718     10.125    100.894            0.313        19142.866      0.839      0.000      0.000    0.00000    0.99998          -52.31925       87.83591         1.363e-02 
  2738.705          31.713     10.125    100.894            0.313        19142.869      0.839      0.000      0.000    0.00000    1.00000          -52.33814       87.83603         1.364e-02 
  2738.711          31.712     10.125    100.894            0.313        19142.870      0.839      0.000      0.000    0.00000    0.99999          -52.34354       87.83606         1.365e-02 
  2738.716          31.710     10.125    100.894            0.313        19142.871      0.839      0.000      0.000    0.00000    0.99999          -52.34891       87.83610         1.365e-02 
  2738.721          31.709     10.125    100.894            0.313        19142.872      0.839      0.000      0.000    0.00000    0.99999          -52.35431       87.83613         1.365e-02 
  2738.728          31.707     10.125    100.894            0.313        19142.874      0.839      0.000      0.000    0.00000    1.00000          -52.36148       87.83617         1.366e-02 
  2738.734          31.706     10.125    100.894            0.313        19142.875      0.839      0.000      0.000    0.00000    0.99999          -52.36706       87.83622         1.366e-02 
  2738.744          31.704     10.125    100.894            0.313        19142.877      0.839      0.000      0.000    0.00000    0.99995          -52.37738       87.83628         1.367e-02 
  2738.789          31.692     10.125    100.894            0.313        19142.885      0.839      0.000      0.000    0.00000    0.99998          -52.42378       87.83657         1.369e-02 
  2738.811          31.687     10.125    100.894            0.313        19142.889      0.839      0.000      0.000    0.00000    0.99999          -52.44637       87.83671         1.370e-02 
  2738.820          31.685     10.125    100.894            0.313        19142.891      0.839      0.000      0.000    0.00000    1.00000          -52.45598       87.83677         1.371e-02 
  2738.824          31.684     10.125    100.894            0.313        19142.892      0.839      0.000      0.000    0.00000    0.99993          -52.45942       87.83680         1.371e-02 
  2738.827          31.683     10.125    100.894            0.313        19142.892      0.839      0.000      0.000    0.00000    0.99998          -52.46289       87.83682         1.371e-02 
  2738.842          31.679     10.125    100.894            0.313        19142.895      0.839      0.000      0.000    0.00000    0.99999          -52.47849       87.83692         1.372e-02 
  2738.851          31.677     10.125    100.894            0.313        19142.897      0.839      0.000      0.000    0.00000    1.00000          -52.48710       87.83697         1.372e-02 
  2738.855          31.676     10.125    100.894            0.313        19142.898      0.839      0.000      0.000    0.00000    0.99999          -52.49160       87.83700         1.372e-02 
  2738.864          31.674     10.125    100.894            0.313        19142.899      0.839      0.000      0.000    0.00000    0.99996          -52.50030       87.83706         1.373e-02 
  2738.902          31.664     10.125    100.894            0.313        19142.907      0.839      0.000      0.000    0.00000    0.99998          -52.53940       87.83730         1.375e-02 
  2738.922          31.659     10.125    100.894            0.313        19142.910      0.839      0.000      0.000    0.00000    0.99999          -52.56027       87.83743         1.376e-02 
  2738.935          31.656     10.125    100.894            0.313        19142.913      0.839      0.000      0.000    0.00000    1.00000          -52.57333       87.83751         1.377e-02 
  2738.942          31.654     10.125    100.894            0.313        19142.914      0.839      0.000      0.000    0.00000    0.99998          -52.57994       87.83757         1.377e-02 
  2738.953          31.652     10.125    100.894            0.313        19142.916      0.839      0.000      0.000    0.00000    0.99994          -52.59170       87.83764         1.378e-02 
  2739.005          31.639     10.125    100.894            0.313        19142.926      0.839      0.000      0.000    0.00000    0.99996          -52.64458       87.83797         1.380e-02 
  2739.057          31.626     10.125    100.894            0.313        19142.936      0.839      0.000      0.000    0.00000    0.99999          -52.69791       87.83830         1.383e-02 
  2739.076          31.621     10.125    100.894            0.313        19142.940      0.839      0.000      0.000    0.00000    1.00000          -52.71761       87.83842         1.384e-02 
  2739.103          31.614     10.125    100.894            0.313        19142.945      0.839      0.000      0.000    0.00000    0.99993          -52.74467       87.83864         1.386e-02 
  2739.138          31.606     10.125    100.894            0.313        19142.951      0.839      0.000      0.000    0.00000    0.99973          -52.78011       87.83886         1.387e-02 
  2739.295          31.567     10.125    100.895            0.312        19142.981      0.839      0.000      0.000    0.00000    0.99978          -52.93927       87.83985         1.395e-02 
  2740.000          31.390     10.125    100.896            0.312        19143.111      0.839      0.000      0.000    0.00000    0.99982          -53.64857       87.84426         1.430e-02 
  2741.000          31.138     10.125    100.898            0.311        19143.293      0.839      0.000      0.000    0.00000    0.99928          -54.63603       87.85037         1.485e-02 
  2742.000          30.883     10.125    100.899            0.310        19143.469      0.839      0.000      0.000    0.00000    0.99793          -55.60184       87.85631         1.546e-02 
  2743.000          30.627     10.125    100.901            0.308        19143.641      0.839      0.000      0.000    0.00000    0.99576          -56.54664       87.86210         1.609e-02 
  2744.000          30.369     10.125    100.902            0.307        19143.808      0.839      0.000      0.000    0.00000    0.99275          -57.47101       87.86775         1.675e-02 
  2745.000          30.110     10.125    100.904            0.305        19143.969      0.839      0.000      0.000    0.00000    0.98890          -58.37542       87.87331         1.745e-02 
  2746.000          29.850     10.125    100.905            0.303        19144.126      0.839      0.000      0.000    0.00000    0.98421          -59.26020       87.87885         1.818e-02 
  2747.000          29.590     10.125    100.906            0.300        19144.277      0.839      0.000      0.000    0.00000    0.97870          -60.12560       87.88448         1.894e-02 
  2748.000          29.329     10.125    100.908            0.298        19144.424      0.839      0.000      0.000    0.00000    0.97239          -60.97180       87.89028         1.973e-02 
  2749.000          29.069     10.125    100.909            0.295        19144.565      0.839      0.000      0.000    0.00000    0.96533          -61.79893       87.89640         2.056e-02 
  2750.000          28.809     10.125    100.910            0.292        19144.701      0.839      0.000      0.000    0.00000    0.95755          -62.60712       87.90295         2.142e-02 
  2751.000          28.550     10.125    100.912            0.289        19144.833      0.839      0.000      0.000    0.00000    0.94910          -63.39647       87.91007         2.232e-02 
  2752.000          28.292     10.125    100.913            0.286        19144.959      0.839      0.000      0.000    0.00000    0.94002          -64.16706       87.91791         2.325e-02 
  2753.000          28.035     10.125    100.914            0.283        19145.081      0.839      0.000      0.000    0.00000    0.93035          -64.91896       87.92660         2.422e-02 
  2754.000          27.780     10.125    100.915            0.279        19145.198      0.839      0.000      0.000    0.00000    0.92014          -65.65226       87.93631         2.523e-02 
  2755.000          27.526     10.126    100.916            0.276        19145.310      0.839      0.000      0.000    0.00000    0.90944          -66.36706       87.94718         2.627e-02 
  2756.000          27.275     10.126    100.917            0.272        19145.418      0.839      0.000      0.000    0.00000    0.89830          -67.06346       87.95936         2.735e-02 
  2757.000          27.026     10.126    100.918            0.268        19145.521      0.839      0.000      0.000    0.00000    0.88676          -67.74161       87.97298         2.847e-02 
  2758.000          26.779     10.126    100.919            0.264        19145.620      0.839      0.000      0.000    0.00000    0.87488          -68.40168       87.98818         2.962e-02 
  2759.000          26.535     10.126    100.920            0.260        19145.715      0.839      0.000      0.000    0.00000    0.86271          -69.04389       88.00507         3.081e-02 
  2760.000          26.294     10.126    100.920            0.256        19145.805      0.839      0.000      0.000    0.00000    0.85028          -69.66852       88.02375         3.204e-02 
  2761.000          26.056     10.126    100.921            0.251        19145.891      0.839      0.000      0.000    0.00000    0.83765          -70.27587       88.04429         3.330e-02 
  2762.000          25.821     10.126    100.922            0.247        19145.974      0.839      0.000      0.000    0.00000    0.82486          -70.86633       88.06674         3.460e-02 
  2763.000          25.589     10.126    100.923            0.243        19146.053      0.839      0.000      0.000    0.00000    0.81196          -71.44035       88.09111         3.593e-02 
  2764.000          25.360     10.126    100.923            0.239        19146.128      0.839      0.000      0.000    0.00000    0.79899          -71.99845       88.11738         3.730e-02 
  2765.000          25.135     10.126    100.924            0.234        19146.200      0.839      0.000      0.000    0.00000    0.78598          -72.54119       88.14549         3.871e-02 
  2766.000          24.913     10.126    100.925            0.230        19146.268      0.839      0.000      0.000    0.00000    0.77297          -73.06925       88.17530         4.014e-02 
  2767.000          24.695     10.126    100.925            0.226        19146.333      0.839      0.000      0.000    0.00000    0.76000          -73.58332       88.20668         4.162e-02 
  2768.000          24.480     10.126    100.926            0.222        19146.395      0.839      0.000      0.000    0.00000    0.74709          -74.08412       88.23944         4.312e-02 
  2769.000          24.268     10.126    100.926            0.218        19146.455      0.839      0.000      0.000    0.00000    0.73429          -74.57233       88.27340         4.466e-02 
  2770.000          24.060     10.126    100.927            0.213        19146.511      0.839      0.000      0.000    0.00000    0.72161          -75.04860       88.30837         4.624e-02 
  2771.000          23.856     10.126    100.927            0.209        19146.564      0.839      0.000      0.000    0.00000    0.70908          -75.51355       88.34417         4.784e-02 
  2772.000          23.655     10.126    100.928            0.205        19146.615      0.839      0.000      0.000    0.00000    0.69672          -75.96777       88.38060         4.948e-02 
  2773.000          23.457     10.126    100.928            0.202        19146.664      0.839      0.000      0.000    0.00000    0.68456          -76.41180       88.41750         5.115e-02 
  2774.000          23.263     10.126    100.929            0.198        19146.710      0.839      0.000      0.000    0.00000    0.67261          -76.84618       88.45468         5.285e-02 
  2775.000          23.072     10.126    100.929            0.194        19146.753      0.839      0.000      0.000    0.00000    0.66088          -77.27138       88.49199         5.458e-02 
  2776.000          22.884     10.126    100.929            0.190        19146.795      0.839      0.000      0.000    0.00000    0.64940          -77.68787       88.52928         5.635e-02 
  2777.000          22.700     10.126    100.930            0.187        19146.834      0.839      0.000      0.000    0.00000    0.63817          -78.09606       88.56640         5.814e-02 
  2778.000          22.519     10.126    100.930            0.183        19146.872      0.839      0.000      0.000    0.00000    0.62719          -78.49636       88.60325         5.997e-02 
  2779.000          22.341     10.126    100.930            0.180        19146.907      0.839      0.000      0.000    0.00000    0.61648          -78.88911       88.63973         6.182e-02 
  2780.000          22.166     10.126    100.931            0.177        19146.941      0.839      0.000      0.000    0.00000    0.60604          -79.27467       88.67578         6.371e-02 
  2781.000          21.994     10.126    100.931            0.173        19146.973      0.839      0.000      0.000    0.00000    0.59588          -79.65333       88.71135         6.562e-02 
  2782.000          21.824     10.126    100.931            0.170        19147.003      0.839      0.000      0.000    0.00000    0.58598          -80.02539       88.74645         6.757e-02 
  2783.000          21.658     10.126    100.932            0.167        19147.031      0.839      0.000      0.000    0.00000    0.57636          -80.39110       88.78110         6.955e-02 
  2784.000          21.494     10.126    100.932            0.164        19147.059      0.839      0.000      0.000    0.00000    0.56700          -80.75071       88.81538         7.155e-02 
  2785.000          21.333     10.126    100.932            0.162        19147.084      0.839      0.000      0.000    0.00000    0.55792          -81.10444       88.84941         7.359e-02 
  2786.000          21.175     10.126    100.932            0.159        19147.108      0.839      0.000      0.000    0.00000    0.54909          -81.45248       88.88338         7.566e-02 
  2787.000          21.019     10.126    100.933            0.156        19147.131      0.839      0.000      0.000    0.00000    0.54053          -81.79503       88.91751         7.776e-02 
  2788.000          20.866     10.126    100.933            0.154        19147.153      0.839      0.000      0.000    0.00000    0.53221          -82.13225       88.95213         7.989e-02 
  2789.000          20.715     10.126    100.933            0.151        19147.173      0.839      0.000      0.000    0.00000    0.52415          -82.46431       88.98763         8.204e-02 
  2790.000          20.566     10.126    100.933            0.149        19147.192      0.839      0.000      0.000    0.00000    0.51632          -82.79134       89.02449         8.424e-02 
  2791.000          20.419     10.126    100.933            0.146        19147.210      0.839      0.000      0.000    0.00000    0.50873          -83.11348       89.06333         8.646e-02 
  2792.000          20.275     10.126    100.933            0.144        19147.227      0.839      0.000      0.000    0.00000    0.50136          -83.43085       89.10487         8.871e-02 
  2793.000          20.133     10.126    100.934            0.142        19147.243      0.839      0.000      0.000    0.00000    0.49421          -83.74357       89.15001         9.099e-02 
  2794.000          19.993     10.126    100.934            0.140        19147.258      0.839      0.000      0.000    0.00000    0.48728          -84.05174       89.19982         9.331e-02 
  2795.000          19.854     10.126    100.934            0.138        19147.272      0.839      0.000      0.000    0.00000    0.48054          -84.35545       89.25563         9.566e-02 
  2796.000          19.718     10.126    100.934            0.136        19147.285      0.839      0.000      0.000    0.00000    0.47401          -84.65480       89.31899         9.804e-02 
  2797.000          19.584     10.126    100.934            0.134        19147.298      0.839      0.000      0.000    0.00000    0.46766          -84.94985       89.39170         1.004e-01 
  2798.000          19.451     10.126    100.934            0.132        19147.309      0.839      0.000      0.000    0.00000    0.46148          -85.24069       89.47593         1.029e-01 
  2799.000          19.321     10.126    100.934            0.130        19147.319      0.839      0.000      0.000    0.00000    0.45548          -85.52736       89.57425         1.054e-01 
  2800.000          19.192     10.126    100.934            0.128        19147.329      0.839      0.000      0.000    0.00000    0.44964          -85.80991       89.68977         1.079e-01 
  2801.000          19.064     10.126    100.934            0.127        19147.338      0.839      0.000      0.000    0.00000    0.44396          -86.08839       89.82635         1.104e-01 
  2802.000          18.939     10.126    100.934            0.125        19147.346      0.839      0.000      0.000    0.00000    0.43843          -86.36282       89.98878         1.129e-01 
  2803.000          18.815     10.126    100.935            0.124        19147.354      0.839      0.000      0.000    0.00000    0.43305          -86.63322       90.18319         1.155e-01 
  2804.000          18.692     10.126    100.935            0.122        19147.361      0.839      0.000      0.000    0.00000    0.42780          -86.89960       90.41749         1.181e-01 
  2805.000          18.571     10.126    100.935            0.120        19147.367      0.839      0.000      0.000    0.00000    0.42269          -87.16194       90.70217         1.208e-01 
  2806.000          18.451     10.126    100.935            0.119        19147.373      0.839      0.000      0.000    0.00000    0.41771          -87.42023       91.05143         1.234e-01 
  2807.000          18.333     10.126    100.935            0.118        19147.378      0.839      0.000      0.000    0.00000    0.41285          -87.67443       91.48503         1.261e-01 
  2808.000          18.217     10.126    100.935            0.116        19147.382      0.839      0.000      0.000    0.00000    0.40812          -87.92448       92.03139         1.288e-01 
  2809.000          18.101     10.126    100.935            0.115        19147.386      0.839      0.000      0.000    0.00000    0.40349          -88.17028       92.73287         1.316e-01 
  2810.000          17.987     10.126    100.935            0.114        19147.390      0.839      0.000      0.000    0.00000    0.39898          -88.41171       93.65558         1.343e-01 
  2811.000          17.874     10.126    100.935            0.112        19147.392      0.839      0.000      0.000    0.00000    0.39458          -88.64852       94.90862         1.371e-01 
  2812.000          17.763     10.126    100.935            0.111        19147.395      0.839      0.000      0.000    0.00000    0.39028          -88.88033       96.68538         1.399e-01 
  2813.000          17.652     10.126    100.935            0.110        19147.397      0.839      0.000      0.000    0.00000    0.38608          -89.10640       99.36256         1.427e-01 
  2814.000          17.543     10.126    100.935            0.109        19147.398      0.839      0.000      0.000    0.00000    0.38197          -89.32511      103.77442         1.455e-01 
  2815.000          17.435     10.126    100.935            0.108        19147.399      0.839      0.000      0.000    0.00000    0.37796          -89.53207      112.13139         1.484e-01 
  2816.000          17.328     10.126    100.935            0.106        19147.400      0.839      0.000      0.000    0.00000    0.37404          -89.71117      131.69618         1.513e-01 
  2817.000          17.222     10.126    100.935            0.105        19147.400      0.839      0.000      0.000    0.00000    0.37021          -89.79179      179.40121         1.542e-01 
  2818.000          17.117     10.126    100.935            0.104        19147.401      0.839      0.000      0.000    0.00000    0.36646          -89.69468      222.67776         1.571e-01 
  2819.000          17.014     10.126    100.935            0.103        19147.402      0.839      0.000      0.000    0.00000    0.36279          -89.52300      239.66678         1.600e-01 
  2820.000          16.911     10.126    100.935            0.102        19147.403      0.839      0.000      0.000    0.00000    0.35921          -89.33607      247.18176         1.629e-01 
  2821.000          16.809     10.126    100.935            0.101        19147.404      0.839      0.000      0.000    0.00000    0.35569          -89.14702      251.25083         1.659e-01 
  2822.000          16.708     10.126    100.935            0.100        19147.406      0.839      0.000      0.000    0.00000    0.35225          -88.95963      253.76072         1.688e-01 
  2823.000          16.608     10.126    100.935            0.099        19147.408      0.839      0.000      0.000    0.00000    0.34889          -88.77536      255.44542         1.718e-01 
  2824.000          16.509     10.126    100.935            0.099        19147.410      0.839      0.000      0.000    0.00000    0.34559          -88.59490      256.64361         1.748e-01 
  2825.000          16.411     10.126    100.935            0.098        19147.412      0.839      0.000      0.000    0.00000    0.34236          -88.41866      257.53189         1.778e-01 
  2826.000          16.314     10.126    100.935            0.097        19147.415      0.839      0.000      0.000    0.00000    0.33920          -88.24689      258.21102         1.808e-01 
  2827.000          16.218     10.126    100.935            0.096        19147.418      0.839      0.000      0.000    0.00000    0.33609          -88.07979      258.74254         1.838e-01 
  2828.000          16.123     10.126    100.935            0.095        19147.422      0.839      0.000      0.000    0.00000    0.33305          -87.91749      259.16613         1.868e-01 
  2829.000          16.028     10.126    100.935            0.094        19147.425      0.839      0.000      0.000    0.00000    0.33007          -87.76012      259.50849         1.898e-01 
  2830.000          15.934     10.126    100.935            0.094        19147.429      0.839      0.000      0.000    0.00000    0.32715          -87.60778      259.78823         1.928e-01 
  2831.000          15.841     10.126    100.935            0.093        19147.433      0.839      0.000      0.000    0.00000    0.32428          -87.46059      260.01872         1.959e-01 
  2832.000          15.749     10.126    100.935            0.092        19147.437      0.839      0.000      0.000    0.00000    0.32147          -87.31863      260.20981         1.989e-01 
  2833.000          15.657     10.126    100.935            0.091        19147.442      0.839      0.000      0.000    0.00000    0.31871          -87.18199      260.36888         2.019e-01 
  2834.000          15.566     10.126    100.935            0.091        19147.446      0.839      0.000      0.000    0.00000    0.31600          -87.05076      260.50161         2.049e-01 
  2835.000          15.476     10.126    100.935            0.090        19147.451      0.839      0.000      0.000    0.00000    0.31334          -86.92501      260.61241         2.080e-01 
  2836.000          15.387     10.126    100.934            0.089        19147.456      0.839      0.000      0.000    0.00000    0.31074          -86.80484      260.70475         2.110e-01 
  2837.000          15.298     10.126    100.934            0.089        19147.461      0.839      0.000      0.000    0.00000    0.30817          -86.69031      260.78142         2.140e-01 
  2838.000          15.210     10.126    100.934            0.088        19147.466      0.839      0.000      0.000    0.00000    0.30566          -86.58150      260.84464         2.171e-01 
  2839.000          15.122     10.126    100.934            0.087        19147.471      0.839      0.000      0.000    0.00000    0.30319          -86.47850      260.89625         2.201e-01 
  2840.000          15.036     10.126    100.934            0.087        19147.477      0.839      0.000      0.000    0.00000    0.30076          -86.38137      260.93774         2.231e-01 
  2841.000          14.949     10.126    100.934            0.086        19147.482      0.839      0.000      0.000    0.00000    0.29838          -86.29019      260.97033         2.261e-01 
  2842.000          14.864     10.126    100.934            0.085        19147.488      0.839      0.000      0.000    0.00000    0.29604          -86.20503      260.99505         2.291e-01 
  2843.000          14.779     10.126    100.934            0.085        19147.493      0.839      0.000      0.000    0.00000    0.29374          -86.12592      261.01275         2.321e-01 
  2844.000          14.694     10.126    100.934            0.084        19147.499      0.839      0.000      0.000    0.00000    0.29148          -86.05288      261.02412         2.350e-01 
  2845.000          14.611     10.126    100.934            0.084        19147.505      0.839      0.000      0.000    0.00000    0.28926          -85.98592      261.02972         2.380e-01 
  2846.000          14.527     10.126    100.934            0.083        19147.511      0.839      0.000      0.000    0.00000    0.28708          -85.92501      261.03005         2.409e-01 
  2847.000          14.445     10.126    100.934            0.083        19147.517      0.839      0.000      0.000    0.00000    0.28494          -85.87010      261.02546         2.439e-01 
  2848.000          14.362     10.126    100.934            0.082        19147.523      0.839      0.000      0.000    0.00000    0.28283          -85.82116      261.01629         2.468e-01 
  2849.000          14.281     10.126    100.934            0.082        19147.529      0.839      0.000      0.000    0.00000    0.28076          -85.77810      261.00278         2.498e-01 
  2850.000          14.200     10.126    100.934            0.081        19147.535      0.839      0.000      0.000    0.00000    0.27873          -85.74085      260.98513         2.527e-01 
  2851.000          14.119     10.126    100.934            0.081        19147.541      0.839      0.000      0.000    0.00000    0.27673          -85.70933      260.96347         2.556e-01 
  2852.000          14.039     10.126    100.934            0.080        19147.547      0.839      0.000      0.000    0.00000    0.27476          -85.68343      260.93791         2.585e-01 
  2853.000          13.959     10.126    100.934            0.080        19147.553      0.839      0.000      0.000    0.00000    0.27282          -85.66306      260.90853         2.614e-01 
  2854.000          13.880     10.126    100.934            0.079        19147.559      0.839      0.000      0.000    0.00000    0.27092          -85.64809      260.87535         2.642e-01 
  2855.000          13.801     10.126    100.934            0.079        19147.565      0.839      0.000      0.000    0.00000    0.26905          -85.63843      260.83838         2.671e-01 
  2856.000          13.723     10.126    100.933            0.078        19147.571      0.839      0.000      0.000    0.00000    0.26721          -85.63394      260.79759         2.700e-01 
  2857.000          13.645     10.126    100.933            0.078        19147.577      0.839      0.000      0.000    0.00000    0.26540          -85.63451      260.75292         2.728e-01 
  2858.000          13.568     10.126    100.933            0.077        19147.583      0.839      0.000      0.000    0.00000    0.26362          -85.64001      260.70430         2.756e-01 
  2859.000          13.491     10.126    100.933            0.077        19147.588      0.839      0.000      0.000    0.00000    0.26186          -85.65031      260.65161         2.785e-01 
  2860.000          13.415     10.126    100.933            0.076        19147.594      0.839      0.000      0.000    0.00000    0.26014          -85.66529      260.59472         2.813e-01 
  2861.000          13.339     10.126    100.933            0.076        19147.600      0.839      0.000      0.000    0.00000    0.25844          -85.68482      260.53348         2.841e-01 
  2862.000          13.263     10.126    100.933            0.076        19147.606      0.839      0.000      0.000    0.00000    0.25676          -85.70876      260.46769         2.869e-01 
  2863.000          13.188     10.126    100.933            0.075        19147.611      0.839      0.000      0.000    0.00000    0.25512          -85.73698      260.39715         2.897e-01 
  2864.000          13.113     10.126    100.933            0.075        19147.617      0.839      0.000      0.000    0.00000    0.25349          -85.76935      260.32162         2.924e-01 
  2865.000          13.039     10.126    100.933            0.074        19147.622      0.839      0.000      0.000    0.00000    0.25190          -85.80575      260.24082         2.952e-01 
  2866.000          12.965     10.126    100.933            0.074        19147.628      0.839      0.000      0.000    0.00000    0.25032          -85.84605      260.15444         2.980e-01 
  2867.000          12.891     10.126    100.933            0.074        19147.633      0.839      0.000      0.000    0.00000    0.24877          -85.89010      260.06216         3.007e-01 
  2868.000          12.818     10.126    100.933            0.073        19147.638      0.839      0.000      0.000    0.00000    0.24724          -85.93779      259.96358         3.034e-01 
  2869.000          12.745     10.126    100.933            0.073        19147.643      0.839      0.000      0.000    0.00000    0.24574          -85.98899      259.85830         3.062e-01 
  2870.000          12.672     10.126    100.933            0.073        19147.648      0.839      0.000      0.000    0.00000    0.24426          -86.04357      259.74584         3.089e-01 
  2871.000          12.600     10.126    100.933            0.072        19147.653      0.839      0.000      0.000    0.00000    0.24279          -86.10140      259.62569         3.116e-01 
  2872.000          12.528     10.126    100.933            0.072        19147.658      0.839      0.000      0.000    0.00000    0.24135          -86.16237      259.49729         3.143e-01 
  2873.000          12.456     10.126    100.933            0.072        19147.663      0.839      0.000      0.000    0.00000    0.23993          -86.22634      259.35998         3.170e-01 
  2874.000          12.385     10.126    100.933            0.071        19147.668      0.839      0.000      0.000    0.00000    0.23853          -86.29320      259.21307         3.197e-01 
  2875.000          12.314     10.126    100.933            0.071        19147.672      0.839      0.000      0.000    0.00000    0.23715          -86.36283      259.05578         3.223e-01 
  2876.000          12.244     10.126    100.932            0.070        19147.677      0.839      0.000      0.000    0.00000    0.23579          -86.43510      258.88721         3.250e-01 
  2877.000          12.174     10.126    100.932            0.070        19147.681      0.839      0.000      0.000    0.00000    0.23445          -86.50990      258.70640         3.277e-01 
  2878.000          12.104     10.126    100.932            0.070        19147.685      0.839      0.000      0.000    0.00000    0.23313          -86.58712      258.51225         3.303e-01 
  2879.000          12.034     10.126    100.932            0.070        19147.689      0.839      0.000      0.000    0.00000    0.23182          -86.66662      258.30352         3.330e-01 
  2880.000          11.965     10.126    100.932            0.069        19147.693      0.839      0.000      0.000    0.00000    0.23053          -86.74830      258.07883         3.356e-01 
  2881.000          11.896     10.126    100.932            0.069        19147.697      0.839      0.000      0.000    0.00000    0.22926          -86.83205      257.83661         3.382e-01 
  2882.000          11.827     10.126    100.932            0.069        19147.701      0.839      0.000      0.000    0.00000    0.22801          -86.91774      257.57510         3.408e-01 
  2883.000          11.759     10.126    100.932            0.068        19147.704      0.839      0.000      0.000    0.00000    0.22677          -87.00526      257.29227         3.435e-01 
  2884.000          11.691     10.126    100.932            0.068        19147.708      0.839      0.000      0.000    0.00000    0.22555          -87.09451      256.98583         3.461e-01 
  2885.000          11.623     10.126    100.932            0.068        19147.711      0.839      0.000      0.000    0.00000    0.22435          -87.18536      256.65316         3.487e-01 
  2886.000          11.556     10.126    100.932            0.067        19147.714      0.839      0.000      0.000    0.00000    0.22316          -87.27770      256.29122         3.513e-01 
  2887.000          11.489     10.126    100.932            0.067        19147.718      0.839      0.000      0.000    0.00000    0.22198          -87.37142      255.89653         3.539e-01 
  2888.000          11.422     10.126    100.932            0.067        19147.721      0.839      0.000      0.000    0.00000    0.22082          -87.46639      255.46503         3.565e-01 
  2889.000          11.355     10.125    100.932            0.067        19147.724      0.839      0.000      0.000    0.00000    0.21968          -87.56250      254.99201         3.590e-01 
  2890.000          11.289     10.125    100.932            0.066        19147.726      0.839      0.000      0.000    0.00000    0.21855          -87.65963      254.47191         3.616e-01 
  2891.000          11.223     10.125    100.932            0.066        19147.729      0.839      0.000      0.000    0.00000    0.21744          -87.75765      253.89821         3.642e-01 
  2892.000          11.157     10.125    100.932            0.066        19147.731      0.839      0.000      0.000    0.00000    0.21634          -87.85643      253.26315         3.668e-01 
  2893.000          11.092     10.125    100.932            0.065        19147.734      0.839      0.000      0.000    0.00000    0.21525          -87.95583      252.55747         3.694e-01 
  2894.000          11.026     10.125    100.932            0.065        19147.736      0.839      0.000      0.000    0.00000    0.21417          -88.05571      251.77004         3.719e-01 
  2895.000          10.961     10.125    100.932            0.065        19147.738      0.839      0.000      0.000    0.00000    0.21311          -88.15590      250.88734         3.745e-01 
  2896.000          10.896     10.125    100.932            0.065        19147.740      0.839      0.000      0.000    0.00000    0.21206          -88.25625      249.89291         3.771e-01 
  2897.000          10.832     10.125    100.932            0.064        19147.742      0.839      0.000      0.000    0.00000    0.21103          -88.35654      248.76645         3.796e-01 
  2898.000          10.768     10.125    100.932            0.064        19147.744      0.839      0.000      0.000    0.00000    0.21001          -88.45658      247.48274         3.822e-01 
  2899.000          10.704     10.125    100.932            0.064        19147.746      0.839      0.000      0.000    0.00000    0.20900          -88.55610      246.01022         3.848e-01 
  2900.000          10.640     10.125    100.932            0.064        19147.747      0.839      0.000      0.000    0.00000    0.20800          -88.65481      244.30901         3.873e-01 
  2901.000          10.576     10.125    100.932            0.063        19147.749      0.839      0.000      0.000    0.00000    0.20701          -88.75233      242.32830         3.899e-01 
  2902.000          10.513     10.125    100.932            0.063        19147.750      0.839      0.000      0.000    0.00000    0.20603          -88.84822      240.00298         3.925e-01 
  2903.000          10.450     10.125    100.932            0.063        19147.751      0.839      0.000      0.000    0.00000    0.20507          -88.94189      237.24924         3.951e-01 
  2904.000          10.387     10.125    100.932            0.063        19147.752      0.839      0.000      0.000    0.00000    0.20412          -89.03258      233.95938         3.977e-01 
  2905.000          10.325     10.125    100.932            0.062        19147.753      0.839      0.000      0.000    0.00000    0.20317          -89.11930      229.99649         4.002e-01 
  2906.000          10.262     10.125    100.932            0.062        19147.754      0.839      0.000      0.000    0.00000    0.20224          -89.20069      225.19161         4.028e-01 
  2907.000          10.200     10.125    100.932            0.062        19147.755      0.839      0.000      0.000    0.00000    0.20132          -89.27495      219.34946         4.054e-01 
  2908.000          10.138     10.125    100.932            0.062        19147.756      0.839      0.000      0.000    0.00000    0.20041          -89.33970      212.27567         4.080e-01 
  2909.000          10.077     10.125    100.932            0.062        19147.756      0.839      0.000      0.000    0.00000    0.19951          -89.39200      203.84451         4.106e-01 
  2910.000          10.015     10.125    100.932            0.061        19147.757      0.839      0.000      0.000    0.00000    0.19862          -89.42856      194.11653         4.132e-01 
  2911.000           9.954     10.125    100.932            0.061        19147.758      0.839      0.000      0.000    0.00000    0.19774          -89.44647      183.46095         4.159e-01 
  2912.000           9.893     10.125    100.932            0.061        19147.758      0.839      0.000      0.000    0.00000    0.19687          -89.44419      172.55555         4.185e-01 
  2913.000           9.832     10.125    100.932            0.061        19147.759      0.839      0.000      0.000    0.00000    0.19600          -89.42226      162.17417         4.211e-01 
  2914.000           9.772     10.125    100.932            0.060        19147.760      0.839      0.000      0.000    0.00000    0.19515          -89.38308      152.89509         4.238e-01 
  2915.000           9.711     10.125    100.932            0.060        19147.760      0.839      0.000      0.000    0.00000    0.19431          -89.33000      144.96494         4.264e-01 
  2916.000           9.651     10.125    100.932            0.060        19147.761      0.839      0.000      0.000    0.00000    0.19347          -89.26632      138.36056         4.291e-01 
  2917.000           9.591     10.125    100.932            0.060        19147.762      0.839      0.000      0.000    0.00000    0.19264          -89.19485      132.92021         4.318e-01 
  2918.000           9.532     10.125    100.932            0.060        19147.763      0.839      0.000      0.000    0.00000    0.19182          -89.11774      128.44404         4.344e-01 
  2919.000           9.472     10.125    100.932            0.059        19147.764      0.839      0.000      0.000    0.00000    0.19101          -89.03659      124.74475         4.371e-01 
  2920.000           9.413     10.125    100.932            0.059        19147.765      0.839      0.000      0.000    0.00000    0.19021          -88.95258      121.66501         4.398e-01 
  2921.000           9.354     10.125    100.932            0.059        19147.766      0.839      0.000      0.000    0.00000    0.18942          -88.86655      119.07907         4.425e-01 
  2922.000           9.295     10.125    100.932            0.059        19147.767      0.839      0.000      0.000    0.00000    0.18863          -88.77912      116.88851         4.452e-01 
  2923.000           9.236     10.125    100.932            0.059        19147.768      0.839      0.000      0.000    0.00000    0.18785          -88.69076      115.01680         4.479e-01 
  2924.000           9.178     10.125    100.932            0.058        19147.770      0.839      0.000      0.000    0.00000    0.18708          -88.60181      113.40442         4.507e-01 
  2925.000           9.119     10.125    100.932            0.058        19147.771      0.839      0.000      0.000    0.00000    0.18631          -88.51253      112.00482         4.534e-01 
  2926.000           9.061     10.125    100.932            0.058        19147.773      0.839      0.000      0.000    0.00000    0.18556          -88.42311      110.78132         4.561e-01 
  2927.000           9.004     10.125    100.932            0.058        19147.774      0.839      0.000      0.000    0.00000    0.18481          -88.33372      109.70478         4.589e-01 
  2928.000           8.946     10.125    100.932            0.058        19147.776      0.839      0.000      0.000    0.00000    0.18407          -88.24447      108.75187         4.616e-01 
  2929.000           8.888     10.125    100.932            0.057        19147.778      0.839      0.000      0.000    0.00000    0.18333          -88.15545      107.90371         4.644e-01 
  2930.000           8.831     10.125    100.932            0.057        19147.780      0.839      0.000      0.000    0.00000    0.18260          -88.06673      107.14492         4.672e-01 
  2931.000           8.774     10.125    100.932            0.057        19147.782      0.839      0.000      0.000    0.00000    0.18188          -87.97838      106.46285         4.700e-01 
  2932.000           8.717     10.125    100.932            0.057        19147.784      0.839      0.000      0.000    0.00000    0.18116          -87.89044      105.84705         4.728e-01 
  2933.000           8.660     10.125    100.932            0.057        19147.786      0.839      0.000      0.000    0.00000    0.18046          -87.80294      105.28877         4.756e-01 
  2934.000           8.604     10.125    100.932            0.056        19147.788      0.839      0.000      0.000    0.00000    0.17975          -87.71591      104.78067         4.784e-01 
  2935.000           8.547     10.125    100.932            0.056        19147.790      0.839      0.000      0.000    0.00000    0.17906          -87.62938      104.31655         4.812e-01 
  2936.000           8.491     10.125    100.932            0.056        19147.793      0.839      0.000      0.000    0.00000    0.17837          -87.54336      103.89113         4.840e-01 
  2937.000           8.435     10.125    100.932            0.056        19147.795      0.839      0.000      0.000    0.00000    0.17768          -87.45786      103.49989         4.869e-01 
  2938.000           8.379     10.125    100.932            0.056        19147.798      0.839      0.000      0.000    0.00000    0.17701          -87.37289      103.13894         4.897e-01 
  2939.000           8.324     10.125    100.932            0.056        19147.800      0.839      0.000      0.000    0.00000    0.17634          -87.28847      102.80492         4.926e-01 
  2940.000           8.268     10.125    100.932            0.055        19147.803      0.839      0.000      0.000    0.00000    0.17567          -87.20459      102.49490         4.954e-01 
  2941.000           8.213     10.125    100.932            0.055        19147.806      0.839      0.000      0.000    0.00000    0.17501          -87.12125      102.20634         4.983e-01 
  2942.000           8.158     10.125    100.932            0.055        19147.808      0.839      0.000      0.000    0.00000    0.17436          -87.03846      101.93700         5.012e-01 
  2943.000           8.103     10.125    100.932            0.055        19147.811      0.839      0.000      0.000    0.00000    0.17371          -86.95622      101.68491         5.041e-01 
  2944.000           8.048     10.125    100.932            0.055        19147.814      0.839      0.000      0.000    0.00000    0.17306          -86.87453      101.44832         5.070e-01 
  2945.000           7.994     10.125    100.932            0.055        19147.817      0.839      0.000      0.000    0.00000    0.17243          -86.79337      101.22570         5.099e-01 
  2946.000           7.939     10.125    100.932            0.054        19147.820      0.839      0.000      0.000    0.00000    0.17180          -86.71275      101.01568         5.128e-01 
  2947.000           7.885     10.125    100.932            0.054        19147.824      0.839      0.000      0.000    0.00000    0.17117          -86.63267      100.81702         5.158e-01 
  2948.000           7.831     10.125    100.932            0.054        19147.827      0.839      0.000      0.000    0.00000    0.17055          -86.55311      100.62862         5.187e-01 
  2949.000           7.777     10.125    100.932            0.054        19147.830      0.839      0.000      0.000    0.00000    0.16993          -86.47408      100.44951         5.216e-01 
  2950.000           7.724     10.125    100.932            0.054        19147.833      0.839      0.000      0.000    0.00000    0.16932          -86.39557      100.27879         5.246e-01 
  2951.000           7.670     10.125    100.932            0.054        19147.837      0.839      0.000      0.000    0.00000    0.16871          -86.31757      100.11566         5.276e-01 
  2952.000           7.617     10.125    100.933            0.053        19147.840      0.839      0.000      0.000    0.00000    0.16811          -86.24007       99.95939         5.305e-01 
  2953.000           7.563     10.125    100.933            0.053        19147.844      0.839      0.000      0.000    0.00000    0.16752          -86.16307       99.80931         5.335e-01 
  2954.000           7.510     10.125    100.933            0.053        19147.847      0.839      0.000      0.000    0.00000    0.16692          -86.08656       99.66484         5.365e-01 
  2955.000           7.458     10.125    100.933            0.053        19147.851      0.839      0.000      0.000    0.00000    0.16634          -86.01054       99.52542         5.395e-01 
  2956.000           7.405     10.125    100.933            0.053        19147.855      0.839      0.000      0.000    0.00000    0.16576          -85.93499       99.39055         5.425e-01 
  2957.000           7.352     10.125    100.933            0.053        19147.858      0.839      0.000      0.000    0.00000    0.16518          -85.85992       99.25977         5.455e-01 
  2958.000           7.300     10.125    100.933            0.052        19147.862      0.839      0.000      0.000    0.00000    0.16461          -85.78530       99.13265         5.485e-01 
  2959.000           7.248     10.125    100.933            0.052        19147.866      0.839      0.000      0.000    0.00000    0.16404          -85.71114       99.00882         5.516e-01 
  2960.000           7.196     10.125    100.933            0.052        19147.870      0.839      0.000      0.000    0.00000    0.16347          -85.63742       98.88792         5.546e-01 
  2961.000           7.144     10.125    100.933            0.052        19147.874      0.839      0.000      0.000    0.00000    0.16291          -85.56414       98.76961         5.577e-01 
  2962.000           7.092     10.125    100.933            0.052        19147.878      0.839      0.000      0.000    0.00000    0.16236          -85.49129       98.65359         5.607e-01 
  2963.000           7.040     10.125    100.933            0.052        19147.882      0.839      0.000      0.000    0.00000    0.16181          -85.41885       98.53959         5.638e-01 
  2964.000           6.989     10.125    100.933            0.052        19147.886      0.839      0.000      0.000    0.00000    0.16126          -85.34684       98.42733         5.669e-01 
  2965.000           6.938     10.125    100.933            0.051        19147.891      0.839      0.000      0.000    0.00000    0.16072          -85.27522       98.31658         5.700e-01 
  2966.000           6.887     10.125    100.933            0.051        19147.895      0.839      0.000      0.000    0.00000    0.16018          -85.20401       98.20711         5.731e-01 
  2967.000           6.836     10.125    100.933            0.051        19147.899      0.839      0.000      0.000    0.00000    0.15965          -85.13318       98.09871         5.762e-01 
  2968.000           6.785     10.125    100.933            0.051        19147.904      0.839      0.000      0.000    0.00000    0.15912          -85.06273       97.99119         5.793e-01 
  2969.000           6.734     10.125    100.933            0.051        19147.908      0.839      0.000      0.000    0.00000    0.15859          -84.99265       97.88436         5.824e-01 
  2970.000           6.684     10.125    100.933            0.051        19147.912      0.839      0.000      0.000    0.00000    0.15807          -84.92294       97.77806         5.855e-01 
  2971.000           6.633     10.125    100.933            0.050        19147.917      0.839      0.000      0.000    0.00000    0.15755          -84.85358       97.67212         5.887e-01 
  2972.000           6.583     10.125    100.933            0.050        19147.921      0.839      0.000      0.000    0.00000    0.15704          -84.78457       97.56639         5.918e-01 
  2973.000           6.533     10.125    100.933            0.050        19147.926      0.839      0.000      0.000    0.00000    0.15653          -84.71589       97.46074         5.950e-01 
  2974.000           6.483     10.125    100.933            0.050        19147.931      0.839      0.000      0.000    0.00000    0.15602          -84.64754       97.35503         5.981e-01 
  2975.000           6.433     10.125    100.933            0.050        19147.935      0.839      0.000      0.000    0.00000    0.15552          -84.57951       97.24914         6.013e-01 
  2976.000           6.384     10.125    100.933            0.050        19147.940      0.839      0.000      0.000    0.00000    0.15502          -84.51180       97.14295         6.045e-01 
  2977.000           6.334     10.125    100.933            0.050        19147.945      0.839      0.000      0.000    0.00000    0.15452          -84.44438       97.03637         6.077e-01 
  2978.000           6.285     10.125    100.933            0.050        19147.950      0.839      0.000      0.000    0.00000    0.15403          -84.37727       96.92927         6.109e-01 
  2979.000           6.236     10.125    100.934            0.049        19147.955      0.839      0.000      0.000    0.00000    0.15354          -84.31043       96.82158         6.141e-01 
  2980.000           6.187     10.125    100.934            0.049        19147.959      0.839      0.000      0.000    0.00000    0.15305          -84.24388       96.71319         6.173e-01 
  2981.000           6.138     10.125    100.934            0.049        19147.964      0.839      0.000      0.000    0.00000    0.15257          -84.17759       96.60402         6.205e-01 
  2982.000           6.089     10.125    100.934            0.049        19147.969      0.839      0.000      0.000    0.00000    0.15209          -84.11156       96.49400         6.238e-01 
  2983.000           6.040     10.125    100.934            0.049        19147.974      0.839      0.000      0.000    0.00000    0.15162          -84.04579       96.38304         6.270e-01 
  2984.000           5.992     10.125    100.934            0.049        19147.980      0.839      0.000      0.000    0.00000    0.15115          -83.98026       96.27107         6.302e-01 
  2985.000           5.943     10.125    100.934            0.049        19147.985      0.839      0.000      0.000    0.00000    0.15068          -83.91496       96.15804         6.335e-01 
  2986.000           5.895     10.125    100.934            0.048        19147.990      0.839      0.000      0.000    0.00000    0.15021          -83.84988       96.04387         6.368e-01 
  2987.000           5.847     10.125    100.934            0.048        19147.995      0.839      0.000      0.000    0.00000    0.14975          -83.78502       95.92850         6.400e-01 
  2988.000           5.799     10.125    100.934            0.048        19148.000      0.839      0.000      0.000    0.00000    0.14929          -83.72037       95.81188         6.433e-01 
  2989.000           5.751     10.125    100.934            0.048        19148.006      0.839      0.000      0.000    0.00000    0.14884          -83.65592       95.69395         6.466e-01 
  2990.000           5.704     10.125    100.934            0.048        19148.011      0.839      0.000      0.000    0.00000    0.14838          -83.59165       95.57468         6.499e-01 
  2991.000           5.656     10.125    100.934            0.048        19148.016      0.839      0.000      0.000    0.00000    0.14793          -83.52757       95.45399         6.532e-01 
  2992.000           5.609     10.125    100.934            0.048        19148.022      0.839      0.000      0.000    0.00000    0.14749          -83.46366       95.33187         6.565e-01 
  2993.000           5.561     10.125    100.934            0.048        19148.027      0.839      0.000      0.000    0.00000    0.14704          -83.39991       95.20825         6.598e-01 
  2994.000           5.514     10.125    100.934            0.047        19148.033      0.839      0.000      0.000    0.00000    0.14660          -83.33631       95.08311         6.631e-01 
  2995.000           5.467     10.125    100.934            0.047        19148.038      0.839      0.000      0.000    0.00000    0.14617          -83.27286       94.95641         6.665e-01 
  2996.000           5.420     10.125    100.934            0.047        19148.044      0.839      0.000      0.000    0.00000    0.14573          -83.20954       94.82811         6.698e-01 
  2997.000           5.374     10.125    100.934            0.047        19148.049      0.839      0.000      0.000    0.00000    0.14530          -83.14635       94.69817         6.732e-01 
  2998.000           5.327     10.125    100.934            0.047        19148.055      0.839      0.000      0.000    0.00000    0.14487          -83.08328       94.56658         6.765e-01 
  2999.000           5.280     10.125    100.935            0.047        19148.060      0.839      0.000      0.000    0.00000    0.14444          -83.02031       94.43330         6.799e-01 
  3000.000           5.234     10.125    100.935            0.047        19148.066      0.839      0.000      0.000    0.00000    0.14402          -82.95744       94.29831         6.832e-01 
  3001.000           5.188     10.125    100.935            0.047        19148.072      0.839      0.000      0.000    0.00000    0.14360          -82.89467       94.16158         6.866e-01 
  3002.000           5.142     10.125    100.935            0.046        19148.078      0.839      0.000      0.000    0.00000    0.14318          -82.83197       94.02309         6.900e-01 
  3003.000           5.096     10.125    100.935            0.046        19148.083      0.839      0.000      0.000    0.00000    0.14277          -82.76934       93.88282         6.934e-01 
  3004.000           5.050     10.125    100.935            0.046        19148.089      0.839      0.000      0.000    0.00000    0.14236          -82.70677       93.74075         6.968e-01 
  3005.000           5.004     10.125    100.935            0.046        19148.095      0.839      0.000      0.000    0.00000    0.14195          -82.64426       93.59686         7.002e-01 
  3006.000           4.959     10.125    100.935            0.046        19148.101      0.839      0.000      0.000    0.00000    0.14154          -82.58178       93.45114         7.036e-01 
  3007.000           4.913     10.125    100.935            0.046        19148.107      0.839      0.000      0.000    0.00000    0.14113          -82.51935       93.30361         7.070e-01 
  3008.000           4.868     10.125    100.935            0.046        19148.113      0.839      0.000      0.000    0.00000    0.14073          -82.45695       93.15433         7.104e-01 
  3009.000           4.822     10.125    100.935            0.046        19148.119      0.839      0.000      0.000    0.00000    0.14033          -82.39460       93.00341         7.139e-01 
  3010.000           4.777     10.125    100.935            0.045        19148.125      0.839      0.000      0.000    0.00000    0.13994          -82.33232       92.85099         7.173e-01 
  3011.000           4.732     10.125    100.935            0.045        19148.131      0.839      0.000      0.000    0.00000    0.13954          -82.27012       92.69723         7.207e-01 
  3012.000           4.687     10.125    100.935            0.045        19148.137      0.839      0.000      0.000    0.00000    0.13915          -82.20803       92.54232         7.242e-01 
  3013.000           4.643     10.125    100.935            0.045        19148.143      0.839      0.000      0.000    0.00000    0.13876          -82.14607       92.38644         7.277e-01 
  3014.000           4.598     10.125    100.935            0.045        19148.150      0.839      0.000      0.000    0.00000    0.13837          -82.08427       92.22980         7.311e-01 
  3015.000           4.553     10.125    100.935            0.045        19148.156      0.839      0.000      0.000    0.00000    0.13799          -82.02267       92.07260         7.346e-01 
  3016.000           4.509     10.125    100.935            0.045        19148.162      0.839      0.000      0.000    0.00000    0.13761          -81.96129       91.91503         7.381e-01 
  3017.000           4.465     10.125    100.935            0.045        19148.168      0.839      0.000      0.000    0.00000    0.13723          -81.90018       91.75729         7.415e-01 
  3018.000           4.421     10.125    100.936            0.045        19148.175      0.839      0.000      0.000    0.00000    0.13685          -81.83936       91.59959         7.450e-01 
  3019.000           4.376     10.125    100.936            0.044        19148.181      0.839      0.000      0.000    0.00000    0.13647          -81.77887       91.44211         7.485e-01 
  3020.000           4.332     10.125    100.936            0.044        19148.187      0.839      0.000      0.000    0.00000    0.13610          -81.71875       91.28503         7.520e-01 
  3021.000           4.289     10.125    100.936            0.044        19148.194      0.839      0.000      0.000    0.00000    0.13573          -81.65904       91.12855         7.555e-01 
  3022.000           4.245     10.125    100.936            0.044        19148.200      0.839      0.000      0.000    0.00000    0.13536          -81.59978       90.97284         7.590e-01 
  3023.000           4.201     10.125    100.936            0.044        19148.207      0.839      0.000      0.000    0.00000    0.13499          -81.54100       90.81805         7.625e-01 
  3024.000           4.158     10.125    100.936            0.044        19148.213      0.839      0.000      0.000    0.00000    0.13463          -81.48275       90.66436         7.660e-01 
  3025.000           4.114     10.125    100.936            0.044        19148.220      0.839      0.000      0.000    0.00000    0.13426          -81.42506       90.51192         7.696e-01 
  3026.000           4.071     10.125    100.936            0.044        19148.226      0.839      0.000      0.000    0.00000    0.13390          -81.36797       90.36088         7.731e-01 
  3027.000           4.028     10.125    100.936            0.044        19148.233      0.839      0.000      0.000    0.00000    0.13354          -81.31153       90.21137         7.766e-01 
  3028.000           3.985     10.125    100.936            0.044        19148.239      0.839      0.000      0.000    0.00000    0.13319          -81.25578       90.06354         7.802e-01 
  3029.000           3.942     10.125    100.936            0.043        19148.246      0.839      0.000      0.000    0.00000    0.13283          -81.20074       89.91751         7.837e-01 
  3030.000           3.899     10.125    100.936            0.043        19148.253      0.839      0.000      0.000    0.00000    0.13248          -81.14648       89.77341         7.873e-01 
  3031.000           3.856     10.125    100.936            0.043        19148.259      0.839      0.000      0.000    0.00000    0.13213          -81.09302       89.63135         7.908e-01 
  3032.000           3.814     10.125    100.936            0.043        19148.266      0.839      0.000      0.000    0.00000    0.13178          -81.04040       89.49146         7.944e-01 
  3033.000           3.771     10.125    100.936            0.043        19148.273      0.839      0.000      0.000    0.00000    0.13144          -80.98867       89.35383         7.979e-01 
  3034.000           3.729     10.125    100.937            0.043        19148.279      0.839      0.000      0.000    0.00000    0.13109          -80.93787       89.21858         8.015e-01 
  3035.000           3.686     10.125    100.937            0.043        19148.286      0.839      0.000      0.000    0.00000    0.13075          -80.88803       89.08580         8.051e-01 
  3036.000           3.644     10.125    100.937            0.043        19148.293      0.839      0.000      0.000    0.00000    0.13041          -80.83921       88.95558         8.087e-01 
  3037.000           3.602     10.125    100.937            0.043        19148.300      0.839      0.000      0.000    0.00000    0.13007          -80.79143       88.82803         8.122e-01 
  3038.000           3.560     10.125    100.937            0.043        19148.307      0.839      0.000      0.000    0.00000    0.12974          -80.74474       88.70323         8.158e-01 
  3039.000           3.518     10.125    100.937            0.042        19148.314      0.839      0.000      0.000    0.00000    0.12940          -80.69918       88.58126         8.194e-01 
  3040.000           3.476     10.125    100.937            0.042        19148.320      0.839      0.000      0.000    0.00000    0.12907          -80.65479       88.46221         8.230e-01 
  3041.000           3.434     10.125    100.937            0.042        19148.327      0.839      0.000      0.000    0.00000    0.12874          -80.61161       88.34616         8.266e-01 
  3042.000           3.393     10.125    100.937            0.042        19148.334      0.839      0.000      0.000    0.00000    0.12841          -80.56968       88.23319         8.302e-01 
  3043.000           3.351     10.125    100.937            0.042        19148.341      0.839      0.000      0.000    0.00000    0.12808          -80.52903       88.12338         8.338e-01 
  3044.000           3.310     10.125    100.937            0.042        19148.348      0.839      0.000      0.000    0.00000    0.12776          -80.48972       88.01680         8.374e-01 
  3045.000           3.268     10.125    100.937            0.042        19148.355      0.839      0.000      0.000    0.00000    0.12743          -80.45178       87.91353         8.410e-01 
  3046.000           3.227     10.125    100.937            0.042        19148.362      0.839      0.000      0.000    0.00000    0.12711          -80.41524       87.81363         8.447e-01 
  3047.000           3.186     10.125    100.937            0.042        19148.369      0.839      0.000      0.000    0.00000    0.12679          -80.38015       87.71719         8.483e-01 
  3048.000           3.145     10.125    100.937            0.042        19148.376      0.839      0.000      0.000    0.00000    0.12647          -80.34655       87.62427         8.519e-01 
  3049.000           3.104     10.125    100.937            0.042        19148.383      0.839      0.000      0.000    0.00000    0.12616          -80.31447       87.53495         8.555e-01 
  3050.000           3.063     10.125    100.938            0.041        19148.390      0.839      0.000      0.000    0.00000    0.12584          -80.28395       87.44931         8.592e-01 
  3051.000           3.022     10.125    100.938            0.041        19148.397      0.839      0.000      0.000    0.00000    0.12553          -80.25504       87.36740         8.628e-01 
  3052.000           2.982     10.125    100.938            0.041        19148.404      0.839      0.000      0.000    0.00000    0.12522          -80.22777       87.28931         8.664e-01 
  3053.000           2.941     10.125    100.938            0.041        19148.411      0.839      0.000      0.000    0.00000    0.12491          -80.20218       87.21511         8.701e-01 
  3054.000           2.901     10.125    100.938            0.041        19148.418      0.839      0.000      0.000    0.00000    0.12460          -80.17831       87.14487         8.737e-01 
  3055.000           2.860     10.125    100.938            0.041        19148.425      0.839      0.000      0.000    0.00000    0.12429          -80.15619       87.07868         8.774e-01 
  3056.000           2.820     10.125    100.938            0.041        19148.432      0.839      0.000      0.000    0.00000    0.12399          -80.13586       87.01661         8.810e-01 
  3057.000           2.780     10.125    100.938            0.041        19148.439      0.839      0.000      0.000    0.00000    0.12368          -80.11737       86.95875         8.847e-01 
  3058.000           2.739     10.125    100.938            0.041        19148.446      0.839      0.000      0.000    0.00000    0.12338          -80.10074       86.90517         8.883e-01 
  3059.000           2.699     10.125    100.938            0.041        19148.453      0.839      0.000      0.000    0.00000    0.12308          -80.08601       86.85596         8.920e-01 
  3060.000           2.659     10.125    100.938            0.041        19148.460      0.839      0.000      0.000    0.00000    0.12278          -80.07323       86.81122         8.957e-01 
  3061.000           2.620     10.125    100.938            0.040        19148.467      0.839      0.000      0.000    0.00000    0.12248          -80.06242       86.77103         8.993e-01 
  3062.000           2.580     10.125    100.938            0.040        19148.474      0.839      0.000      0.000    0.00000    0.12219          -80.05362       86.73549         9.030e-01 
  3063.000           2.540     10.125    100.938            0.040        19148.481      0.839      0.000      0.000    0.00000    0.12189          -80.04688       86.70471         9.067e-01 
  3064.000           2.500     10.125    100.938            0.040        19148.488      0.839      0.000      0.000    0.00000    0.12160          -80.04221       86.67878         9.103e-01 
  3065.000           2.461     10.125    100.938            0.040        19148.495      0.839      0.000      0.000    0.00000    0.12131          -80.03967       86.65781         9.140e-01 
  3066.000           2.421     10.125    100.939            0.040        19148.501      0.839      0.000      0.000    0.00000    0.12102          -80.03928       86.64193         9.177e-01 
  3067.000           2.382     10.125    100.939            0.040        19148.508      0.839      0.000      0.000    0.00000    0.12073          -80.04107       86.63124         9.214e-01 
  3068.000           2.342     10.125    100.939            0.040        19148.515      0.839      0.000      0.000    0.00000    0.12045          -80.04509       86.62588         9.250e-01 
  3069.000           2.303     10.125    100.939            0.040        19148.522      0.839      0.000      0.000    0.00000    0.12016          -80.05137       86.62599         9.287e-01 
  3070.000           2.264     10.125    100.939            0.040        19148.529      0.839      0.000      0.000    0.00000    0.11988          -80.05993       86.63169         9.324e-01 
  3071.000           2.225     10.125    100.939            0.040        19148.536      0.839      0.000      0.000    0.00000    0.11959          -80.07081       86.64314         9.361e-01 
  3072.000           2.186     10.125    100.939            0.040        19148.543      0.839      0.000      0.000    0.00000    0.11931          -80.08405       86.66049         9.398e-01 
  3073.000           2.147     10.125    100.939            0.040        19148.550      0.839      0.000      0.000    0.00000    0.11903          -80.09968       86.68391         9.435e-01 
  3074.000           2.108     10.125    100.939            0.039        19148.556      0.839      0.000      0.000    0.00000    0.11875          -80.11772       86.71357         9.472e-01 
  3075.000           2.069     10.125    100.939            0.039        19148.563      0.839      0.000      0.000    0.00000    0.11848          -80.13822       86.74966         9.508e-01 
  3076.000           2.031     10.125    100.939            0.039        19148.570      0.839      0.000      0.000    0.00000    0.11820          -80.16119       86.79237         9.545e-01 
  3077.000           1.992     10.125    100.939            0.039        19148.576      0.839      0.000      0.000    0.00000    0.11793          -80.18668       86.84190         9.582e-01 
  3078.000           1.953     10.125    100.939            0.039        19148.583      0.839      0.000      0.000    0.00000    0.11765          -80.21470       86.89848         9.619e-01 
  3079.000           1.915     10.125    100.939            0.039        19148.590      0.839      0.000      0.000    0.00000    0.11738          -80.24529       86.96234         9.656e-01 
  3080.000           1.876     10.125    100.939            0.039        19148.596      0.839      0.000      0.000    0.00000    0.11711          -80.27847       87.03372         9.693e-01 
  3081.000           1.838     10.125    100.939            0.039        19148.603      0.839      0.000      0.000    0.00000    0.11684          -80.31428       87.11289         9.730e-01 
  3082.000           1.800     10.125    100.940            0.039        19148.609      0.839      0.000      0.000    0.00000    0.11657          -80.35274       87.20014         9.767e-01 
  3083.000           1.761     10.125    100.940            0.039        19148.616      0.839      0.000      0.000    0.00000    0.11631          -80.39388       87.29574         9.804e-01 
  3084.000           1.723     10.125    100.940            0.039        19148.622      0.839      0.000      0.000    0.00000    0.11604          -80.43772       87.40003         9.841e-01 
  3085.000           1.685     10.125    100.940            0.039        19148.629      0.839      0.000      0.000    0.00000    0.11578          -80.48428       87.51334         9.878e-01 
  3086.000           1.647     10.125    100.940            0.039        19148.635      0.839      0.000      0.000    0.00000    0.11552          -80.53359       87.63604         9.915e-01 
  3087.000           1.609     10.125    100.940            0.038        19148.641      0.839      0.000      0.000    0.00000    0.11525          -80.58566       87.76850         9.952e-01 
  3088.000           1.571     10.125    100.940            0.038        19148.648      0.839      0.000      0.000    0.00000    0.11499          -80.64053       87.91114         9.989e-01 
  3089.000           1.533     10.125    100.940            0.038        19148.654      0.839      0.000      0.000    0.00000    0.11473          -80.69821       88.06440         1.003e+00 
  3090.000           1.495     10.125    100.940            0.038        19148.660      0.839      0.000      0.000    0.00000    0.11448          -80.75872       88.22875         1.006e+00 
  3091.000           1.458     10.125    100.940            0.038        19148.666      0.839      0.000      0.000    0.00000    0.11422          -80.82206       88.40470         1.010e+00 
  3092.000           1.420     10.125    100.940            0.038        19148.672      0.839      0.000      0.000    0.00000    0.11396          -80.88827       88.59279         1.014e+00 
  3093.000           1.382     10.125    100.940            0.038        19148.678      0.839      0.000      0.000    0.00000    0.11371          -80.95735       88.79361         1.017e+00 
  3094.000           1.345     10.125    100.940            0.038        19148.684      0.839      0.000      0.000    0.00000    0.11345          -81.02932       89.00777         1.021e+00 
  3095.000           1.307     10.125    100.940            0.038        19148.690      0.839      0.000      0.000    0.00000    0.11320          -81.10418       89.23594         1.025e+00 
  3096.000           1.270     10.125    100.940            0.038        19148.696      0.839      0.000      0.000    0.00000    0.11295          -81.18193       89.47886         1.029e+00 
  3097.000           1.232     10.125    100.940            0.038        19148.702      0.839      0.000      0.000    0.00000    0.11270          -81.26259       89.73730         1.032e+00 
  3098.000           1.195     10.125    100.940            0.038        19148.707      0.839      0.000      0.000    0.00000    0.11245          -81.34615       90.01209         1.036e+00 
  3099.000           1.158     10.125    100.940            0.038        19148.713      0.839      0.000      0.000    0.00000    0.11220          -81.43262       90.30416         1.040e+00 
  3100.000           1.121     10.125    100.941            0.038        19148.719      0.839      0.000      0.000    0.00000    0.11196          -81.52199       90.61446         1.043e+00 
  3101.000           1.083     10.125    100.941            0.038        19148.724      0.839      0.000      0.000    0.00000    0.11171          -81.61424       90.94407         1.047e+00 
  3102.000           1.046     10.125    100.941            0.037        19148.730      0.839      0.000      0.000    0.00000    0.11147          -81.70937       91.29413         1.051e+00 
  3103.000           1.009     10.125    100.941            0.037        19148.735      0.839      0.000      0.000    0.00000    0.11122          -81.80736       91.66587         1.054e+00 
  3104.000           0.972     10.125    100.941            0.037        19148.740      0.839      0.000      0.000    0.00000    0.11098          -81.90819       92.06065         1.058e+00 
  3105.000           0.935     10.125    100.941            0.037        19148.746      0.839      0.000      0.000    0.00000    0.11074          -82.01183       92.47993         1.062e+00 
  3106.000           0.898     10.125    100.941            0.037        19148.751      0.839      0.000      0.000    0.00000    0.11050          -82.11825       92.92530         1.066e+00 
  3107.000           0.861     10.125    100.941            0.037        19148.756      0.839      0.000      0.000    0.00000    0.11026          -82.22740       93.39848         1.069e+00 
  3108.000           0.825     10.125    100.941            0.037        19148.761      0.839      0.000      0.000    0.00000    0.11002          -82.33923       93.90137         1.073e+00 
  3109.000           0.788     10.125    100.941            0.037        19148.766      0.839      0.000      0.000    0.00000    0.10978          -82.45370       94.43600         1.077e+00 
  3110.000           0.751     10.125    100.941            0.037        19148.770      0.839      0.000      0.000    0.00000    0.10955          -82.57073       95.00463         1.080e+00 
  3111.000           0.714     10.125    100.941            0.037        19148.775      0.839      0.000      0.000    0.00000    0.10931          -82.69024       95.60969         1.084e+00 
  3112.000           0.678     10.125    100.941            0.037        19148.780      0.839      0.000      0.000    0.00000    0.10908          -82.81215       96.25387         1.088e+00 
  3113.000           0.641     10.125    100.941            0.037        19148.784      0.839      0.000      0.000    0.00000    0.10884          -82.93636       96.94007         1.091e+00 
  3114.000           0.605     10.125    100.941            0.037        19148.789      0.839      0.000      0.000    0.00000    0.10861          -83.06274       97.67150         1.095e+00 
  3115.000           0.568     10.125    100.941            0.037        19148.793      0.839      0.000      0.000    0.00000    0.10838          -83.19117       98.45166         1.099e+00 
  3116.000           0.532     10.125    100.941            0.037        19148.798      0.839      0.000      0.000    0.00000    0.10815          -83.32148       99.28438         1.102e+00 
  3117.000           0.495     10.125    100.941            0.037        19148.802      0.839      0.000      0.000    0.00000    0.10792          -83.45351      100.17385         1.106e+00 
  3118.000           0.459     10.125    100.941            0.037        19148.806      0.839      0.000      0.000    0.00000    0.10769          -83.58704      101.12465         1.110e+00 
  3119.000           0.422     10.125    100.941            0.037        19148.810      0.839      0.000      0.000    0.00000    0.10746          -83.72186      102.14179         1.113e+00 
  3120.000           0.386     10.125    100.941            0.037        19148.814      0.839      0.000      0.000    0.00000    0.10723          -83.85771      103.23074         1.117e+00 
  3121.000           0.350     10.125    100.941            0.036        19148.818      0.839      0.000      0.000    0.00000    0.10701          -83.99427      104.39745         1.121e+00 
  3122.000           0.314     10.125    100.941            0.036        19148.822      0.839      0.000      0.000    0.00000    0.10678          -84.13123      105.64839         1.124e+00 
  3123.000           0.277     10.125    100.941            0.036        19148.825      0.839      0.000      0.000    0.00000    0.10656          -84.26820      106.99053         1.128e+00 
  3124.000           0.241     10.125    100.942            0.036        19148.829      0.839      0.000      0.000    0.00000    0.10633          -84.40474      108.43141         1.132e+00 
  3125.000           0.205     10.125    100.942            0.036        19148.832      0.839      0.000      0.000    0.00000    0.10611          -84.54037      109.97905         1.135e+00 
  3126.000           0.169     10.125    100.942            0.036        19148.836      0.839      0.000      0.000    0.00000    0.10589          -84.67452      111.64194         1.139e+00 
  3127.000           0.133     10.125    100.942            0.036        19148.839      0.839      0.000      0.000    0.00000    0.10567          -84.80657      113.42897         1.143e+00 
  3128.000           0.097     10.125    100.942            0.036        19148.842      0.839      0.000      0.000    0.00000    0.10545          -84.93580      115.34926         1.146e+00 
  3129.000           0.061     10.125    100.942            0.036        19148.846      0.839      0.000      0.000    0.00000    0.10523          -85.06143      117.41197         1.150e+00 
  3130.000           0.025     10.125    100.942            0.036        19148.849      0.839      0.000      0.000    0.00000    0.10501          -85.18257      119.62605         1.154e+00 
  3131.000           0.000     10.125    100.942            0.036        19148.852      0.839      0.000      0.000    0.00000    0.10482          -85.29660      121.96289         1.157e+00 
