#_______________________________________________________________________________
#    ######   ####     ##             #####   #####     ##    #    #    ##
#    #       #        #  #            #    #  #    #   #  #   ##  ##   #  #
#    #####    ####   ######           #    #  #####   ######  # ## #  ######
#    #            #  #    #           #    #  #    #  #    #  #    #  #    #
#____######__#####___#____#___________#####___#____#__#____#__#____#__#____#____
#
#              ESA Debris Risk Assessment and Mitigation Analysis
#
#                      ---- DRAMA ( SESAM 2.1.5 ) ----
#                                      ESA 2018 
#
#                              trajectory history file
#-------------------------------------------------------------------------------
# Filename      : sara.new_object.40fcaa52-cb5f-43dd-a085-849770dd754d_Trajectory.txt
# RunID         : sara
# ObjectID      : 40fcaa52-cb5f-43dd-a085-849770dd754d
# ObjectName    : new_object
# Content       : This file contains the trajectory state data of the object,
#                 computed by the DRAMA 3 Re-entry Analysis.
# Documentation : DRAMA Software User Manual, section OPERATIONS MANUAL / Normal operation / SARA / SARA Simulation Output / Re-entry simulation output
#
#--------------------------------------------------------------------------------------------------------------------------------------------------------------------------------------------
#  Time [s]  Altitude [km]  Lat [deg]  Lon [deg]  Velocity [km/s]   Downrange [km]       Drag       Lift       Side    Knudsen       Mach  Flight Path [deg]  Heading [deg]  Density [kg/m^2]
#--------------------------------------------------------------------------------------------------------------------------------------------------------------------------------------------
     0.000         113.400     -0.435     83.966            7.374            0.000      2.059      0.000      0.000    3.45042   21.13688           -1.00000       10.61400         5.459e-08 
     0.100         113.387     -0.429     83.967            7.374            0.729      2.059      0.000      0.000    3.44450   21.14253           -1.00063       10.61400         5.469e-08 
     0.550         113.329     -0.400     83.973            7.374            4.010      2.059      0.000      0.000    3.41712   21.16883           -1.00347       10.61400         5.514e-08 
     1.550         113.200     -0.335     83.985            7.374           11.300      2.058      0.000      0.000    3.35470   21.22967           -1.00977       10.61401         5.619e-08 
     2.550         113.069     -0.271     83.997            7.374           18.592      2.058      0.000      0.000    3.28816   21.29596           -1.01607       10.61405         5.736e-08 
     3.550         112.938     -0.206     84.009            7.375           25.883      2.058      0.000      0.000    3.22215   21.36326           -1.02237       10.61410         5.857e-08 
     4.550         112.806     -0.142     84.021            7.375           33.174      2.058      0.000      0.000    3.15670   21.42697           -1.02866       10.61419         5.979e-08 
     5.550         112.673     -0.078     84.033            7.375           40.466      2.058      0.000      0.000    3.09180   21.49972           -1.03496       10.61430         6.110e-08 
     6.550         112.540     -0.013     84.045            7.375           47.758      2.057      0.000      0.000    3.02745   21.56989           -1.04125       10.61443         6.243e-08 
     7.550         112.405      0.051     84.057            7.375           55.051      2.057      0.000      0.000    2.96369   21.64210           -1.04755       10.61458         6.382e-08 
     8.550         112.270      0.116     84.069            7.375           62.344      2.057      0.000      0.000    2.90052   21.71527           -1.05384       10.61476         6.525e-08 
     9.550         112.134      0.180     84.080            7.376           69.637      2.057      0.000      0.000    2.83793   21.78895           -1.06013       10.61496         6.673e-08 
    10.550         111.997      0.244     84.092            7.376           76.930      2.057      0.000      0.000    2.77596   21.86374           -1.06642       10.61519         6.826e-08 
    11.550         111.859      0.309     84.104            7.376           84.224      2.056      0.000      0.000    2.71460   21.93971           -1.07271       10.61544         6.985e-08 
    12.550         111.721      0.373     84.116            7.376           91.518      2.056      0.000      0.000    2.65386   22.02131           -1.07899       10.61571         7.152e-08 
    13.550         111.582      0.438     84.128            7.376           98.812      2.056      0.000      0.000    2.59377   22.09519           -1.08528       10.61601         7.319e-08 
    14.550         111.441      0.502     84.140            7.376          106.107      2.056      0.000      0.000    2.53430   22.17480           -1.09156       10.61633         7.496e-08 
    15.550         111.300      0.566     84.152            7.377          113.402      2.055      0.000      0.000    2.47550   22.25237           -1.09784       10.61668         7.677e-08 
    16.550         111.159      0.631     84.164            7.377          120.697      2.055      0.000      0.000    2.41735   22.33774           -1.10412       10.61705         7.869e-08 
    17.550         111.016      0.695     84.176            7.377          127.993      2.055      0.000      0.000    2.35987   22.42117           -1.11040       10.61744         8.065e-08 
    18.550         110.873      0.760     84.188            7.377          135.288      2.055      0.000      0.000    2.30308   22.50558           -1.11668       10.61785         8.270e-08 
    19.550         110.729      0.824     84.200            7.377          142.585      2.054      0.000      0.000    2.24696   22.59037           -1.12295       10.61829         8.481e-08 
    20.550         110.584      0.889     84.212            7.377          149.881      2.054      0.000      0.000    2.19155   22.67951           -1.12923       10.61876         8.702e-08 
    21.550         110.438      0.953     84.224            7.378          157.178      2.054      0.000      0.000    2.13681   22.76846           -1.13550       10.61925         8.931e-08 
    22.550         110.291      1.018     84.236            7.378          164.475      2.053      0.000      0.000    2.08280   22.85881           -1.14177       10.61976         9.169e-08 
    23.550         110.144      1.082     84.248            7.378          171.772      2.053      0.000      0.000    2.02949   22.95068           -1.14804       10.62029         9.416e-08 
    24.550         109.996      1.146     84.260            7.378          179.070      2.053      0.000      0.000    1.97691   23.04569           -1.15431       10.62085         9.675e-08 
    25.550         109.847      1.211     84.272            7.378          186.368      2.053      0.000      0.000    1.92505   23.13583           -1.16058       10.62144         9.941e-08 
    26.550         109.697      1.275     84.285            7.378          193.667      2.052      0.000      0.000    1.87424   23.22337           -1.16684       10.62204         1.022e-07 
    27.550         109.546      1.340     84.297            7.379          200.965      2.052      0.000      0.000    1.82502   23.30683           -1.17311       10.62267         1.050e-07 
    28.550         109.395      1.404     84.309            7.379          208.265      2.052      0.000      0.000    1.77729   23.38719           -1.17937       10.62333         1.079e-07 
    29.550         109.242      1.469     84.321            7.379          215.564      2.052      0.000      0.000    1.73097   23.46457           -1.18563       10.62401         1.109e-07 
    30.550         109.089      1.533     84.333            7.379          222.864      2.051      0.000      0.000    1.68593   23.53967           -1.19189       10.62471         1.139e-07 
    31.550         108.935      1.598     84.345            7.379          230.164      2.051      0.000      0.000    1.64211   23.61241           -1.19815       10.62543         1.170e-07 
    32.550         108.781      1.662     84.357            7.380          237.464      2.051      0.000      0.000    1.59940   23.68344           -1.20440       10.62618         1.202e-07 
    33.550         108.625      1.727     84.369            7.380          244.765      2.051      0.000      0.000    1.55776   23.75249           -1.21066       10.62696         1.235e-07 
    34.550         108.469      1.791     84.381            7.380          252.066      2.050      0.000      0.000    1.51712   23.82013           -1.21691       10.62776         1.269e-07 
    35.550         108.312      1.856     84.393            7.380          259.367      2.050      0.000      0.000    1.47743   23.88621           -1.22317       10.62858         1.305e-07 
    36.550         108.154      1.920     84.405            7.380          266.669      2.050      0.000      0.000    1.43865   23.95101           -1.22942       10.62942         1.341e-07 
    37.550         107.995      1.985     84.417            7.380          273.971      2.050      0.000      0.000    1.40073   24.01457           -1.23567       10.63029         1.378e-07 
    38.550         107.835      2.049     84.429            7.381          281.274      2.050      0.000      0.000    1.36366   24.07676           -1.24191       10.63119         1.416e-07 
    39.550         107.675      2.113     84.441            7.381          288.576      2.049      0.000      0.000    1.32738   24.13813           -1.24816       10.63210         1.456e-07 
    40.550         107.514      2.178     84.453            7.381          295.879      2.049      0.000      0.000    1.29190   24.19761           -1.25440       10.63304         1.497e-07 
    41.550         107.352      2.242     84.465            7.381          303.183      2.049      0.000      0.000    1.25717   24.25775           -1.26065       10.63401         1.540e-07 
    42.550         107.189      2.307     84.477            7.381          310.487      2.049      0.000      0.000    1.22319   24.31615           -1.26689       10.63500         1.584e-07 
    43.550         107.025      2.371     84.489            7.382          317.791      2.049      0.000      0.000    1.18994   24.37362           -1.27313       10.63601         1.629e-07 
    44.550         106.861      2.436     84.501            7.382          325.095      2.049      0.000      0.000    1.15740   24.43035           -1.27937       10.63705         1.676e-07 
    45.550         106.696      2.500     84.513            7.382          332.400      2.048      0.000      0.000    1.12557   24.48801           -1.28561       10.63811         1.725e-07 
    46.550         106.530      2.565     84.525            7.382          339.705      2.048      0.000      0.000    1.09443   24.54146           -1.29184       10.63919         1.775e-07 
    47.550         106.363      2.630     84.537            7.382          347.011      2.048      0.000      0.000    1.06398   24.59574           -1.29808       10.64030         1.827e-07 
    48.550         106.195      2.694     84.549            7.383          354.317      2.048      0.000      0.000    1.03420   24.64943           -1.30431       10.64143         1.881e-07 
    49.550         106.027      2.759     84.561            7.383          361.623      2.048      0.000      0.000    1.00509   24.70349           -1.31054       10.64259         1.937e-07 
    50.550         105.858      2.823     84.573            7.383          368.930      2.047      0.000      0.000    0.97663   24.75479           -1.31677       10.64377         1.995e-07 
    51.550         105.688      2.888     84.585            7.383          376.236      2.047      0.000      0.000    0.94883   24.80650           -1.32300       10.64497         2.055e-07 
    52.550         105.517      2.952     84.597            7.383          383.544      2.046      0.000      0.000    0.92167   24.85755           -1.32923       10.64620         2.117e-07 
    53.550         105.345      3.017     84.610            7.383          390.851      2.045      0.000      0.000    0.89515   24.90801           -1.33546       10.64745         2.181e-07 
    54.550         105.173      3.081     84.622            7.384          398.159      2.043      0.000      0.000    0.86925   24.95789           -1.34168       10.64873         2.248e-07 
    55.550         104.999      3.146     84.634            7.384          405.468      2.041      0.000      0.000    0.84397   25.00713           -1.34791       10.65003         2.317e-07 
    56.550         104.825      3.210     84.646            7.384          412.776      2.039      0.000      0.000    0.81929   25.05579           -1.35413       10.65135         2.388e-07 
    57.550         104.650      3.275     84.658            7.384          420.086      2.036      0.000      0.000    0.79522   25.10389           -1.36035       10.65270         2.463e-07 
    58.550         104.475      3.339     84.670            7.384          427.395      2.033      0.000      0.000    0.77174   25.15143           -1.36657       10.65407         2.539e-07 
    59.550         104.298      3.404     84.682            7.385          434.705      2.030      0.000      0.000    0.74884   25.19837           -1.37279       10.65547         2.619e-07 
    60.550         104.121      3.468     84.694            7.385          442.015      2.026      0.000      0.000    0.72650   25.24476           -1.37900       10.65689         2.701e-07 
    61.550         103.943      3.533     84.706            7.385          449.325      2.022      0.000      0.000    0.70473   25.29182           -1.38522       10.65833         2.787e-07 
    62.550         103.764      3.598     84.718            7.385          456.636      2.018      0.000      0.000    0.68351   25.33591           -1.39143       10.65980         2.875e-07 
    63.550         103.584      3.662     84.730            7.385          463.948      2.013      0.000      0.000    0.66282   25.37915           -1.39765       10.66129         2.967e-07 
    64.550         103.403      3.727     84.742            7.386          471.259      2.008      0.000      0.000    0.64266   25.42485           -1.40386       10.66281         3.062e-07 
    65.550         103.222      3.791     84.755            7.386          478.571      2.002      0.000      0.000    0.62302   25.46850           -1.41007       10.66435         3.161e-07 
    66.550         103.040      3.856     84.767            7.386          485.883      1.996      0.000      0.000    0.60388   25.51229           -1.41628       10.66591         3.264e-07 
    67.550         102.857      3.920     84.779            7.386          493.196      1.990      0.000      0.000    0.58523   25.55419           -1.42249       10.66750         3.370e-07 
    68.550         102.673      3.985     84.791            7.386          500.509      1.983      0.000      0.000    0.56706   25.59623           -1.42869       10.66911         3.480e-07 
    69.550         102.489      4.050     84.803            7.386          507.823      1.976      0.000      0.000    0.54937   25.63771           -1.43490       10.67075         3.595e-07 
    70.550         102.303      4.114     84.815            7.387          515.136      1.969      0.000      0.000    0.53213   25.67864           -1.44110       10.67241         3.714e-07 
    71.550         102.117      4.179     84.827            7.387          522.450      1.961      0.000      0.000    0.51534   25.71903           -1.44731       10.67409         3.837e-07 
    72.550         101.930      4.243     84.839            7.387          529.765      1.953      0.000      0.000    0.49899   25.75888           -1.45351       10.67580         3.966e-07 
    73.550         101.742      4.308     84.852            7.387          537.080      1.944      0.000      0.000    0.48307   25.79819           -1.45971       10.67754         4.099e-07 
    74.550         101.554      4.372     84.864            7.387          544.395      1.935      0.000      0.000    0.46756   25.83695           -1.46591       10.67929         4.238e-07 
    75.550         101.364      4.437     84.876            7.388          551.711      1.926      0.000      0.000    0.45246   25.87516           -1.47211       10.68108         4.382e-07 
    76.550         101.174      4.502     84.888            7.388          559.027      1.916      0.000      0.000    0.43775   25.91153           -1.47830       10.68288         4.532e-07 
    77.550         100.983      4.566     84.900            7.388          566.343      1.906      0.000      0.000    0.42344   25.94990           -1.48450       10.68471         4.688e-07 
    78.550         100.791      4.631     84.912            7.388          573.660      1.896      0.000      0.000    0.40950   25.98642           -1.49070       10.68656         4.851e-07 
    79.550         100.599      4.695     84.924            7.388          580.977      1.885      0.000      0.000    0.39594   26.02239           -1.49689       10.68844         5.020e-07 
    80.550         100.405      4.760     84.937            7.389          588.294      1.874      0.000      0.000    0.38274   26.05779           -1.50309       10.69035         5.196e-07 
    81.550         100.211      4.825     84.949            7.389          595.612      1.862      0.000      0.000    0.36990   26.09262           -1.50928       10.69227         5.380e-07 
    82.550         100.016      4.889     84.961            7.389          602.930      1.850      0.000      0.000    0.35740   26.12689           -1.51547       10.69422         5.572e-07 
    83.550          99.820      4.954     84.973            7.389          610.249      1.838      0.000      0.000    0.34525   26.16058           -1.52166       10.69620         5.771e-07 
    84.550          99.624      5.019     84.985            7.389          617.568      1.825      0.000      0.000    0.33343   26.19369           -1.52785       10.69820         5.979e-07 
    85.550          99.426      5.083     84.997            7.389          624.887      1.812      0.000      0.000    0.32195   26.22621           -1.53404       10.70022         6.196e-07 
    86.550          99.228      5.148     85.010            7.390          632.206      1.799      0.000      0.000    0.31079   26.25814           -1.54023       10.70227         6.422e-07 
    87.550          99.029      5.212     85.022            7.390          639.526      1.785      0.000      0.000    0.29995   26.28947           -1.54642       10.70434         6.658e-07 
    88.550          98.829      5.277     85.034            7.390          646.847      1.771      0.000      0.000    0.28942   26.32019           -1.55261       10.70644         6.904e-07 
    89.550          98.629      5.342     85.046            7.390          654.168      1.757      0.000      0.000    0.27921   26.34997           -1.55879       10.70856         7.160e-07 
    90.550          98.427      5.406     85.058            7.390          661.489      1.742      0.000      0.000    0.26929   26.37977           -1.56498       10.71070         7.428e-07 
    91.550          98.225      5.471     85.071            7.390          668.810      1.727      0.000      0.000    0.25968   26.40862           -1.57116       10.71287         7.707e-07 
    92.550          98.022      5.536     85.083            7.391          676.132      1.712      0.000      0.000    0.25036   26.43683           -1.57735       10.71507         7.998e-07 
    93.550          97.818      5.600     85.095            7.391          683.454      1.696      0.000      0.000    0.24133   26.46440           -1.58353       10.71728         8.301e-07 
    94.550          97.613      5.665     85.107            7.391          690.776      1.681      0.000      0.000    0.23259   26.49131           -1.58972       10.71953         8.618e-07 
    95.550          97.408      5.729     85.119            7.391          698.099      1.665      0.000      0.000    0.22413   26.51779           -1.59590       10.72179         8.948e-07 
    96.550          97.202      5.794     85.132            7.391          705.423      1.649      0.000      0.000    0.21594   26.54314           -1.60208       10.72408         9.291e-07 
    97.550          96.995      5.859     85.144            7.391          712.746      1.632      0.000      0.000    0.20803   26.56798           -1.60827       10.72640         9.649e-07 
    98.550          96.787      5.923     85.156            7.392          720.070      1.616      0.000      0.000    0.20037   26.59226           -1.61445       10.72874         1.002e-06 
    99.550          96.578      5.988     85.168            7.392          727.394      1.599      0.000      0.000    0.19298   26.61578           -1.62063       10.73110         1.041e-06 
   100.550          96.369      6.053     85.181            7.392          734.719      1.583      0.000      0.000    0.18584   26.63859           -1.62681       10.73349         1.082e-06 
   101.550          96.158      6.117     85.193            7.392          742.044      1.566      0.000      0.000    0.17894   26.66069           -1.63299       10.73591         1.124e-06 
   102.550          95.947      6.182     85.205            7.392          749.369      1.549      0.000      0.000    0.17228   26.68206           -1.63918       10.73834         1.168e-06 
   103.550          95.736      6.247     85.217            7.392          756.695      1.532      0.000      0.000    0.16585   26.70271           -1.64536       10.74081         1.214e-06 
   104.550          95.523      6.311     85.230            7.392          764.021      1.515      0.000      0.000    0.15964   26.72262           -1.65154       10.74329         1.261e-06 
   105.550          95.309      6.376     85.242            7.393          771.347      1.498      0.000      0.000    0.15364   26.74178           -1.65772       10.74580         1.311e-06 
   106.550          95.095      6.441     85.254            7.393          778.674      1.481      0.000      0.000    0.14785   26.76019           -1.66390       10.74834         1.363e-06 
   107.550          94.880      6.505     85.266            7.393          786.001      1.464      0.000      0.000    0.14225   26.77784           -1.67009       10.75090         1.417e-06 
   108.550          94.664      6.570     85.279            7.393          793.328      1.447      0.000      0.000    0.13684   26.79469           -1.67627       10.75348         1.474e-06 
   109.550          94.448      6.635     85.291            7.393          800.656      1.430      0.000      0.000    0.13163   26.81076           -1.68245       10.75609         1.533e-06 
   110.550          94.230      6.700     85.303            7.393          807.984      1.413      0.000      0.000    0.12660   26.82605           -1.68864       10.75873         1.594e-06 
   111.550          94.012      6.764     85.316            7.393          815.312      1.396      0.000      0.000    0.12174   26.84053           -1.69482       10.76139         1.658e-06 
   112.550          93.793      6.829     85.328            7.394          822.641      1.379      0.000      0.000    0.11706   26.85427           -1.70100       10.76407         1.725e-06 
   113.550          93.573      6.894     85.340            7.394          829.970      1.362      0.000      0.000    0.11254   26.86719           -1.70719       10.76678         1.795e-06 
   114.550          93.352      6.958     85.352            7.394          837.300      1.345      0.000      0.000    0.10819   26.87928           -1.71338       10.76951         1.868e-06 
   115.550          93.131      7.023     85.365            7.394          844.629      1.329      0.000      0.000    0.10400   26.89056           -1.71956       10.77226         1.944e-06 
   116.550          92.909      7.088     85.377            7.394          851.959      1.313      0.000      0.000    0.09995   26.90090           -1.72575       10.77505         2.023e-06 
   117.550          92.685      7.152     85.389            7.394          859.289      1.297      0.000      0.000    0.09605   26.91068           -1.73194       10.77785         2.105e-06 
   118.550          92.462      7.217     85.402            7.394          866.620      1.281      0.000      0.000    0.09230   26.91950           -1.73813       10.78068         2.192e-06 
   119.550          92.237      7.282     85.414            7.394          873.951      1.265      0.000      0.000    0.08868   26.92747           -1.74432       10.78354         2.282e-06 
   120.550          92.011      7.347     85.426            7.394          881.282      1.249      0.000      0.000    0.08520   26.93460           -1.75051       10.78642         2.376e-06 
   121.550          91.785      7.411     85.439            7.394          888.614      1.234      0.000      0.000    0.08184   26.94090           -1.75670       10.78932         2.474e-06 
   122.550          91.558      7.476     85.451            7.395          895.945      1.219      0.000      0.000    0.07861   26.94634           -1.76290       10.79225         2.576e-06 
   123.550          91.330      7.541     85.464            7.395          903.277      1.204      0.000      0.000    0.07550   26.95074           -1.76910       10.79520         2.683e-06 
   124.550          91.102      7.605     85.476            7.395          910.610      1.190      0.000      0.000    0.07250   26.95458           -1.77529       10.79818         2.794e-06 
   125.550          90.872      7.670     85.488            7.395          917.942      1.176      0.000      0.000    0.06961   26.95749           -1.78149       10.80118         2.911e-06 
   126.550          90.642      7.735     85.501            7.395          925.275      1.162      0.000      0.000    0.06683   26.96010           -1.78770       10.80421         3.032e-06 
   127.550          90.411      7.800     85.513            7.395          932.608      1.148      0.000      0.000    0.06416   26.96257           -1.79390       10.80726         3.160e-06 
   128.550          90.179      7.864     85.525            7.395          939.942      1.135      0.000      0.000    0.06158   26.96491           -1.80010       10.81034         3.293e-06 
   129.550          89.946      7.929     85.538            7.395          947.276      1.122      0.000      0.000    0.05909   26.96707           -1.80631       10.81344         3.431e-06 
   130.550          89.713      7.994     85.550            7.395          954.610      1.110      0.000      0.000    0.05670   26.96910           -1.81252       10.81657         3.577e-06 
   131.550          89.478      8.058     85.563            7.395          961.944      1.097      0.000      0.000    0.05440   26.97098           -1.81874       10.81972         3.729e-06 
   132.550          89.243      8.123     85.575            7.395          969.278      1.086      0.000      0.000    0.05218   26.97271           -1.82495       10.82290         3.888e-06 
   133.550          89.007      8.188     85.587            7.395          976.613      1.074      0.000      0.000    0.05004   26.97425           -1.83117       10.82610         4.054e-06 
   134.550          88.771      8.253     85.600            7.395          983.948      1.063      0.000      0.000    0.04799   26.97572           -1.83739       10.82932         4.229e-06 
   135.550          88.533      8.317     85.612            7.395          991.283      1.052      0.000      0.000    0.04601   26.97699           -1.84362       10.83257         4.411e-06 
   136.550          88.295      8.382     85.625            7.395          998.618      1.042      0.000      0.000    0.04410   26.97812           -1.84985       10.83585         4.602e-06 
   137.550          88.056      8.447     85.637            7.395         1005.954      1.032      0.000      0.000    0.04227   26.97909           -1.85608       10.83915         4.802e-06 
   138.550          87.816      8.512     85.650            7.395         1013.289      1.023      0.000      0.000    0.04051   26.97992           -1.86231       10.84248         5.011e-06 
   139.550          87.575      8.576     85.662            7.395         1020.625      1.014      0.000      0.000    0.03881   26.98061           -1.86855       10.84583         5.230e-06 
   140.550          87.333      8.641     85.675            7.395         1027.961      1.005      0.000      0.000    0.03719   26.98117           -1.87480       10.84920         5.459e-06 
   141.550          87.091      8.706     85.687            7.395         1035.297      0.997      0.000      0.000    0.03562   26.98159           -1.88105       10.85260         5.699e-06 
   142.550          86.848      8.771     85.700            7.395         1042.634      0.989      0.000      0.000    0.03412   26.98190           -1.88730       10.85603         5.951e-06 
   143.550          86.604      8.835     85.712            7.394         1049.970      0.982      0.000      0.000    0.03267   26.98211           -1.89356       10.85948         6.215e-06 
   144.550          86.359      8.900     85.725            7.394         1057.307      0.975      0.000      0.000    0.03128   26.98223           -1.89982       10.86295         6.491e-06 
   145.550          86.114      8.965     85.737            7.394         1064.644      0.969      0.000      0.000    0.02994   26.98229           -1.90609       10.86646         6.781e-06 
   146.550          85.867      9.029     85.750            7.394         1071.980      0.963      0.000      0.000    0.02869   26.96770           -1.91237       10.86998         7.077e-06 
   147.550          85.620      9.094     85.762            7.394         1079.317      0.957      0.000      0.000    0.02753   26.93243           -1.91865       10.87353         7.376e-06 
   148.550          85.372      9.159     85.775            7.394         1086.654      0.952      0.000      0.000    0.02642   26.89707           -1.92494       10.87711         7.687e-06 
   149.550          85.124      9.224     85.787            7.394         1093.991      0.948      0.000      0.000    0.02535   26.86171           -1.93123       10.88071         8.011e-06 
   150.550          84.874      9.288     85.800            7.393         1101.328      0.944      0.000      0.000    0.02432   26.82625           -1.93753       10.88433         8.350e-06 
   151.550          84.624      9.353     85.812            7.393         1108.665      0.940      0.000      0.000    0.02334   26.79075           -1.94384       10.88799         8.703e-06 
   152.550          84.372      9.418     85.825            7.393         1116.002      0.936      0.000      0.000    0.02239   26.75513           -1.95016       10.89166         9.071e-06 
   153.550          84.121      9.483     85.837            7.393         1123.339      0.933      0.000      0.000    0.02148   26.71949           -1.95648       10.89537         9.455e-06 
   154.550          83.868      9.547     85.850            7.392         1130.676      0.930      0.000      0.000    0.02061   26.68372           -1.96282       10.89909         9.855e-06 
   155.550          83.614      9.612     85.862            7.392         1138.013      0.927      0.000      0.000    0.01977   26.64791           -1.96916       10.90285         1.027e-05 
   156.550          83.360      9.677     85.875            7.392         1145.350      0.925      0.000      0.000    0.01897   26.61201           -1.97551       10.90662         1.071e-05 
   157.550          83.105      9.742     85.888            7.391         1152.686      0.923      0.000      0.000    0.01819   26.57604           -1.98187       10.91043         1.116e-05 
   158.550          82.848      9.806     85.900            7.391         1160.023      0.921      0.000      0.000    0.01745   26.54000           -1.98825       10.91426         1.164e-05 
   159.550          82.592      9.871     85.913            7.390         1167.359      0.920      0.000      0.000    0.01674   26.50386           -1.99463       10.91811         1.213e-05 
   160.550          82.334      9.936     85.925            7.390         1174.696      0.918      0.000      0.000    0.01606   26.46765           -2.00103       10.92199         1.265e-05 
   161.550          82.076     10.000     85.938            7.390         1182.031      0.917      0.000      0.000    0.01540   26.43134           -2.00744       10.92589         1.319e-05 
   162.550          81.816     10.065     85.950            7.389         1189.367      0.916      0.000      0.000    0.01478   26.39497           -2.01386       10.92983         1.375e-05 
   163.550          81.556     10.130     85.963            7.388         1196.702      0.915      0.000      0.000    0.01417   26.35847           -2.02029       10.93378         1.433e-05 
   164.550          81.295     10.195     85.976            7.388         1204.038      0.915      0.000      0.000    0.01359   26.32188           -2.02674       10.93776         1.495e-05 
   165.550          81.034     10.259     85.988            7.387         1211.372      0.914      0.000      0.000    0.01304   26.28520           -2.03321       10.94177         1.558e-05 
   166.550          80.771     10.324     86.001            7.387         1218.706      0.914      0.000      0.000    0.01250   26.24842           -2.03969       10.94580         1.625e-05 
   167.550          80.508     10.389     86.014            7.386         1226.040      0.914      0.000      0.000    0.01199   26.21153           -2.04618       10.94986         1.694e-05 
   168.550          80.244     10.453     86.026            7.385         1233.374      0.914      0.000      0.000    0.01150   26.17453           -2.05270       10.95395         1.767e-05 
   169.550          79.979     10.518     86.039            7.384         1240.707      0.913      0.000      0.000    0.01103   26.13739           -2.05923       10.95806         1.842e-05 
   170.550          79.713     10.583     86.052            7.383         1248.039      0.913      0.000      0.000    0.01057   26.10018           -2.06578       10.96219         1.921e-05 
   171.550          79.447     10.647     86.064            7.383         1255.370      0.913      0.000      0.000    0.01014   26.06283           -2.07235       10.96635         2.003e-05 
   172.550          79.179     10.712     86.077            7.382         1262.701      0.913      0.000      0.000    0.00972   26.02535           -2.07894       10.97054         2.089e-05 
   173.550          78.911     10.777     86.090            7.381         1270.032      0.913      0.000      0.000    0.00932   25.98773           -2.08555       10.97475         2.179e-05 
   174.550          78.642     10.841     86.102            7.380         1277.361      0.913      0.000      0.000    0.00894   25.94997           -2.09219       10.97899         2.272e-05 
   175.550          78.372     10.906     86.115            7.379         1284.690      0.913      0.000      0.000    0.00857   25.91207           -2.09885       10.98325         2.370e-05 
   176.550          78.102     10.971     86.128            7.377         1292.018      0.913      0.000      0.000    0.00822   25.87401           -2.10554       10.98754         2.471e-05 
   177.550          77.830     11.035     86.140            7.376         1299.345      0.913      0.000      0.000    0.00788   25.83579           -2.11225       10.99186         2.578e-05 
   178.550          77.558     11.100     86.153            7.375         1306.670      0.913      0.000      0.000    0.00756   25.79741           -2.11899       10.99620         2.688e-05 
   179.550          77.285     11.165     86.166            7.373         1313.995      0.913      0.000      0.000    0.00725   25.75885           -2.12576       11.00056         2.804e-05 
   180.550          77.011     11.229     86.179            7.372         1321.319      0.913      0.000      0.000    0.00695   25.72011           -2.13256       11.00495         2.924e-05 
   181.550          76.736     11.294     86.191            7.370         1328.641      0.913      0.000      0.000    0.00666   25.68117           -2.13939       11.00937         3.050e-05 
   182.550          76.460     11.358     86.204            7.369         1335.962      0.913      0.000      0.000    0.00638   25.64204           -2.14625       11.01381         3.182e-05 
   183.550          76.184     11.423     86.217            7.367         1343.282      0.913      0.000      0.000    0.00612   25.60269           -2.15315       11.01827         3.319e-05 
   184.550          75.907     11.487     86.229            7.365         1350.600      0.913      0.000      0.000    0.00587   25.56313           -2.16009       11.02277         3.462e-05 
   185.550          75.629     11.552     86.242            7.364         1357.917      0.913      0.000      0.000    0.00563   25.52334           -2.16706       11.02728         3.611e-05 
   186.550          75.350     11.616     86.255            7.362         1365.232      0.913      0.000      0.000    0.00539   25.48331           -2.17407       11.03182         3.767e-05 
   187.550          75.070     11.681     86.268            7.360         1372.545      0.913      0.000      0.000    0.00517   25.44303           -2.18113       11.03639         3.929e-05 
   188.550          74.790     11.745     86.281            7.357         1379.857      0.913      0.000      0.000    0.00496   25.40250           -2.18823       11.04098         4.099e-05 
   189.550          74.508     11.810     86.293            7.355         1387.167      0.913      0.000      0.000    0.00475   25.36167           -2.19537       11.04560         4.276e-05 
   190.550          74.226     11.874     86.306            7.353         1394.474      0.913      0.000      0.000    0.00455   25.32055           -2.20256       11.05024         4.460e-05 
   191.550          73.943     11.939     86.319            7.350         1401.780      0.913      0.000      0.000    0.00437   25.27912           -2.20980       11.05490         4.653e-05 
   192.550          73.659     12.003     86.332            7.348         1409.083      0.913      0.000      0.000    0.00418   25.23736           -2.21710       11.05959         4.854e-05 
   193.550          73.375     12.068     86.344            7.345         1416.383      0.913      0.000      0.000    0.00401   25.19524           -2.22445       11.06431         5.064e-05 
   194.550          73.089     12.132     86.357            7.342         1423.682      0.913      0.000      0.000    0.00384   25.15276           -2.23185       11.06905         5.284e-05 
   195.550          72.803     12.196     86.370            7.339         1430.977      0.913      0.000      0.000    0.00369   25.10987           -2.23932       11.07381         5.512e-05 
   196.550          72.516     12.261     86.383            7.336         1438.270      0.913      0.000      0.000    0.00353   25.06657           -2.24684       11.07859         5.751e-05 
   197.550          72.228     12.325     86.396            7.333         1445.560      0.913      0.000      0.000    0.00339   25.02283           -2.25443       11.08340         6.000e-05 
   198.550          71.939     12.389     86.408            7.329         1452.847      0.913      0.000      0.000    0.00325   24.97863           -2.26209       11.08823         6.260e-05 
   199.550          71.649     12.453     86.421            7.326         1460.131      0.913      0.000      0.000    0.00311   24.92865           -2.26983       11.09309         6.529e-05 
   200.550          71.359     12.517     86.434            7.322         1467.411      0.913      0.000      0.000    0.00299   24.87037           -2.27763       11.09797         6.805e-05 
   201.550          71.067     12.582     86.447            7.318         1474.687      0.913      0.000      0.000    0.00286   24.81167           -2.28551       11.10287         7.092e-05 
   202.550          70.775     12.646     86.460            7.314         1481.960      0.913      0.000      0.000    0.00275   24.75253           -2.29348       11.10779         7.391e-05 
   203.550          70.482     12.710     86.472            7.310         1489.229      0.913      0.000      0.000    0.00264   24.69291           -2.30152       11.11274         7.702e-05 
   204.550          70.188     12.774     86.485            7.305         1496.494      0.913      0.000      0.000    0.00253   24.63279           -2.30966       11.11771         8.027e-05 
   205.550          69.893     12.838     86.498            7.301         1503.755      0.913      0.000      0.000    0.00243   24.57215           -2.31789       11.12270         8.364e-05 
   206.550          69.597     12.902     86.511            7.296         1511.011      0.913      0.000      0.000    0.00233   24.51095           -2.32621       11.12771         8.716e-05 
   207.550          69.301     12.966     86.524            7.291         1518.263      0.913      0.000      0.000    0.00224   24.44918           -2.33463       11.13274         9.082e-05 
   208.550          69.003     13.030     86.537            7.285         1525.509      0.913      0.000      0.000    0.00215   24.38681           -2.34316       11.13779         9.464e-05 
   209.550          68.705     13.094     86.549            7.280         1532.751      0.913      0.000      0.000    0.00206   24.32383           -2.35179       11.14287         9.861e-05 
   210.550          68.406     13.157     86.562            7.274         1539.987      0.913      0.000      0.000    0.00198   24.26021           -2.36054       11.14796         1.027e-04 
   211.550          68.106     13.221     86.575            7.268         1547.218      0.913      0.000      0.000    0.00190   24.19592           -2.36941       11.15308         1.071e-04 
   212.550          67.805     13.285     86.588            7.262         1554.442      0.913      0.000      0.000    0.00182   24.13095           -2.37839       11.15821         1.115e-04 
   213.550          67.503     13.348     86.601            7.255         1561.661      0.913      0.000      0.000    0.00175   24.06526           -2.38751       11.16336         1.162e-04 
   214.550          67.200     13.412     86.614            7.249         1568.873      0.913      0.000      0.000    0.00168   23.99884           -2.39676       11.16853         1.211e-04 
   215.550          66.897     13.476     86.626            7.241         1576.079      0.913      0.000      0.000    0.00161   23.93164           -2.40615       11.17372         1.261e-04 
   216.550          66.592     13.539     86.639            7.234         1583.278      0.913      0.000      0.000    0.00155   23.86364           -2.41568       11.17893         1.314e-04 
   217.550          66.287     13.602     86.652            7.226         1590.469      0.913      0.000      0.000    0.00148   23.79483           -2.42536       11.18416         1.369e-04 
   218.550          65.981     13.666     86.665            7.218         1597.653      0.913      0.000      0.000    0.00142   23.72516           -2.43520       11.18940         1.426e-04 
   219.550          65.674     13.729     86.678            7.210         1604.829      0.913      0.000      0.000    0.00137   23.65461           -2.44521       11.19466         1.485e-04 
   220.550          65.365     13.792     86.690            7.201         1611.997      0.913      0.000      0.000    0.00131   23.58314           -2.45538       11.19993         1.547e-04 
   221.550          65.056     13.855     86.703            7.192         1619.156      0.913      0.000      0.000    0.00126   23.51073           -2.46573       11.20523         1.612e-04 
   222.550          64.747     13.918     86.716            7.183         1626.306      0.913      0.000      0.000    0.00121   23.43733           -2.47627       11.21054         1.679e-04 
   223.550          64.436     13.981     86.729            7.173         1633.447      0.913      0.000      0.000    0.00116   23.36293           -2.48700       11.21586         1.749e-04 
   224.550          64.124     14.044     86.741            7.163         1640.579      0.913      0.000      0.000    0.00112   23.28746           -2.49792       11.22120         1.821e-04 
   225.550          63.811     14.107     86.754            7.152         1647.700      0.913      0.000      0.000    0.00107   23.21092           -2.50906       11.22655         1.897e-04 
   226.550          63.498     14.169     86.767            7.141         1654.811      0.913      0.000      0.000    0.00103   23.13324           -2.52041       11.23192         1.976e-04 
   227.550          63.183     14.232     86.780            7.130         1661.911      0.913      0.000      0.000    0.00099   23.05441           -2.53199       11.23731         2.058e-04 
   228.550          62.868     14.295     86.792            7.118         1668.999      0.913      0.000      0.000    0.00095   22.97437           -2.54380       11.24271         2.143e-04 
   229.550          62.551     14.357     86.805            7.106         1676.076      0.913      0.000      0.000    0.00091   22.89309           -2.55586       11.24812         2.232e-04 
   230.550          62.234     14.419     86.818            7.093         1683.141      0.913      0.000      0.000    0.00087   22.81052           -2.56817       11.25354         2.324e-04 
   231.550          61.916     14.481     86.831            7.080         1690.193      0.913      0.000      0.000    0.00084   22.72664           -2.58074       11.25898         2.421e-04 
   232.550          61.597     14.543     86.843            7.066         1697.231      0.913      0.000      0.000    0.00081   22.64138           -2.59359       11.26443         2.521e-04 
   233.550          61.276     14.605     86.856            7.052         1704.256      0.913      0.000      0.000    0.00077   22.55471           -2.60673       11.26989         2.625e-04 
   234.550          60.955     14.667     86.869            7.037         1711.266      0.913      0.000      0.000    0.00074   22.46658           -2.62016       11.27536         2.734e-04 
   235.550          60.633     14.729     86.881            7.021         1718.262      0.913      0.000      0.000    0.00071   22.37696           -2.63390       11.28085         2.847e-04 
   236.550          60.310     14.790     86.894            7.005         1725.242      0.913      0.000      0.000    0.00069   22.28579           -2.64797       11.28634         2.964e-04 
   237.550          59.986     14.852     86.906            6.988         1732.206      0.913      0.000      0.000    0.00066   22.19302           -2.66236       11.29184         3.087e-04 
   238.550          59.661     14.913     86.919            6.971         1739.154      0.913      0.000      0.000    0.00063   22.09862           -2.67711       11.29736         3.214e-04 
   239.550          59.334     14.974     86.932            6.953         1746.084      0.913      0.000      0.000    0.00061   22.00253           -2.69221       11.30288         3.347e-04 
   240.550          59.007     15.035     86.944            6.935         1752.996      0.913      0.000      0.000    0.00058   21.90470           -2.70769       11.30841         3.485e-04 
   241.550          58.679     15.095     86.957            6.916         1759.890      0.913      0.000      0.000    0.00056   21.80507           -2.72356       11.31394         3.628e-04 
   242.550          58.350     15.156     86.969            6.896         1766.764      0.913      0.000      0.000    0.00054   21.70360           -2.73984       11.31948         3.778e-04 
   243.550          58.020     15.216     86.981            6.875         1773.619      0.913      0.000      0.000    0.00052   21.60023           -2.75654       11.32503         3.933e-04 
   244.550          57.689     15.277     86.994            6.854         1780.453      0.913      0.000      0.000    0.00050   21.49491           -2.77367       11.33058         4.095e-04 
   245.550          57.357     15.337     87.006            6.832         1787.265      0.913      0.000      0.000    0.00048   21.38758           -2.79126       11.33614         4.263e-04 
   246.550          57.024     15.396     87.019            6.809         1794.055      0.913      0.000      0.000    0.00046   21.27820           -2.80932       11.34169         4.439e-04 
   247.550          56.689     15.456     87.031            6.785         1800.823      0.913      0.000      0.000    0.00044   21.16671           -2.82787       11.34725         4.621e-04 
   248.550          56.354     15.515     87.043            6.761         1807.566      0.913      0.000      0.000    0.00042   21.05306           -2.84693       11.35281         4.811e-04 
   249.550          56.018     15.575     87.056            6.735         1814.285      0.913      0.000      0.000    0.00041   20.93719           -2.86651       11.35837         5.009e-04 
   250.550          55.680     15.634     87.068            6.709         1820.979      0.913      0.000      0.000    0.00039   20.81906           -2.88665       11.36392         5.214e-04 
   251.550          55.342     15.692     87.080            6.682         1827.646      0.913      0.000      0.000    0.00037   20.69861           -2.90735       11.36947         5.428e-04 
   252.550          55.003     15.751     87.092            6.654         1834.286      0.913      0.000      0.000    0.00036   20.57579           -2.92864       11.37502         5.651e-04 
   253.550          54.662     15.809     87.104            6.625         1840.898      0.913      0.000      0.000    0.00035   20.45056           -2.95055       11.38056         5.883e-04 
   254.550          54.320     15.867     87.116            6.596         1847.481      0.913      0.000      0.000    0.00033   20.32287           -2.97309       11.38610         6.124e-04 
   255.550          53.978     15.925     87.128            6.565         1854.034      0.913      0.000      0.000    0.00032   20.19266           -2.99629       11.39162         6.375e-04 
   256.550          53.634     15.982     87.140            6.533         1860.556      0.913      0.000      0.000    0.00031   20.05990           -3.02018       11.39714         6.636e-04 
   257.550          53.289     16.039     87.152            6.500         1867.047      0.913      0.000      0.000    0.00029   19.92455           -3.04477       11.40264         6.907e-04 
   258.550          52.944     16.096     87.164            6.467         1873.504      0.913      0.000      0.000    0.00028   19.78655           -3.07010       11.40813         7.190e-04 
   259.550          52.597     16.153     87.176            6.432         1879.928      0.913      0.000      0.000    0.00027   19.64588           -3.09619       11.41360         7.484e-04 
   260.550          52.249     16.209     87.188            6.396         1886.316      0.913      0.000      0.000    0.00026   19.50250           -3.12308       11.41906         7.790e-04 
   261.550          51.900     16.265     87.199            6.360         1892.669      0.913      0.000      0.000    0.00025   19.35637           -3.15078       11.42450         8.109e-04 
   262.550          51.550     16.321     87.211            6.322         1898.985      0.913      0.000      0.000    0.00024   19.20746           -3.17933       11.42993         8.440e-04 
   263.550          51.199     16.376     87.223            6.282         1905.262      0.913      0.000      0.000    0.00023   19.07123           -3.20876       11.43533         8.800e-04 
   264.550          50.846     16.431     87.234            6.241         1911.499      0.913      0.000      0.000    0.00022   18.94640           -3.23913       11.44069         9.193e-04 
   265.550          50.493     16.485     87.246            6.197         1917.694      0.913      0.000      0.000    0.00021   18.81469           -3.27048       11.44601         9.605e-04 
   266.550          50.139     16.540     87.257            6.151         1923.845      0.913      0.000      0.000    0.00020   18.67575           -3.30290       11.45129         1.004e-03 
   267.550          49.785     16.593     87.268            6.102         1929.948      0.913      0.000      0.000    0.00019   18.52933           -3.33643       11.45652         1.049e-03 
   268.550          49.429     16.647     87.279            6.051         1936.002      0.913      0.000      0.000    0.00019   18.37486           -3.37116       11.46170         1.096e-03 
   269.550          49.073     16.700     87.290            5.997         1942.003      0.913      0.000      0.000    0.00018   18.21212           -3.40715       11.46682         1.146e-03 
   270.550          48.716     16.752     87.302            5.940         1947.949      0.913      0.000      0.000    0.00017   18.04074           -3.44451       11.47190         1.198e-03 
   271.550          48.359     16.804     87.312            5.881         1953.837      0.913      0.000      0.000    0.00016   17.86040           -3.48330       11.47691         1.252e-03 
   272.550          48.002     16.855     87.323            5.818         1959.664      0.913      0.000      0.000    0.00016   17.67078           -3.52362       11.48186         1.309e-03 
   273.550          47.644     16.906     87.334            5.752         1965.427      0.913      0.000      0.000    0.00015   17.47159           -3.56559       11.48674         1.369e-03 
   274.550          47.286     16.956     87.345            5.682         1971.123      0.913      0.000      0.000    0.00014   17.26558           -3.60929       11.49156         1.431e-03 
   275.550          46.929     17.005     87.355            5.610         1976.747      0.913      0.000      0.000    0.00014   17.07579           -3.65485       11.49630         1.502e-03 
   276.550          46.571     17.054     87.365            5.533         1982.298      0.913      0.000      0.000    0.00013   16.87552           -3.70239       11.50095         1.576e-03 
   277.550          46.214     17.103     87.376            5.453         1987.770      0.913      0.000      0.000    0.00012   16.66309           -3.75206       11.50552         1.655e-03 
   278.550          45.858     17.150     87.386            5.369         1993.160      0.913      0.000      0.000    0.00012   16.43824           -3.80399       11.50999         1.737e-03 
   279.550          45.502     17.197     87.396            5.281         1998.465      0.913      0.000      0.000    0.00011   16.20078           -3.85835       11.51436         1.824e-03 
   280.550          45.147     17.243     87.405            5.189         2003.680      0.912      0.000      0.000    0.00011   15.95063           -3.91530       11.51862         1.915e-03 
   281.550          44.793     17.288     87.415            5.093         2008.802      0.912      0.000      0.000    0.00010   15.68781           -3.97502       11.52277         2.011e-03 
   282.550          44.441     17.332     87.424            4.994         2013.826      0.912      0.000      0.000    0.00010   15.41244           -4.03769       11.52679         2.111e-03 
   283.550          44.090     17.375     87.433            4.891         2018.750      0.912      0.000      0.000    0.00009   15.12480           -4.10352       11.53069         2.217e-03 
   284.550          43.741     17.418     87.442            4.785         2023.569      0.912      0.000      0.000    0.00009   14.82528           -4.17270       11.53444         2.328e-03 
   285.550          43.394     17.459     87.451            4.675         2028.280      0.912      0.000      0.000    0.00008   14.51446           -4.24546       11.53804         2.444e-03 
   286.550          43.049     17.500     87.460            4.563         2032.880      0.912      0.000      0.000    0.00008   14.19302           -4.32203       11.54148         2.565e-03 
   287.550          42.706     17.539     87.468            4.447         2037.367      0.912      0.000      0.000    0.00008   13.86183           -4.40265       11.54476         2.693e-03 
   288.550          42.366     17.578     87.476            4.330         2041.737      0.912      0.000      0.000    0.00007   13.52184           -4.48758       11.54787         2.826e-03 
   289.550          42.029     17.615     87.484            4.210         2045.989      0.912      0.000      0.000    0.00007   13.17418           -4.57706       11.55079         2.965e-03 
   290.550          41.695     17.651     87.492            4.089         2050.120      0.911      0.000      0.000    0.00007   12.82006           -4.67138       11.55353         3.110e-03 
   291.550          41.363     17.687     87.500            3.966         2054.130      0.911      0.000      0.000    0.00006   12.46077           -4.77082       11.55607         3.261e-03 
   292.550          41.035     17.721     87.507            3.843         2058.018      0.911      0.000      0.000    0.00006   12.09769           -4.87566       11.55842         3.419e-03 
   293.550          40.710     17.754     87.514            3.720         2061.782      0.911      0.000      0.000    0.00006   11.73221           -4.98621       11.56055         3.583e-03 
   294.550          40.388     17.786     87.521            3.597         2065.423      0.911      0.000      0.000    0.00005   11.36575           -5.10277       11.56249         3.754e-03 
   295.550          40.070     17.817     87.528            3.475         2068.942      0.911      0.000      0.000    0.00005   10.99968           -5.22567       11.56421         3.932e-03 
   296.550          39.755     17.847     87.534            3.353         2072.338      0.910      0.000      0.000    0.00005   10.63535           -5.35522       11.56572         4.117e-03 
   297.550          39.444     17.876     87.540            3.233         2075.615      0.910      0.000      0.000    0.00005   10.27404           -5.49175       11.56702         4.310e-03 
   298.550          39.136     17.904     87.546            3.115         2078.772      0.910      0.000      0.000    0.00005    9.91693           -5.63562       11.56811         4.509e-03 
   299.550          38.832     17.930     87.552            3.000         2081.812      0.909      0.000      0.000    0.00004    9.56529           -5.78717       11.56899         4.716e-03 
   300.550          38.532     17.956     87.557            2.886         2084.737      0.908      0.000      0.000    0.00004    9.22011           -5.94675       11.56966         4.931e-03 
   301.550          38.234     17.981     87.563            2.776         2087.551      0.908      0.000      0.000    0.00004    8.88222           -6.11472       11.57012         5.154e-03 
   302.550          37.940     18.005     87.568            2.668         2090.255      0.907      0.000      0.000    0.00004    8.55230           -6.29144       11.57038         5.385e-03 
   303.550          37.649     18.028     87.573            2.563         2092.853      0.906      0.000      0.000    0.00004    8.23092           -6.47730       11.57043         5.625e-03 
   304.550          37.362     18.050     87.577            2.462         2095.347      0.905      0.000      0.000    0.00003    7.91851           -6.67267       11.57028         5.873e-03 
   305.550          37.077     18.071     87.582            2.364         2097.742      0.905      0.000      0.000    0.00003    7.61543           -6.87795       11.56993         6.130e-03 
   306.550          36.796     18.091     87.586            2.269         2100.040      0.904      0.000      0.000    0.00003    7.32191           -7.09353       11.56938         6.397e-03 
   307.550          36.517     18.110     87.590            2.177         2102.244      0.903      0.000      0.000    0.00003    7.03810           -7.31983       11.56864         6.673e-03 
   308.550          36.241     18.129     87.594            2.089         2104.359      0.903      0.000      0.000    0.00003    6.76406           -7.55726       11.56769         6.960e-03 
   309.550          35.968     18.147     87.598            2.004         2106.386      0.902      0.000      0.000    0.00003    6.49980           -7.80625       11.56655         7.256e-03 
   310.550          35.697     18.164     87.602            1.923         2108.330      0.902      0.000      0.000    0.00003    6.24523           -8.06725       11.56522         7.564e-03 
   311.550          35.428     18.180     87.605            1.844         2110.194      0.901      0.000      0.000    0.00003    6.00026           -8.34068       11.56368         7.882e-03 
   312.550          35.161     18.196     87.609            1.769         2111.981      0.901      0.000      0.000    0.00002    5.76472           -8.62702       11.56195         8.213e-03 
   313.550          34.897     18.211     87.612            1.697         2113.693      0.900      0.000      0.000    0.00002    5.53841           -8.92672       11.56003         8.555e-03 
   314.550          34.635     18.226     87.615            1.628         2115.334      0.900      0.000      0.000    0.00002    5.32112           -9.24027       11.55790         8.911e-03 
   315.550          34.374     18.239     87.618            1.562         2116.908      0.899      0.000      0.000    0.00002    5.11259           -9.56813       11.55557         9.279e-03 
   316.550          34.116     18.253     87.621            1.498         2118.416      0.899      0.000      0.000    0.00002    4.91257           -9.91082       11.55303         9.662e-03 
   317.550          33.858     18.265     87.623            1.438         2119.861      0.899      0.000      0.000    0.00002    4.72070          -10.26883       11.55028         1.006e-02 
   318.550          33.603     18.278     87.626            1.379         2121.246      0.899      0.000      0.000    0.00002    4.53672          -10.64269       11.54732         1.047e-02 
   319.550          33.349     18.289     87.629            1.324         2122.574      0.899      0.000      0.000    0.00002    4.36035          -11.03291       11.54414         1.090e-02 
   320.550          33.096     18.300     87.631            1.271         2123.846      0.899      0.000      0.000    0.00002    4.19134          -11.44004       11.54074         1.134e-02 
   321.550          32.845     18.311     87.633            1.220         2125.066      0.899      0.000      0.000    0.00002    4.02941          -11.86462       11.53710         1.180e-02 
   322.550          32.595     18.321     87.635            1.171         2126.235      0.899      0.000      0.000    0.00002    3.87430          -12.30718       11.53324         1.228e-02 
   323.550          32.346     18.331     87.638            1.124         2127.355      0.899      0.000      0.000    0.00002    3.72575          -12.76828       11.52914         1.278e-02 
   324.550          32.098     18.341     87.640            1.080         2128.429      0.899      0.000      0.000    0.00002    3.58289          -13.24847       11.52479         1.329e-02 
   325.550          31.851     18.350     87.642            1.037         2129.459      0.899      0.000      0.000    0.00001    3.44370          -13.74828       11.52021         1.380e-02 
   326.550          31.605     18.359     87.643            0.997         2130.446      0.899      0.000      0.000    0.00001    3.31068          -14.26823       11.51538         1.433e-02 
   327.550          31.359     18.367     87.645            0.958         2131.392      0.899      0.000      0.000    0.00001    3.18366          -14.80882       11.51032         1.488e-02 
   328.550          31.115     18.375     87.647            0.921         2132.300      0.899      0.000      0.000    0.00001    3.06238          -15.37053       11.50500         1.544e-02 
   329.550          30.871     18.383     87.648            0.886         2133.170      0.899      0.000      0.000    0.00001    2.94656          -15.95384       11.49942         1.603e-02 
   330.550          30.628     18.390     87.650            0.852         2134.005      0.899      0.000      0.000    0.00001    2.83596          -16.55922       11.49357         1.664e-02 
   331.550          30.385     18.397     87.652            0.820         2134.805      0.899      0.000      0.000    0.00001    2.73031          -17.18712       11.48744         1.727e-02 
   332.550          30.143     18.404     87.653            0.789         2135.573      0.899      0.000      0.000    0.00001    2.62940          -17.83796       11.48103         1.793e-02 
   333.550          29.902     18.410     87.654            0.760         2136.309      0.899      0.000      0.000    0.00001    2.53301          -18.51213       11.47432         1.860e-02 
   334.550          29.661     18.416     87.656            0.732         2137.016      0.899      0.000      0.000    0.00001    2.44094          -19.21002       11.46730         1.931e-02 
   335.550          29.420     18.422     87.657            0.705         2137.693      0.899      0.000      0.000    0.00001    2.35298          -19.93194       11.45995         2.004e-02 
   336.550          29.180     18.428     87.658            0.680         2138.343      0.899      0.000      0.000    0.00001    2.26895          -20.67820       11.45227         2.079e-02 
   337.550          28.940     18.434     87.659            0.655         2138.966      0.899      0.000      0.000    0.00001    2.18867          -21.44903       11.44423         2.158e-02 
   338.550          28.701     18.439     87.660            0.632         2139.564      0.899      0.000      0.000    0.00001    2.11199          -22.24465       11.43582         2.239e-02 
   339.550          28.462     18.444     87.662            0.610         2140.138      0.899      0.000      0.000    0.00001    2.03873          -23.06518       11.42702         2.324e-02 
   340.550          28.223     18.449     87.663            0.589         2140.688      0.899      0.000      0.000    0.00001    1.96875          -23.91071       11.41779         2.411e-02 
   341.550          27.985     18.453     87.664            0.568         2141.215      0.899      0.000      0.000    0.00001    1.90191          -24.78124       11.40811         2.502e-02 
   342.550          27.747     18.458     87.664            0.549         2141.721      0.899      0.000      0.000    0.00001    1.83806          -25.67671       11.39794         2.596e-02 
   343.550          27.509     18.462     87.665            0.531         2142.206      0.899      0.000      0.000    0.00001    1.77708          -26.59697       11.38726         2.694e-02 
   344.550          27.271     18.466     87.666            0.513         2142.671      0.899      0.000      0.000    0.00001    1.71884          -27.54179       11.37602         2.795e-02 
   345.550          27.035     18.470     87.667            0.496         2143.117      0.899      0.000      0.000    0.00001    1.66323          -28.51085       11.36416         2.901e-02 
   346.550          26.798     18.474     87.668            0.480         2143.545      0.899      0.000      0.000    0.00001    1.61013          -29.50374       11.35165         3.010e-02 
   347.550          26.562     18.478     87.669            0.465         2143.954      0.899      0.000      0.000    0.00001    1.55944          -30.51992       11.33841         3.123e-02 
   348.550          26.326     18.481     87.669            0.450         2144.346      0.899      0.000      0.000    0.00001    1.51104          -31.55878       11.32439         3.240e-02 
   349.550          26.091     18.484     87.670            0.436         2144.722      0.899      0.000      0.000    0.00001    1.46484          -32.61959       11.30950         3.362e-02 
   350.550          25.856     18.487     87.671            0.423         2145.082      0.899      0.000      0.000    0.00001    1.42074          -33.70151       11.29367         3.488e-02 
   351.550          25.622     18.491     87.671            0.410         2145.427      0.899      0.000      0.000    0.00001    1.37865          -34.80359       11.27679         3.618e-02 
   352.550          25.388     18.493     87.672            0.398         2145.756      0.899      0.000      0.000    0.00001    1.33848          -35.92476       11.25876         3.754e-02 
   353.550          25.155     18.496     87.673            0.386         2146.072      0.899      0.000      0.000    0.00001    1.30015          -37.06386       11.23947         3.894e-02 
   354.550          24.922     18.499     87.673            0.375         2146.374      0.899      0.000      0.000    0.00001    1.26357          -38.21961       11.21877         4.039e-02 
   355.550          24.691     18.501     87.674            0.365         2146.663      0.899      0.000      0.000    0.00000    1.22865          -39.39064       11.19651         4.189e-02 
   356.550          24.460     18.504     87.674            0.355         2146.939      0.899      0.000      0.000    0.00000    1.19534          -40.57547       11.17253         4.345e-02 
   357.550          24.229     18.506     87.675            0.345         2147.202      0.899      0.000      0.000    0.00000    1.16354          -41.77254       11.14663         4.506e-02 
   358.550          24.000     18.508     87.675            0.336         2147.454      0.899      0.000      0.000    0.00000    1.13318          -42.98021       11.11857         4.673e-02 
   359.550          23.771     18.510     87.675            0.327         2147.695      0.899      0.000      0.000    0.00000    1.10420          -44.19676       11.08811         4.845e-02 
   360.550          23.544     18.513     87.676            0.319         2147.924      0.899      0.000      0.000    0.00000    1.07652          -45.42042       11.05495         5.023e-02 
   361.550          23.317     18.514     87.676            0.311         2148.143      0.899      0.000      0.000    0.00000    1.05009          -46.64936       11.01876         5.207e-02 
   362.550          23.092     18.516     87.677            0.303         2148.352      0.899      0.000      0.000    0.00000    1.02482          -47.88171       10.97915         5.397e-02 
   362.750          23.047     18.517     87.677            0.302         2148.392      0.899      0.000      0.000    0.00000    1.01747          -48.12843       10.97078         5.455e-02 
   362.930          23.007     18.517     87.677            0.300         2148.429      0.899      0.000      0.000    0.00000    1.01304          -48.35051       10.96312         5.490e-02 
   363.092          22.970     18.517     87.677            0.299         2148.461      0.899      0.000      0.000    0.00000    1.00908          -48.55041       10.95610         5.523e-02 
   363.238          22.938     18.518     87.677            0.298         2148.490      0.899      0.000      0.000    0.00000    1.00555          -48.73033       10.94970         5.552e-02 
   363.434          22.894     18.518     87.677            0.297         2148.528      0.899      0.000      0.000    0.00000    1.00104          -48.97251       10.94095         5.590e-02 
   363.450          22.890     18.518     87.677            0.297         2148.531      0.899      0.000      0.000    0.00000    1.00013          -48.99246       10.94022         5.597e-02 
   363.458          22.888     18.518     87.677            0.297         2148.533      0.449      0.000      0.000    0.00000    0.99999          -49.00260       10.93996         5.599e-02 
   363.468          22.886     18.518     87.677            0.297         2148.535      0.449      0.000      0.000    0.00000    0.99999          -49.01443       10.93980         5.601e-02 
   363.475          22.884     18.518     87.677            0.297         2148.536      0.449      0.000      0.000    0.00000    1.00000          -49.02350       10.93968         5.602e-02 
   363.480          22.883     18.518     87.677            0.297         2148.537      0.449      0.000      0.000    0.00000    0.99992          -49.02887       10.93958         5.603e-02 
   363.484          22.882     18.518     87.677            0.297         2148.538      0.449      0.000      0.000    0.00000    0.99998          -49.03424       10.93951         5.604e-02 
   363.504          22.878     18.518     87.677            0.297         2148.542      0.449      0.000      0.000    0.00000    1.00000          -49.05841       10.93918         5.608e-02 
   363.508          22.877     18.518     87.677            0.297         2148.542      0.449      0.000      0.000    0.00000    0.99993          -49.06369       10.93908         5.609e-02 
   363.512          22.876     18.518     87.677            0.297         2148.543      0.449      0.000      0.000    0.00000    0.99998          -49.06896       10.93901         5.610e-02 
   363.532          22.872     18.518     87.677            0.297         2148.547      0.449      0.000      0.000    0.00000    1.00000          -49.09269       10.93868         5.613e-02 
   363.536          22.871     18.518     87.677            0.297         2148.548      0.449      0.000      0.000    0.00000    0.99992          -49.09795       10.93858         5.615e-02 
   363.540          22.870     18.518     87.677            0.297         2148.549      0.449      0.000      0.000    0.00000    0.99998          -49.10320       10.93851         5.616e-02 
   363.559          22.866     18.518     87.677            0.297         2148.553      0.449      0.000      0.000    0.00000    1.00000          -49.12685       10.93819         5.619e-02 
   363.564          22.864     18.518     87.677            0.297         2148.553      0.449      0.000      0.000    0.00000    0.99999          -49.13292       10.93805         5.620e-02 
   363.574          22.862     18.518     87.677            0.297         2148.555      0.449      0.000      0.000    0.00000    0.99996          -49.14462       10.93788         5.622e-02 
   363.617          22.853     18.518     87.677            0.297         2148.564      0.449      0.000      0.000    0.00000    0.99999          -49.19720       10.93716         5.630e-02 
   363.624          22.851     18.518     87.677            0.297         2148.565      0.449      0.000      0.000    0.00000    1.00000          -49.20641       10.93703         5.632e-02 
   363.629          22.850     18.518     87.677            0.297         2148.566      0.449      0.000      0.000    0.00000    0.99992          -49.21174       10.93693         5.633e-02 
   363.633          22.849     18.518     87.677            0.297         2148.567      0.449      0.000      0.000    0.00000    0.99998          -49.21708       10.93685         5.634e-02 
   363.653          22.845     18.518     87.677            0.297         2148.571      0.449      0.000      0.000    0.00000    1.00000          -49.24109       10.93652         5.638e-02 
   363.657          22.844     18.518     87.677            0.297         2148.571      0.449      0.000      0.000    0.00000    0.99999          -49.24631       10.93645         5.639e-02 
   363.661          22.843     18.518     87.677            0.297         2148.572      0.449      0.000      0.000    0.00000    0.99999          -49.25153       10.93636         5.640e-02 
   363.665          22.842     18.518     87.677            0.297         2148.573      0.449      0.000      0.000    0.00000    1.00000          -49.25676       10.93629         5.641e-02 
   363.685          22.837     18.518     87.677            0.296         2148.577      0.449      0.000      0.000    0.00000    0.99996          -49.28028       10.93574         5.644e-02 
   363.712          22.831     18.518     87.677            0.296         2148.582      0.449      0.000      0.000    0.00000    0.99984          -49.31426       10.93526         5.650e-02 
   363.837          22.803     18.519     87.677            0.296         2148.606      0.449      0.000      0.000    0.00000    0.99992          -49.46688       10.93309         5.672e-02 
   363.950          22.778     18.519     87.677            0.296         2148.628      0.449      0.000      0.000    0.00000    0.99999          -49.60383       10.93111         5.696e-02 
   363.955          22.777     18.519     87.677            0.296         2148.629      0.449      0.000      0.000    0.00000    0.99999          -49.60988       10.93097         5.699e-02 
   363.964          22.774     18.519     87.677            0.296         2148.631      0.449      0.000      0.000    0.00000    0.99996          -49.62147       10.93080         5.701e-02 
   364.007          22.765     18.519     87.677            0.296         2148.639      0.449      0.000      0.000    0.00000    0.99998          -49.67361       10.93004         5.709e-02 
   364.027          22.760     18.519     87.677            0.296         2148.643      0.449      0.000      0.000    0.00000    0.99999          -49.69733       10.92969         5.714e-02 
   364.055          22.754     18.519     87.677            0.296         2148.648      0.449      0.000      0.000    0.00000    0.99994          -49.73243       10.92882         5.720e-02 
   364.093          22.745     18.519     87.677            0.296         2148.656      0.449      0.000      0.000    0.00000    0.99974          -49.77852       10.92814         5.727e-02 
   364.264          22.706     18.519     87.677            0.296         2148.688      0.449      0.000      0.000    0.00000    0.99983          -49.98540       10.92503         5.759e-02 
   364.418          22.672     18.520     87.677            0.296         2148.718      0.449      0.000      0.000    0.00000    0.99990          -50.17084       10.92218         5.792e-02 
   364.557          22.640     18.520     87.677            0.296         2148.744      0.449      0.000      0.000    0.00000    0.99995          -50.33714       10.91956         5.821e-02 
   364.600          22.630     18.520     87.677            0.296         2148.752      0.449      0.000      0.000    0.00000    0.99997          -50.38953       10.91873         5.833e-02 
   364.650          22.619     18.520     87.677            0.296         2148.762      0.449      0.000      0.000    0.00000    0.99999          -50.44826       10.91779         5.843e-02 
   364.670          22.614     18.520     87.677            0.296         2148.765      0.449      0.000      0.000    0.00000    1.00000          -50.47265       10.91739         5.848e-02 
   364.684          22.611     18.520     87.677            0.296         2148.768      0.449      0.000      0.000    0.00000    0.99997          -50.48919       10.91695         5.852e-02 
   364.705          22.606     18.520     87.677            0.296         2148.772      0.449      0.000      0.000    0.00000    0.99987          -50.51461       10.91654         5.856e-02 
   364.801          22.584     18.520     87.677            0.296         2148.790      0.449      0.000      0.000    0.00000    0.99989          -50.62885       10.91467         5.874e-02 
   365.232          22.485     18.521     87.678            0.296         2148.871      0.449      0.000      0.000    0.00000    0.99996          -51.13956       10.90601         5.959e-02 
   366.232          22.253     18.522     87.678            0.296         2149.055      0.449      0.000      0.000    0.00000    0.99980          -52.30427       10.88405         6.167e-02 
   367.232          22.017     18.524     87.678            0.296         2149.233      0.449      0.000      0.000    0.00000    0.99912          -53.44069       10.85919         6.403e-02 
   368.232          21.778     18.526     87.679            0.295         2149.407      0.449      0.000      0.000    0.00000    0.99787          -54.54970       10.83097         6.652e-02 
   369.232          21.536     18.527     87.679            0.294         2149.577      0.449      0.000      0.000    0.00000    0.99600          -55.63220       10.79890         6.914e-02 
   370.232          21.292     18.529     87.679            0.293         2149.741      0.449      0.000      0.000    0.00000    0.99350          -56.68910       10.76236         7.190e-02 
   371.232          21.046     18.530     87.679            0.292         2149.899      0.449      0.000      0.000    0.00000    0.99033          -57.72130       10.72067         7.479e-02 
   372.232          20.798     18.531     87.680            0.291         2150.053      0.449      0.000      0.000    0.00000    0.98649          -58.72970       10.67306         7.783e-02 
   373.232          20.548     18.533     87.680            0.289         2150.202      0.449      0.000      0.000    0.00000    0.98194          -59.71516       10.61861         8.101e-02 
   374.232          20.298     18.534     87.680            0.288         2150.346      0.449      0.000      0.000    0.00000    0.97670          -60.67853       10.55630         8.434e-02 
   375.232          20.047     18.535     87.680            0.286         2150.485      0.449      0.000      0.000    0.00000    0.97073          -61.62064       10.48494         8.782e-02 
   376.232          19.795     18.536     87.681            0.284         2150.618      0.449      0.000      0.000    0.00000    0.96362          -62.54226       10.40324         9.136e-02 
   377.232          19.544     18.537     87.681            0.281         2150.747      0.449      0.000      0.000    0.00000    0.95582          -63.44408       10.30976         9.503e-02 
   378.232          19.292     18.539     87.681            0.279         2150.870      0.449      0.000      0.000    0.00000    0.94740          -64.32677       10.20285         9.885e-02 
   379.232          19.041     18.540     87.681            0.276         2150.989      0.449      0.000      0.000    0.00000    0.93840          -65.19093       10.08071         1.028e-01 
   380.232          18.791     18.541     87.681            0.273         2151.103      0.449      0.000      0.000    0.00000    0.92884          -66.03712        9.94137         1.069e-01 
   381.232          18.542     18.542     87.682            0.270         2151.212      0.449      0.000      0.000    0.00000    0.91876          -66.86583        9.78269         1.112e-01 
   382.232          18.294     18.542     87.682            0.267         2151.316      0.449      0.000      0.000    0.00000    0.90819          -67.67749        9.60231         1.156e-01 
   383.232          18.048     18.543     87.682            0.264         2151.415      0.449      0.000      0.000    0.00000    0.89718          -68.47249        9.39772         1.202e-01 
   384.232          17.803     18.544     87.682            0.261         2151.510      0.449      0.000      0.000    0.00000    0.88577          -69.25113        9.16614         1.249e-01 
   385.232          17.560     18.545     87.682            0.257         2151.600      0.449      0.000      0.000    0.00000    0.87401          -70.01366        8.90461         1.297e-01 
   386.232          17.320     18.546     87.682            0.253         2151.686      0.449      0.000      0.000    0.00000    0.86194          -70.76027        8.60991         1.347e-01 
   387.232          17.082     18.546     87.682            0.250         2151.768      0.449      0.000      0.000    0.00000    0.84960          -71.49106        8.27857         1.398e-01 
   388.232          16.846     18.547     87.683            0.246         2151.845      0.449      0.000      0.000    0.00000    0.83706          -72.20609        7.90687         1.451e-01 
   389.232          16.613     18.548     87.683            0.242         2151.919      0.449      0.000      0.000    0.00000    0.82434          -72.90532        7.49079         1.505e-01 
   390.232          16.383     18.548     87.683            0.239         2151.988      0.449      0.000      0.000    0.00000    0.81150          -73.58868        7.02604         1.561e-01 
   391.232          16.155     18.549     87.683            0.235         2152.054      0.449      0.000      0.000    0.00000    0.79859          -74.25601        6.50800         1.617e-01 
   392.232          15.931     18.550     87.683            0.231         2152.116      0.449      0.000      0.000    0.00000    0.78564          -74.90709        5.93176         1.676e-01 
   393.232          15.709     18.550     87.683            0.227         2152.175      0.449      0.000      0.000    0.00000    0.77269          -75.54164        5.29208         1.735e-01 
   394.232          15.491     18.551     87.683            0.224         2152.230      0.449      0.000      0.000    0.00000    0.75978          -76.15932        4.58340         1.796e-01 
   395.232          15.275     18.551     87.683            0.220         2152.282      0.449      0.000      0.000    0.00000    0.74695          -76.75972        3.79985         1.857e-01 
   396.232          15.063     18.552     87.683            0.216         2152.331      0.449      0.000      0.000    0.00000    0.73422          -77.34241        2.93527         1.921e-01 
   397.232          14.853     18.552     87.683            0.212         2152.377      0.449      0.000      0.000    0.00000    0.72163          -77.90686        1.98322         1.985e-01 
   398.232          14.647     18.552     87.683            0.209         2152.420      0.449      0.000      0.000    0.00000    0.70920          -78.45254        0.93705         2.050e-01 
   399.232          14.444     18.553     87.683            0.205         2152.461      0.449      0.000      0.000    0.00000    0.69695          -78.97884      359.78984         2.117e-01 
   400.232          14.245     18.553     87.683            0.202         2152.499      0.449      0.000      0.000    0.00000    0.68491          -79.48515      358.53454         2.184e-01 
   401.232          14.048     18.553     87.683            0.198         2152.535      0.449      0.000      0.000    0.00000    0.67308          -79.97080      357.16404         2.253e-01 
   402.232          13.854     18.554     87.683            0.195         2152.569      0.449      0.000      0.000    0.00000    0.66149          -80.43510      355.67138         2.323e-01 
   403.232          13.664     18.554     87.683            0.192         2152.600      0.449      0.000      0.000    0.00000    0.65014          -80.87736      354.04995         2.393e-01 
   404.232          13.476     18.554     87.683            0.188         2152.630      0.449      0.000      0.000    0.00000    0.63905          -81.29686      352.29382         2.465e-01 
   405.232          13.291     18.554     87.683            0.185         2152.657      0.449      0.000      0.000    0.00000    0.62822          -81.69291      350.39810         2.538e-01 
   406.232          13.109     18.555     87.683            0.182         2152.683      0.449      0.000      0.000    0.00000    0.61765          -82.06484      348.35930         2.611e-01 
   407.232          12.930     18.555     87.683            0.179         2152.708      0.449      0.000      0.000    0.00000    0.60736          -82.41202      346.17589         2.686e-01 
   408.232          12.754     18.555     87.683            0.176         2152.731      0.449      0.000      0.000    0.00000    0.59733          -82.73391      343.84882         2.761e-01 
   409.232          12.581     18.555     87.683            0.173         2152.753      0.449      0.000      0.000    0.00000    0.58757          -83.03004      341.38199         2.838e-01 
   410.232          12.410     18.555     87.683            0.171         2152.773      0.449      0.000      0.000    0.00000    0.57809          -83.30012      338.78288         2.915e-01 
   411.232          12.242     18.556     87.683            0.168         2152.792      0.449      0.000      0.000    0.00000    0.56887          -83.54400      336.06270         2.993e-01 
   412.232          12.076     18.556     87.683            0.165         2152.811      0.449      0.000      0.000    0.00000    0.55991          -83.76176      333.23662         3.072e-01 
   413.232          11.913     18.556     87.682            0.163         2152.829      0.449      0.000      0.000    0.00000    0.55121          -83.95369      330.32381         3.152e-01 
   414.232          11.752     18.556     87.682            0.160         2152.845      0.449      0.000      0.000    0.00000    0.54276          -84.12035      327.34675         3.233e-01 
   415.232          11.594     18.556     87.682            0.158         2152.862      0.449      0.000      0.000    0.00000    0.53456          -84.26259      324.33063         3.315e-01 
   416.232          11.437     18.556     87.682            0.156         2152.877      0.449      0.000      0.000    0.00000    0.52660          -84.38150      321.30241         3.397e-01 
   417.232          11.284     18.556     87.682            0.154         2152.892      0.449      0.000      0.000    0.00000    0.51888          -84.47843      318.28938         3.481e-01 
   418.232          11.132     18.556     87.682            0.151         2152.907      0.449      0.000      0.000    0.00000    0.51139          -84.55496      315.31817         3.565e-01 
   419.232          10.982     18.557     87.682            0.149         2152.921      0.449      0.000      0.000    0.00000    0.50398          -84.61292      312.41408         3.648e-01 
   420.232          10.835     18.557     87.682            0.147         2152.935      0.449      0.000      0.000    0.00000    0.49593          -84.65502      309.60638         3.717e-01 
   421.232          10.689     18.557     87.682            0.145         2152.948      0.449      0.000      0.000    0.00000    0.48829          -84.68363      306.91503         3.786e-01 
   422.232          10.545     18.557     87.682            0.143         2152.962      0.449      0.000      0.000    0.00000    0.48102          -84.70068      304.35185         3.855e-01 
   423.232          10.403     18.557     87.682            0.142         2152.975      0.449      0.000      0.000    0.00000    0.47409          -84.70803      301.92470         3.924e-01 
   424.232          10.263     18.557     87.681            0.140         2152.988      0.449      0.000      0.000    0.00000    0.46747          -84.70746      299.63803         3.994e-01 
   425.232          10.124     18.557     87.681            0.138         2153.001      0.449      0.000      0.000    0.00000    0.46113          -84.70063      297.49315         4.063e-01 
   426.232           9.987     18.557     87.681            0.137         2153.013      0.449      0.000      0.000    0.00000    0.45506          -84.68904      295.48883         4.133e-01 
   427.232           9.852     18.557     87.681            0.135         2153.026      0.449      0.000      0.000    0.00000    0.44922          -84.67407      293.62189         4.203e-01 
   428.232           9.717     18.557     87.681            0.134         2153.039      0.449      0.000      0.000    0.00000    0.44362          -84.65692      291.88756         4.273e-01 
   429.232           9.585     18.557     87.681            0.133         2153.051      0.449      0.000      0.000    0.00000    0.43821          -84.63868      290.27999         4.343e-01 
   430.232           9.453     18.557     87.681            0.131         2153.063      0.449      0.000      0.000    0.00000    0.43300          -84.62025      288.79262         4.413e-01 
   431.232           9.323     18.557     87.681            0.130         2153.076      0.449      0.000      0.000    0.00000    0.42797          -84.60243      287.41848         4.483e-01 
   432.232           9.194     18.557     87.681            0.129         2153.088      0.449      0.000      0.000    0.00000    0.42310          -84.58586      286.15043         4.554e-01 
   433.232           9.066     18.557     87.680            0.128         2153.100      0.449      0.000      0.000    0.00000    0.41839          -84.57112      284.98138         4.625e-01 
   434.232           8.940     18.557     87.680            0.127         2153.112      0.449      0.000      0.000    0.00000    0.41383          -84.55866      283.90440         4.696e-01 
   435.232           8.814     18.557     87.680            0.125         2153.124      0.449      0.000      0.000    0.00000    0.40940          -84.54882      282.91281         4.767e-01 
   436.232           8.690     18.557     87.680            0.124         2153.136      0.449      0.000      0.000    0.00000    0.40510          -84.54191      282.00027         4.838e-01 
   437.232           8.567     18.557     87.680            0.123         2153.147      0.449      0.000      0.000    0.00000    0.40092          -84.53816      281.16078         4.910e-01 
   438.232           8.444     18.557     87.680            0.122         2153.159      0.449      0.000      0.000    0.00000    0.39686          -84.53771      280.38873         4.981e-01 
   439.232           8.323     18.557     87.680            0.121         2153.171      0.449      0.000      0.000    0.00000    0.39290          -84.54068      279.67886         5.053e-01 
   440.232           8.203     18.557     87.680            0.120         2153.182      0.449      0.000      0.000    0.00000    0.38904          -84.54715      279.02632         5.125e-01 
   441.232           8.084     18.557     87.680            0.119         2153.193      0.449      0.000      0.000    0.00000    0.38528          -84.55714      278.42658         5.197e-01 
   442.232           7.966     18.557     87.679            0.118         2153.205      0.449      0.000      0.000    0.00000    0.38162          -84.57066      277.87549         5.270e-01 
   443.232           7.848     18.557     87.679            0.117         2153.216      0.449      0.000      0.000    0.00000    0.37804          -84.58768      277.36920         5.343e-01 
   444.232           7.732     18.557     87.679            0.116         2153.227      0.449      0.000      0.000    0.00000    0.37455          -84.60815      276.90417         5.415e-01 
   445.232           7.616     18.557     87.679            0.116         2153.238      0.449      0.000      0.000    0.00000    0.37113          -84.63200      276.47714         5.488e-01 
   446.232           7.502     18.557     87.679            0.115         2153.248      0.449      0.000      0.000    0.00000    0.36780          -84.65916      276.08512         5.562e-01 
   447.232           7.388     18.557     87.679            0.114         2153.259      0.449      0.000      0.000    0.00000    0.36453          -84.68951      275.72535         5.635e-01 
   448.232           7.275     18.558     87.679            0.113         2153.269      0.449      0.000      0.000    0.00000    0.36134          -84.72296      275.39530         5.709e-01 
   449.232           7.163     18.558     87.679            0.112         2153.280      0.449      0.000      0.000    0.00000    0.35822          -84.75939      275.09263         5.783e-01 
   450.232           7.051     18.558     87.679            0.111         2153.290      0.449      0.000      0.000    0.00000    0.35516          -84.79867      274.81520         5.857e-01 
   451.232           6.941     18.558     87.679            0.111         2153.300      0.449      0.000      0.000    0.00000    0.35216          -84.84067      274.56104         5.931e-01 
   452.232           6.831     18.558     87.678            0.110         2153.310      0.449      0.000      0.000    0.00000    0.34922          -84.88527      274.32834         6.005e-01 
   453.232           6.722     18.558     87.678            0.109         2153.320      0.449      0.000      0.000    0.00000    0.34634          -84.93232      274.11541         6.080e-01 
   454.232           6.613     18.558     87.678            0.108         2153.329      0.449      0.000      0.000    0.00000    0.34352          -84.98168      273.92072         6.155e-01 
   455.232           6.506     18.558     87.678            0.108         2153.338      0.449      0.000      0.000    0.00000    0.34075          -85.03322      273.74283         6.230e-01 
   456.232           6.399     18.558     87.678            0.107         2153.348      0.449      0.000      0.000    0.00000    0.33804          -85.08679      273.58044         6.305e-01 
   457.232           6.293     18.558     87.678            0.106         2153.357      0.449      0.000      0.000    0.00000    0.33537          -85.14226      273.43232         6.380e-01 
   458.232           6.187     18.558     87.678            0.106         2153.366      0.449      0.000      0.000    0.00000    0.33276          -85.19947      273.29735         6.456e-01 
   459.232           6.082     18.558     87.678            0.105         2153.374      0.449      0.000      0.000    0.00000    0.33019          -85.25829      273.17447         6.532e-01 
   460.232           5.978     18.558     87.678            0.104         2153.383      0.449      0.000      0.000    0.00000    0.32767          -85.31858      273.06272         6.608e-01 
   461.232           5.875     18.558     87.678            0.104         2153.391      0.449      0.000      0.000    0.00000    0.32520          -85.38021      272.96119         6.684e-01 
   462.232           5.772     18.558     87.678            0.103         2153.400      0.449      0.000      0.000    0.00000    0.32276          -85.44303      272.86904         6.760e-01 
   463.232           5.670     18.558     87.678            0.102         2153.408      0.449      0.000      0.000    0.00000    0.32037          -85.50691      272.78548         6.837e-01 
   464.232           5.568     18.558     87.677            0.102         2153.416      0.449      0.000      0.000    0.00000    0.31802          -85.57172      272.70977         6.913e-01 
   465.232           5.467     18.558     87.677            0.101         2153.423      0.449      0.000      0.000    0.00000    0.31571          -85.63733      272.64121         6.990e-01 
   466.232           5.367     18.558     87.677            0.100         2153.431      0.449      0.000      0.000    0.00000    0.31344          -85.70361      272.57917         7.067e-01 
   467.232           5.267     18.558     87.677            0.100         2153.438      0.449      0.000      0.000    0.00000    0.31121          -85.77044      272.52301         7.145e-01 
   468.232           5.168     18.558     87.677            0.099         2153.446      0.449      0.000      0.000    0.00000    0.30901          -85.83769      272.47217         7.222e-01 
   469.232           5.069     18.558     87.677            0.099         2153.453      0.449      0.000      0.000    0.00000    0.30685          -85.90523      272.42607         7.300e-01 
   470.232           4.971     18.558     87.677            0.098         2153.460      0.449      0.000      0.000    0.00000    0.30473          -85.97297      272.38420         7.378e-01 
   471.232           4.873     18.558     87.677            0.097         2153.467      0.449      0.000      0.000    0.00000    0.30263          -86.04076      272.34605         7.456e-01 
   472.232           4.776     18.558     87.677            0.097         2153.473      0.449      0.000      0.000    0.00000    0.30058          -86.10853      272.31115         7.534e-01 
   473.232           4.680     18.558     87.677            0.096         2153.480      0.449      0.000      0.000    0.00000    0.29855          -86.17616      272.27904         7.612e-01 
   474.232           4.584     18.558     87.677            0.096         2153.486      0.449      0.000      0.000    0.00000    0.29655          -86.24359      272.24933         7.691e-01 
   475.232           4.489     18.558     87.677            0.095         2153.492      0.449      0.000      0.000    0.00000    0.29459          -86.31075      272.22161         7.770e-01 
   476.232           4.394     18.558     87.677            0.095         2153.498      0.449      0.000      0.000    0.00000    0.29265          -86.37757      272.19552         7.849e-01 
   477.232           4.299     18.558     87.677            0.094         2153.504      0.449      0.000      0.000    0.00000    0.29075          -86.44402      272.17071         7.928e-01 
   478.232           4.206     18.558     87.677            0.094         2153.510      0.449      0.000      0.000    0.00000    0.28887          -86.51005      272.14687         8.007e-01 
   479.232           4.112     18.558     87.676            0.093         2153.516      0.449      0.000      0.000    0.00000    0.28702          -86.57563      272.12368         8.087e-01 
   480.232           4.019     18.558     87.676            0.093         2153.521      0.449      0.000      0.000    0.00000    0.28520          -86.64074      272.10086         8.167e-01 
   481.232           3.927     18.558     87.676            0.092         2153.526      0.449      0.000      0.000    0.00000    0.28340          -86.70536      272.07813         8.247e-01 
   482.232           3.835     18.558     87.676            0.092         2153.532      0.449      0.000      0.000    0.00000    0.28163          -86.76949      272.05523         8.327e-01 
   483.232           3.744     18.558     87.676            0.091         2153.537      0.449      0.000      0.000    0.00000    0.27988          -86.83312      272.03190         8.407e-01 
   484.232           3.653     18.558     87.676            0.091         2153.542      0.449      0.000      0.000    0.00000    0.27816          -86.89624      272.00792         8.487e-01 
   485.232           3.562     18.558     87.676            0.090         2153.547      0.449      0.000      0.000    0.00000    0.27647          -86.95887      271.98304         8.568e-01 
   486.232           3.472     18.558     87.676            0.090         2153.551      0.449      0.000      0.000    0.00000    0.27479          -87.02101      271.95705         8.649e-01 
   487.232           3.383     18.558     87.676            0.090         2153.556      0.449      0.000      0.000    0.00000    0.27314          -87.08268      271.92973         8.730e-01 
   488.232           3.293     18.558     87.676            0.089         2153.560      0.449      0.000      0.000    0.00000    0.27152          -87.14390      271.90088         8.811e-01 
   489.232           3.205     18.558     87.676            0.089         2153.565      0.449      0.000      0.000    0.00000    0.26991          -87.20467      271.87027         8.892e-01 
   490.232           3.116     18.558     87.676            0.088         2153.569      0.449      0.000      0.000    0.00000    0.26833          -87.26503      271.83773         8.974e-01 
   491.232           3.029     18.558     87.676            0.088         2153.573      0.449      0.000      0.000    0.00000    0.26676          -87.32500      271.80303         9.056e-01 
   492.232           2.941     18.558     87.676            0.087         2153.577      0.449      0.000      0.000    0.00000    0.26522          -87.38460      271.76599         9.138e-01 
   493.232           2.854     18.558     87.676            0.087         2153.581      0.449      0.000      0.000    0.00000    0.26370          -87.44387      271.72638         9.220e-01 
   494.232           2.767     18.558     87.676            0.087         2153.585      0.449      0.000      0.000    0.00000    0.26220          -87.50284      271.68401         9.302e-01 
   495.232           2.681     18.558     87.676            0.086         2153.589      0.449      0.000      0.000    0.00000    0.26071          -87.56153      271.63866         9.384e-01 
   496.232           2.595     18.558     87.676            0.086         2153.592      0.449      0.000      0.000    0.00000    0.25925          -87.61997      271.59009         9.467e-01 
   497.232           2.510     18.558     87.676            0.085         2153.596      0.449      0.000      0.000    0.00000    0.25781          -87.67821      271.53808         9.550e-01 
   498.232           2.425     18.558     87.676            0.085         2153.599      0.449      0.000      0.000    0.00000    0.25638          -87.73628      271.48237         9.632e-01 
   499.232           2.340     18.558     87.676            0.085         2153.603      0.449      0.000      0.000    0.00000    0.25497          -87.79421      271.42270         9.716e-01 
   500.232           2.256     18.558     87.676            0.084         2153.606      0.449      0.000      0.000    0.00000    0.25358          -87.85204      271.35876         9.799e-01 
   501.232           2.172     18.558     87.676            0.084         2153.609      0.449      0.000      0.000    0.00000    0.25220          -87.90981      271.29024         9.882e-01 
   502.232           2.088     18.558     87.676            0.083         2153.612      0.449      0.000      0.000    0.00000    0.25085          -87.96754      271.21679         9.966e-01 
   503.232           2.005     18.558     87.676            0.083         2153.615      0.449      0.000      0.000    0.00000    0.24951          -88.02529      271.13801         1.005e+00 
   504.232           1.923     18.558     87.676            0.083         2153.618      0.449      0.000      0.000    0.00000    0.24818          -88.08308      271.05346         1.013e+00 
   505.232           1.840     18.558     87.676            0.082         2153.620      0.449      0.000      0.000    0.00000    0.24687          -88.14096      270.96264         1.022e+00 
   506.232           1.758     18.558     87.675            0.082         2153.623      0.449      0.000      0.000    0.00000    0.24558          -88.19897      270.86500         1.030e+00 
   507.232           1.676     18.558     87.675            0.082         2153.625      0.449      0.000      0.000    0.00000    0.24430          -88.25713      270.75989         1.039e+00 
   508.232           1.595     18.558     87.675            0.081         2153.628      0.449      0.000      0.000    0.00000    0.24304          -88.31549      270.64656         1.047e+00 
   509.232           1.514     18.558     87.675            0.081         2153.630      0.449      0.000      0.000    0.00000    0.24179          -88.37409      270.52415         1.056e+00 
   510.232           1.433     18.558     87.675            0.081         2153.632      0.449      0.000      0.000    0.00000    0.24056          -88.43295      270.39165         1.064e+00 
   511.232           1.353     18.558     87.675            0.080         2153.635      0.449      0.000      0.000    0.00000    0.23934          -88.49213      270.24789         1.073e+00 
   512.232           1.273     18.558     87.675            0.080         2153.637      0.449      0.000      0.000    0.00000    0.23813          -88.55166      270.09145         1.081e+00 
   513.232           1.193     18.558     87.675            0.080         2153.639      0.449      0.000      0.000    0.00000    0.23694          -88.61156      269.92066         1.090e+00 
   514.232           1.114     18.558     87.675            0.079         2153.641      0.449      0.000      0.000    0.00000    0.23576          -88.67189      269.73350         1.098e+00 
   515.232           1.035     18.558     87.675            0.079         2153.642      0.449      0.000      0.000    0.00000    0.23459          -88.73267      269.52752         1.107e+00 
   516.232           0.956     18.558     87.675            0.079         2153.644      0.449      0.000      0.000    0.00000    0.23344          -88.79393      269.29970         1.115e+00 
   517.232           0.878     18.558     87.675            0.078         2153.646      0.449      0.000      0.000    0.00000    0.23230          -88.85572      269.04631         1.124e+00 
   518.232           0.799     18.558     87.675            0.078         2153.647      0.449      0.000      0.000    0.00000    0.23118          -88.91806      268.76267         1.133e+00 
   519.232           0.722     18.558     87.675            0.078         2153.649      0.449      0.000      0.000    0.00000    0.23006          -88.98099      268.44282         1.141e+00 
   520.232           0.644     18.558     87.675            0.077         2153.650      0.449      0.000      0.000    0.00000    0.22896          -89.04453      268.07903         1.150e+00 
   521.232           0.567     18.558     87.675            0.077         2153.651      0.449      0.000      0.000    0.00000    0.22787          -89.10871      267.66121         1.159e+00 
   522.232           0.490     18.558     87.675            0.077         2153.652      0.449      0.000      0.000    0.00000    0.22679          -89.17356      267.17578         1.167e+00 
   523.232           0.414     18.558     87.675            0.076         2153.653      0.449      0.000      0.000    0.00000    0.22572          -89.23910      266.60417         1.176e+00 
   524.232           0.337     18.558     87.675            0.076         2153.654      0.449      0.000      0.000    0.00000    0.22466          -89.30533      265.92020         1.185e+00 
   525.232           0.261     18.558     87.675            0.076         2153.655      0.449      0.000      0.000    0.00000    0.22362          -89.37226      265.08591         1.193e+00 
   526.232           0.186     18.558     87.675            0.076         2153.656      0.449      0.000      0.000    0.00000    0.22258          -89.43988      264.04400         1.202e+00 
   527.232           0.110     18.558     87.675            0.075         2153.657      0.449      0.000      0.000    0.00000    0.22156          -89.50816      262.70397         1.211e+00 
   528.232           0.035     18.558     87.675            0.075         2153.657      0.449      0.000      0.000    0.00000    0.22055          -89.57699      260.91457         1.220e+00 
   529.232           0.000     18.558     87.675            0.075         2153.658      0.449      0.000      0.000    0.00000    0.21963          -89.64479      258.46363         1.225e+00 
