#_______________________________________________________________________________
#    ######   ####     ##             #####   #####     ##    #    #    ## 
#    #       #        #  #            #    #  #    #   #  #   ##  ##   #  #
#    #####    ####   ######           #    #  #####   ######  # ## #  ######
#    #            #  #    #           #    #  #    #  #    #  #    #  #    #
#____######__#####___#____#___________#####___#____#__#____#__#____#__#____#____
#
#              ESA Debris Risk Assessment and Mitigation Analysis
#
#                      ---- DRAMA ( SESAM 2.1.5 ) ----
#                                      ESA 2018
#
#                              aerothermal history file
#-------------------------------------------------------------------------------
# Filename      : PySara.CentCone.803466b8-4d34-45ca-a949-95be2cbeeca4_AeroThermalHistory.txt
# RunID         : PySara
# ObjectID      : 803466b8-4d34-45ca-a949-95be2cbeeca4
# ObjectName    : CentCone
# ReferenceArea : 1.04231 [m^2]
# Content       : This file contains the aerothermal data of the object,
#                 computed by the DRAMA 3 Re-entry Analysis.
# Documentation : DRAMA Software User Manual, section OPERATIONS MANUAL / Normal operation / SARA / SARA Simulation Output / Re-entry simulation output
# Note          : The convective heat and the integrated heat values in this file take into account the visibility factor
#
#-------------------------------------------------------------------------------------------------------------------------------------------------------------------
#  Time [s]  Altitude [km]   Temp [K]   Mass [kg]   Thick [mm]  Convective Heat [W]  Radiative Heat [W]  Oxidation Heat [W]  Integrated Heat [J] VisibilityFactor [-]
#-------------------------------------------------------------------------------------------------------------------------------------------------------------------
  2053.100          92.260    300.000      51.103       6.842           209384.011               0.000               0.000                0.000   1.00000 
  2053.200          92.253    317.910      51.103       6.842           209479.445               0.000               0.000            20947.945   1.00000 
  2053.650          92.224    370.640      51.103       6.842           209923.091               0.000               0.000           115413.335   1.00000 
  2054.650          92.159    448.576      51.103       6.842           210943.571               0.000               0.000           326356.907   1.00000 
  2055.650          92.094    498.730      51.103       6.842           212044.876               0.000               0.000           538401.782   1.00000 
  2056.650          92.030    536.997      51.103       6.842           213151.932               0.000               0.000           751553.715   1.00000 
  2057.650          91.964    567.835      51.103       6.842           214264.817               0.000               0.000           965818.532   1.00000 
  2058.650          91.899    592.201      51.102       6.842           215383.604               0.000               0.000          1181202.136   1.00000 
  2059.650          91.834    608.165      51.101       6.842           216508.368               0.000               0.000          1397710.504   1.00000 
  2060.650          91.768    614.444      51.098       6.841           217639.184               0.000               0.000          1615349.688   1.00000 
  2061.650          91.702    616.594      51.095       6.841           218776.127               0.000               0.000          1834125.815   1.00000 
  2062.650          91.636    618.943      51.091       6.841           219919.276               0.000               0.000          2054045.091   1.00000 
  2063.650          91.570    620.869      51.087       6.840           221068.712               0.000               0.000          2275113.803   1.00000 
  2064.650          91.504    622.335      51.083       6.839           222224.512               0.000               0.000          2497338.315   1.00000 
  2065.650          91.438    623.638      51.078       6.839           223386.761               0.000               0.000          2720725.075   1.00000 
  2066.650          91.371    624.779      51.073       6.838           224555.543               0.000               0.000          2945280.618   1.00000 
  2067.650          91.304    625.791      51.068       6.837           225730.942               0.000               0.000          3171011.560   1.00000 
  2068.650          91.237    626.714      51.062       6.837           226913.047               0.000               0.000          3397924.607   1.00000 
  2069.650          91.170    627.561      51.057       6.836           228101.943               0.000               0.000          3626026.550   1.00000 
  2070.650          91.103    628.348      51.051       6.835           229297.723               0.000               0.000          3855324.273   1.00000 
  2071.650          91.035    629.087      51.045       6.834           230500.474               0.000               0.000          4085824.747   1.00000 
  2072.650          90.967    629.784      51.039       6.833           231710.291               0.000               0.000          4317535.038   1.00000 
  2073.650          90.899    630.449      51.032       6.833           232927.267               0.000               0.000          4550462.305   1.00000 
  2074.650          90.831    631.085      51.026       6.832           234151.499               0.000               0.000          4784613.804   1.00000 
  2075.650          90.762    631.697      51.019       6.831           235383.081               0.000               0.000          5019996.886   1.00000 
  2076.650          90.694    632.289      51.012       6.830           236622.113               0.000               0.000          5256618.999   1.00000 
  2077.650          90.625    632.864      51.005       6.829           237868.691               0.000               0.000          5494487.690   1.00000 
  2078.650          90.556    633.425      50.998       6.828           239122.922               0.000               0.000          5733610.611   1.00000 
  2079.650          90.486    633.973      50.991       6.827           240384.905               0.000               0.000          5973995.517   1.00000 
  2080.650          90.417    634.510      50.983       6.826           241654.745               0.000               0.000          6215650.261   1.00000 
  2081.650          90.347    635.039      50.976       6.825           242932.547               0.000               0.000          6458582.808   1.00000 
  2082.650          90.277    635.561      50.968       6.824           244218.417               0.000               0.000          6702801.225   1.00000 
  2083.650          90.207    636.076      50.960       6.823           245512.469               0.000               0.000          6948313.694   1.00000 
  2084.650          90.136    636.586      50.952       6.822           246814.807               0.000               0.000          7195128.501   1.00000 
  2085.650          90.065    637.092      50.944       6.821           248125.548               0.000               0.000          7443254.049   1.00000 
  2086.650          89.994    637.594      50.936       6.819           249444.804               0.000               0.000          7692698.852   1.00000 
  2087.650          89.923    638.094      50.928       6.818           250772.688               0.000               0.000          7943471.541   1.00000 
  2088.650          89.851    638.592      50.919       6.817           252109.329               0.000               0.000          8195580.870   1.00000 
  2089.650          89.779    639.089      50.910       6.816           253454.844               0.000               0.000          8449035.714   1.00000 
  2090.650          89.707    639.585      50.902       6.815           254809.367               0.000               0.000          8703845.081   1.00000 
  2091.650          89.634    640.080      50.893       6.814           256173.025               0.000               0.000          8960018.106   1.00000 
  2092.650          89.561    640.576      50.884       6.812           257545.948               0.000               0.000          9217564.054   1.00000 
  2093.650          89.488    641.073      50.875       6.811           258928.273               0.000               0.000          9476492.326   1.00000 
  2094.650          89.415    641.571      50.865       6.810           260320.131               0.000               0.000          9736812.457   1.00000 
  2095.650          89.341    642.071      50.856       6.809           261721.657               0.000               0.000          9998534.115   1.00000 
  2096.650          89.267    642.572      50.846       6.807           263132.996               0.000               0.000         10261667.111   1.00000 
  2097.650          89.193    643.076      50.837       6.806           264554.287               0.000               0.000         10526221.397   1.00000 
  2098.650          89.118    643.583      50.827       6.805           265985.672               0.000               0.000         10792207.070   1.00000 
  2099.650          89.043    644.092      50.817       6.803           267427.300               0.000               0.000         11059634.369   1.00000 
  2100.650          88.967    644.605      50.807       6.802           268879.315               0.000               0.000         11328513.684   1.00000 
  2101.650          88.892    645.121      50.797       6.801           270341.868               0.000               0.000         11598855.552   1.00000 
  2102.650          88.815    645.641      50.787       6.799           271815.112               0.000               0.000         11870670.664   1.00000 
  2103.650          88.739    646.165      50.777       6.798           273299.199               0.000               0.000         12143969.863   1.00000 
  2104.650          88.662    646.693      50.766       6.796           274794.289               0.000               0.000         12418764.152   1.00000 
  2105.650          88.585    647.227      50.756       6.795           276300.536               0.000               0.000         12695064.688   1.00000 
  2106.650          88.508    647.765      50.745       6.794           277818.107               0.000               0.000         12972882.795   1.00000 
  2107.650          88.430    648.308      50.734       6.792           279347.157               0.000               0.000         13252229.952   1.00000 
  2108.650          88.351    648.857      50.723       6.791           280887.862               0.000               0.000         13533117.814   1.00000 
  2109.650          88.273    649.411      50.712       6.789           282440.381               0.000               0.000         13815558.195   1.00000 
  2110.650          88.193    649.971      50.701       6.788           284004.888               0.000               0.000         14099563.084   1.00000 
  2111.650          88.114    650.538      50.690       6.786           285581.557               0.000               0.000         14385144.640   1.00000 
  2112.650          88.034    651.111      50.678       6.785           287170.559               0.000               0.000         14672315.199   1.00000 
  2113.650          87.954    651.690      50.667       6.783           288772.076               0.000               0.000         14961087.276   1.00000 
  2114.650          87.873    652.277      50.655       6.781           290386.285               0.000               0.000         15251473.561   1.00000 
  2115.650          87.792    652.870      50.643       6.780           292013.370               0.000               0.000         15543486.931   1.00000 
  2116.650          87.710    653.471      50.631       6.778           293653.511               0.000               0.000         15837140.441   1.00000 
  2117.650          87.628    654.079      50.619       6.777           295306.902               0.000               0.000         16132447.344   1.00000 
  2118.650          87.546    654.696      50.607       6.775           296973.729               0.000               0.000         16429421.073   1.00000 
  2119.650          87.463    655.320      50.595       6.773           298654.182               0.000               0.000         16728075.255   1.00000 
  2120.650          87.379    655.953      50.583       6.772           300348.460               0.000               0.000         17028423.715   1.00000 
  2121.650          87.295    656.595      50.570       6.770           302056.757               0.000               0.000         17330480.471   1.00000 
  2122.650          87.211    657.245      50.557       6.768           303779.272               0.000               0.000         17634259.744   1.00000 
  2123.650          87.126    657.904      50.545       6.766           305516.209               0.000               0.000         17939775.952   1.00000 
  2124.650          87.041    658.573      50.532       6.765           307267.759               0.000               0.000         18247043.712   1.00000 
  2125.650          86.955    659.251      50.519       6.763           309034.081               0.000               0.000         18556077.793   1.00000 
  2126.650          86.869    659.939      50.506       6.761           310815.322               0.000               0.000         18866893.115   1.00000 
  2127.650          86.782    660.636      50.492       6.759           312611.627               0.000               0.000         19179504.742   1.00000 
  2128.650          86.695    661.344      50.479       6.757           314423.141               0.000               0.000         19493927.883   1.00000 
  2129.650          86.607    662.063      50.466       6.756           316250.004               0.000               0.000         19810177.887   1.00000 
  2130.650          86.518    662.792      50.452       6.754           318092.355               0.000               0.000         20128270.242   1.00000 
  2131.650          86.429    663.537      50.438       6.752           319950.331               0.000               0.000         20448220.573   1.00000 
  2132.650          86.340    664.355      50.424       6.750           321824.067               0.000               0.000         20770044.640   1.00000 
  2133.650          86.250    665.084      50.410       6.748           323713.693               0.000               0.000         21093758.334   1.00000 
  2134.650          86.159    665.842      50.396       6.746           325619.336               0.000               0.000         21419377.669   1.00000 
  2135.650          86.068    666.641      50.382       6.744           327541.116               0.000               0.000         21746918.785   1.00000 
  2136.650          85.976    667.440      50.367       6.742           329479.155               0.000               0.000         22076397.940   1.00000 
  2137.650          85.884    668.243      50.353       6.740           331433.566               0.000               0.000         22407831.505   1.00000 
  2138.650          85.791    669.064      50.338       6.738           333404.456               0.000               0.000         22741235.961   1.00000 
  2139.650          85.697    669.898      50.323       6.736           335391.930               0.000               0.000         23076627.892   1.00000 
  2140.650          85.603    670.742      50.308       6.734           337396.085               0.000               0.000         23414023.977   1.00000 
  2141.650          85.508    671.597      50.293       6.732           339417.009               0.000               0.000         23753440.986   1.00000 
  2142.650          85.413    672.465      50.278       6.730           341454.789               0.000               0.000         24094895.775   1.00000 
  2143.650          85.317    673.344      50.263       6.728           343509.498               0.000               0.000         24438405.273   1.00000 
  2144.650          85.220    674.235      50.247       6.726           345581.205               0.000               0.000         24783986.478   1.00000 
  2145.650          85.122    675.138      50.232       6.724           347669.969               0.000               0.000         25131656.447   1.00000 
  2146.650          85.024    676.052      50.216       6.722           349775.838               0.000               0.000         25481432.285   1.00000 
  2147.278          84.962    676.593      50.206       6.720           351205.302               0.000               0.000         25701875.161   1.00000 
  2148.278          84.863    676.625      50.190       6.718           346027.422               0.000               0.000         26047902.583   1.00000 
  2149.278          84.763    676.411      50.174       6.716           348189.469               0.000               0.000         26396092.052   1.00000 
  2150.278          84.663    678.009      50.158       6.714           350363.969               0.000               0.000         26746456.021   1.00000 
  2151.278          84.562    679.573      50.142       6.712           352558.872               0.000               0.000         27099014.893   1.00000 
  2152.278          84.460    680.396      50.126       6.710           354774.421               0.000               0.000         27453789.314   1.00000 
  2153.278          84.357    681.105      50.110       6.707           357010.855               0.000               0.000         27810800.169   1.00000 
  2154.278          84.253    682.092      50.093       6.705           359268.421               0.000               0.000         28170068.590   1.00000 
  2155.278          84.149    683.192      50.077       6.703           361547.358               0.000               0.000         28531615.947   1.00000 
  2156.278          84.044    684.214      50.060       6.701           363847.908               0.000               0.000         28895463.855   1.00000 
  2157.278          83.938    685.175      50.043       6.698           366170.311               0.000               0.000         29261634.166   1.00000 
  2158.278          83.832    686.164      50.026       6.696           368514.805               0.000               0.000         29630148.971   1.00000 
  2159.278          83.724    687.196      50.009       6.694           370881.628               0.000               0.000         30001030.599   1.00000 
  2160.278          83.616    688.243      49.991       6.691           373271.011               0.000               0.000         30374301.610   1.00000 
  2161.278          83.507    689.285      49.974       6.689           375683.187               0.000               0.000         30749984.797   1.00000 
  2162.278          83.397    690.330      49.956       6.687           378118.384               0.000               0.000         31128103.181   1.00000 
  2163.278          83.287    691.390      49.938       6.684           380576.827               0.000               0.000         31508680.009   1.00000 
  2164.278          83.175    692.467      49.920       6.682           383058.732               0.000               0.000         31891738.741   1.00000 
  2165.278          83.063    693.557      49.902       6.679           385564.322               0.000               0.000         32277303.063   1.00000 
  2166.278          82.950    694.660      49.884       6.677           388093.798               0.000               0.000         32665396.861   1.00000 
  2167.278          82.836    695.775      49.865       6.674           390647.372               0.000               0.000         33056044.233   1.00000 
  2168.278          82.721    696.908      49.846       6.672           393225.243               0.000               0.000         33449269.477   1.00000 
  2169.278          82.605    698.059      49.827       6.669           395827.598               0.000               0.000         33845097.075   1.00000 
  2170.278          82.488    699.230      49.808       6.666           398454.623               0.000               0.000         34243551.698   1.00000 
  2171.278          82.370    700.422      49.789       6.664           401106.492               0.000               0.000         34644658.190   1.00000 
  2172.278          82.252    701.636      49.769       6.661           403783.376               0.000               0.000         35048441.566   1.00000 
  2173.278          82.132    702.875      49.750       6.659           406485.427               0.000               0.000         35454926.993   1.00000 
  2174.278          82.011    704.140      49.730       6.656           409212.791               0.000               0.000         35864139.784   1.00000 
  2175.278          81.890    705.433      49.710       6.653           411965.603               0.000               0.000         36276105.387   1.00000 
  2176.278          81.767    706.756      49.690       6.650           414743.986               0.000               0.000         36690849.373   1.00000 
  2177.278          81.644    708.111      49.669       6.648           417548.045               0.000               0.000         37108397.418   1.00000 
  2178.278          81.519    709.505      49.649       6.645           420377.874               0.000               0.000         37528775.292   1.00000 
  2179.278          81.393    710.943      49.628       6.642           423233.550               0.000               0.000         37952008.841   1.00000 
  2180.278          81.267    712.416      49.607       6.639           426115.131               0.000               0.000         38378123.972   1.00000 
  2181.278          81.139    713.920      49.586       6.636           429022.663               0.000               0.000         38807146.635   1.00000 
  2182.278          81.010    715.457      49.565       6.633           431956.162               0.000               0.000         39239102.797   1.00000 
  2183.278          80.880    717.033      49.543       6.631           434915.632               0.000               0.000         39674018.429   1.00000 
  2184.278          80.749    718.648      49.522       6.628           437901.052               0.000               0.000         40111919.481   1.00000 
  2185.278          80.617    720.289      49.500       6.625           440912.374               0.000               0.000         40552831.855   1.00000 
  2186.278          80.484    721.957      49.478       6.622           443949.528               0.000               0.000         40996781.383   1.00000 
  2187.278          80.350    723.661      49.456       6.619           447012.411               0.000               0.000         41443793.794   1.00000 
  2188.278          80.214    725.401      49.433       6.616           450100.897               0.000               0.000         41893894.691   1.00000 
  2189.278          80.077    727.172      49.411       6.613           453214.824               0.000               0.000         42347109.514   1.00000 
  2190.278          79.940    728.965      49.388       6.609           456353.996               0.000               0.000         42803463.511   1.00000 
  2191.278          79.800    730.776      49.365       6.606           459518.016               0.000               0.000         43262981.527   1.00000 
  2192.278          79.660    732.600      49.342       6.603           462706.153               0.000               0.000         43725687.680   1.00000 
  2193.278          79.519    734.434      49.318       6.600           465917.574               0.000               0.000         44191605.254   1.00000 
  2194.278          79.376    736.276      49.295       6.597           469151.355               0.000               0.000         44660756.609   1.00000 
  2195.278          79.232    738.124      49.271       6.594           472406.483               0.000               0.000         45133163.091   1.00000 
  2196.278          79.086    739.978      49.247       6.590           475681.846               0.000               0.000         45608844.938   1.00000 
  2197.278          78.940    741.839      49.223       6.587           478976.231               0.000               0.000         46087821.169   1.00000 
  2198.278          78.792    743.712      49.198       6.584           482288.312               0.000               0.000         46570109.481   1.00000 
  2199.278          78.642    745.611      49.174       6.580           485616.651               0.000               0.000         47055726.132   1.00000 
  2200.278          78.492    747.535      49.149       6.577           488959.686               0.000               0.000         47544685.818   1.00000 
  2201.278          78.339    749.482      49.124       6.574           492315.726               0.000               0.000         48037001.544   1.00000 
  2202.278          78.186    751.461      49.098       6.570           495682.940               0.000               0.000         48532684.483   1.00000 
  2203.278          78.031    753.486      49.073       6.567           499059.361               0.000               0.000         49031743.844   1.00000 
  2204.278          77.875    755.569      49.047       6.563           502442.865               0.000               0.000         49534186.709   1.00000 
  2205.278          77.717    757.716      49.021       6.560           505831.170               0.000               0.000         50040017.880   1.00000 
  2206.278          77.558    759.948      48.995       6.556           509221.827               0.000               0.000         50549239.706   1.00000 
  2207.278          77.397    762.276      48.968       6.553           512612.214               0.000               0.000         51061851.920   1.00000 
  2208.278          77.235    764.695      48.942       6.549           515999.520               0.000               0.000         51577851.440   1.00000 
  2209.278          77.071    767.197      48.915       6.545           519380.746               0.000               0.000         52097232.187   1.00000 
  2210.278          76.906    769.768      48.888       6.542           522752.685               0.000               0.000         52619984.871   1.00000 
  2211.278          76.739    772.396      48.861       6.538           526111.920               0.000               0.000         53146096.791   1.00000 
  2212.278          76.571    775.068      48.834       6.534           529454.813               0.000               0.000         53675551.604   1.00000 
  2213.278          76.401    777.770      48.806       6.531           532777.494               0.000               0.000         54208329.098   1.00000 
  2214.278          76.229    780.488      48.779       6.527           536075.850               0.000               0.000         54744404.948   1.00000 
  2215.278          76.056    783.203      48.751       6.523           539345.520               0.000               0.000         55283750.469   1.00000 
  2216.278          75.881    785.896      48.723       6.519           542581.877               0.000               0.000         55826332.346   1.00000 
  2217.278          75.704    788.548      48.694       6.515           545780.019               0.000               0.000         56372112.365   1.00000 
  2218.278          75.526    791.118      48.666       6.512           548934.779               0.000               0.000         56921047.144   1.00000 
  2219.278          75.346    793.536      48.637       6.508           552040.673               0.000               0.000         57473087.817   1.00000 
  2220.278          75.164    795.929      48.608       6.504           555091.941               0.000               0.000         58028179.758   1.00000 
  2221.278          74.981    798.293      48.579       6.500           558082.495               0.000               0.000         58586262.253   1.00000 
  2222.278          74.796    800.662      48.550       6.496           561006.042               0.000               0.000         59147268.295   1.00000 
  2223.278          74.608    803.068      48.520       6.492           563856.411               0.000               0.000         59711124.706   1.00000 
  2224.278          74.420    805.561      48.490       6.488           566627.274               0.000               0.000         60277751.980   1.00000 
  2225.278          74.229    808.178      48.460       6.484           569312.027               0.000               0.000         60847064.007   1.00000 
  2226.278          74.036    810.939      48.430       6.480           571903.786               0.000               0.000         61418967.793   1.00000 
  2227.278          73.842    813.849      48.399       6.475           574395.397               0.000               0.000         61993363.190   1.00000 
  2228.278          73.645    816.902      48.369       6.471           576779.424               0.000               0.000         62570142.614   1.00000 
  2229.278          73.447    820.078      48.338       6.467           579048.164               0.000               0.000         63149190.778   1.00000 
  2230.278          73.247    823.350      48.308       6.463           581193.633               0.000               0.000         63730384.411   1.00000 
  2231.278          73.044    826.688      48.277       6.459           583207.587               0.000               0.000         64313591.998   1.00000 
  2232.278          72.840    830.053      48.246       6.455           585081.518               0.000               0.000         64898673.516   1.00000 
  2233.278          72.634    833.404      48.215       6.451           586806.659               0.000               0.000         65485480.174   1.00000 
  2233.811          72.523    835.446      48.199       6.448           587752.751               0.000               0.000         65798744.326   1.00000 
  2234.811          72.314    838.296      48.168       6.444           587710.404               0.000               0.000         66386454.731   1.00000 
  2235.811          72.102    840.959      48.137       6.440           589052.806               0.000               0.000         66975507.537   1.00000 
  2236.811          71.889    843.756      48.105       6.436           590217.344               0.000               0.000         67565724.881   1.00000 
  2237.811          71.673    846.427      48.074       6.431           591192.131               0.000               0.000         68156917.012   1.00000 
  2238.811          71.455    848.947      48.042       6.427           591967.927               0.000               0.000         68748884.939   1.00000 
  2239.811          71.235    851.302      48.010       6.423           592535.415               0.000               0.000         69341420.353   1.00000 
  2240.811          71.013    853.506      47.978       6.418           592885.220               0.000               0.000         69934305.574   1.00000 
  2241.811          70.789    855.620      47.946       6.414           593007.946               0.000               0.000         70527313.520   1.00000 
  2242.811          70.563    857.712      47.914       6.410           592894.211               0.000               0.000         71120207.731   1.00000 
  2243.811          70.334    859.850      47.881       6.405           592534.743               0.000               0.000         71712742.474   1.00000 
  2244.811          70.103    862.092      47.849       6.401           591920.407               0.000               0.000         72304662.881   1.00000 
  2245.811          69.870    864.475      47.816       6.396           591042.138               0.000               0.000         72895705.019   1.00000 
  2246.811          69.635    867.009      47.784       6.392           589890.780               0.000               0.000         73485595.799   1.00000 
  2247.811          69.398    869.678      47.751       6.388           588457.052               0.000               0.000         74074052.850   1.00000 
  2248.811          69.158    872.440      47.719       6.383           586731.929               0.000               0.000         74660784.779   1.00000 
  2249.811          68.916    875.235      47.687       6.379           584706.701               0.000               0.000         75245491.481   1.00000 
  2250.811          68.672    877.993      47.655       6.375           582373.049               0.000               0.000         75827864.530   1.00000 
  2251.811          68.425    880.642      47.623       6.370           579723.097               0.000               0.000         76407587.627   1.00000 
  2252.811          68.176    883.111      47.591       6.366           576749.473               0.000               0.000         76984337.099   1.00000 
  2253.811          67.925    885.339      47.559       6.362           573445.390               0.000               0.000         77557782.489   1.00000 
  2254.811          67.671    887.279      47.527       6.357           569804.700               0.000               0.000         78127587.189   1.00000 
  2255.811          67.416    888.887      47.496       6.353           565821.967               0.000               0.000         78693409.156   1.00000 
  2256.811          67.157    890.139      47.464       6.349           561492.539               0.000               0.000         79254901.695   1.00000 
  2257.811          66.897    891.044      47.432       6.344           556812.624               0.000               0.000         79811714.319   1.00000 
  2258.811          66.634    891.635      47.400       6.340           551779.353               0.000               0.000         80363493.672   1.00000 
  2259.811          66.369    891.947      47.368       6.336           546390.859               0.000               0.000         80909884.531   1.00000 
  2260.811          66.102    892.065      47.336       6.331           540646.345               0.000               0.000         81450530.877   1.00000 
  2261.811          65.832    892.057      47.304       6.327           534546.158               0.000               0.000         81985077.034   1.00000 
  2262.811          65.560    891.978      47.273       6.323           528091.841               0.000               0.000         82513168.876   1.00000 
  2263.811          65.286    891.865      47.241       6.319           521286.204               0.000               0.000         83034455.080   1.00000 
  2264.811          65.010    891.736      47.210       6.314           514133.361               0.000               0.000         83548588.441   1.00000 
  2265.811          64.731    891.589      47.178       6.310           506638.917               0.000               0.000         84055227.359   1.00000 
  2266.811          64.450    891.407      47.147       6.306           498810.796               0.000               0.000         84554038.154   1.00000 
  2267.811          64.167    891.155      47.117       6.302           490658.690               0.000               0.000         85044696.845   1.00000 
  2268.811          63.882    890.795      47.086       6.298           482193.688               0.000               0.000         85526890.532   1.00000 
  2269.811          63.595    890.281      47.056       6.294           473428.247               0.000               0.000         86000318.779   1.00000 
  2270.811          63.305    889.573      47.027       6.290           464376.164               0.000               0.000         86464694.943   1.00000 
  2271.811          63.013    888.632      46.997       6.286           455052.846               0.000               0.000         86919747.790   1.00000 
  2272.811          62.720    887.430      46.968       6.282           445475.481               0.000               0.000         87365223.271   1.00000 
  2273.811          62.424    885.946      46.939       6.278           435660.062               0.000               0.000         87800883.332   1.00000 
  2274.811          62.126    884.167      46.911       6.274           425617.459               0.000               0.000         88226500.791   1.00000 
  2275.811          61.826    882.091      46.883       6.270           415377.928               0.000               0.000         88641878.720   1.00000 
  2276.811          61.525    879.725      46.855       6.266           404961.940               0.000               0.000         89046840.659   1.00000 
  2277.811          61.221    877.079      46.827       6.263           394390.756               0.000               0.000         89441231.415   1.00000 
  2278.811          60.916    874.171      46.800       6.259           383686.297               0.000               0.000         89824917.712   1.00000 
  2279.811          60.608    871.018      46.773       6.255           372871.024               0.000               0.000         90197788.736   1.00000 
  2280.811          60.300    867.641      46.746       6.252           361967.809               0.000               0.000         90559756.545   1.00000 
  2281.811          59.989    864.059      46.720       6.248           350999.789               0.000               0.000         90910756.333   1.00000 
  2282.811          59.677    860.291      46.694       6.244           339990.385               0.000               0.000         91250746.718   1.00000 
  2283.811          59.363    856.373      46.668       6.241           328963.748               0.000               0.000         91579710.466   1.00000 
  2284.811          59.047    852.316      46.643       6.238           317944.060               0.000               0.000         91897654.526   1.00000 
  2285.811          58.730    848.090      46.618       6.234           306955.100               0.000               0.000         92204609.626   1.00000 
  2286.811          58.412    843.723      46.594       6.231           296020.117               0.000               0.000         92500629.743   1.00000 
  2287.811          58.092    839.224      46.569       6.228           285161.675               0.000               0.000         92785791.418   1.00000 
  2288.811          57.772    834.599      46.546       6.224           274401.533               0.000               0.000         93060192.951   1.00000 
  2289.811          57.449    829.853      46.523       6.221           263760.517               0.000               0.000         93323953.467   1.00000 
  2290.811          57.126    824.991      46.500       6.218           253258.406               0.000               0.000         93577211.873   1.00000 
  2291.811          56.802    820.017      46.478       6.215           242913.841               0.000               0.000         93820125.715   1.00000 
  2292.811          56.476    814.936      46.456       6.212           232744.237               0.000               0.000         94052869.952   1.00000 
  2293.811          56.150    809.754      46.435       6.209           222766.961               0.000               0.000         94275636.913   1.00000 
  2294.811          55.822    804.479      46.414       6.207           213001.228               0.000               0.000         94488638.141   1.00000 
  2295.811          55.494    799.119      46.394       6.204           203459.935               0.000               0.000         94692098.076   1.00000 
  2296.811          55.165    793.691      46.374       6.201           194154.312               0.000               0.000         94886252.389   1.00000 
  2297.811          54.836    788.198      46.355       6.199           185094.090               0.000               0.000         95071346.478   1.00000 
  2298.811          54.506    782.644      46.336       6.196           176285.525               0.000               0.000         95247632.003   1.00000 
  2299.811          54.175    777.035      46.318       6.194           167731.089               0.000               0.000         95415363.092   1.00000 
  2300.811          53.844    771.377      46.300       6.191           159432.538               0.000               0.000         95574795.631   1.00000 
  2301.811          53.513    765.676      46.282       6.189           151391.161               0.000               0.000         95726186.792   1.00000 
  2302.811          53.181    759.936      46.266       6.186           143607.768               0.000               0.000         95869794.560   1.00000 
  2303.811          52.849    754.166      46.249       6.184           136082.708               0.000               0.000         96005877.267   1.00000 
  2304.811          52.517    748.371      46.234       6.182           128815.859               0.000               0.000         96134693.127   1.00000 
  2305.811          52.184    742.557      46.218       6.180           121806.651               0.000               0.000         96256499.777   1.00000 
  2306.811          51.852    736.731      46.203       6.178           115054.052               0.000               0.000         96371553.829   1.00000 
  2307.811          51.520    730.896      46.189       6.176           108556.591               0.000               0.000         96480110.420   1.00000 
  2308.811          51.188    725.059      46.175       6.174           102312.357               0.000               0.000         96582422.778   1.00000 
  2309.811          50.856    719.237      46.162       6.172            96319.013               0.000               0.000         96678741.790   1.00000 
  2310.811          50.525    713.499      46.149       6.171            90573.805               0.000               0.000         96769315.595   1.00000 
  2311.811          50.193    707.946      46.136       6.169            85073.574               0.000               0.000         96854389.169   1.00000 
  2312.811          49.863    702.469      46.124       6.167            79814.777               0.000               0.000         96934203.946   1.00000 
  2313.811          49.532    696.955      46.112       6.166            74794.163               0.000               0.000         97008998.109   1.00000 
  2314.811          49.202    691.405      46.101       6.164            70009.068               0.000               0.000         97079007.177   1.00000 
  2315.811          48.873    685.848      46.091       6.163            65456.205               0.000               0.000         97144463.382   1.00000 
  2316.811          48.545    680.303      46.080       6.161            61131.598               0.000               0.000         97205594.980   1.00000 
  2317.811          48.217    674.784      46.070       6.160            57030.639               0.000               0.000         97262625.619   1.00000 
  2318.811          47.890    669.303      46.061       6.159            53148.153               0.000               0.000         97315773.773   1.00000 
  2319.811          47.564    663.881      46.052       6.158            49478.462               0.000               0.000         97365252.235   1.00000 
  2320.811          47.239    658.516      46.043       6.156            46015.241               0.000               0.000         97411267.476   1.00000 
  2321.811          46.915    653.208      46.034       6.155            42750.924               0.000               0.000         97454018.400   1.00000 
  2322.811          46.592    647.968      46.026       6.154            39678.803               0.000               0.000         97493697.203   1.00000 
  2323.811          46.270    642.802      46.019       6.153            36792.138               0.000               0.000         97530489.341   1.00000 
  2324.811          45.949    637.717      46.012       6.152            34083.934               0.000               0.000         97564573.276   1.00000 
  2325.811          45.629    632.717      46.005       6.151            31547.017               0.000               0.000         97596120.293   1.00000 
  2326.811          45.310    627.806      45.998       6.150            29174.082               0.000               0.000         97625294.375   1.00000 
  2327.811          44.993    622.988      45.992       6.149            26957.749               0.000               0.000         97652252.124   1.00000 
  2328.811          44.677    618.266      45.986       6.149            24890.603               0.000               0.000         97677142.726   1.00000 
  2329.811          44.362    613.643      45.980       6.148            22965.193               0.000               0.000         97700107.919   1.00000 
  2330.811          44.048    609.120      45.975       6.147            21174.120               0.000               0.000         97721282.039   1.00000 
  2331.811          43.736    604.699      45.969       6.146            19510.098               0.000               0.000         97740792.137   1.00000 
  2332.811          43.426    600.382      45.965       6.146            17965.984               0.000               0.000         97758758.122   1.00000 
  2333.811          43.116    596.171      45.960       6.145            16534.811               0.000               0.000         97775292.933   1.00000 
  2334.811          42.809    592.067      45.956       6.145            15209.807               0.000               0.000         97790502.739   1.00000 
  2335.811          42.502    588.068      45.951       6.144            13984.424               0.000               0.000         97804487.163   1.00000 
  2336.811          42.197    584.177      45.948       6.143            12852.346               0.000               0.000         97817339.509   1.00000 
  2337.811          41.894    580.390      45.944       6.143            11807.510               0.000               0.000         97829147.019   1.00000 
  2338.811          41.592    576.703      45.940       6.142            10844.109               0.000               0.000         97839991.128   1.00000 
  2339.811          41.292    573.116      45.937       6.142             9956.601               0.000               0.000         97849947.728   1.00000 
  2340.811          40.993    569.629      45.934       6.142             9139.714               0.000               0.000         97859087.443   1.00000 
  2341.811          40.696    566.239      45.931       6.141             8388.446               0.000               0.000         97867475.889   1.00000 
  2342.811          40.400    562.945      45.928       6.141             7698.063               0.000               0.000         97875173.952   1.00000 
  2343.811          40.106    559.744      45.926       6.140             7064.094               0.000               0.000         97882238.046   1.00000 
  2344.811          39.813    556.636      45.923       6.140             6482.338               0.000               0.000         97888720.384   1.00000 
  2345.811          39.522    553.617      45.921       6.140             5948.923               0.000               0.000         97894669.307   1.00000 
  2346.811          39.233    550.685      45.919       6.140             5460.269               0.000               0.000         97900129.576   1.00000 
  2347.811          38.945    547.838      45.917       6.139             5012.991               0.000               0.000         97905142.566   1.00000 
  2348.811          38.658    545.074      45.915       6.139             4603.892               0.000               0.000         97909746.459   1.00000 
  2349.811          38.374    542.391      45.913       6.139             4229.969               0.000               0.000         97913976.428   1.00000 
  2350.811          38.091    539.785      45.911       6.138             3888.403               0.000               0.000         97917864.831   1.00000 
  2351.811          37.809    537.256      45.910       6.138             3576.557               0.000               0.000         97921441.388   1.00000 
  2352.811          37.530    534.799      45.908       6.138             3291.974               0.000               0.000         97924733.362   1.00000 
  2353.811          37.252    532.413      45.907       6.138             3032.367               0.000               0.000         97927765.729   1.00000 
  2354.811          36.975    530.095      45.905       6.138             2795.610               0.000               0.000         97930561.339   1.00000 
  2355.811          36.701    527.842      45.904       6.138             2579.738               0.000               0.000         97933141.077   1.00000 
  2356.811          36.428    525.653      45.903       6.137             2382.930               0.000               0.000         97935524.007   1.00000 
  2357.811          36.156    523.525      45.901       6.137             2203.509               0.000               0.000         97937727.516   1.00000 
  2358.811          35.887    521.456      45.900       6.137             2039.929               0.000               0.000         97939767.445   1.00000 
  2359.811          35.619    519.443      45.899       6.137             1890.767               0.000               0.000         97941658.212   1.00000 
  2360.811          35.353    517.484      45.898       6.137             1754.718               0.000               0.000         97943412.930   1.00000 
  2361.811          35.089    515.577      45.897       6.137             1630.585               0.000               0.000         97945043.515   1.00000 
  2362.811          34.826    513.721      45.897       6.137             1517.270               0.000               0.000         97946560.785   1.00000 
  2363.811          34.566    511.912      45.896       6.136             1413.722               0.000               0.000         97947974.507   1.00000 
  2364.811          34.307    510.149      45.895       6.136             1318.958               0.000               0.000         97949293.465   1.00000 
  2365.811          34.051    508.430      45.894       6.136             1232.100               0.000               0.000         97950525.564   1.00000 
  2366.811          33.796    506.753      45.894       6.136             1152.369               0.000               0.000         97951677.933   1.00000 
  2367.811          33.544    505.116      45.893       6.136             1079.070               0.000               0.000         97952757.003   1.00000 
  2368.811          33.293    503.517      45.892       6.136             1011.586               0.000               0.000         97953768.589   1.00000 
  2369.811          33.044    501.956      45.892       6.136              949.365               0.000               0.000         97954717.954   1.00000 
  2370.811          32.798    500.430      45.891       6.136              891.914               0.000               0.000         97955609.869   1.00000 
  2371.811          32.554    498.938      45.891       6.136              838.795               0.000               0.000         97956448.664   1.00000 
  2372.811          32.312    497.479      45.890       6.136              789.603               0.000               0.000         97957238.267   1.00000 
  2373.811          32.072    496.051      45.890       6.136              743.958               0.000               0.000         97957982.226   1.00000 
  2374.034          32.019    495.738      45.889       6.136              730.034               0.000               0.000         97958145.254   1.00000 
  2374.084          32.007    495.669      45.889       6.136              726.958               0.000               0.000         97958181.731   1.00000 
  2374.136          31.994    495.596      45.889       6.136              724.748               0.000               0.000         97958219.473   1.00000 
  2374.146          31.992    495.583      45.889       6.136              724.113               0.000               0.000         97958226.447   1.00000 
  2374.151          31.991    495.571      45.889       6.136              361.991               0.000               0.000         97958228.433   1.00000 
  2374.158          31.989    495.556      45.889       6.136              362.022               0.000               0.000         97958230.937   1.00000 
  2374.165          31.988    495.547      45.889       6.136              724.129               0.000               0.000         97958235.948   1.00000 
  2374.172          31.986    495.532      45.889       6.136              362.055               0.000               0.000         97958238.453   1.00000 
  2374.190          31.982    495.495      45.889       6.136              362.168               0.000               0.000         97958244.796   1.00000 
  2374.196          31.980    495.483      45.889       6.136              362.202               0.000               0.000         97958246.943   1.00000 
  2374.207          31.978    495.461      45.889       6.136              362.224               0.000               0.000         97958250.915   1.00000 
  2374.219          31.975    495.435      45.889       6.136              362.313               0.000               0.000         97958255.590   1.00000 
  2374.231          31.972    495.412      45.889       6.136              362.360               0.000               0.000         97958259.743   1.00000 
  2374.249          31.967    495.376      45.889       6.136              362.386               0.000               0.000         97958266.441   1.00000 
  2374.277          31.961    495.323      45.889       6.136              362.572               0.000               0.000         97958276.548   1.00000 
  2374.314          31.952    495.255      45.889       6.136              362.711               0.000               0.000         97958289.817   1.00000 
  2374.359          31.941    495.172      45.889       6.136              362.709               0.000               0.000         97958306.370   1.00000 
  2374.421          31.927    495.065      45.889       6.136              363.120               0.000               0.000         97958328.661   1.00000 
  2374.458          31.918    495.003      45.889       6.136              363.399               0.000               0.000         97958342.264   1.00000 
  2374.480          31.912    494.966      45.889       6.136              363.564               0.000               0.000         97958350.315   1.00000 
  2374.489          31.910    494.952      45.889       6.136              363.634               0.000               0.000         97958353.394   1.00000 
  2374.498          31.908    494.937      45.889       6.136              363.670               0.000               0.000         97958356.839   1.00000 
  2374.514          31.904    494.911      45.889       6.136              363.692               0.000               0.000         97958362.613   1.00000 
  2374.539          31.898    494.871      45.889       6.136              363.857               0.000               0.000         97958371.759   1.00000 
  2374.573          31.890    494.816      45.889       6.136              363.981               0.000               0.000         97958384.163   1.00000 
  2374.617          31.880    494.748      45.889       6.136              363.975               0.000               0.000         97958399.868   1.00000 
  2374.676          31.866    494.655      45.889       6.136              364.364               0.000               0.000         97958421.372   1.00000 
  2374.736          31.851    494.561      45.889       6.136              364.772               0.000               0.000         97958443.342   1.00000 
  2374.750          31.848    494.540      45.889       6.136              364.906               0.000               0.000         97958448.468   1.00000 
  2374.757          31.846    494.529      45.889       6.136              364.958               0.000               0.000         97958450.975   1.00000 
  2374.761          31.845    494.523      45.889       6.136              364.898               0.000               0.000         97958452.503   1.00000 
  2374.765          31.844    494.517      45.889       6.136              364.991               0.000               0.000         97958454.031   1.00000 
  2374.772          31.842    494.505      45.889       6.136              365.025               0.000               0.000         97958456.676   1.00000 
  2374.778          31.841    494.497      45.889       6.136              365.062               0.000               0.000         97958458.699   1.00000 
  2374.782          31.840    494.491      45.889       6.136              365.043               0.000               0.000         97958460.161   1.00000 
  2374.786          31.839    494.485      45.889       6.136              365.092               0.000               0.000         97958461.624   1.00000 
  2374.793          31.837    494.474      45.889       6.136              365.137               0.000               0.000         97958464.235   1.00000 
  2374.797          31.836    494.468      45.889       6.136              365.156               0.000               0.000         97958465.771   1.00000 
  2374.806          31.834    494.455      45.889       6.136              365.172               0.000               0.000         97958468.811   1.00000 
  2374.817          31.832    494.438      45.889       6.136              365.245               0.000               0.000         97958472.946   1.00000 
  2374.837          31.827    494.407      45.889       6.136              365.312               0.000               0.000         97958480.251   1.00000 
  2374.865          31.820    494.364      45.889       6.136              365.322               0.000               0.000         97958490.665   1.00000 
  2374.910          31.809    494.297      45.889       6.136              365.609               0.000               0.000         97958507.010   1.00000 
  2374.945          31.801    494.245      45.889       6.136              365.850               0.000               0.000         97958519.707   1.00000 
  2374.987          31.791    494.182      45.889       6.135              365.997               0.000               0.000         97958535.107   1.00000 
  2375.038          31.779    494.106      45.889       6.135              365.957               0.000               0.000         97958553.619   1.00000 
  2375.265          31.724    493.770      45.889       6.135              367.314               0.000               0.000         97958637.230   1.00000 
  2375.285          31.719    493.742      45.889       6.135              367.551               0.000               0.000         97958644.408   1.00000 
  2375.313          31.712    493.702      45.889       6.135              367.552               0.000               0.000         97958654.669   1.00000 
  2375.357          31.702    493.638      45.889       6.135              367.825               0.000               0.000         97958670.824   1.00000 
  2375.406          31.690    493.567      45.889       6.135              368.140               0.000               0.000         97958688.930   1.00000 
  2375.426          31.685    493.538      45.889       6.135              368.295               0.000               0.000         97958696.443   1.00000 
  2375.456          31.678    493.495      45.889       6.135              368.386               0.000               0.000         97958707.287   1.00000 
  2375.494          31.669    493.440      45.889       6.135              368.361               0.000               0.000         97958721.413   1.00000 
  2375.666          31.627    493.193      45.889       6.135              369.357               0.000               0.000         97958785.154   1.00000 
  2375.699          31.619    493.147      45.889       6.135              369.674               0.000               0.000         97958797.150   1.00000 
  2375.739          31.609    493.091      45.889       6.135              369.795               0.000               0.000         97958811.937   1.00000 
  2375.787          31.597    493.022      45.889       6.135              369.728               0.000               0.000         97958829.842   1.00000 
  2376.005          31.544    492.716      45.889       6.135              370.955               0.000               0.000         97958910.682   1.00000 
  2376.064          31.530    492.634      45.889       6.135              371.439               0.000               0.000         97958932.492   1.00000 
  2376.123          31.516    492.552      45.889       6.135              371.802               0.000               0.000         97958954.550   1.00000 
  2376.160          31.507    492.502      45.889       6.135              372.040               0.000               0.000         97958968.043   1.00000 
  2376.181          31.502    492.472      45.889       6.135              372.181               0.000               0.000         97958975.977   1.00000 
  2376.189          31.500    492.461      45.889       6.135              372.240               0.000               0.000         97958978.999   1.00000 
  2376.195          31.498    492.452      45.889       6.135              372.259               0.000               0.000         97958981.330   1.00000 
  2376.207          31.495    492.437      45.889       6.135              372.265               0.000               0.000         97958985.550   1.00000 
  2376.258          31.483    492.366      45.888       6.135              372.544               0.000               0.000         97959004.558   1.00000 
  2376.278          31.478    492.338      45.888       6.135              372.690               0.000               0.000         97959012.192   1.00000 
  2376.288          31.475    492.324      45.888       6.135              372.757               0.000               0.000         97959015.898   1.00000 
  2376.292          31.474    492.319      45.888       6.135              372.697               0.000               0.000         97959017.303   1.00000 
  2376.296          31.474    492.314      45.888       6.135              372.782               0.000               0.000         97959018.710   1.00000 
  2376.313          31.469    492.291      45.888       6.135              372.874               0.000               0.000         97959025.039   1.00000 
  2376.320          31.468    492.280      45.888       6.135              372.927               0.000               0.000         97959027.926   1.00000 
  2376.326          31.466    492.272      45.888       6.135              372.945               0.000               0.000         97959030.223   1.00000 
  2376.338          31.463    492.256      45.888       6.135              372.950               0.000               0.000         97959034.394   1.00000 
  2376.388          31.451    492.187      45.888       6.135              373.221               0.000               0.000         97959053.176   1.00000 
  2376.413          31.445    492.154      45.888       6.135              373.386               0.000               0.000         97959062.345   1.00000 
  2376.430          31.441    492.129      45.888       6.135              373.497               0.000               0.000         97959069.021   1.00000 
  2376.443          31.437    492.112      45.888       6.135              373.535               0.000               0.000         97959073.815   1.00000 
  2376.463          31.433    492.084      45.888       6.135              373.526               0.000               0.000         97959081.271   1.00000 
  2376.553          31.411    491.962      45.888       6.135              374.003               0.000               0.000         97959114.867   1.00000 
  2376.634          31.391    491.852      45.888       6.135              374.481               0.000               0.000         97959145.142   1.00000 
  2376.680          31.379    491.789      45.888       6.135              374.774               0.000               0.000         97959162.549   1.00000 
  2376.714          31.371    491.742      45.888       6.135              374.980               0.000               0.000         97959175.343   1.00000 
  2376.735          31.366    491.715      45.888       6.135              375.108               0.000               0.000         97959183.064   1.00000 
  2376.764          31.359    491.675      45.888       6.135              375.172               0.000               0.000         97959194.050   1.00000 
  2376.802          31.349    491.624      45.888       6.135              375.101               0.000               0.000         97959208.265   1.00000 
  2376.973          31.307    491.394      45.888       6.135              375.971               0.000               0.000         97959272.380   1.00000 
  2377.740          31.118    490.378      45.888       6.135              379.693               0.000               0.000         97959563.755   1.00000 
  2378.740          30.868    489.091      45.888       6.135              384.329               0.000               0.000         97959948.085   1.00000 
  2379.740          30.616    487.840      45.887       6.135              388.331               0.000               0.000         97960336.416   1.00000 
  2380.740          30.362    486.622      45.887       6.135              391.482               0.000               0.000         97960727.898   1.00000 
  2381.740          30.107    485.432      45.887       6.135              393.725               0.000               0.000         97961121.623   1.00000 
  2382.740          29.850    484.268      45.886       6.135              395.015               0.000               0.000         97961516.638   1.00000 
  2383.740          29.593    483.129      45.886       6.135              395.330               0.000               0.000         97961911.968   1.00000 
  2384.740          29.335    482.012      45.886       6.135              394.667               0.000               0.000         97962306.635   1.00000 
  2385.740          29.076    480.917      45.886       6.135              393.036               0.000               0.000         97962699.671   1.00000 
  2386.740          28.818    479.841      45.885       6.135              390.456               0.000               0.000         97963090.127   1.00000 
  2387.740          28.560    478.785      45.885       6.135              386.956               0.000               0.000         97963477.083   1.00000 
  2388.740          28.303    477.746      45.885       6.135              382.576               0.000               0.000         97963859.659   1.00000 
  2389.740          28.046    476.724      45.885       6.135              377.365               0.000               0.000         97964237.024   1.00000 
  2390.740          27.791    475.718      45.884       6.135              371.376               0.000               0.000         97964608.400   1.00000 
  2391.740          27.538    474.728      45.884       6.135              364.673               0.000               0.000         97964973.073   1.00000 
  2392.740          27.286    473.753      45.884       6.135              357.322               0.000               0.000         97965330.395   1.00000 
  2393.740          27.036    472.792      45.884       6.135              349.394               0.000               0.000         97965679.789   1.00000 
  2394.740          26.788    471.845      45.884       6.135              340.963               0.000               0.000         97966020.753   1.00000 
  2395.740          26.542    470.911      45.883       6.135              332.104               0.000               0.000         97966352.856   1.00000 
  2396.740          26.300    469.990      45.883       6.135              322.891               0.000               0.000         97966675.747   1.00000 
  2397.740          26.059    469.081      45.883       6.135              313.398               0.000               0.000         97966989.145   1.00000 
  2398.740          25.822    468.185      45.883       6.135              303.696               0.000               0.000         97967292.842   1.00000 
  2399.740          25.588    467.300      45.883       6.135              293.854               0.000               0.000         97967586.696   1.00000 
  2400.740          25.357    466.427      45.883       6.135              283.936               0.000               0.000         97967870.632   1.00000 
  2401.740          25.129    465.566      45.882       6.135              274.002               0.000               0.000         97968144.634   1.00000 
  2402.740          24.904    464.715      45.882       6.135              264.107               0.000               0.000         97968408.742   1.00000 
  2403.740          24.682    463.875      45.882       6.135              254.301               0.000               0.000         97968663.042   1.00000 
  2404.740          24.464    463.046      45.882       6.135              244.625               0.000               0.000         97968907.668   1.00000 
  2405.740          24.250    462.228      45.882       6.135              235.120               0.000               0.000         97969142.788   1.00000 
  2406.740          24.038    461.419      45.882       6.135              225.819               0.000               0.000         97969368.608   1.00000 
  2407.740          23.831    460.621      45.882       6.134              216.751               0.000               0.000         97969585.358   1.00000 
  2408.740          23.626    459.832      45.881       6.134              207.939               0.000               0.000         97969793.297   1.00000 
  2409.740          23.425    459.053      45.881       6.134              199.402               0.000               0.000         97969992.699   1.00000 
  2410.740          23.227    458.284      45.881       6.134              191.155               0.000               0.000         97970183.854   1.00000 
  2411.740          23.033    457.524      45.881       6.134              183.209               0.000               0.000         97970367.063   1.00000 
  2412.740          22.842    456.773      45.881       6.134              175.570               0.000               0.000         97970542.633   1.00000 
  2413.740          22.654    456.032      45.881       6.134              168.241               0.000               0.000         97970710.874   1.00000 
  2414.740          22.470    455.299      45.881       6.134              161.224               0.000               0.000         97970872.098   1.00000 
  2415.740          22.288    454.575      45.881       6.134              154.515               0.000               0.000         97971026.613   1.00000 
  2416.740          22.110    453.859      45.881       6.134              148.111               0.000               0.000         97971174.725   1.00000 
  2417.740          21.935    453.152      45.880       6.134              142.006               0.000               0.000         97971316.731   1.00000 
  2418.740          21.762    452.454      45.880       6.134              136.191               0.000               0.000         97971452.922   1.00000 
  2419.740          21.593    451.763      45.880       6.134              130.659               0.000               0.000         97971583.580   1.00000 
  2420.740          21.426    451.081      45.880       6.134              125.398               0.000               0.000         97971708.979   1.00000 
  2421.740          21.262    450.406      45.880       6.134              120.400               0.000               0.000         97971829.378   1.00000 
  2422.740          21.101    449.739      45.880       6.134              115.653               0.000               0.000         97971945.031   1.00000 
  2423.740          20.942    449.080      45.880       6.134              111.146               0.000               0.000         97972056.177   1.00000 
  2424.740          20.786    448.428      45.880       6.134              106.868               0.000               0.000         97972163.045   1.00000 
  2425.740          20.632    447.784      45.880       6.134              102.808               0.000               0.000         97972265.853   1.00000 
  2426.740          20.481    447.147      45.880       6.134               98.954               0.000               0.000         97972364.807   1.00000 
  2427.740          20.332    446.516      45.880       6.134               95.297               0.000               0.000         97972460.104   1.00000 
  2428.740          20.185    445.893      45.880       6.134               91.825               0.000               0.000         97972551.929   1.00000 
  2429.740          20.041    445.277      45.879       6.134               88.528               0.000               0.000         97972640.457   1.00000 
  2430.740          19.898    444.667      45.879       6.134               85.398               0.000               0.000         97972725.855   1.00000 
  2431.740          19.758    444.064      45.879       6.134               82.423               0.000               0.000         97972808.277   1.00000 
  2432.740          19.620    443.467      45.879       6.134               79.595               0.000               0.000         97972887.872   1.00000 
  2433.740          19.483    442.876      45.879       6.134               76.905               0.000               0.000         97972964.777   1.00000 
  2434.740          19.349    442.292      45.879       6.134               74.347               0.000               0.000         97973039.124   1.00000 
  2435.740          19.216    441.714      45.879       6.134               71.912               0.000               0.000         97973111.036   1.00000 
  2436.740          19.085    441.143      45.879       6.134               69.593               0.000               0.000         97973180.629   1.00000 
  2437.740          18.956    440.577      45.879       6.134               67.384               0.000               0.000         97973248.013   1.00000 
  2438.740          18.829    440.017      45.879       6.134               65.279               0.000               0.000         97973313.293   1.00000 
  2439.740          18.703    439.463      45.879       6.134               63.273               0.000               0.000         97973376.565   1.00000 
  2440.740          18.579    438.915      45.879       6.134               61.359               0.000               0.000         97973437.924   1.00000 
  2441.740          18.457    438.372      45.879       6.134               59.533               0.000               0.000         97973497.457   1.00000 
  2442.740          18.335    437.836      45.879       6.134               57.790               0.000               0.000         97973555.247   1.00000 
  2443.740          18.216    437.304      45.878       6.134               56.125               0.000               0.000         97973611.372   1.00000 
  2444.740          18.098    436.779      45.878       6.134               54.535               0.000               0.000         97973665.907   1.00000 
  2445.740          17.981    436.258      45.878       6.134               53.015               0.000               0.000         97973718.922   1.00000 
  2446.740          17.866    435.744      45.878       6.134               51.562               0.000               0.000         97973770.484   1.00000 
  2447.740          17.752    435.234      45.878       6.134               50.172               0.000               0.000         97973820.655   1.00000 
  2448.740          17.639    434.730      45.878       6.134               48.841               0.000               0.000         97973869.496   1.00000 
  2449.740          17.527    434.230      45.878       6.134               47.567               0.000               0.000         97973917.064   1.00000 
  2450.740          17.417    433.736      45.878       6.134               46.347               0.000               0.000         97973963.411   1.00000 
  2451.740          17.308    433.247      45.878       6.134               45.178               0.000               0.000         97974008.589   1.00000 
  2452.740          17.200    432.763      45.878       6.134               44.057               0.000               0.000         97974052.646   1.00000 
  2453.740          17.093    432.284      45.878       6.134               42.983               0.000               0.000         97974095.629   1.00000 
  2454.740          16.987    431.810      45.878       6.134               41.951               0.000               0.000         97974137.580   1.00000 
  2455.740          16.882    431.340      45.878       6.134               40.962               0.000               0.000         97974178.542   1.00000 
  2456.740          16.779    430.875      45.878       6.134               40.011               0.000               0.000         97974218.553   1.00000 
  2457.740          16.676    430.415      45.878       6.134               39.098               0.000               0.000         97974257.651   1.00000 
  2458.740          16.574    429.960      45.878       6.134               38.221               0.000               0.000         97974295.872   1.00000 
  2459.740          16.473    429.509      45.878       6.134               37.378               0.000               0.000         97974333.250   1.00000 
  2460.740          16.374    429.063      45.878       6.134               36.567               0.000               0.000         97974369.817   1.00000 
  2461.740          16.275    428.621      45.877       6.134               35.787               0.000               0.000         97974405.603   1.00000 
  2462.740          16.177    428.184      45.877       6.134               35.036               0.000               0.000         97974440.639   1.00000 
  2463.740          16.080    427.751      45.877       6.134               34.313               0.000               0.000         97974474.952   1.00000 
  2464.740          15.983    427.322      45.877       6.134               33.617               0.000               0.000         97974508.569   1.00000 
  2465.740          15.888    426.898      45.877       6.134               32.946               0.000               0.000         97974541.515   1.00000 
  2466.740          15.793    426.478      45.877       6.134               32.300               0.000               0.000         97974573.815   1.00000 
  2467.740          15.700    426.062      45.877       6.134               31.677               0.000               0.000         97974605.493   1.00000 
  2468.740          15.606    425.651      45.877       6.134               31.077               0.000               0.000         97974636.570   1.00000 
  2469.740          15.514    425.243      45.877       6.134               30.498               0.000               0.000         97974667.068   1.00000 
  2470.740          15.423    424.840      45.877       6.134               29.939               0.000               0.000         97974697.007   1.00000 
  2471.740          15.332    424.441      45.877       6.134               29.400               0.000               0.000         97974726.407   1.00000 
  2472.740          15.242    424.046      45.877       6.134               28.880               0.000               0.000         97974755.287   1.00000 
  2473.740          15.152    423.654      45.877       6.134               28.378               0.000               0.000         97974783.664   1.00000 
  2474.740          15.063    423.267      45.877       6.134               27.893               0.000               0.000         97974811.557   1.00000 
  2475.740          14.975    422.884      45.877       6.134               27.424               0.000               0.000         97974838.981   1.00000 
  2476.740          14.888    422.505      45.877       6.134               26.972               0.000               0.000         97974865.953   1.00000 
  2477.740          14.801    422.129      45.877       6.134               26.535               0.000               0.000         97974892.488   1.00000 
  2478.740          14.715    421.757      45.877       6.134               26.112               0.000               0.000         97974918.600   1.00000 
  2479.740          14.629    421.390      45.877       6.134               25.704               0.000               0.000         97974944.304   1.00000 
  2480.740          14.544    421.026      45.877       6.134               25.309               0.000               0.000         97974969.613   1.00000 
  2481.740          14.460    420.665      45.877       6.134               24.927               0.000               0.000         97974994.540   1.00000 
  2482.740          14.376    420.309      45.877       6.134               24.557               0.000               0.000         97975019.097   1.00000 
  2483.740          14.292    419.956      45.876       6.134               24.199               0.000               0.000         97975043.297   1.00000 
  2484.740          14.209    419.607      45.876       6.134               23.853               0.000               0.000         97975067.149   1.00000 
  2485.740          14.127    419.261      45.876       6.134               23.517               0.000               0.000         97975090.666   1.00000 
  2486.740          14.045    418.919      45.876       6.134               23.191               0.000               0.000         97975113.857   1.00000 
  2487.740          13.964    418.580      45.876       6.134               22.875               0.000               0.000         97975136.733   1.00000 
  2488.740          13.883    418.245      45.876       6.134               22.569               0.000               0.000         97975159.302   1.00000 
  2489.740          13.803    417.914      45.876       6.134               22.272               0.000               0.000         97975181.573   1.00000 
  2490.740          13.723    417.586      45.876       6.134               21.983               0.000               0.000         97975203.557   1.00000 
  2491.740          13.644    417.261      45.876       6.134               21.703               0.000               0.000         97975225.260   1.00000 
  2492.740          13.565    416.939      45.876       6.134               21.431               0.000               0.000         97975246.691   1.00000 
  2493.740          13.487    416.621      45.876       6.134               21.166               0.000               0.000         97975267.857   1.00000 
  2494.740          13.409    416.307      45.876       6.134               20.909               0.000               0.000         97975288.765   1.00000 
  2495.740          13.331    415.995      45.876       6.134               20.658               0.000               0.000         97975309.424   1.00000 
  2496.740          13.254    415.687      45.876       6.134               20.415               0.000               0.000         97975329.839   1.00000 
  2497.740          13.177    415.382      45.876       6.134               20.178               0.000               0.000         97975350.016   1.00000 
  2498.740          13.101    415.080      45.876       6.134               19.947               0.000               0.000         97975369.963   1.00000 
  2499.740          13.025    414.781      45.876       6.134               19.722               0.000               0.000         97975389.685   1.00000 
  2500.740          12.950    414.486      45.876       6.134               19.503               0.000               0.000         97975409.188   1.00000 
  2501.740          12.875    414.193      45.876       6.134               19.289               0.000               0.000         97975428.477   1.00000 
  2502.740          12.800    413.904      45.876       6.134               19.081               0.000               0.000         97975447.558   1.00000 
  2503.740          12.726    413.618      45.876       6.134               18.878               0.000               0.000         97975466.435   1.00000 
  2504.740          12.652    413.334      45.876       6.134               18.679               0.000               0.000         97975485.115   1.00000 
  2505.740          12.578    413.054      45.876       6.134               18.486               0.000               0.000         97975503.601   1.00000 
  2506.740          12.505    412.777      45.876       6.134               18.297               0.000               0.000         97975521.898   1.00000 
  2507.740          12.432    412.502      45.876       6.134               18.112               0.000               0.000         97975540.010   1.00000 
  2508.740          12.360    412.231      45.875       6.134               17.932               0.000               0.000         97975557.942   1.00000 
  2509.740          12.288    411.962      45.875       6.134               17.756               0.000               0.000         97975575.698   1.00000 
  2510.740          12.216    411.697      45.875       6.134               17.583               0.000               0.000         97975593.281   1.00000 
  2511.740          12.144    411.434      45.875       6.134               17.415               0.000               0.000         97975610.696   1.00000 
  2512.740          12.073    411.174      45.875       6.134               17.250               0.000               0.000         97975627.946   1.00000 
  2513.740          12.002    410.916      45.875       6.134               17.089               0.000               0.000         97975645.035   1.00000 
  2514.740          11.932    410.662      45.875       6.134               16.931               0.000               0.000         97975661.966   1.00000 
  2515.740          11.862    410.410      45.875       6.134               16.776               0.000               0.000         97975678.742   1.00000 
  2516.740          11.792    410.161      45.875       6.134               16.625               0.000               0.000         97975695.367   1.00000 
  2517.740          11.722    409.915      45.875       6.134               16.476               0.000               0.000         97975711.843   1.00000 
  2518.740          11.653    409.671      45.875       6.134               16.331               0.000               0.000         97975728.174   1.00000 
  2519.740          11.584    409.430      45.875       6.134               16.188               0.000               0.000         97975744.362   1.00000 
  2520.740          11.516    409.191      45.875       6.134               16.048               0.000               0.000         97975760.411   1.00000 
  2521.740          11.447    408.955      45.875       6.134               15.911               0.000               0.000         97975776.322   1.00000 
  2522.740          11.379    408.722      45.875       6.134               15.777               0.000               0.000         97975792.099   1.00000 
  2523.740          11.311    408.491      45.875       6.134               15.644               0.000               0.000         97975807.743   1.00000 
  2524.740          11.244    408.263      45.875       6.134               15.515               0.000               0.000         97975823.258   1.00000 
  2525.740          11.177    408.037      45.875       6.134               15.387               0.000               0.000         97975838.645   1.00000 
  2526.740          11.110    407.813      45.875       6.134               15.262               0.000               0.000         97975853.906   1.00000 
  2527.740          11.043    407.592      45.875       6.134               15.139               0.000               0.000         97975869.045   1.00000 
  2528.740          10.977    407.374      45.875       6.134               15.018               0.000               0.000         97975884.063   1.00000 
  2529.740          10.910    407.157      45.875       6.134               14.898               0.000               0.000         97975898.961   1.00000 
  2530.740          10.845    406.943      45.875       6.134               14.781               0.000               0.000         97975913.742   1.00000 
  2531.740          10.779    406.732      45.875       6.134               14.666               0.000               0.000         97975928.408   1.00000 
  2532.740          10.714    406.522      45.875       6.134               14.553               0.000               0.000         97975942.961   1.00000 
  2533.740          10.649    406.315      45.875       6.134               14.441               0.000               0.000         97975957.402   1.00000 
  2534.740          10.584    406.110      45.875       6.134               14.331               0.000               0.000         97975971.732   1.00000 
  2535.740          10.519    405.907      45.875       6.134               14.222               0.000               0.000         97975985.955   1.00000 
  2536.740          10.455    405.706      45.874       6.134               14.115               0.000               0.000         97976000.070   1.00000 
  2537.740          10.391    405.508      45.874       6.134               14.010               0.000               0.000         97976014.080   1.00000 
  2538.740          10.327    405.311      45.874       6.134               13.906               0.000               0.000         97976027.985   1.00000 
  2539.740          10.263    405.117      45.874       6.134               13.803               0.000               0.000         97976041.789   1.00000 
  2540.740          10.200    404.925      45.874       6.134               13.702               0.000               0.000         97976055.491   1.00000 
  2541.740          10.137    404.734      45.874       6.134               13.602               0.000               0.000         97976069.093   1.00000 
  2542.740          10.074    404.546      45.874       6.134               13.503               0.000               0.000         97976082.596   1.00000 
  2543.740          10.011    404.359      45.874       6.134               13.406               0.000               0.000         97976096.002   1.00000 
  2544.740           9.948    404.175      45.874       6.134               13.309               0.000               0.000         97976109.311   1.00000 
  2545.740           9.886    403.992      45.874       6.133               13.214               0.000               0.000         97976122.525   1.00000 
  2546.740           9.824    403.811      45.874       6.133               13.120               0.000               0.000         97976135.645   1.00000 
  2547.740           9.762    403.632      45.874       6.133               13.027               0.000               0.000         97976148.672   1.00000 
  2548.740           9.701    403.454      45.874       6.133               12.935               0.000               0.000         97976161.607   1.00000 
  2549.740           9.640    403.279      45.874       6.133               12.844               0.000               0.000         97976174.451   1.00000 
  2550.740           9.578    403.105      45.874       6.133               12.754               0.000               0.000         97976187.205   1.00000 
  2551.740           9.518    402.932      45.874       6.133               12.665               0.000               0.000         97976199.869   1.00000 
  2552.740           9.457    402.762      45.874       6.133               12.576               0.000               0.000         97976212.446   1.00000 
  2553.740           9.396    402.593      45.874       6.133               12.489               0.000               0.000         97976224.935   1.00000 
  2554.740           9.336    402.425      45.874       6.133               12.403               0.000               0.000         97976237.337   1.00000 
  2555.740           9.276    402.260      45.874       6.133               12.317               0.000               0.000         97976249.655   1.00000 
  2556.740           9.216    402.095      45.874       6.133               12.233               0.000               0.000         97976261.887   1.00000 
  2557.740           9.157    401.933      45.874       6.133               12.149               0.000               0.000         97976274.036   1.00000 
  2558.740           9.097    401.772      45.874       6.133               12.066               0.000               0.000         97976286.102   1.00000 
  2559.740           9.038    401.612      45.874       6.133               11.984               0.000               0.000         97976298.086   1.00000 
  2560.740           8.979    401.454      45.874       6.133               11.903               0.000               0.000         97976309.989   1.00000 
  2561.740           8.920    401.297      45.874       6.133               11.822               0.000               0.000         97976321.812   1.00000 
  2562.740           8.862    401.142      45.874       6.133               11.743               0.000               0.000         97976333.555   1.00000 
  2563.740           8.803    400.988      45.874       6.133               11.664               0.000               0.000         97976345.219   1.00000 
  2564.740           8.745    400.836      45.874       6.133               11.586               0.000               0.000         97976356.804   1.00000 
  2565.740           8.687    400.685      45.874       6.133               11.509               0.000               0.000         97976368.313   1.00000 
  2566.740           8.629    400.535      45.874       6.133               11.432               0.000               0.000         97976379.745   1.00000 
  2567.740           8.572    400.387      45.873       6.133               11.356               0.000               0.000         97976391.102   1.00000 
  2568.740           8.514    400.240      45.873       6.133               11.281               0.000               0.000         97976402.383   1.00000 
  2569.740           8.457    400.094      45.873       6.133               11.207               0.000               0.000         97976413.590   1.00000 
  2570.740           8.400    399.950      45.873       6.133               11.133               0.000               0.000         97976424.723   1.00000 
  2571.740           8.343    399.807      45.873       6.133               11.060               0.000               0.000         97976435.784   1.00000 
  2572.740           8.287    399.665      45.873       6.133               10.988               0.000               0.000         97976446.772   1.00000 
  2573.740           8.230    399.524      45.873       6.133               10.917               0.000               0.000         97976457.689   1.00000 
  2574.740           8.174    399.385      45.873       6.133               10.846               0.000               0.000         97976468.535   1.00000 
  2575.740           8.118    399.247      45.873       6.133               10.776               0.000               0.000         97976479.311   1.00000 
  2576.740           8.062    399.110      45.873       6.133               10.706               0.000               0.000         97976490.017   1.00000 
  2577.740           8.006    398.974      45.873       6.133               10.637               0.000               0.000         97976500.654   1.00000 
  2578.740           7.951    398.839      45.873       6.133               10.569               0.000               0.000         97976511.223   1.00000 
  2579.740           7.895    398.706      45.873       6.133               10.501               0.000               0.000         97976521.725   1.00000 
  2580.740           7.840    398.573      45.873       6.133               10.435               0.000               0.000         97976532.159   1.00000 
  2581.740           7.785    398.442      45.873       6.133               10.368               0.000               0.000         97976542.527   1.00000 
  2582.740           7.730    398.312      45.873       6.133               10.302               0.000               0.000         97976552.830   1.00000 
  2583.740           7.675    398.183      45.873       6.133               10.237               0.000               0.000         97976563.067   1.00000 
  2584.740           7.621    398.055      45.873       6.133               10.173               0.000               0.000         97976573.240   1.00000 
  2585.740           7.567    397.928      45.873       6.133               10.109               0.000               0.000         97976583.348   1.00000 
  2586.740           7.513    397.802      45.873       6.133               10.045               0.000               0.000         97976593.394   1.00000 
  2587.740           7.459    397.677      45.873       6.133                9.983               0.000               0.000         97976603.377   1.00000 
  2588.740           7.405    397.554      45.873       6.133                9.920               0.000               0.000         97976613.297   1.00000 
  2589.740           7.351    397.431      45.873       6.133                9.859               0.000               0.000         97976623.156   1.00000 
  2590.740           7.298    397.309      45.873       6.133                9.798               0.000               0.000         97976632.953   1.00000 
  2591.740           7.244    397.188      45.873       6.133                9.737               0.000               0.000         97976642.690   1.00000 
  2592.740           7.191    397.068      45.873       6.133                9.677               0.000               0.000         97976652.367   1.00000 
  2593.740           7.138    396.950      45.873       6.133                9.618               0.000               0.000         97976661.985   1.00000 
  2594.740           7.086    396.832      45.873       6.133                9.559               0.000               0.000         97976671.543   1.00000 
  2595.740           7.033    396.715      45.873       6.133                9.500               0.000               0.000         97976681.044   1.00000 
  2596.740           6.981    396.599      45.873       6.133                9.442               0.000               0.000         97976690.486   1.00000 
  2597.740           6.928    396.483      45.873       6.133                9.385               0.000               0.000         97976699.871   1.00000 
  2598.740           6.876    396.369      45.873       6.133                9.328               0.000               0.000         97976709.199   1.00000 
  2599.740           6.824    396.256      45.872       6.133                9.272               0.000               0.000         97976718.470   1.00000 
  2600.740           6.772    396.143      45.872       6.133                9.216               0.000               0.000         97976727.686   1.00000 
  2601.740           6.721    396.032      45.872       6.133                9.160               0.000               0.000         97976736.846   1.00000 
  2602.740           6.669    395.921      45.872       6.133                9.105               0.000               0.000         97976745.952   1.00000 
  2603.740           6.618    395.811      45.872       6.133                9.051               0.000               0.000         97976755.003   1.00000 
  2604.740           6.567    395.702      45.872       6.133                8.997               0.000               0.000         97976764.000   1.00000 
  2605.740           6.516    395.594      45.872       6.133                8.944               0.000               0.000         97976772.944   1.00000 
  2606.740           6.465    395.486      45.872       6.133                8.891               0.000               0.000         97976781.834   1.00000 
  2607.740           6.414    395.380      45.872       6.133                8.838               0.000               0.000         97976790.672   1.00000 
  2608.740           6.363    395.274      45.872       6.133                8.786               0.000               0.000         97976799.458   1.00000 
  2609.740           6.313    395.169      45.872       6.133                8.734               0.000               0.000         97976808.192   1.00000 
  2610.740           6.263    395.065      45.872       6.133                8.683               0.000               0.000         97976816.875   1.00000 
  2611.740           6.212    394.962      45.872       6.133                8.632               0.000               0.000         97976825.508   1.00000 
  2612.740           6.162    394.859      45.872       6.133                8.582               0.000               0.000         97976834.090   1.00000 
  2613.740           6.113    394.757      45.872       6.133                8.532               0.000               0.000         97976842.622   1.00000 
  2614.740           6.063    394.656      45.872       6.133                8.483               0.000               0.000         97976851.105   1.00000 
  2615.740           6.013    394.556      45.872       6.133                8.434               0.000               0.000         97976859.538   1.00000 
  2616.740           5.964    394.456      45.872       6.133                8.385               0.000               0.000         97976867.923   1.00000 
  2617.740           5.915    394.357      45.872       6.133                8.337               0.000               0.000         97976876.260   1.00000 
  2618.740           5.866    394.259      45.872       6.133                8.289               0.000               0.000         97976884.549   1.00000 
  2619.740           5.817    394.162      45.872       6.133                8.242               0.000               0.000         97976892.791   1.00000 
  2620.740           5.768    394.065      45.872       6.133                8.195               0.000               0.000         97976900.986   1.00000 
  2621.740           5.719    393.969      45.872       6.133                8.148               0.000               0.000         97976909.134   1.00000 
  2622.740           5.670    393.874      45.872       6.133                8.102               0.000               0.000         97976917.236   1.00000 
  2623.740           5.622    393.779      45.872       6.133                8.056               0.000               0.000         97976925.293   1.00000 
  2624.740           5.574    393.685      45.872       6.133                8.011               0.000               0.000         97976933.304   1.00000 
  2625.740           5.526    393.592      45.872       6.133                7.966               0.000               0.000         97976941.270   1.00000 
  2626.740           5.477    393.499      45.872       6.133                7.921               0.000               0.000         97976949.191   1.00000 
  2627.740           5.430    393.407      45.872       6.133                7.877               0.000               0.000         97976957.068   1.00000 
  2628.740           5.382    393.316      45.872       6.133                7.833               0.000               0.000         97976964.901   1.00000 
  2629.740           5.334    393.225      45.872       6.133                7.790               0.000               0.000         97976972.691   1.00000 
  2630.740           5.287    393.135      45.872       6.133                7.747               0.000               0.000         97976980.438   1.00000 
  2631.740           5.239    393.046      45.872       6.133                7.704               0.000               0.000         97976988.142   1.00000 
  2632.740           5.192    392.957      45.872       6.133                7.662               0.000               0.000         97976995.803   1.00000 
  2633.740           5.145    392.869      45.871       6.133                7.619               0.000               0.000         97977003.423   1.00000 
  2634.740           5.098    392.782      45.871       6.133                7.578               0.000               0.000         97977011.000   1.00000 
  2635.740           5.051    392.695      45.871       6.133                7.536               0.000               0.000         97977018.537   1.00000 
  2636.740           5.004    392.609      45.871       6.133                7.495               0.000               0.000         97977026.032   1.00000 
  2637.740           4.958    392.524      45.871       6.133                7.455               0.000               0.000         97977033.487   1.00000 
  2638.740           4.911    392.439      45.871       6.133                7.415               0.000               0.000         97977040.902   1.00000 
  2639.740           4.865    392.354      45.871       6.133                7.375               0.000               0.000         97977048.276   1.00000 
  2640.740           4.819    392.271      45.871       6.133                7.335               0.000               0.000         97977055.611   1.00000 
  2641.740           4.773    392.188      45.871       6.133                7.296               0.000               0.000         97977062.907   1.00000 
  2642.740           4.727    392.105      45.871       6.133                7.257               0.000               0.000         97977070.163   1.00000 
  2643.740           4.681    392.023      45.871       6.133                7.218               0.000               0.000         97977077.381   1.00000 
  2644.740           4.635    391.942      45.871       6.133                7.180               0.000               0.000         97977084.561   1.00000 
  2645.740           4.590    391.861      45.871       6.133                7.142               0.000               0.000         97977091.702   1.00000 
  2646.740           4.544    391.781      45.871       6.133                7.104               0.000               0.000         97977098.806   1.00000 
  2647.740           4.499    391.701      45.871       6.133                7.066               0.000               0.000         97977105.873   1.00000 
  2648.740           4.454    391.622      45.871       6.133                7.029               0.000               0.000         97977112.902   1.00000 
  2649.740           4.408    391.544      45.871       6.133                6.993               0.000               0.000         97977119.895   1.00000 
  2650.740           4.363    391.466      45.871       6.133                6.956               0.000               0.000         97977126.851   1.00000 
  2651.740           4.318    391.388      45.871       6.133                6.920               0.000               0.000         97977133.770   1.00000 
  2652.740           4.274    391.312      45.871       6.133                6.884               0.000               0.000         97977140.654   1.00000 
  2653.740           4.229    391.235      45.871       6.133                6.848               0.000               0.000         97977147.503   1.00000 
  2654.740           4.184    391.160      45.871       6.133                6.813               0.000               0.000         97977154.316   1.00000 
  2655.740           4.140    391.085      45.871       6.133                6.778               0.000               0.000         97977161.094   1.00000 
  2656.740           4.096    391.010      45.871       6.133                6.743               0.000               0.000         97977167.837   1.00000 
  2657.740           4.051    390.936      45.871       6.133                6.709               0.000               0.000         97977174.546   1.00000 
  2658.740           4.007    390.862      45.871       6.133                6.675               0.000               0.000         97977181.220   1.00000 
  2659.740           3.963    390.789      45.871       6.133                6.641               0.000               0.000         97977187.861   1.00000 
  2660.740           3.919    390.717      45.871       6.133                6.607               0.000               0.000         97977194.468   1.00000 
  2661.740           3.876    390.645      45.871       6.133                6.574               0.000               0.000         97977201.041   1.00000 
  2662.740           3.832    390.574      45.871       6.133                6.541               0.000               0.000         97977207.582   1.00000 
  2663.740           3.788    390.503      45.871       6.133                6.508               0.000               0.000         97977214.090   1.00000 
  2664.740           3.745    390.433      45.871       6.133                6.475               0.000               0.000         97977220.565   1.00000 
  2665.740           3.702    390.363      45.871       6.133                6.443               0.000               0.000         97977227.008   1.00000 
  2666.740           3.658    390.293      45.871       6.133                6.411               0.000               0.000         97977233.419   1.00000 
  2667.740           3.615    390.225      45.871       6.133                6.379               0.000               0.000         97977239.798   1.00000 
  2668.740           3.572    390.156      45.871       6.133                6.348               0.000               0.000         97977246.145   1.00000 
  2669.740           3.529    390.089      45.871       6.133                6.316               0.000               0.000         97977252.462   1.00000 
  2670.740           3.486    390.022      45.870       6.133                6.285               0.000               0.000         97977258.747   1.00000 
  2671.740           3.444    389.955      45.870       6.133                6.255               0.000               0.000         97977265.002   1.00000 
  2672.740           3.401    389.889      45.870       6.133                6.224               0.000               0.000         97977271.226   1.00000 
  2673.740           3.359    389.823      45.870       6.133                6.194               0.000               0.000         97977277.420   1.00000 
  2674.740           3.316    389.758      45.870       6.133                6.164               0.000               0.000         97977283.583   1.00000 
  2675.740           3.274    389.693      45.870       6.133                6.134               0.000               0.000         97977289.717   1.00000 
  2676.740           3.231    389.629      45.870       6.133                6.104               0.000               0.000         97977295.822   1.00000 
  2677.740           3.189    389.565      45.870       6.133                6.075               0.000               0.000         97977301.897   1.00000 
  2678.740           3.147    389.502      45.870       6.133                6.046               0.000               0.000         97977307.943   1.00000 
  2679.740           3.105    389.440      45.870       6.133                6.017               0.000               0.000         97977313.961   1.00000 
  2680.740           3.063    389.378      45.870       6.133                5.989               0.000               0.000         97977319.949   1.00000 
  2681.740           3.022    389.316      45.870       6.133                5.960               0.000               0.000         97977325.910   1.00000 
  2682.740           2.980    389.255      45.870       6.133                5.932               0.000               0.000         97977331.842   1.00000 
  2683.740           2.938    389.194      45.870       6.133                5.904               0.000               0.000         97977337.746   1.00000 
  2684.740           2.897    389.134      45.870       6.133                5.877               0.000               0.000         97977343.623   1.00000 
  2685.740           2.856    389.074      45.870       6.133                5.849               0.000               0.000         97977349.472   1.00000 
  2686.740           2.814    389.015      45.870       6.133                5.822               0.000               0.000         97977355.294   1.00000 
  2687.740           2.773    388.957      45.870       6.133                5.795               0.000               0.000         97977361.088   1.00000 
  2688.740           2.732    388.899      45.870       6.133                5.768               0.000               0.000         97977366.856   1.00000 
  2689.740           2.691    388.841      45.870       6.133                5.741               0.000               0.000         97977372.598   1.00000 
  2690.740           2.650    388.784      45.870       6.133                5.715               0.000               0.000         97977378.313   1.00000 
  2691.740           2.609    388.727      45.870       6.133                5.689               0.000               0.000         97977384.002   1.00000 
  2692.740           2.568    388.671      45.870       6.133                5.663               0.000               0.000         97977389.664   1.00000 
  2693.740           2.527    388.615      45.870       6.133                5.637               0.000               0.000         97977395.302   1.00000 
  2694.740           2.487    388.560      45.870       6.133                5.612               0.000               0.000         97977400.913   1.00000 
  2695.740           2.446    388.506      45.870       6.133                5.586               0.000               0.000         97977406.499   1.00000 
  2696.740           2.406    388.452      45.870       6.133                5.561               0.000               0.000         97977412.060   1.00000 
  2697.740           2.365    388.398      45.870       6.133                5.536               0.000               0.000         97977417.596   1.00000 
  2698.740           2.325    388.345      45.870       6.133                5.511               0.000               0.000         97977423.108   1.00000 
  2699.740           2.285    388.292      45.870       6.133                5.487               0.000               0.000         97977428.594   1.00000 
  2700.740           2.245    388.240      45.870       6.133                5.462               0.000               0.000         97977434.057   1.00000 
  2701.740           2.205    388.188      45.870       6.133                5.438               0.000               0.000         97977439.495   1.00000 
  2702.740           2.165    388.137      45.870       6.133                5.414               0.000               0.000         97977444.909   1.00000 
  2703.740           2.125    388.086      45.870       6.133                5.390               0.000               0.000         97977450.299   1.00000 
  2704.740           2.085    388.036      45.870       6.133                5.367               0.000               0.000         97977455.666   1.00000 
  2705.740           2.045    387.987      45.870       6.133                5.343               0.000               0.000         97977461.009   1.00000 
  2706.740           2.006    387.938      45.870       6.133                5.320               0.000               0.000         97977466.330   1.00000 
  2707.740           1.966    387.889      45.870       6.133                5.297               0.000               0.000         97977471.627   1.00000 
  2708.740           1.926    387.841      45.869       6.133                5.274               0.000               0.000         97977476.901   1.00000 
  2709.740           1.887    387.793      45.869       6.133                5.251               0.000               0.000         97977482.152   1.00000 
  2710.740           1.848    387.746      45.869       6.133                5.229               0.000               0.000         97977487.381   1.00000 
  2711.740           1.808    387.699      45.869       6.133                5.207               0.000               0.000         97977492.588   1.00000 
  2712.740           1.769    387.653      45.869       6.133                5.184               0.000               0.000         97977497.772   1.00000 
  2713.740           1.730    387.608      45.869       6.133                5.162               0.000               0.000         97977502.935   1.00000 
  2714.740           1.691    387.563      45.869       6.133                5.141               0.000               0.000         97977508.076   1.00000 
  2715.740           1.652    387.518      45.869       6.133                5.119               0.000               0.000         97977513.195   1.00000 
  2716.740           1.613    387.474      45.869       6.133                5.098               0.000               0.000         97977518.292   1.00000 
  2717.740           1.574    387.431      45.869       6.133                5.076               0.000               0.000         97977523.368   1.00000 
  2718.740           1.535    387.388      45.869       6.133                5.055               0.000               0.000         97977528.424   1.00000 
  2719.740           1.496    387.345      45.869       6.133                5.034               0.000               0.000         97977533.458   1.00000 
  2720.740           1.458    387.303      45.869       6.133                5.013               0.000               0.000         97977538.471   1.00000 
  2721.740           1.419    387.262      45.869       6.133                4.993               0.000               0.000         97977543.464   1.00000 
  2722.740           1.380    387.221      45.869       6.133                4.972               0.000               0.000         97977548.436   1.00000 
  2723.740           1.342    387.180      45.869       6.133                4.952               0.000               0.000         97977553.388   1.00000 
  2724.740           1.304    387.141      45.869       6.133                4.932               0.000               0.000         97977558.320   1.00000 
  2725.740           1.265    387.101      45.869       6.133                4.912               0.000               0.000         97977563.231   1.00000 
  2726.740           1.227    387.063      45.869       6.133                4.892               0.000               0.000         97977568.123   1.00000 
  2727.740           1.189    387.024      45.869       6.133                4.872               0.000               0.000         97977572.995   1.00000 
  2728.740           1.150    386.987      45.869       6.133                4.853               0.000               0.000         97977577.848   1.00000 
  2729.740           1.112    386.949      45.869       6.133                4.833               0.000               0.000         97977582.681   1.00000 
  2730.740           1.074    386.913      45.869       6.133                4.814               0.000               0.000         97977587.495   1.00000 
  2731.740           1.036    386.877      45.869       6.133                4.795               0.000               0.000         97977592.290   1.00000 
  2732.740           0.998    386.841      45.869       6.133                4.776               0.000               0.000         97977597.066   1.00000 
  2733.740           0.960    386.806      45.869       6.133                4.757               0.000               0.000         97977601.824   1.00000 
  2734.740           0.922    386.772      45.869       6.133                4.739               0.000               0.000         97977606.562   1.00000 
  2735.740           0.885    386.738      45.869       6.133                4.720               0.000               0.000         97977611.282   1.00000 
  2736.740           0.847    386.705      45.869       6.133                4.702               0.000               0.000         97977615.984   1.00000 
  2737.740           0.809    386.672      45.869       6.133                4.684               0.000               0.000         97977620.668   1.00000 
  2738.740           0.771    386.640      45.869       6.133                4.666               0.000               0.000         97977625.333   1.00000 
  2739.740           0.734    386.608      45.869       6.133                4.648               0.000               0.000         97977629.981   1.00000 
  2740.740           0.696    386.577      45.869       6.133                4.630               0.000               0.000         97977634.611   1.00000 
  2741.740           0.659    386.547      45.869       6.133                4.612               0.000               0.000         97977639.223   1.00000 
  2742.740           0.621    386.517      45.869       6.133                4.595               0.000               0.000         97977643.818   1.00000 
  2743.740           0.584    386.488      45.869       6.133                4.577               0.000               0.000         97977648.395   1.00000 
  2744.740           0.547    386.459      45.869       6.133                4.560               0.000               0.000         97977652.955   1.00000 
  2745.740           0.509    386.431      45.869       6.133                4.543               0.000               0.000         97977657.498   1.00000 
  2746.740           0.472    386.404      45.869       6.133                4.526               0.000               0.000         97977662.024   1.00000 
  2747.740           0.435    386.377      45.868       6.133                4.509               0.000               0.000         97977666.533   1.00000 
  2748.740           0.398    386.351      45.868       6.133                4.493               0.000               0.000         97977671.026   1.00000 
  2749.740           0.361    386.325      45.868       6.133                4.476               0.000               0.000         97977675.502   1.00000 
  2750.740           0.324    386.300      45.868       6.133                4.460               0.000               0.000         97977679.961   1.00000 
  2751.740           0.287    386.276      45.868       6.133                4.443               0.000               0.000         97977684.405   1.00000 
  2752.740           0.250    386.252      45.868       6.133                4.427               0.000               0.000         97977688.832   1.00000 
  2753.740           0.213    386.229      45.868       6.133                4.411               0.000               0.000         97977693.243   1.00000 
  2754.740           0.176    386.207      45.868       6.133                4.395               0.000               0.000         97977697.638   1.00000 
  2755.740           0.139    386.185      45.868       6.133                4.379               0.000               0.000         97977702.017   1.00000 
  2756.740           0.102    386.164      45.868       6.133                4.364               0.000               0.000         97977706.381   1.00000 
  2757.740           0.065    386.143      45.868       6.133                4.348               0.000               0.000         97977710.729   1.00000 
  2758.740           0.028    386.123      45.868       6.133                4.333               0.000               0.000         97977715.062   1.00000 
  2759.740           0.000    386.103      45.868       6.133                4.318               0.000               0.000         97977719.379   1.00000 
