#_______________________________________________________________________________
#    ######   ####     ##             #####   #####     ##    #    #    ##
#    #       #        #  #            #    #  #    #   #  #   ##  ##   #  #
#    #####    ####   ######           #    #  #####   ######  # ## #  ######
#    #            #  #    #           #    #  #    #  #    #  #    #  #    #
#____######__#####___#____#___________#####___#____#__#____#__#____#__#____#____
#
#              ESA Debris Risk Assessment and Mitigation Analysis
#
#                      ---- DRAMA ( SESAM 2.1.5 ) ----
#                                      ESA 2018 
#
#                              trajectory history file
#-------------------------------------------------------------------------------
# Filename      : sara.CentCone.a6bfcbfa-60aa-4e7a-bf6f-ed921bdc8db6_Trajectory.txt
# RunID         : sara
# ObjectID      : a6bfcbfa-60aa-4e7a-bf6f-ed921bdc8db6
# ObjectName    : CentCone
# Content       : This file contains the trajectory state data of the object,
#                 computed by the DRAMA 3 Re-entry Analysis.
# Documentation : DRAMA Software User Manual, section OPERATIONS MANUAL / Normal operation / SARA / SARA Simulation Output / Re-entry simulation output
#
#--------------------------------------------------------------------------------------------------------------------------------------------------------------------------------------------
#  Time [s]  Altitude [km]  Lat [deg]  Lon [deg]  Velocity [km/s]   Downrange [km]       Drag       Lift       Side    Knudsen       Mach  Flight Path [deg]  Heading [deg]  Density [kg/m^2]
#--------------------------------------------------------------------------------------------------------------------------------------------------------------------------------------------
  1727.100          92.776      3.905   -136.514            7.319        12480.373      1.194      0.000      0.000    0.03418   26.66246           -0.52612       80.03637         2.082e-06 
  1727.200          92.770      3.907   -136.508            7.319        12481.095      1.194      0.000      0.000    0.03415   26.66219           -0.52625       80.03686         2.084e-06 
  1727.650          92.740      3.912   -136.479            7.318        12484.341      1.193      0.000      0.000    0.03398   26.66091           -0.52686       80.03909         2.094e-06 
  1728.650          92.672      3.923   -136.415            7.317        12491.555      1.190      0.000      0.000    0.03360   26.65793           -0.52824       80.04404         2.118e-06 
  1729.650          92.605      3.934   -136.351            7.315        12498.767      1.188      0.000      0.000    0.03320   26.65458           -0.52964       80.04900         2.144e-06 
  1730.650          92.537      3.945   -136.287            7.313        12505.978      1.186      0.000      0.000    0.03280   26.65110           -0.53108       80.05398         2.170e-06 
  1731.650          92.469      3.957   -136.223            7.312        12513.187      1.183      0.000      0.000    0.03241   26.64749           -0.53256       80.05898         2.196e-06 
  1732.650          92.401      3.968   -136.160            7.310        12520.394      1.181      0.000      0.000    0.03202   26.64375           -0.53407       80.06398         2.223e-06 
  1733.650          92.333      3.979   -136.096            7.308        12527.599      1.179      0.000      0.000    0.03163   26.63985           -0.53561       80.06900         2.251e-06 
  1734.650          92.264      3.990   -136.032            7.306        12534.803      1.176      0.000      0.000    0.03125   26.63583           -0.53719       80.07403         2.278e-06 
  1735.650          92.196      4.002   -135.968            7.305        12542.006      1.174      0.000      0.000    0.03087   26.63168           -0.53880       80.07908         2.307e-06 
  1736.650          92.127      4.013   -135.904            7.303        12549.206      1.172      0.000      0.000    0.03050   26.62735           -0.54045       80.08413         2.335e-06 
  1737.650          92.058      4.024   -135.840            7.301        12556.405      1.170      0.000      0.000    0.03012   26.62290           -0.54213       80.08921         2.364e-06 
  1738.650          91.989      4.035   -135.776            7.299        12563.602      1.168      0.000      0.000    0.02976   26.61832           -0.54385       80.09429         2.394e-06 
  1739.650          91.919      4.046   -135.713            7.297        12570.798      1.166      0.000      0.000    0.02939   26.61356           -0.54560       80.09939         2.423e-06 
  1740.650          91.850      4.058   -135.649            7.295        12577.991      1.163      0.000      0.000    0.02903   26.60866           -0.54740       80.10450         2.454e-06 
  1741.650          91.780      4.069   -135.585            7.293        12585.183      1.161      0.000      0.000    0.02867   26.60363           -0.54923       80.10962         2.485e-06 
  1742.650          91.710      4.080   -135.521            7.291        12592.373      1.159      0.000      0.000    0.02832   26.59842           -0.55109       80.11476         2.516e-06 
  1743.650          91.640      4.091   -135.457            7.289        12599.561      1.158      0.000      0.000    0.02797   26.59306           -0.55300       80.11991         2.548e-06 
  1744.650          91.569      4.102   -135.394            7.288        12606.747      1.156      0.000      0.000    0.02762   26.58758           -0.55494       80.12507         2.580e-06 
  1745.650          91.499      4.113   -135.330            7.286        12613.932      1.154      0.000      0.000    0.02728   26.58200           -0.55692       80.13024         2.613e-06 
  1746.650          91.428      4.124   -135.266            7.284        12621.114      1.152      0.000      0.000    0.02694   26.57594           -0.55895       80.13543         2.646e-06 
  1747.650          91.356      4.136   -135.203            7.281        12628.295      1.150      0.000      0.000    0.02660   26.56989           -0.56101       80.14063         2.679e-06 
  1748.650          91.285      4.147   -135.139            7.279        12635.473      1.148      0.000      0.000    0.02626   26.56390           -0.56311       80.14584         2.714e-06 
  1749.650          91.213      4.158   -135.075            7.277        12642.650      1.147      0.000      0.000    0.02593   26.55756           -0.56525       80.15107         2.749e-06 
  1750.650          91.141      4.169   -135.011            7.275        12649.825      1.145      0.000      0.000    0.02560   26.55105           -0.56744       80.15631         2.784e-06 
  1751.650          91.069      4.180   -134.948            7.273        12656.997      1.143      0.000      0.000    0.02528   26.54438           -0.56966       80.16156         2.820e-06 
  1752.650          90.997      4.191   -134.884            7.271        12664.168      1.142      0.000      0.000    0.02496   26.53754           -0.57193       80.16682         2.857e-06 
  1753.650          90.924      4.202   -134.821            7.269        12671.336      1.140      0.000      0.000    0.02464   26.53054           -0.57424       80.17210         2.894e-06 
  1754.650          90.851      4.213   -134.757            7.267        12678.503      1.139      0.000      0.000    0.02432   26.52343           -0.57659       80.17739         2.932e-06 
  1755.650          90.778      4.224   -134.693            7.264        12685.667      1.137      0.000      0.000    0.02401   26.51622           -0.57899       80.18269         2.970e-06 
  1756.650          90.704      4.235   -134.630            7.262        12692.829      1.136      0.000      0.000    0.02370   26.50889           -0.58143       80.18800         3.009e-06 
  1757.650          90.631      4.246   -134.566            7.260        12699.989      1.134      0.000      0.000    0.02339   26.50144           -0.58391       80.19333         3.049e-06 
  1758.650          90.556      4.257   -134.503            7.257        12707.147      1.133      0.000      0.000    0.02309   26.49388           -0.58644       80.19867         3.090e-06 
  1759.650          90.482      4.268   -134.439            7.255        12714.303      1.131      0.000      0.000    0.02278   26.48620           -0.58902       80.20402         3.131e-06 
  1760.650          90.407      4.279   -134.376            7.253        12721.456      1.130      0.000      0.000    0.02248   26.47840           -0.59164       80.20938         3.173e-06 
  1761.650          90.332      4.290   -134.312            7.250        12728.607      1.129      0.000      0.000    0.02219   26.47055           -0.59431       80.21476         3.215e-06 
  1762.650          90.257      4.301   -134.249            7.248        12735.756      1.127      0.000      0.000    0.02189   26.46251           -0.59703       80.22015         3.258e-06 
  1763.650          90.181      4.312   -134.185            7.245        12742.903      1.126      0.000      0.000    0.02160   26.45426           -0.59979       80.22555         3.303e-06 
  1764.650          90.105      4.323   -134.122            7.243        12750.047      1.125      0.000      0.000    0.02131   26.44595           -0.60261       80.23096         3.347e-06 
  1765.650          90.029      4.334   -134.059            7.240        12757.188      1.124      0.000      0.000    0.02103   26.43751           -0.60547       80.23639         3.393e-06 
  1766.650          89.952      4.345   -133.995            7.238        12764.328      1.123      0.000      0.000    0.02074   26.42894           -0.60838       80.24182         3.440e-06 
  1767.650          89.875      4.356   -133.932            7.235        12771.465      1.122      0.000      0.000    0.02046   26.42023           -0.61134       80.24727         3.487e-06 
  1768.650          89.798      4.367   -133.869            7.233        12778.599      1.121      0.000      0.000    0.02019   26.41139           -0.61436       80.25273         3.535e-06 
  1769.650          89.720      4.378   -133.805            7.230        12785.731      1.120      0.000      0.000    0.01991   26.40239           -0.61742       80.25821         3.585e-06 
  1770.650          89.642      4.389   -133.742            7.227        12792.860      1.119      0.000      0.000    0.01964   26.39325           -0.62054       80.26369         3.635e-06 
  1771.650          89.563      4.400   -133.679            7.225        12799.987      1.118      0.000      0.000    0.01937   26.38396           -0.62371       80.26919         3.686e-06 
  1772.650          89.485      4.411   -133.615            7.222        12807.111      1.117      0.000      0.000    0.01910   26.37453           -0.62694       80.27470         3.738e-06 
  1773.650          89.405      4.421   -133.552            7.219        12814.233      1.116      0.000      0.000    0.01883   26.36495           -0.63022       80.28022         3.791e-06 
  1774.650          89.326      4.432   -133.489            7.216        12821.351      1.115      0.000      0.000    0.01857   26.35520           -0.63355       80.28575         3.845e-06 
  1775.650          89.246      4.443   -133.426            7.214        12828.468      1.114      0.000      0.000    0.01831   26.34530           -0.63694       80.29130         3.900e-06 
  1776.650          89.165      4.454   -133.363            7.211        12835.581      1.113      0.000      0.000    0.01805   26.33522           -0.64039       80.29685         3.956e-06 
  1777.650          89.085      4.465   -133.300            7.208        12842.691      1.112      0.000      0.000    0.01779   26.32491           -0.64390       80.30242         4.013e-06 
  1778.650          89.003      4.476   -133.236            7.205        12849.799      1.112      0.000      0.000    0.01754   26.31461           -0.64746       80.30800         4.071e-06 
  1779.650          88.922      4.486   -133.173            7.202        12856.904      1.111      0.000      0.000    0.01728   26.30407           -0.65108       80.31359         4.131e-06 
  1780.650          88.840      4.497   -133.110            7.199        12864.006      1.110      0.000      0.000    0.01704   26.29333           -0.65477       80.31919         4.191e-06 
  1781.650          88.757      4.508   -133.047            7.196        12871.105      1.110      0.000      0.000    0.01679   26.28242           -0.65851       80.32481         4.253e-06 
  1782.650          88.674      4.519   -132.984            7.192        12878.201      1.109      0.000      0.000    0.01654   26.27133           -0.66231       80.33043         4.316e-06 
  1783.650          88.591      4.530   -132.921            7.189        12885.294      1.109      0.000      0.000    0.01630   26.26006           -0.66618       80.33607         4.381e-06 
  1784.650          88.507      4.540   -132.858            7.186        12892.384      1.108      0.000      0.000    0.01606   26.24860           -0.67011       80.34172         4.446e-06 
  1785.650          88.423      4.551   -132.795            7.183        12899.470      1.108      0.000      0.000    0.01582   26.23695           -0.67411       80.34738         4.514e-06 
  1786.650          88.338      4.562   -132.732            7.179        12906.554      1.107      0.000      0.000    0.01559   26.22510           -0.67817       80.35305         4.582e-06 
  1787.650          88.253      4.573   -132.669            7.176        12913.634      1.107      0.000      0.000    0.01535   26.21306           -0.68230       80.35873         4.652e-06 
  1788.650          88.167      4.583   -132.607            7.173        12920.711      1.106      0.000      0.000    0.01512   26.20083           -0.68649       80.36442         4.723e-06 
  1789.650          88.081      4.594   -132.544            7.169        12927.785      1.106      0.000      0.000    0.01489   26.18838           -0.69076       80.37013         4.796e-06 
  1790.650          87.994      4.605   -132.481            7.166        12934.856      1.105      0.000      0.000    0.01466   26.17573           -0.69509       80.37584         4.871e-06 
  1791.650          87.907      4.615   -132.418            7.162        12941.923      1.105      0.000      0.000    0.01444   26.16286           -0.69949       80.38157         4.947e-06 
  1792.650          87.819      4.626   -132.355            7.158        12948.986      1.105      0.000      0.000    0.01422   26.14978           -0.70397       80.38730         5.024e-06 
  1793.650          87.731      4.637   -132.293            7.155        12956.046      1.104      0.000      0.000    0.01400   26.13648           -0.70851       80.39305         5.104e-06 
  1794.650          87.643      4.647   -132.230            7.151        12963.103      1.104      0.000      0.000    0.01378   26.12295           -0.71313       80.39881         5.185e-06 
  1795.650          87.553      4.658   -132.167            7.147        12970.155      1.104      0.000      0.000    0.01356   26.10920           -0.71783       80.40458         5.268e-06 
  1796.650          87.463      4.669   -132.105            7.143        12977.204      1.104      0.000      0.000    0.01335   26.09521           -0.72260       80.41036         5.353e-06 
  1797.650          87.373      4.679   -132.042            7.139        12984.250      1.103      0.000      0.000    0.01313   26.08099           -0.72745       80.41615         5.439e-06 
  1798.650          87.282      4.690   -131.980            7.135        12991.291      1.103      0.000      0.000    0.01292   26.06653           -0.73238       80.42195         5.528e-06 
  1799.650          87.191      4.700   -131.917            7.131        12998.329      1.103      0.000      0.000    0.01272   26.05182           -0.73738       80.42777         5.618e-06 
  1800.650          87.099      4.711   -131.854            7.127        13005.363      1.103      0.000      0.000    0.01251   26.03686           -0.74247       80.43359         5.711e-06 
  1801.650          87.006      4.721   -131.792            7.123        13012.393      1.103      0.000      0.000    0.01231   26.02164           -0.74764       80.43942         5.806e-06 
  1802.650          86.913      4.732   -131.730            7.119        13019.418      1.103      0.000      0.000    0.01210   26.00616           -0.75290       80.44526         5.903e-06 
  1803.650          86.819      4.743   -131.667            7.115        13026.440      1.103      0.000      0.000    0.01190   25.99043           -0.75824       80.45112         6.002e-06 
  1804.650          86.724      4.753   -131.605            7.110        13033.457      1.103      0.000      0.000    0.01171   25.97442           -0.76366       80.45698         6.103e-06 
  1805.650          86.629      4.764   -131.542            7.106        13040.471      1.103      0.000      0.000    0.01151   25.95814           -0.76918       80.46285         6.207e-06 
  1806.650          86.534      4.774   -131.480            7.101        13047.479      1.102      0.000      0.000    0.01132   25.94158           -0.77478       80.46874         6.314e-06 
  1807.650          86.437      4.785   -131.418            7.097        13054.484      1.102      0.000      0.000    0.01112   25.92473           -0.78047       80.47463         6.423e-06 
  1808.650          86.340      4.795   -131.356            7.092        13061.484      1.102      0.000      0.000    0.01093   25.90760           -0.78626       80.48053         6.535e-06 
  1809.650          86.243      4.805   -131.293            7.087        13068.479      1.102      0.000      0.000    0.01075   25.89017           -0.79214       80.48645         6.649e-06 
  1810.650          86.144      4.816   -131.231            7.082        13075.470      1.102      0.000      0.000    0.01056   25.87245           -0.79812       80.49237         6.767e-06 
  1811.650          86.045      4.826   -131.169            7.078        13082.456      1.102      0.000      0.000    0.01038   25.85442           -0.80419       80.49830         6.887e-06 
  1812.650          85.946      4.837   -131.107            7.073        13089.438      1.102      0.000      0.000    0.01020   25.83033           -0.81037       80.50424         7.007e-06 
  1813.650          85.845      4.847   -131.045            7.067        13096.414      1.102      0.000      0.000    0.01003   25.79796           -0.81664       80.51019         7.125e-06 
  1814.650          85.744      4.858   -130.983            7.062        13103.386      1.102      0.000      0.000    0.00986   25.76526           -0.82302       80.51615         7.247e-06 
  1815.650          85.642      4.868   -130.921            7.057        13110.352      1.102      0.000      0.000    0.00969   25.73219           -0.82950       80.52212         7.371e-06 
  1816.650          85.540      4.878   -130.859            7.052        13117.313      1.102      0.000      0.000    0.00953   25.69876           -0.83608       80.52810         7.498e-06 
  1817.650          85.437      4.889   -130.798            7.046        13124.270      1.102      0.000      0.000    0.00937   25.66492           -0.84278       80.53409         7.628e-06 
  1818.650          85.333      4.899   -130.736            7.041        13131.221      1.102      0.000      0.000    0.00921   25.63068           -0.84958       80.54009         7.761e-06 
  1819.650          85.228      4.909   -130.674            7.035        13138.166      1.102      0.000      0.000    0.00905   25.59608           -0.85650       80.54609         7.897e-06 
  1820.650          85.122      4.920   -130.612            7.030        13145.106      1.102      0.000      0.000    0.00889   25.56106           -0.86353       80.55211         8.037e-06 
  1821.650          85.016      4.930   -130.551            7.024        13152.041      1.102      0.000      0.000    0.00874   25.52563           -0.87067       80.55813         8.180e-06 
  1822.650          84.909      4.940   -130.489            7.018        13158.970      1.102      0.000      0.000    0.00858   25.48977           -0.87794       80.56416         8.326e-06 
  1823.650          84.801      4.950   -130.427            7.012        13165.893      1.102      0.000      0.000    0.00843   25.45349           -0.88532       80.57020         8.476e-06 
  1824.650          84.692      4.961   -130.366            7.006        13172.810      1.102      0.000      0.000    0.00828   25.41677           -0.89282       80.57625         8.630e-06 
  1825.650          84.582      4.971   -130.304            7.000        13179.721      1.102      0.000      0.000    0.00813   25.37966           -0.90045       80.58231         8.787e-06 
  1826.650          84.472      4.981   -130.243            6.993        13186.627      1.102      0.000      0.000    0.00799   25.34200           -0.90820       80.58838         8.949e-06 
  1827.650          84.361      4.991   -130.182            6.987        13193.526      1.102      0.000      0.000    0.00784   25.30392           -0.91608       80.59445         9.114e-06 
  1828.650          84.249      5.001   -130.120            6.981        13200.419      1.102      0.000      0.000    0.00770   25.26538           -0.92410       80.60053         9.284e-06 
  1829.650          84.136      5.012   -130.059            6.974        13207.305      1.102      0.000      0.000    0.00756   25.22639           -0.93224       80.60662         9.458e-06 
  1830.650          84.022      5.022   -129.998            6.967        13214.185      1.102      0.000      0.000    0.00742   25.18687           -0.94053       80.61272         9.637e-06 
  1831.650          83.907      5.032   -129.937            6.960        13221.059      1.102      0.000      0.000    0.00728   25.14684           -0.94894       80.61882         9.820e-06 
  1832.650          83.791      5.042   -129.876            6.953        13227.925      1.102      0.000      0.000    0.00714   25.10632           -0.95751       80.62493         1.001e-05 
  1833.650          83.674      5.052   -129.815            6.946        13234.785      1.102      0.000      0.000    0.00701   25.06529           -0.96621       80.63105         1.020e-05 
  1834.650          83.557      5.062   -129.754            6.939        13241.638      1.102      0.000      0.000    0.00687   25.02373           -0.97506       80.63718         1.040e-05 
  1835.650          83.438      5.072   -129.693            6.932        13248.484      1.102      0.000      0.000    0.00674   24.98163           -0.98406       80.64331         1.060e-05 
  1836.650          83.319      5.082   -129.632            6.924        13255.323      1.102      0.000      0.000    0.00661   24.93900           -0.99321       80.64946         1.081e-05 
  1837.650          83.198      5.092   -129.571            6.917        13262.154      1.102      0.000      0.000    0.00648   24.89580           -1.00251       80.65560         1.102e-05 
  1838.650          83.077      5.102   -129.510            6.909        13268.978      1.102      0.000      0.000    0.00636   24.85202           -1.01197       80.66176         1.124e-05 
  1839.650          82.954      5.112   -129.450            6.901        13275.794      1.102      0.000      0.000    0.00623   24.80769           -1.02160       80.66792         1.147e-05 
  1840.650          82.831      5.122   -129.389            6.893        13282.603      1.102      0.000      0.000    0.00611   24.76277           -1.03138       80.67409         1.170e-05 
  1841.650          82.706      5.132   -129.329            6.885        13289.403      1.102      0.000      0.000    0.00599   24.71722           -1.04134       80.68026         1.194e-05 
  1842.650          82.580      5.142   -129.268            6.876        13296.196      1.102      0.000      0.000    0.00587   24.67105           -1.05146       80.68644         1.219e-05 
  1843.650          82.454      5.152   -129.208            6.868        13302.980      1.102      0.000      0.000    0.00575   24.62427           -1.06176       80.69262         1.244e-05 
  1844.650          82.326      5.162   -129.147            6.859        13309.756      1.102      0.000      0.000    0.00563   24.57684           -1.07223       80.69881         1.270e-05 
  1845.650          82.197      5.172   -129.087            6.850        13316.523      1.102      0.000      0.000    0.00551   24.52877           -1.08289       80.70501         1.297e-05 
  1846.650          82.067      5.182   -129.027            6.841        13323.282      1.102      0.000      0.000    0.00540   24.48002           -1.09373       80.71121         1.324e-05 
  1847.650          81.936      5.192   -128.967            6.832        13330.032      1.102      0.000      0.000    0.00529   24.43061           -1.10476       80.71742         1.352e-05 
  1848.650          81.803      5.202   -128.907            6.823        13336.772      1.102      0.000      0.000    0.00518   24.38048           -1.11598       80.72363         1.381e-05 
  1849.650          81.670      5.211   -128.847            6.813        13343.504      1.102      0.000      0.000    0.00507   24.32965           -1.12740       80.72985         1.411e-05 
  1850.650          81.535      5.221   -128.787            6.804        13350.226      1.102      0.000      0.000    0.00496   24.27810           -1.13902       80.73607         1.442e-05 
  1851.650          81.399      5.231   -128.728            6.794        13356.939      1.102      0.000      0.000    0.00485   24.22581           -1.15084       80.74230         1.474e-05 
  1852.650          81.262      5.241   -128.668            6.784        13363.641      1.102      0.000      0.000    0.00475   24.17276           -1.16287       80.74853         1.506e-05 
  1853.650          81.124      5.250   -128.608            6.773        13370.334      1.102      0.000      0.000    0.00464   24.11895           -1.17512       80.75476         1.540e-05 
  1854.650          80.985      5.260   -128.549            6.763        13377.017      1.102      0.000      0.000    0.00454   24.06435           -1.18758       80.76100         1.574e-05 
  1855.650          80.844      5.270   -128.489            6.752        13383.689      1.102      0.000      0.000    0.00444   24.00895           -1.20027       80.76724         1.610e-05 
  1856.650          80.702      5.279   -128.430            6.741        13390.351      1.102      0.000      0.000    0.00434   23.95273           -1.21318       80.77348         1.647e-05 
  1857.650          80.558      5.289   -128.371            6.730        13397.002      1.102      0.000      0.000    0.00424   23.89567           -1.22633       80.77973         1.685e-05 
  1858.650          80.414      5.299   -128.312            6.719        13403.642      1.102      0.000      0.000    0.00415   23.83776           -1.23972       80.78598         1.724e-05 
  1859.650          80.268      5.308   -128.253            6.707        13410.270      1.102      0.000      0.000    0.00405   23.77898           -1.25335       80.79224         1.764e-05 
  1860.650          80.120      5.318   -128.194            6.695        13416.887      1.102      0.000      0.000    0.00396   23.71930           -1.26722       80.79849         1.806e-05 
  1861.650          79.971      5.327   -128.135            6.683        13423.493      1.102      0.000      0.000    0.00387   23.65870           -1.28136       80.80475         1.849e-05 
  1862.650          79.821      5.337   -128.076            6.671        13430.086      1.102      0.000      0.000    0.00378   23.59720           -1.29575       80.81101         1.893e-05 
  1863.650          79.670      5.346   -128.018            6.658        13436.667      1.102      0.000      0.000    0.00369   23.53473           -1.31041       80.81727         1.939e-05 
  1864.650          79.517      5.356   -127.959            6.645        13443.236      1.102      0.000      0.000    0.00360   23.47129           -1.32534       80.82353         1.986e-05 
  1865.650          79.362      5.365   -127.901            6.632        13449.792      1.102      0.000      0.000    0.00351   23.40683           -1.34056       80.82979         2.035e-05 
  1866.650          79.207      5.375   -127.843            6.618        13456.335      1.102      0.000      0.000    0.00343   23.34138           -1.35605       80.83606         2.085e-05 
  1867.650          79.049      5.384   -127.784            6.605        13462.864      1.102      0.000      0.000    0.00335   23.27488           -1.37184       80.84232         2.137e-05 
  1868.650          78.890      5.393   -127.726            6.591        13469.380      1.102      0.000      0.000    0.00326   23.20730           -1.38793       80.84858         2.190e-05 
  1869.650          78.730      5.403   -127.668            6.576        13475.882      1.102      0.000      0.000    0.00318   23.13863           -1.40433       80.85484         2.246e-05 
  1870.650          78.568      5.412   -127.611            6.562        13482.370      1.102      0.000      0.000    0.00310   23.06883           -1.42104       80.86111         2.303e-05 
  1871.650          78.404      5.421   -127.553            6.547        13488.843      1.102      0.000      0.000    0.00303   22.99789           -1.43807       80.86737         2.363e-05 
  1872.650          78.239      5.431   -127.495            6.531        13495.302      1.102      0.000      0.000    0.00295   22.92577           -1.45544       80.87363         2.424e-05 
  1873.650          78.073      5.440   -127.438            6.516        13501.745      1.102      0.000      0.000    0.00287   22.85245           -1.47314       80.87988         2.488e-05 
  1874.650          77.904      5.449   -127.381            6.500        13508.173      1.102      0.000      0.000    0.00280   22.77790           -1.49118       80.88614         2.553e-05 
  1875.650          77.734      5.458   -127.324            6.483        13514.585      1.102      0.000      0.000    0.00273   22.70209           -1.50959       80.89239         2.621e-05 
  1876.650          77.563      5.467   -127.267            6.467        13520.980      1.102      0.000      0.000    0.00266   22.62498           -1.52836       80.89864         2.691e-05 
  1877.650          77.389      5.477   -127.210            6.449        13527.359      1.102      0.000      0.000    0.00259   22.54655           -1.54750       80.90489         2.764e-05 
  1878.650          77.214      5.486   -127.153            6.432        13533.721      1.102      0.000      0.000    0.00252   22.46678           -1.56702       80.91113         2.840e-05 
  1879.650          77.038      5.495   -127.097            6.414        13540.066      1.102      0.000      0.000    0.00245   22.38561           -1.58694       80.91736         2.918e-05 
  1880.650          76.859      5.504   -127.040            6.396        13546.393      1.102      0.000      0.000    0.00238   22.30302           -1.60726       80.92360         2.999e-05 
  1881.650          76.679      5.513   -126.984            6.377        13552.702      1.102      0.000      0.000    0.00232   22.21899           -1.62800       80.92982         3.083e-05 
  1882.650          76.497      5.522   -126.928            6.358        13558.992      1.102      0.000      0.000    0.00226   22.13346           -1.64916       80.93605         3.170e-05 
  1883.650          76.313      5.531   -126.872            6.338        13565.263      1.102      0.000      0.000    0.00219   22.04642           -1.67076       80.94226         3.260e-05 
  1884.650          76.127      5.540   -126.816            6.318        13571.515      1.102      0.000      0.000    0.00213   21.95781           -1.69280       80.94847         3.353e-05 
  1885.650          75.940      5.548   -126.761            6.298        13577.747      1.102      0.000      0.000    0.00207   21.86762           -1.71531       80.95467         3.450e-05 
  1886.650          75.750      5.557   -126.706            6.277        13583.959      1.102      0.000      0.000    0.00201   21.77578           -1.73829       80.96087         3.551e-05 
  1887.650          75.559      5.566   -126.650            6.255        13590.149      1.102      0.000      0.000    0.00196   21.68228           -1.76176       80.96705         3.655e-05 
  1888.650          75.365      5.575   -126.595            6.233        13596.318      1.102      0.000      0.000    0.00190   21.58707           -1.78573       80.97323         3.764e-05 
  1889.650          75.170      5.584   -126.541            6.211        13602.466      1.102      0.000      0.000    0.00184   21.49011           -1.81021       80.97940         3.876e-05 
  1890.650          74.973      5.592   -126.486            6.188        13608.591      1.102      0.000      0.000    0.00179   21.39136           -1.83522       80.98556         3.993e-05 
  1891.650          74.774      5.601   -126.432            6.164        13614.693      1.102      0.000      0.000    0.00174   21.29080           -1.86077       80.99171         4.115e-05 
  1892.650          74.573      5.609   -126.377            6.140        13620.772      1.102      0.000      0.000    0.00169   21.18833           -1.88688       80.99785         4.241e-05 
  1893.650          74.370      5.618   -126.323            6.116        13626.826      1.102      0.000      0.000    0.00164   21.08397           -1.91357       81.00398         4.372e-05 
  1894.650          74.164      5.627   -126.270            6.090        13632.856      1.102      0.000      0.000    0.00159   20.97764           -1.94085       81.01010         4.509e-05 
  1895.650          73.957      5.635   -126.216            6.064        13638.861      1.102      0.000      0.000    0.00154   20.86932           -1.96873       81.01620         4.650e-05 
  1896.650          73.748      5.643   -126.163            6.038        13644.841      1.102      0.000      0.000    0.00149   20.75895           -1.99725       81.02229         4.798e-05 
  1897.650          73.536      5.652   -126.110            6.011        13650.793      1.102      0.000      0.000    0.00144   20.64649           -2.02640       81.02837         4.951e-05 
  1898.650          73.323      5.660   -126.057            5.983        13656.719      1.102      0.000      0.000    0.00140   20.53189           -2.05623       81.03444         5.111e-05 
  1899.650          73.107      5.668   -126.004            5.955        13662.617      1.102      0.000      0.000    0.00135   20.41511           -2.08673       81.04049         5.277e-05 
  1900.650          72.889      5.677   -125.952            5.926        13668.487      1.102      0.000      0.000    0.00131   20.29610           -2.11795       81.04652         5.450e-05 
  1901.650          72.669      5.685   -125.900            5.896        13674.328      1.102      0.000      0.000    0.00127   20.17482           -2.14988       81.05254         5.629e-05 
  1902.650          72.447      5.693   -125.848            5.865        13680.139      1.102      0.000      0.000    0.00123   20.05123           -2.18257       81.05855         5.817e-05 
  1903.650          72.222      5.701   -125.797            5.834        13685.919      1.102      0.000      0.000    0.00119   19.92528           -2.21603       81.06453         6.012e-05 
  1904.650          71.995      5.709   -125.745            5.802        13691.669      1.102      0.000      0.000    0.00115   19.79691           -2.25028       81.07050         6.216e-05 
  1905.650          71.766      5.717   -125.694            5.769        13697.386      1.102      0.000      0.000    0.00111   19.66585           -2.28535       81.07645         6.427e-05 
  1906.650          71.535      5.725   -125.644            5.736        13703.071      1.102      0.000      0.000    0.00108   19.52440           -2.32127       81.08237         6.643e-05 
  1907.650          71.302      5.733   -125.593            5.702        13708.723      1.102      0.000      0.000    0.00104   19.38058           -2.35806       81.08828         6.867e-05 
  1908.650          71.066      5.741   -125.543            5.667        13714.341      1.102      0.000      0.000    0.00101   19.23437           -2.39575       81.09416         7.100e-05 
  1909.650          70.828      5.749   -125.493            5.631        13719.923      1.102      0.000      0.000    0.00097   19.08575           -2.43436       81.10002         7.343e-05 
  1910.650          70.588      5.757   -125.444            5.594        13725.470      1.102      0.000      0.000    0.00094   18.93466           -2.47393       81.10586         7.595e-05 
  1911.650          70.345      5.764   -125.395            5.557        13730.980      1.102      0.000      0.000    0.00091   18.78110           -2.51448       81.11167         7.859e-05 
  1912.650          70.100      5.772   -125.346            5.519        13736.454      1.102      0.000      0.000    0.00088   18.62503           -2.55605       81.11745         8.133e-05 
  1913.650          69.853      5.780   -125.297            5.480        13741.889      1.102      0.000      0.000    0.00085   18.46644           -2.59866       81.12320         8.418e-05 
  1914.650          69.603      5.787   -125.249            5.440        13747.285      1.102      0.000      0.000    0.00082   18.30529           -2.64235       81.12892         8.716e-05 
  1915.650          69.351      5.795   -125.202            5.399        13752.641      1.102      0.000      0.000    0.00079   18.14158           -2.68716       81.13461         9.026e-05 
  1916.650          69.097      5.802   -125.154            5.358        13757.957      1.102      0.000      0.000    0.00076   17.97528           -2.73312       81.14026         9.349e-05 
  1917.650          68.840      5.809   -125.107            5.315        13763.231      1.102      0.000      0.000    0.00074   17.80640           -2.78026       81.14587         9.686e-05 
  1918.650          68.581      5.817   -125.060            5.272        13768.463      1.101      0.000      0.000    0.00071   17.63491           -2.82863       81.15145         1.004e-04 
  1919.650          68.320      5.824   -125.014            5.228        13773.651      1.101      0.000      0.000    0.00069   17.46081           -2.87826       81.15698         1.040e-04 
  1920.650          68.056      5.831   -124.968            5.183        13778.796      1.101      0.000      0.000    0.00066   17.28410           -2.92920       81.16247         1.078e-04 
  1921.650          67.790      5.838   -124.923            5.137        13783.895      1.101      0.000      0.000    0.00064   17.10479           -2.98148       81.16791         1.118e-04 
  1922.650          67.522      5.845   -124.878            5.090        13788.949      1.101      0.000      0.000    0.00062   16.92287           -3.03516       81.17330         1.160e-04 
  1923.650          67.251      5.852   -124.833            5.042        13793.955      1.101      0.000      0.000    0.00059   16.73837           -3.09027       81.17864         1.203e-04 
  1924.650          66.978      5.859   -124.789            4.994        13798.914      1.101      0.000      0.000    0.00057   16.55129           -3.14686       81.18393         1.248e-04 
  1925.650          66.703      5.866   -124.745            4.944        13803.825      1.101      0.000      0.000    0.00055   16.36165           -3.20499       81.18916         1.295e-04 
  1926.650          66.425      5.872   -124.702            4.894        13808.686      1.101      0.000      0.000    0.00053   16.16949           -3.26469       81.19434         1.344e-04 
  1927.650          66.145      5.879   -124.659            4.842        13813.497      1.101      0.000      0.000    0.00051   15.97483           -3.32604       81.19945         1.396e-04 
  1928.650          65.863      5.886   -124.616            4.790        13818.256      1.101      0.000      0.000    0.00049   15.77771           -3.38907       81.20450         1.449e-04 
  1929.650          65.579      5.892   -124.574            4.737        13822.963      1.101      0.000      0.000    0.00048   15.57817           -3.45384       81.20948         1.505e-04 
  1930.650          65.293      5.899   -124.533            4.683        13827.618      1.101      0.000      0.000    0.00046   15.37626           -3.52042       81.21440         1.563e-04 
  1931.650          65.004      5.905   -124.492            4.628        13832.218      1.101      0.000      0.000    0.00044   15.17204           -3.58886       81.21924         1.623e-04 
  1932.650          64.713      5.911   -124.451            4.573        13836.764      1.101      0.000      0.000    0.00042   14.96557           -3.65923       81.22402         1.687e-04 
  1933.650          64.420      5.917   -124.411            4.516        13841.254      1.101      0.000      0.000    0.00041   14.75694           -3.73158       81.22872         1.753e-04 
  1934.650          64.125      5.924   -124.371            4.459        13845.688      1.101      0.000      0.000    0.00039   14.54621           -3.80599       81.23334         1.822e-04 
  1935.650          63.828      5.930   -124.332            4.401        13850.065      1.101      0.000      0.000    0.00038   14.33350           -3.88252       81.23789         1.893e-04 
  1936.650          63.529      5.935   -124.294            4.342        13854.384      1.101      0.000      0.000    0.00036   14.11890           -3.96125       81.24235         1.968e-04 
  1937.650          63.228      5.941   -124.256            4.283        13858.644      1.100      0.000      0.000    0.00035   13.90250           -4.04224       81.24674         2.046e-04 
  1938.650          62.926      5.947   -124.218            4.222        13862.844      1.100      0.000      0.000    0.00034   13.68443           -4.12558       81.25105         2.128e-04 
  1939.650          62.621      5.953   -124.181            4.162        13866.985      1.100      0.000      0.000    0.00032   13.46479           -4.21134       81.25527         2.213e-04 
  1940.650          62.314      5.958   -124.145            4.100        13871.065      1.100      0.000      0.000    0.00031   13.24372           -4.29961       81.25940         2.301e-04 
  1941.650          62.006      5.964   -124.109            4.038        13875.084      1.100      0.000      0.000    0.00030   13.02135           -4.39047       81.26345         2.393e-04 
  1942.650          61.696      5.969   -124.074            3.975        13879.040      1.100      0.000      0.000    0.00029   12.79782           -4.48400       81.26741         2.490e-04 
  1943.650          61.385      5.975   -124.039            3.912        13882.934      1.100      0.000      0.000    0.00028   12.57326           -4.58031       81.27129         2.590e-04 
  1944.650          61.071      5.980   -124.005            3.848        13886.766      1.100      0.000      0.000    0.00027   12.34783           -4.67947       81.27507         2.694e-04 
  1945.650          60.757      5.985   -123.971            3.784        13890.533      1.100      0.000      0.000    0.00026   12.12169           -4.78160       81.27877         2.803e-04 
  1946.650          60.441      5.990   -123.938            3.719        13894.237      1.099      0.000      0.000    0.00025   11.89500           -4.88679       81.28237         2.916e-04 
  1947.650          60.123      5.995   -123.906            3.655        13897.876      1.099      0.000      0.000    0.00024   11.66792           -4.99514       81.28589         3.034e-04 
  1948.650          59.804      6.000   -123.874            3.589        13901.451      1.099      0.000      0.000    0.00023   11.44063           -5.10677       81.28932         3.157e-04 
  1949.650          59.484      6.005   -123.842            3.524        13904.961      1.099      0.000      0.000    0.00022   11.21329           -5.22179       81.29266         3.285e-04 
  1950.650          59.163      6.010   -123.812            3.458        13908.405      1.099      0.000      0.000    0.00021   10.98607           -5.34031       81.29592         3.419e-04 
  1951.650          58.840      6.014   -123.781            3.392        13911.785      1.099      0.000      0.000    0.00020   10.75916           -5.46245       81.29909         3.557e-04 
  1952.650          58.517      6.019   -123.752            3.327        13915.098      1.099      0.000      0.000    0.00019   10.53273           -5.58833       81.30217         3.701e-04 
  1953.650          58.193      6.023   -123.723            3.261        13918.347      1.099      0.000      0.000    0.00019   10.30695           -5.71810       81.30517         3.851e-04 
  1954.650          57.867      6.028   -123.694            3.195        13921.529      1.098      0.000      0.000    0.00018   10.08202           -5.85187       81.30809         4.007e-04 
  1955.650          57.541      6.032   -123.667            3.129        13924.646      1.098      0.000      0.000    0.00017    9.85812           -5.98980       81.31093         4.169e-04 
  1956.650          57.214      6.036   -123.639            3.063        13927.698      1.097      0.000      0.000    0.00016    9.63550           -6.13201       81.31369         4.338e-04 
  1957.650          56.887      6.040   -123.613            2.998        13930.685      1.097      0.000      0.000    0.00016    9.41433           -6.27865       81.31637         4.513e-04 
  1958.650          56.559      6.044   -123.587            2.933        13933.606      1.096      0.000      0.000    0.00015    9.19479           -6.42988       81.31897         4.695e-04 
  1959.650          56.230      6.048   -123.561            2.868        13936.463      1.096      0.000      0.000    0.00015    8.97704           -6.58585       81.32151         4.884e-04 
  1960.650          55.901      6.052   -123.536            2.804        13939.255      1.095      0.000      0.000    0.00014    8.76125           -6.74672       81.32396         5.080e-04 
  1961.650          55.571      6.055   -123.512            2.740        13941.984      1.094      0.000      0.000    0.00014    8.54756           -6.91266       81.32635         5.283e-04 
  1962.650          55.241      6.059   -123.488            2.676        13944.648      1.094      0.000      0.000    0.00013    8.33613           -7.08384       81.32866         5.494e-04 
  1963.650          54.911      6.063   -123.465            2.613        13947.250      1.093      0.000      0.000    0.00013    8.12710           -7.26044       81.33090         5.713e-04 
  1964.650          54.581      6.066   -123.442            2.551        13949.789      1.093      0.000      0.000    0.00012    7.92062           -7.44263       81.33307         5.940e-04 
  1965.650          54.250      6.070   -123.420            2.489        13952.267      1.092      0.000      0.000    0.00012    7.71681           -7.63062       81.33517         6.175e-04 
  1966.650          53.920      6.073   -123.398            2.428        13954.683      1.092      0.000      0.000    0.00011    7.51579           -7.82459       81.33719         6.419e-04 
  1967.650          53.589      6.076   -123.377            2.368        13957.038      1.091      0.000      0.000    0.00011    7.31767           -8.02474       81.33914         6.672e-04 
  1968.650          53.259      6.079   -123.357            2.308        13959.333      1.091      0.000      0.000    0.00010    7.12256           -8.23128       81.34102         6.933e-04 
  1969.650          52.928      6.082   -123.337            2.249        13961.570      1.090      0.000      0.000    0.00010    6.93056           -8.44443       81.34283         7.204e-04 
  1970.650          52.598      6.085   -123.317            2.191        13963.748      1.089      0.000      0.000    0.00010    6.74176           -8.66439       81.34457         7.485e-04 
  1971.650          52.268      6.088   -123.298            2.134        13965.868      1.089      0.000      0.000    0.00009    6.55624           -8.89139       81.34623         7.775e-04 
  1972.650          51.938      6.091   -123.280            2.078        13967.932      1.088      0.000      0.000    0.00009    6.37407           -9.12567       81.34782         8.075e-04 
  1973.650          51.609      6.094   -123.262            2.023        13969.940      1.088      0.000      0.000    0.00009    6.19533           -9.36745       81.34934         8.386e-04 
  1974.650          51.280      6.096   -123.245            1.969        13971.893      1.088      0.000      0.000    0.00008    6.02285           -9.61697       81.35078         8.715e-04 
  1975.650          50.951      6.099   -123.228            1.915        13973.792      1.087      0.000      0.000    0.00008    5.86036           -9.87450       81.35215         9.078e-04 
  1976.650          50.623      6.101   -123.211            1.863        13975.637      1.087      0.000      0.000    0.00008    5.70034          -10.14033       81.35343         9.456e-04 
  1977.650          50.295      6.104   -123.195            1.811        13977.431      1.086      0.000      0.000    0.00007    5.54284          -10.41473       81.35464         9.849e-04 
  1978.650          49.968      6.106   -123.180            1.760        13979.173      1.086      0.000      0.000    0.00007    5.38795          -10.69800       81.35577         1.026e-03 
  1979.650          49.642      6.108   -123.165            1.710        13980.864      1.085      0.000      0.000    0.00007    5.23574          -10.99045       81.35685         1.068e-03 
  1980.650          49.316      6.111   -123.150            1.661        13982.505      1.085      0.000      0.000    0.00006    5.08632          -11.29239       81.35785         1.112e-03 
  1981.650          48.991      6.113   -123.136            1.613        13984.097      1.085      0.000      0.000    0.00006    4.93973          -11.60413       81.35877         1.158e-03 
  1982.650          48.667      6.115   -123.122            1.566        13985.642      1.085      0.000      0.000    0.00006    4.79599          -11.92600       81.35961         1.206e-03 
  1983.650          48.344      6.117   -123.109            1.520        13987.139      1.085      0.000      0.000    0.00006    4.65516          -12.25835       81.36036         1.255e-03 
  1984.650          48.022      6.119   -123.096            1.475        13988.590      1.085      0.000      0.000    0.00005    4.51729          -12.60152       81.36102         1.307e-03 
  1985.650          47.701      6.121   -123.083            1.431        13989.997      1.085      0.000      0.000    0.00005    4.38243          -12.95587       81.36160         1.360e-03 
  1986.650          47.380      6.123   -123.071            1.387        13991.359      1.085      0.000      0.000    0.00005    4.25061          -13.32174       81.36209         1.415e-03 
  1987.650          47.061      6.124   -123.059            1.345        13992.678      1.085      0.000      0.000    0.00005    4.12697          -13.69953       81.36249         1.476e-03 
  1988.650          46.743      6.126   -123.048            1.304        13993.954      1.085      0.000      0.000    0.00005    4.00714          -14.08965       81.36279         1.541e-03 
  1989.650          46.426      6.128   -123.037            1.264        13995.189      1.085      0.000      0.000    0.00004    3.88965          -14.49253       81.36300         1.609e-03 
  1990.650          46.111      6.129   -123.026            1.224        13996.384      1.085      0.000      0.000    0.00004    3.77455          -14.90861       81.36310         1.679e-03 
  1991.650          45.796      6.131   -123.016            1.186        13997.538      1.085      0.000      0.000    0.00004    3.66188          -15.33834       81.36310         1.753e-03 
  1992.650          45.484      6.133   -123.006            1.148        13998.655      1.085      0.000      0.000    0.00004    3.55169          -15.78218       81.36301         1.830e-03 
  1993.650          45.172      6.134   -122.996            1.111        13999.733      1.085      0.000      0.000    0.00004    3.44400          -16.24060       81.36281         1.910e-03 
  1994.650          44.862      6.135   -122.987            1.075        14000.774      1.085      0.000      0.000    0.00004    3.33885          -16.71407       81.36250         1.993e-03 
  1995.650          44.553      6.137   -122.978            1.041        14001.779      1.085      0.000      0.000    0.00003    3.23625          -17.20307       81.36210         2.080e-03 
  1996.650          44.246      6.138   -122.969            1.007        14002.749      1.085      0.000      0.000    0.00003    3.13623          -17.70809       81.36159         2.171e-03 
  1997.650          43.941      6.139   -122.961            0.974        14003.684      1.085      0.000      0.000    0.00003    3.03878          -18.22962       81.36097         2.265e-03 
  1998.650          43.637      6.141   -122.953            0.942        14004.587      1.085      0.000      0.000    0.00003    2.94390          -18.76815       81.36025         2.364e-03 
  1999.650          43.335      6.142   -122.945            0.911        14005.456      1.085      0.000      0.000    0.00003    2.85160          -19.32416       81.35943         2.466e-03 
  2000.650          43.034      6.143   -122.937            0.881        14006.294      1.085      0.000      0.000    0.00003    2.76187          -19.89813       81.35850         2.573e-03 
  2001.650          42.736      6.144   -122.930            0.851        14007.102      1.085      0.000      0.000    0.00003    2.67469          -20.49054       81.35746         2.684e-03 
  2002.650          42.438      6.145   -122.923            0.823        14007.879      1.085      0.000      0.000    0.00003    2.59004          -21.10185       81.35631         2.799e-03 
  2003.650          42.143      6.146   -122.917            0.796        14008.628      1.085      0.000      0.000    0.00002    2.50792          -21.73251       81.35505         2.919e-03 
  2004.650          41.849      6.147   -122.910            0.769        14009.348      1.085      0.000      0.000    0.00002    2.42830          -22.38297       81.35368         3.044e-03 
  2005.650          41.557      6.148   -122.904            0.743        14010.041      1.085      0.000      0.000    0.00002    2.35114          -23.05361       81.35220         3.174e-03 
  2006.650          41.267      6.149   -122.898            0.719        14010.708      1.085      0.000      0.000    0.00002    2.27643          -23.74485       81.35061         3.309e-03 
  2007.650          40.979      6.150   -122.892            0.695        14011.348      1.085      0.000      0.000    0.00002    2.20412          -24.45702       81.34890         3.449e-03 
  2008.650          40.692      6.151   -122.887            0.671        14011.964      1.085      0.000      0.000    0.00002    2.13420          -25.19046       81.34708         3.595e-03 
  2009.650          40.407      6.151   -122.882            0.649        14012.556      1.085      0.000      0.000    0.00002    2.06660          -25.94545       81.34513         3.747e-03 
  2010.650          40.124      6.152   -122.876            0.628        14013.125      1.085      0.000      0.000    0.00002    2.00131          -26.72222       81.34307         3.904e-03 
  2011.650          39.843      6.153   -122.872            0.607        14013.671      1.085      0.000      0.000    0.00002    1.93827          -27.52096       81.34088         4.068e-03 
  2012.650          39.563      6.154   -122.867            0.587        14014.195      1.085      0.000      0.000    0.00002    1.87745          -28.34180       81.33856         4.237e-03 
  2013.650          39.286      6.154   -122.862            0.568        14014.698      1.085      0.000      0.000    0.00002    1.81880          -29.18481       81.33611         4.414e-03 
  2014.650          39.010      6.155   -122.858            0.549        14015.180      1.085      0.000      0.000    0.00002    1.76227          -30.04998       81.33353         4.597e-03 
  2015.650          38.736      6.156   -122.854            0.531        14015.643      1.085      0.000      0.000    0.00001    1.70783          -30.93725       81.33081         4.787e-03 
  2016.650          38.463      6.156   -122.850            0.514        14016.086      1.085      0.000      0.000    0.00001    1.65541          -31.84648       81.32794         4.984e-03 
  2017.650          38.193      6.157   -122.846            0.498        14016.511      1.085      0.000      0.000    0.00001    1.60498          -32.77741       81.32493         5.188e-03 
  2018.650          37.924      6.157   -122.843            0.482        14016.918      1.085      0.000      0.000    0.00001    1.55647          -33.72975       81.32175         5.400e-03 
  2019.650          37.658      6.158   -122.839            0.467        14017.308      1.085      0.000      0.000    0.00001    1.50985          -34.70306       81.31841         5.620e-03 
  2020.650          37.393      6.158   -122.836            0.452        14017.682      1.085      0.000      0.000    0.00001    1.46506          -35.69685       81.31489         5.848e-03 
  2021.650          37.130      6.159   -122.833            0.438        14018.039      1.085      0.000      0.000    0.00001    1.42204          -36.71050       81.31119         6.084e-03 
  2022.650          36.869      6.159   -122.829            0.425        14018.381      1.085      0.000      0.000    0.00001    1.38075          -37.74330       81.30728         6.329e-03 
  2023.650          36.610      6.160   -122.827            0.412        14018.708      1.085      0.000      0.000    0.00001    1.34113          -38.79444       81.30317         6.583e-03 
  2024.650          36.352      6.160   -122.824            0.400        14019.020      1.085      0.000      0.000    0.00001    1.30313          -39.86298       81.29883         6.845e-03 
  2025.650          36.097      6.161   -122.821            0.388        14019.319      1.085      0.000      0.000    0.00001    1.26669          -40.94792       81.29425         7.117e-03 
  2026.650          35.843      6.161   -122.819            0.377        14019.604      1.085      0.000      0.000    0.00001    1.23176          -42.04812       81.28940         7.398e-03 
  2027.650          35.592      6.161   -122.816            0.366        14019.876      1.085      0.000      0.000    0.00001    1.19829          -43.16236       81.28427         7.689e-03 
  2028.650          35.342      6.162   -122.814            0.356        14020.135      1.085      0.000      0.000    0.00001    1.16622          -44.28932       81.27883         7.990e-03 
  2029.650          35.094      6.162   -122.812            0.346        14020.383      1.085      0.000      0.000    0.00001    1.13550          -45.42759       81.27305         8.301e-03 
  2030.650          34.849      6.162   -122.810            0.337        14020.619      1.085      0.000      0.000    0.00001    1.10608          -46.57568       81.26690         8.623e-03 
  2031.650          34.605      6.163   -122.807            0.328        14020.844      1.085      0.000      0.000    0.00001    1.07790          -47.73203       81.26036         8.955e-03 
  2032.650          34.363      6.163   -122.806            0.319        14021.058      1.085      0.000      0.000    0.00001    1.05092          -48.89501       81.25337         9.298e-03 
  2033.650          34.124      6.163   -122.804            0.311        14021.261      1.085      0.000      0.000    0.00001    1.02508          -50.06294       81.24590         9.653e-03 
  2033.850          34.076      6.163   -122.803            0.309        14021.301      1.085      0.000      0.000    0.00001    1.01754          -50.29697       81.24435         9.761e-03 
  2034.030          34.033      6.163   -122.803            0.308        14021.336      1.085      0.000      0.000    0.00001    1.01300          -50.50769       81.24293         9.828e-03 
  2034.192          33.995      6.163   -122.803            0.307        14021.368      1.085      0.000      0.000    0.00001    1.00895          -50.69741       81.24164         9.888e-03 
  2034.338          33.960      6.164   -122.803            0.306        14021.396      1.085      0.000      0.000    0.00001    1.00532          -50.86821       81.24046         9.942e-03 
  2034.532          33.914      6.164   -122.802            0.304        14021.433      1.085      0.000      0.000    0.00001    1.00074          -51.09605       81.23888         1.001e-02 
  2034.553          33.910      6.164   -122.802            0.304        14021.437      0.542      0.000      0.000    0.00001    0.99992          -51.11966       81.23877         1.003e-02 
  2034.573          33.905      6.164   -122.802            0.304        14021.441      0.542      0.000      0.000    0.00001    0.99992          -51.14307       81.23871         1.004e-02 
  2034.664          33.883      6.164   -122.802            0.304        14021.458      0.542      0.000      0.000    0.00001    0.99998          -51.24831       81.23845         1.007e-02 
  2034.746          33.864      6.164   -122.802            0.304        14021.473      0.542      0.000      0.000    0.00001    0.99982          -51.34349       81.23804         1.010e-02 
  2034.829          33.844      6.164   -122.802            0.304        14021.489      0.542      0.000      0.000    0.00001    0.99926          -51.43789       81.23781         1.013e-02 
  2035.199          33.756      6.164   -122.801            0.304        14021.558      0.542      0.000      0.000    0.00001    0.99944          -51.86045       81.23674         1.026e-02 
  2036.199          33.515      6.164   -122.799            0.303        14021.742      0.542      0.000      0.000    0.00001    0.99967          -52.98382       81.23367         1.062e-02 
  2037.199          33.272      6.164   -122.798            0.303        14021.922      0.542      0.000      0.000    0.00001    0.99942          -54.08104       81.23031         1.103e-02 
  2038.199          33.025      6.164   -122.796            0.302        14022.096      0.542      0.000      0.000    0.00001    0.99860          -55.15296       81.22662         1.147e-02 
  2039.199          32.775      6.165   -122.795            0.301        14022.265      0.542      0.000      0.000    0.00001    0.99718          -56.20041       81.22258         1.193e-02 
  2040.199          32.524      6.165   -122.793            0.300        14022.430      0.542      0.000      0.000    0.00001    0.99514          -57.22425       81.21814         1.242e-02 
  2041.199          32.270      6.165   -122.792            0.299        14022.589      0.542      0.000      0.000    0.00001    0.99243          -58.22533       81.21328         1.293e-02 
  2042.199          32.015      6.165   -122.791            0.298        14022.743      0.542      0.000      0.000    0.00001    0.98862          -59.20445       81.20794         1.346e-02 
  2043.199          31.759      6.166   -122.789            0.296        14022.893      0.542      0.000      0.000    0.00001    0.98362          -60.16235       81.20211         1.399e-02 
  2044.199          31.501      6.166   -122.788            0.294        14023.037      0.542      0.000      0.000    0.00000    0.97798          -61.09977       81.19573         1.455e-02 
  2045.199          31.243      6.166   -122.787            0.292        14023.176      0.542      0.000      0.000    0.00000    0.97171          -62.01738       81.18875         1.514e-02 
  2046.199          30.985      6.166   -122.785            0.290        14023.310      0.542      0.000      0.000    0.00000    0.96482          -62.91586       81.18113         1.575e-02 
  2047.199          30.727      6.166   -122.784            0.288        14023.439      0.542      0.000      0.000    0.00000    0.95731          -63.79583       81.17281         1.639e-02 
  2048.199          30.469      6.167   -122.783            0.285        14023.563      0.542      0.000      0.000    0.00000    0.94921          -64.65787       81.16373         1.705e-02 
  2049.199          30.211      6.167   -122.782            0.282        14023.682      0.542      0.000      0.000    0.00000    0.94052          -65.50255       81.15382         1.773e-02 
  2050.199          29.955      6.167   -122.781            0.280        14023.796      0.542      0.000      0.000    0.00000    0.93129          -66.33037       81.14303         1.845e-02 
  2051.199          29.699      6.167   -122.780            0.277        14023.905      0.542      0.000      0.000    0.00000    0.92154          -67.14180       81.13128         1.919e-02 
  2052.199          29.445      6.167   -122.779            0.273        14024.010      0.542      0.000      0.000    0.00000    0.91131          -67.93725       81.11850         1.995e-02 
  2053.199          29.193      6.167   -122.778            0.270        14024.110      0.542      0.000      0.000    0.00000    0.90063          -68.71711       81.10460         2.075e-02 
  2054.199          28.942      6.167   -122.777            0.267        14024.205      0.542      0.000      0.000    0.00000    0.88954          -69.48171       81.08950         2.157e-02 
  2055.199          28.694      6.168   -122.777            0.263        14024.296      0.542      0.000      0.000    0.00000    0.87809          -70.23136       81.07309         2.241e-02 
  2056.199          28.447      6.168   -122.776            0.259        14024.382      0.542      0.000      0.000    0.00000    0.86632          -70.96630       81.05528         2.329e-02 
  2057.199          28.203      6.168   -122.775            0.256        14024.464      0.542      0.000      0.000    0.00000    0.85427          -71.68677       81.03593         2.418e-02 
  2058.199          27.962      6.168   -122.774            0.252        14024.542      0.542      0.000      0.000    0.00000    0.84199          -72.39293       81.01493         2.511e-02 
  2059.199          27.723      6.168   -122.774            0.248        14024.616      0.542      0.000      0.000    0.00000    0.82953          -73.08494       80.99213         2.606e-02 
  2060.199          27.487      6.168   -122.773            0.244        14024.686      0.542      0.000      0.000    0.00000    0.81692          -73.76290       80.96736         2.703e-02 
  2061.199          27.254      6.168   -122.773            0.240        14024.752      0.542      0.000      0.000    0.00000    0.80420          -74.42692       80.94046         2.803e-02 
  2062.199          27.024      6.168   -122.772            0.236        14024.815      0.542      0.000      0.000    0.00000    0.79143          -75.07703       80.91122         2.906e-02 
  2063.199          26.798      6.168   -122.772            0.232        14024.873      0.542      0.000      0.000    0.00000    0.77864          -75.71329       80.87943         3.011e-02 
  2064.199          26.574      6.168   -122.771            0.229        14024.929      0.542      0.000      0.000    0.00000    0.76586          -76.33571       80.84484         3.118e-02 
  2065.199          26.353      6.169   -122.771            0.225        14024.981      0.542      0.000      0.000    0.00000    0.75314          -76.94428       80.80717         3.227e-02 
  2066.199          26.136      6.169   -122.770            0.221        14025.030      0.542      0.000      0.000    0.00000    0.74049          -77.53899       80.76612         3.339e-02 
  2067.199          25.922      6.169   -122.770            0.217        14025.076      0.542      0.000      0.000    0.00000    0.72796          -78.11982       80.72134         3.453e-02 
  2068.199          25.712      6.169   -122.769            0.213        14025.119      0.542      0.000      0.000    0.00000    0.71557          -78.68676       80.67244         3.569e-02 
  2069.199          25.504      6.169   -122.769            0.210        14025.159      0.542      0.000      0.000    0.00000    0.70333          -79.23976       80.61897         3.688e-02 
  2070.199          25.300      6.169   -122.769            0.206        14025.197      0.542      0.000      0.000    0.00000    0.69128          -79.77880       80.56042         3.808e-02 
  2071.199          25.099      6.169   -122.768            0.202        14025.232      0.542      0.000      0.000    0.00000    0.67943          -80.30386       80.49622         3.931e-02 
  2072.199          24.901      6.169   -122.768            0.199        14025.265      0.542      0.000      0.000    0.00000    0.66780          -80.81493       80.42570         4.056e-02 
  2073.199          24.707      6.169   -122.768            0.195        14025.295      0.542      0.000      0.000    0.00000    0.65639          -81.31202       80.34809         4.182e-02 
  2074.199          24.515      6.169   -122.768            0.192        14025.324      0.542      0.000      0.000    0.00000    0.64523          -81.79513       80.26251         4.311e-02 
  2075.199          24.327      6.169   -122.767            0.189        14025.350      0.542      0.000      0.000    0.00000    0.63431          -82.26430       80.16788         4.441e-02 
  2076.199          24.141      6.169   -122.767            0.185        14025.374      0.542      0.000      0.000    0.00000    0.62364          -82.71960       80.06298         4.573e-02 
  2077.199          23.959      6.169   -122.767            0.182        14025.397      0.542      0.000      0.000    0.00000    0.61324          -83.16110       79.94632         4.708e-02 
  2078.199          23.779      6.169   -122.767            0.179        14025.418      0.542      0.000      0.000    0.00000    0.60309          -83.58891       79.81613         4.844e-02 
  2079.199          23.603      6.169   -122.767            0.176        14025.437      0.542      0.000      0.000    0.00000    0.59321          -84.00317       79.67028         4.981e-02 
  2080.199          23.429      6.169   -122.766            0.173        14025.454      0.542      0.000      0.000    0.00000    0.58359          -84.40403       79.50621         5.121e-02 
  2081.199          23.258      6.169   -122.766            0.171        14025.470      0.542      0.000      0.000    0.00000    0.57423          -84.79167       79.32075         5.262e-02 
  2082.199          23.089      6.169   -122.766            0.168        14025.485      0.542      0.000      0.000    0.00000    0.56513          -85.16630       79.11004         5.405e-02 
  2083.199          22.923      6.169   -122.766            0.165        14025.499      0.542      0.000      0.000    0.00000    0.55629          -85.52814       78.86925         5.550e-02 
  2084.199          22.760      6.169   -122.766            0.163        14025.511      0.542      0.000      0.000    0.00000    0.54770          -85.87745       78.59232         5.696e-02 
  2085.199          22.599      6.169   -122.766            0.160        14025.522      0.542      0.000      0.000    0.00000    0.53935          -86.21449       78.27150         5.845e-02 
  2086.199          22.440      6.169   -122.766            0.158        14025.532      0.542      0.000      0.000    0.00000    0.53124          -86.53955       77.89678         5.994e-02 
  2087.199          22.284      6.169   -122.766            0.155        14025.541      0.542      0.000      0.000    0.00000    0.52337          -86.85293       77.45502         6.146e-02 
  2088.199          22.130      6.169   -122.766            0.153        14025.549      0.542      0.000      0.000    0.00000    0.51573          -87.15493       76.92854         6.299e-02 
  2089.199          21.978      6.169   -122.765            0.151        14025.556      0.542      0.000      0.000    0.00000    0.50831          -87.44585       76.29318         6.454e-02 
  2090.199          21.829      6.169   -122.765            0.149        14025.562      0.542      0.000      0.000    0.00000    0.50110          -87.72599       75.51491         6.610e-02 
  2091.199          21.681      6.169   -122.765            0.147        14025.568      0.542      0.000      0.000    0.00000    0.49411          -87.99560       74.54440         6.768e-02 
  2092.199          21.536      6.169   -122.765            0.145        14025.573      0.542      0.000      0.000    0.00000    0.48731          -88.25491       73.30737         6.928e-02 
  2093.199          21.392      6.169   -122.765            0.143        14025.577      0.542      0.000      0.000    0.00000    0.48072          -88.50401       71.68711         7.089e-02 
  2094.199          21.251      6.169   -122.765            0.141        14025.580      0.542      0.000      0.000    0.00000    0.47431          -88.74278       69.48973         7.252e-02 
  2095.199          21.111      6.169   -122.765            0.139        14025.583      0.542      0.000      0.000    0.00000    0.46808          -88.97070       66.37119         7.417e-02 
  2096.199          20.973      6.169   -122.765            0.137        14025.585      0.542      0.000      0.000    0.00000    0.46203          -89.18629       61.66808         7.583e-02 
  2097.199          20.837      6.169   -122.765            0.135        14025.587      0.542      0.000      0.000    0.00000    0.45615          -89.38572       53.97258         7.751e-02 
  2098.199          20.703      6.170   -122.765            0.134        14025.588      0.542      0.000      0.000    0.00000    0.45043          -89.55846       40.06843         7.921e-02 
  2099.199          20.570      6.170   -122.765            0.132        14025.589      0.542      0.000      0.000    0.00000    0.44487          -89.67457       13.88524         8.092e-02 
  2100.199          20.439      6.170   -122.765            0.130        14025.590      0.542      0.000      0.000    0.00000    0.43946          -89.68047      337.55108         8.265e-02 
  2101.199          20.309      6.170   -122.765            0.129        14025.590      0.542      0.000      0.000    0.00000    0.43420          -89.58000      311.09053         8.439e-02 
  2102.199          20.181      6.170   -122.765            0.127        14025.591      0.542      0.000      0.000    0.00000    0.42907          -89.43208      297.02540         8.615e-02 
  2103.199          20.055      6.170   -122.765            0.126        14025.593      0.542      0.000      0.000    0.00000    0.42406          -89.26854      289.26199         8.792e-02 
  2104.199          19.930      6.170   -122.765            0.124        14025.595      0.542      0.000      0.000    0.00000    0.41912          -89.10050      284.53461         8.968e-02 
  2105.199          19.806      6.170   -122.765            0.123        14025.597      0.542      0.000      0.000    0.00000    0.41429          -88.93205      281.41347         9.143e-02 
  2106.199          19.684      6.170   -122.765            0.122        14025.599      0.542      0.000      0.000    0.00000    0.40960          -88.76478      279.22553         9.320e-02 
  2107.199          19.563      6.170   -122.765            0.120        14025.602      0.542      0.000      0.000    0.00000    0.40504          -88.59931      277.62242         9.499e-02 
  2108.199          19.443      6.170   -122.765            0.119        14025.605      0.542      0.000      0.000    0.00000    0.40061          -88.43586      276.40816         9.679e-02 
  2109.199          19.325      6.170   -122.765            0.118        14025.608      0.542      0.000      0.000    0.00000    0.39630          -88.27444      275.46479         9.861e-02 
  2110.199          19.208      6.170   -122.765            0.117        14025.612      0.542      0.000      0.000    0.00000    0.39209          -88.11497      274.71726         1.004e-01 
  2111.199          19.092      6.170   -122.765            0.115        14025.616      0.542      0.000      0.000    0.00000    0.38800          -87.95731      274.11566         1.023e-01 
  2112.199          18.977      6.170   -122.765            0.114        14025.620      0.542      0.000      0.000    0.00000    0.38401          -87.80130      273.62552         1.041e-01 
  2113.199          18.863      6.170   -122.765            0.113        14025.625      0.542      0.000      0.000    0.00000    0.38011          -87.64678      273.22230         1.060e-01 
  2114.199          18.750      6.170   -122.766            0.112        14025.630      0.542      0.000      0.000    0.00000    0.37630          -87.49359      272.88801         1.079e-01 
  2115.199          18.639      6.170   -122.766            0.111        14025.635      0.542      0.000      0.000    0.00000    0.37259          -87.34157      272.60918         1.098e-01 
  2116.199          18.528      6.170   -122.766            0.110        14025.640      0.542      0.000      0.000    0.00000    0.36896          -87.19059      272.37555         1.117e-01 
  2117.199          18.419      6.170   -122.766            0.109        14025.645      0.542      0.000      0.000    0.00000    0.36541          -87.04050      272.17911         1.137e-01 
  2118.199          18.311      6.170   -122.766            0.108        14025.651      0.542      0.000      0.000    0.00000    0.36194          -86.89120      272.01355         1.156e-01 
  2119.199          18.203      6.170   -122.766            0.107        14025.657      0.542      0.000      0.000    0.00000    0.35854          -86.74256      271.87383         1.176e-01 
  2120.199          18.097      6.170   -122.766            0.106        14025.663      0.542      0.000      0.000    0.00000    0.35522          -86.59451      271.75586         1.196e-01 
  2121.199          17.991      6.170   -122.766            0.105        14025.670      0.542      0.000      0.000    0.00000    0.35196          -86.44695      271.65629         1.216e-01 
  2122.199          17.887      6.170   -122.766            0.104        14025.676      0.542      0.000      0.000    0.00000    0.34878          -86.29981      271.57237         1.236e-01 
  2123.199          17.783      6.170   -122.766            0.103        14025.683      0.542      0.000      0.000    0.00000    0.34565          -86.15304      271.50180         1.256e-01 
  2124.199          17.680      6.170   -122.766            0.103        14025.690      0.542      0.000      0.000    0.00000    0.34259          -86.00660      271.44265         1.277e-01 
  2125.199          17.578      6.170   -122.766            0.102        14025.697      0.542      0.000      0.000    0.00000    0.33959          -85.86044      271.39330         1.297e-01 
  2126.199          17.477      6.170   -122.766            0.101        14025.705      0.542      0.000      0.000    0.00000    0.33665          -85.71453      271.35238         1.318e-01 
  2127.199          17.377      6.170   -122.766            0.100        14025.712      0.542      0.000      0.000    0.00000    0.33376          -85.56887      271.31869         1.339e-01 
  2128.199          17.277      6.170   -122.766            0.099        14025.720      0.542      0.000      0.000    0.00000    0.33092          -85.42343      271.29125         1.360e-01 
  2129.199          17.179      6.170   -122.766            0.099        14025.728      0.542      0.000      0.000    0.00000    0.32814          -85.27823      271.26917         1.381e-01 
  2130.199          17.081      6.170   -122.766            0.098        14025.736      0.542      0.000      0.000    0.00000    0.32541          -85.13326      271.25173         1.402e-01 
  2131.199          16.984      6.170   -122.767            0.097        14025.745      0.542      0.000      0.000    0.00000    0.32273          -84.98854      271.23826         1.424e-01 
  2132.199          16.887      6.170   -122.767            0.096        14025.753      0.542      0.000      0.000    0.00000    0.32010          -84.84409      271.22822         1.446e-01 
  2133.199          16.792      6.170   -122.767            0.096        14025.762      0.542      0.000      0.000    0.00000    0.31751          -84.69993      271.22112         1.468e-01 
  2134.199          16.697      6.170   -122.767            0.095        14025.771      0.542      0.000      0.000    0.00000    0.31497          -84.55610      271.21652         1.490e-01 
  2135.199          16.603      6.170   -122.767            0.094        14025.780      0.542      0.000      0.000    0.00000    0.31247          -84.41263      271.21407         1.512e-01 
  2136.199          16.509      6.170   -122.767            0.094        14025.789      0.542      0.000      0.000    0.00000    0.31001          -84.26955      271.21345         1.534e-01 
  2137.199          16.417      6.170   -122.767            0.093        14025.799      0.542      0.000      0.000    0.00000    0.30759          -84.12691      271.21437         1.557e-01 
  2138.199          16.325      6.170   -122.767            0.092        14025.808      0.542      0.000      0.000    0.00000    0.30522          -83.98476      271.21658         1.579e-01 
  2139.199          16.233      6.170   -122.767            0.092        14025.818      0.542      0.000      0.000    0.00000    0.30288          -83.84314      271.21988         1.602e-01 
  2140.199          16.142      6.170   -122.767            0.091        14025.828      0.542      0.000      0.000    0.00000    0.30058          -83.70211      271.22407         1.625e-01 
  2141.199          16.052      6.170   -122.767            0.090        14025.838      0.542      0.000      0.000    0.00000    0.29832          -83.56171      271.22899         1.648e-01 
  2142.199          15.963      6.170   -122.768            0.090        14025.848      0.542      0.000      0.000    0.00000    0.29609          -83.42200      271.23450         1.671e-01 
  2143.199          15.874      6.170   -122.768            0.089        14025.858      0.542      0.000      0.000    0.00000    0.29390          -83.28304      271.24046         1.695e-01 
  2144.199          15.786      6.170   -122.768            0.088        14025.869      0.542      0.000      0.000    0.00000    0.29174          -83.14489      271.24678         1.719e-01 
  2145.199          15.699      6.170   -122.768            0.088        14025.879      0.542      0.000      0.000    0.00000    0.28961          -83.00760      271.25335         1.742e-01 
  2146.199          15.612      6.170   -122.768            0.087        14025.890      0.542      0.000      0.000    0.00000    0.28752          -82.87124      271.26010         1.766e-01 
  2147.199          15.525      6.170   -122.768            0.087        14025.901      0.542      0.000      0.000    0.00000    0.28546          -82.73586      271.26694         1.790e-01 
  2148.199          15.439      6.170   -122.768            0.086        14025.912      0.542      0.000      0.000    0.00000    0.28343          -82.60151      271.27381         1.815e-01 
  2149.199          15.354      6.170   -122.768            0.086        14025.923      0.542      0.000      0.000    0.00000    0.28143          -82.46827      271.28066         1.839e-01 
  2150.199          15.270      6.170   -122.768            0.085        14025.934      0.542      0.000      0.000    0.00000    0.27946          -82.33620      271.28744         1.864e-01 
  2151.199          15.186      6.170   -122.768            0.085        14025.946      0.542      0.000      0.000    0.00000    0.27752          -82.20534      271.29410         1.889e-01 
  2152.199          15.102      6.170   -122.768            0.084        14025.957      0.542      0.000      0.000    0.00000    0.27560          -82.07578      271.30062         1.913e-01 
  2153.199          15.019      6.170   -122.769            0.084        14025.969      0.542      0.000      0.000    0.00000    0.27372          -81.94755      271.30695         1.939e-01 
  2154.199          14.937      6.170   -122.769            0.083        14025.981      0.542      0.000      0.000    0.00000    0.27186          -81.82072      271.31307         1.964e-01 
  2155.199          14.855      6.170   -122.769            0.082        14025.992      0.542      0.000      0.000    0.00000    0.27002          -81.69534      271.31896         1.989e-01 
  2156.199          14.774      6.170   -122.769            0.082        14026.004      0.542      0.000      0.000    0.00000    0.26821          -81.57148      271.32460         2.015e-01 
  2157.199          14.693      6.170   -122.769            0.081        14026.016      0.542      0.000      0.000    0.00000    0.26643          -81.44916      271.32998         2.041e-01 
  2158.199          14.612      6.170   -122.769            0.081        14026.029      0.542      0.000      0.000    0.00000    0.26467          -81.32843      271.33509         2.066e-01 
  2159.199          14.532      6.170   -122.769            0.081        14026.041      0.542      0.000      0.000    0.00000    0.26293          -81.20932      271.33992         2.093e-01 
  2160.199          14.453      6.170   -122.769            0.080        14026.053      0.542      0.000      0.000    0.00000    0.26122          -81.09185      271.34449         2.119e-01 
  2161.199          14.374      6.170   -122.769            0.080        14026.066      0.542      0.000      0.000    0.00000    0.25953          -80.97606      271.34878         2.145e-01 
  2162.199          14.296      6.170   -122.770            0.079        14026.078      0.542      0.000      0.000    0.00000    0.25787          -80.86197      271.35280         2.172e-01 
  2163.199          14.218      6.170   -122.770            0.079        14026.091      0.542      0.000      0.000    0.00000    0.25622          -80.74959      271.35656         2.199e-01 
  2164.199          14.141      6.170   -122.770            0.078        14026.103      0.542      0.000      0.000    0.00000    0.25460          -80.63893      271.36006         2.225e-01 
  2165.199          14.064      6.170   -122.770            0.078        14026.116      0.542      0.000      0.000    0.00000    0.25299          -80.53001      271.36332         2.252e-01 
  2166.199          13.987      6.170   -122.770            0.077        14026.129      0.542      0.000      0.000    0.00000    0.25141          -80.42284      271.36634         2.280e-01 
  2167.199          13.911      6.170   -122.770            0.077        14026.142      0.542      0.000      0.000    0.00000    0.24985          -80.31742      271.36913         2.307e-01 
  2168.199          13.836      6.170   -122.770            0.076        14026.155      0.542      0.000      0.000    0.00000    0.24831          -80.21376      271.37170         2.335e-01 
  2169.199          13.761      6.170   -122.770            0.076        14026.168      0.542      0.000      0.000    0.00000    0.24678          -80.11186      271.37406         2.362e-01 
  2170.199          13.686      6.170   -122.771            0.076        14026.181      0.542      0.000      0.000    0.00000    0.24528          -80.01172      271.37622         2.390e-01 
  2171.199          13.612      6.170   -122.771            0.075        14026.194      0.542      0.000      0.000    0.00000    0.24380          -79.91336      271.37820         2.418e-01 
  2172.199          13.538      6.170   -122.771            0.075        14026.207      0.542      0.000      0.000    0.00000    0.24233          -79.81675      271.38000         2.447e-01 
  2173.199          13.464      6.170   -122.771            0.074        14026.220      0.542      0.000      0.000    0.00000    0.24088          -79.72190      271.38163         2.475e-01 
  2174.199          13.391      6.170   -122.771            0.074        14026.233      0.542      0.000      0.000    0.00000    0.23945          -79.62881      271.38311         2.503e-01 
  2175.199          13.319      6.170   -122.771            0.074        14026.247      0.542      0.000      0.000    0.00000    0.23803          -79.53748      271.38444         2.532e-01 
  2176.199          13.247      6.170   -122.771            0.073        14026.260      0.542      0.000      0.000    0.00000    0.23664          -79.44789      271.38563         2.561e-01 
  2177.199          13.175      6.170   -122.771            0.073        14026.273      0.542      0.000      0.000    0.00000    0.23525          -79.36005      271.38670         2.590e-01 
  2178.199          13.103      6.170   -122.771            0.072        14026.287      0.542      0.000      0.000    0.00000    0.23389          -79.27396      271.38766         2.619e-01 
  2179.199          13.033      6.170   -122.772            0.072        14026.300      0.542      0.000      0.000    0.00000    0.23254          -79.18960      271.38851         2.649e-01 
  2180.199          12.962      6.170   -122.772            0.072        14026.314      0.542      0.000      0.000    0.00000    0.23121          -79.10696      271.38926         2.678e-01 
  2181.199          12.892      6.170   -122.772            0.071        14026.327      0.542      0.000      0.000    0.00000    0.22989          -79.02605      271.38993         2.708e-01 
  2182.199          12.822      6.170   -122.772            0.071        14026.341      0.542      0.000      0.000    0.00000    0.22859          -78.94686      271.39052         2.738e-01 
  2183.199          12.753      6.170   -122.772            0.071        14026.355      0.542      0.000      0.000    0.00000    0.22730          -78.86936      271.39103         2.768e-01 
  2184.199          12.684      6.170   -122.772            0.070        14026.368      0.542      0.000      0.000    0.00000    0.22603          -78.79357      271.39149         2.798e-01 
  2185.199          12.615      6.170   -122.772            0.070        14026.382      0.542      0.000      0.000    0.00000    0.22477          -78.71949      271.39189         2.828e-01 
  2186.199          12.547      6.170   -122.772            0.069        14026.395      0.542      0.000      0.000    0.00000    0.22353          -78.64709      271.39225         2.859e-01 
  2187.199          12.479      6.170   -122.773            0.069        14026.409      0.542      0.000      0.000    0.00000    0.22230          -78.57636      271.39257         2.890e-01 
  2188.199          12.411      6.170   -122.773            0.069        14026.423      0.542      0.000      0.000    0.00000    0.22108          -78.50732      271.39286         2.920e-01 
  2189.199          12.344      6.170   -122.773            0.068        14026.436      0.542      0.000      0.000    0.00000    0.21988          -78.43993      271.39312         2.951e-01 
  2190.199          12.277      6.170   -122.773            0.068        14026.450      0.542      0.000      0.000    0.00000    0.21869          -78.37420      271.39337         2.983e-01 
  2191.199          12.210      6.170   -122.773            0.068        14026.464      0.542      0.000      0.000    0.00000    0.21751          -78.31013      271.39361         3.014e-01 
  2192.199          12.144      6.170   -122.773            0.067        14026.478      0.542      0.000      0.000    0.00000    0.21635          -78.24770      271.39384         3.046e-01 
  2193.199          12.078      6.170   -122.773            0.067        14026.491      0.542      0.000      0.000    0.00000    0.21520          -78.18689      271.39408         3.077e-01 
  2194.199          12.013      6.170   -122.773            0.067        14026.505      0.542      0.000      0.000    0.00000    0.21406          -78.12774      271.39432         3.109e-01 
  2195.199          11.948      6.170   -122.774            0.066        14026.519      0.542      0.000      0.000    0.00000    0.21293          -78.07019      271.39458         3.141e-01 
  2196.199          11.883      6.170   -122.774            0.066        14026.532      0.542      0.000      0.000    0.00000    0.21182          -78.01425      271.39486         3.173e-01 
  2197.199          11.818      6.170   -122.774            0.066        14026.546      0.542      0.000      0.000    0.00000    0.21071          -77.95994      271.39517         3.206e-01 
  2198.199          11.754      6.170   -122.774            0.065        14026.560      0.542      0.000      0.000    0.00000    0.20962          -77.90721      271.39550         3.238e-01 
  2199.199          11.690      6.170   -122.774            0.065        14026.573      0.542      0.000      0.000    0.00000    0.20854          -77.85608      271.39587         3.271e-01 
  2200.199          11.627      6.170   -122.774            0.065        14026.587      0.542      0.000      0.000    0.00000    0.20747          -77.80656      271.39628         3.304e-01 
  2201.199          11.564      6.170   -122.774            0.065        14026.601      0.542      0.000      0.000    0.00000    0.20642          -77.75859      271.39674         3.337e-01 
  2202.199          11.501      6.170   -122.774            0.064        14026.614      0.542      0.000      0.000    0.00000    0.20537          -77.71222      271.39725         3.370e-01 
  2203.199          11.438      6.170   -122.775            0.064        14026.628      0.542      0.000      0.000    0.00000    0.20433          -77.66741      271.39782         3.403e-01 
  2204.199          11.376      6.170   -122.775            0.064        14026.642      0.542      0.000      0.000    0.00000    0.20331          -77.62415      271.39845         3.437e-01 
  2205.199          11.314      6.170   -122.775            0.063        14026.655      0.542      0.000      0.000    0.00000    0.20229          -77.58247      271.39914         3.470e-01 
  2206.199          11.252      6.170   -122.775            0.063        14026.669      0.542      0.000      0.000    0.00000    0.20129          -77.54233      271.39990         3.504e-01 
  2207.199          11.191      6.170   -122.775            0.063        14026.682      0.542      0.000      0.000    0.00000    0.20029          -77.50373      271.40074         3.538e-01 
  2208.199          11.130      6.170   -122.775            0.062        14026.696      0.542      0.000      0.000    0.00000    0.19931          -77.46668      271.40165         3.572e-01 
  2209.199          11.069      6.170   -122.775            0.062        14026.709      0.542      0.000      0.000    0.00000    0.19832          -77.43124      271.40265         3.606e-01 
  2210.199          11.008      6.170   -122.775            0.062        14026.723      0.542      0.000      0.000    0.00000    0.19733          -77.39785      271.40374         3.639e-01 
  2211.199          10.948      6.170   -122.776            0.062        14026.736      0.542      0.000      0.000    0.00000    0.19626          -77.36740      271.40491         3.669e-01 
  2212.199          10.888      6.170   -122.776            0.061        14026.750      0.542      0.000      0.000    0.00000    0.19522          -77.34098      271.40619         3.697e-01 
  2213.199          10.828      6.170   -122.776            0.061        14026.763      0.542      0.000      0.000    0.00000    0.19421          -77.31794      271.40756         3.725e-01 
  2214.199          10.769      6.170   -122.776            0.061        14026.777      0.542      0.000      0.000    0.00000    0.19324          -77.29771      271.40904         3.753e-01 
  2215.199          10.710      6.170   -122.776            0.061        14026.790      0.542      0.000      0.000    0.00000    0.19229          -77.27997      271.41062         3.781e-01 
  2216.199          10.651      6.170   -122.776            0.060        14026.803      0.542      0.000      0.000    0.00000    0.19136          -77.26441      271.41232         3.809e-01 
  2217.199          10.592      6.170   -122.776            0.060        14026.817      0.542      0.000      0.000    0.00000    0.19045          -77.25083      271.41413         3.838e-01 
  2218.199          10.533      6.170   -122.776            0.060        14026.830      0.542      0.000      0.000    0.00000    0.18956          -77.23913      271.41607         3.866e-01 
  2219.199          10.475      6.170   -122.776            0.060        14026.843      0.542      0.000      0.000    0.00000    0.18868          -77.22916      271.41813         3.894e-01 
  2220.199          10.417      6.170   -122.777            0.059        14026.856      0.542      0.000      0.000    0.00000    0.18781          -77.22089      271.42032         3.923e-01 
  2221.199          10.359      6.170   -122.777            0.059        14026.869      0.542      0.000      0.000    0.00000    0.18696          -77.21420      271.42264         3.951e-01 
  2222.199          10.301      6.170   -122.777            0.059        14026.882      0.542      0.000      0.000    0.00000    0.18611          -77.20911      271.42510         3.980e-01 
  2223.199          10.244      6.170   -122.777            0.059        14026.895      0.542      0.000      0.000    0.00000    0.18527          -77.20557      271.42771         4.008e-01 
  2224.199          10.187      6.170   -122.777            0.059        14026.908      0.542      0.000      0.000    0.00000    0.18444          -77.20354      271.43046         4.037e-01 
  2225.199          10.130      6.170   -122.777            0.058        14026.921      0.542      0.000      0.000    0.00000    0.18362          -77.20305      271.43336         4.066e-01 
  2226.199          10.073      6.170   -122.777            0.058        14026.934      0.542      0.000      0.000    0.00000    0.18281          -77.20402      271.43642         4.094e-01 
  2227.199          10.016      6.170   -122.777            0.058        14026.947      0.542      0.000      0.000    0.00000    0.18201          -77.20652      271.43964         4.123e-01 
  2228.199           9.960      6.170   -122.778            0.058        14026.960      0.542      0.000      0.000    0.00000    0.18122          -77.21045      271.44302         4.152e-01 
  2229.199           9.904      6.170   -122.778            0.058        14026.972      0.542      0.000      0.000    0.00000    0.18043          -77.21588      271.44658         4.181e-01 
  2230.199           9.848      6.170   -122.778            0.057        14026.985      0.542      0.000      0.000    0.00000    0.17965          -77.22277      271.45030         4.210e-01 
  2231.199           9.792      6.170   -122.778            0.057        14026.998      0.542      0.000      0.000    0.00000    0.17888          -77.23109      271.45421         4.239e-01 
  2232.199           9.736      6.170   -122.778            0.057        14027.010      0.542      0.000      0.000    0.00000    0.17811          -77.24087      271.45829         4.268e-01 
  2233.199           9.681      6.170   -122.778            0.057        14027.023      0.542      0.000      0.000    0.00000    0.17735          -77.25205      271.46254         4.297e-01 
  2234.199           9.625      6.170   -122.778            0.057        14027.035      0.542      0.000      0.000    0.00000    0.17660          -77.26467      271.46698         4.326e-01 
  2235.199           9.570      6.170   -122.778            0.056        14027.048      0.542      0.000      0.000    0.00000    0.17586          -77.27864      271.47159         4.355e-01 
  2236.199           9.516      6.170   -122.778            0.056        14027.060      0.542      0.000      0.000    0.00000    0.17512          -77.29401      271.47637         4.385e-01 
  2237.199           9.461      6.170   -122.779            0.056        14027.072      0.542      0.000      0.000    0.00000    0.17439          -77.31070      271.48132         4.414e-01 
  2238.199           9.406      6.170   -122.779            0.056        14027.085      0.542      0.000      0.000    0.00000    0.17367          -77.32875      271.48645         4.443e-01 
  2239.199           9.352      6.170   -122.779            0.056        14027.097      0.542      0.000      0.000    0.00000    0.17295          -77.34811      271.49175         4.473e-01 
  2240.199           9.298      6.170   -122.779            0.055        14027.109      0.542      0.000      0.000    0.00000    0.17224          -77.36875      271.49721         4.502e-01 
  2241.199           9.244      6.170   -122.779            0.055        14027.121      0.542      0.000      0.000    0.00000    0.17154          -77.39068      271.50284         4.532e-01 
  2242.199           9.190      6.170   -122.779            0.055        14027.133      0.542      0.000      0.000    0.00000    0.17084          -77.41384      271.50863         4.561e-01 
  2243.199           9.137      6.170   -122.779            0.055        14027.145      0.542      0.000      0.000    0.00000    0.17015          -77.43825      271.51458         4.591e-01 
  2244.199           9.083      6.170   -122.779            0.055        14027.157      0.542      0.000      0.000    0.00000    0.16947          -77.46385      271.52069         4.620e-01 
  2245.199           9.030      6.170   -122.779            0.054        14027.169      0.542      0.000      0.000    0.00000    0.16879          -77.49067      271.52695         4.650e-01 
  2246.199           8.977      6.170   -122.780            0.054        14027.180      0.542      0.000      0.000    0.00000    0.16812          -77.51862      271.53336         4.680e-01 
  2247.199           8.924      6.170   -122.780            0.054        14027.192      0.542      0.000      0.000    0.00000    0.16745          -77.54774      271.53992         4.710e-01 
  2248.199           8.872      6.170   -122.780            0.054        14027.204      0.542      0.000      0.000    0.00000    0.16679          -77.57797      271.54663         4.739e-01 
  2249.199           8.819      6.170   -122.780            0.054        14027.215      0.542      0.000      0.000    0.00000    0.16614          -77.60932      271.55348         4.769e-01 
  2250.199           8.767      6.170   -122.780            0.053        14027.227      0.542      0.000      0.000    0.00000    0.16549          -77.64173      271.56047         4.799e-01 
  2251.199           8.714      6.170   -122.780            0.053        14027.238      0.542      0.000      0.000    0.00000    0.16484          -77.67522      271.56760         4.829e-01 
  2252.199           8.662      6.170   -122.780            0.053        14027.249      0.542      0.000      0.000    0.00000    0.16421          -77.70973      271.57486         4.859e-01 
  2253.199           8.611      6.170   -122.780            0.053        14027.261      0.542      0.000      0.000    0.00000    0.16357          -77.74528      271.58226         4.889e-01 
  2254.199           8.559      6.170   -122.780            0.053        14027.272      0.542      0.000      0.000    0.00000    0.16295          -77.78182      271.58978         4.919e-01 
  2255.199           8.507      6.170   -122.780            0.053        14027.283      0.542      0.000      0.000    0.00000    0.16232          -77.81935      271.59743         4.949e-01 
  2256.199           8.456      6.170   -122.781            0.052        14027.294      0.542      0.000      0.000    0.00000    0.16171          -77.85782      271.60521         4.980e-01 
  2257.199           8.405      6.170   -122.781            0.052        14027.305      0.542      0.000      0.000    0.00000    0.16110          -77.89724      271.61311         5.010e-01 
  2258.199           8.354      6.170   -122.781            0.052        14027.316      0.542      0.000      0.000    0.00000    0.16049          -77.93758      271.62113         5.040e-01 
  2259.199           8.303      6.170   -122.781            0.052        14027.327      0.542      0.000      0.000    0.00000    0.15989          -77.97881      271.62926         5.070e-01 
  2260.199           8.252      6.170   -122.781            0.052        14027.337      0.542      0.000      0.000    0.00000    0.15929          -78.02093      271.63751         5.101e-01 
  2261.199           8.202      6.170   -122.781            0.052        14027.348      0.542      0.000      0.000    0.00000    0.15870          -78.06390      271.64586         5.131e-01 
  2262.199           8.152      6.170   -122.781            0.051        14027.359      0.542      0.000      0.000    0.00000    0.15812          -78.10771      271.65433         5.162e-01 
  2263.199           8.101      6.170   -122.781            0.051        14027.369      0.542      0.000      0.000    0.00000    0.15753          -78.15234      271.66290         5.192e-01 
  2264.199           8.051      6.170   -122.781            0.051        14027.380      0.542      0.000      0.000    0.00000    0.15696          -78.19777      271.67157         5.223e-01 
  2265.199           8.001      6.170   -122.781            0.051        14027.390      0.542      0.000      0.000    0.00000    0.15639          -78.24398      271.68034         5.253e-01 
  2266.199           7.952      6.170   -122.782            0.051        14027.400      0.542      0.000      0.000    0.00000    0.15582          -78.29095      271.68921         5.284e-01 
  2267.199           7.902      6.170   -122.782            0.051        14027.411      0.542      0.000      0.000    0.00000    0.15526          -78.33867      271.69818         5.314e-01 
  2268.199           7.853      6.170   -122.782            0.050        14027.421      0.542      0.000      0.000    0.00000    0.15470          -78.38711      271.70723         5.345e-01 
  2269.199           7.803      6.170   -122.782            0.050        14027.431      0.542      0.000      0.000    0.00000    0.15414          -78.43625      271.71638         5.376e-01 
  2270.199           7.754      6.170   -122.782            0.050        14027.441      0.542      0.000      0.000    0.00000    0.15360          -78.48609      271.72560         5.407e-01 
  2271.199           7.705      6.170   -122.782            0.050        14027.451      0.542      0.000      0.000    0.00000    0.15305          -78.53659      271.73492         5.437e-01 
  2272.199           7.656      6.170   -122.782            0.050        14027.461      0.542      0.000      0.000    0.00000    0.15251          -78.58774      271.74431         5.468e-01 
  2273.199           7.608      6.170   -122.782            0.050        14027.471      0.542      0.000      0.000    0.00000    0.15197          -78.63953      271.75377         5.499e-01 
  2274.199           7.559      6.170   -122.782            0.049        14027.480      0.542      0.000      0.000    0.00000    0.15144          -78.69192      271.76332         5.530e-01 
  2275.199           7.511      6.170   -122.782            0.049        14027.490      0.542      0.000      0.000    0.00000    0.15091          -78.74492      271.77293         5.561e-01 
  2276.199           7.462      6.170   -122.782            0.049        14027.500      0.542      0.000      0.000    0.00000    0.15039          -78.79849      271.78261         5.592e-01 
  2277.199           7.414      6.170   -122.783            0.049        14027.509      0.542      0.000      0.000    0.00000    0.14987          -78.85263      271.79235         5.623e-01 
  2278.199           7.366      6.170   -122.783            0.049        14027.518      0.542      0.000      0.000    0.00000    0.14935          -78.90730      271.80215         5.654e-01 
  2279.199           7.318      6.170   -122.783            0.049        14027.528      0.542      0.000      0.000    0.00000    0.14884          -78.96251      271.81201         5.686e-01 
  2280.199           7.271      6.170   -122.783            0.049        14027.537      0.542      0.000      0.000    0.00000    0.14833          -79.01821      271.82193         5.717e-01 
  2281.199           7.223      6.170   -122.783            0.048        14027.546      0.542      0.000      0.000    0.00000    0.14783          -79.07442      271.83189         5.748e-01 
  2282.199           7.176      6.170   -122.783            0.048        14027.555      0.542      0.000      0.000    0.00000    0.14733          -79.13109      271.84190         5.779e-01 
  2283.199           7.129      6.170   -122.783            0.048        14027.564      0.542      0.000      0.000    0.00000    0.14683          -79.18822      271.85195         5.810e-01 
  2284.199           7.081      6.170   -122.783            0.048        14027.573      0.542      0.000      0.000    0.00000    0.14634          -79.24579      271.86205         5.842e-01 
  2285.199           7.034      6.170   -122.783            0.048        14027.582      0.542      0.000      0.000    0.00000    0.14585          -79.30378      271.87217         5.873e-01 
  2286.199           6.988      6.170   -122.783            0.048        14027.591      0.542      0.000      0.000    0.00000    0.14537          -79.36218      271.88233         5.905e-01 
  2287.199           6.941      6.170   -122.783            0.047        14027.600      0.542      0.000      0.000    0.00000    0.14489          -79.42096      271.89251         5.936e-01 
  2288.199           6.894      6.170   -122.783            0.047        14027.609      0.542      0.000      0.000    0.00000    0.14441          -79.48011      271.90272         5.968e-01 
  2289.199           6.848      6.170   -122.783            0.047        14027.617      0.542      0.000      0.000    0.00000    0.14393          -79.53963      271.91294         5.999e-01 
  2290.199           6.801      6.170   -122.784            0.047        14027.626      0.542      0.000      0.000    0.00000    0.14346          -79.59947      271.92318         6.031e-01 
  2291.199           6.755      6.170   -122.784            0.047        14027.634      0.542      0.000      0.000    0.00000    0.14300          -79.65964      271.93343         6.062e-01 
  2292.199           6.709      6.170   -122.784            0.047        14027.642      0.542      0.000      0.000    0.00000    0.14253          -79.72012      271.94367         6.094e-01 
  2293.199           6.663      6.170   -122.784            0.047        14027.651      0.542      0.000      0.000    0.00000    0.14207          -79.78089      271.95393         6.126e-01 
  2294.199           6.617      6.170   -122.784            0.046        14027.659      0.542      0.000      0.000    0.00000    0.14161          -79.84192      271.96417         6.157e-01 
  2295.199           6.572      6.170   -122.784            0.046        14027.667      0.542      0.000      0.000    0.00000    0.14116          -79.90322      271.97441         6.189e-01 
  2296.199           6.526      6.170   -122.784            0.046        14027.675      0.542      0.000      0.000    0.00000    0.14071          -79.96475      271.98462         6.221e-01 
  2297.199           6.481      6.170   -122.784            0.046        14027.683      0.542      0.000      0.000    0.00000    0.14026          -80.02652      271.99482         6.253e-01 
  2298.199           6.435      6.170   -122.784            0.046        14027.691      0.542      0.000      0.000    0.00000    0.13982          -80.08848      272.00498         6.285e-01 
  2299.199           6.390      6.170   -122.784            0.046        14027.699      0.542      0.000      0.000    0.00000    0.13937          -80.15065      272.01512         6.317e-01 
  2300.199           6.345      6.170   -122.784            0.046        14027.707      0.542      0.000      0.000    0.00000    0.13894          -80.21299      272.02521         6.348e-01 
  2301.199           6.300      6.170   -122.784            0.046        14027.715      0.542      0.000      0.000    0.00000    0.13850          -80.27549      272.03525         6.380e-01 
  2302.199           6.255      6.170   -122.784            0.045        14027.722      0.542      0.000      0.000    0.00000    0.13807          -80.33814      272.04525         6.412e-01 
  2303.199           6.211      6.170   -122.785            0.045        14027.730      0.542      0.000      0.000    0.00000    0.13764          -80.40091      272.05518         6.444e-01 
  2304.199           6.166      6.170   -122.785            0.045        14027.737      0.542      0.000      0.000    0.00000    0.13721          -80.46381      272.06506         6.477e-01 
  2305.199           6.121      6.170   -122.785            0.045        14027.745      0.542      0.000      0.000    0.00000    0.13679          -80.52680      272.07485         6.509e-01 
  2306.199           6.077      6.170   -122.785            0.045        14027.752      0.542      0.000      0.000    0.00000    0.13637          -80.58988      272.08458         6.541e-01 
  2307.199           6.033      6.170   -122.785            0.045        14027.759      0.542      0.000      0.000    0.00000    0.13595          -80.65302      272.09420         6.573e-01 
  2308.199           5.989      6.170   -122.785            0.045        14027.767      0.542      0.000      0.000    0.00000    0.13554          -80.71623      272.10374         6.605e-01 
  2309.199           5.945      6.170   -122.785            0.045        14027.774      0.542      0.000      0.000    0.00000    0.13513          -80.77946      272.11317         6.638e-01 
  2310.199           5.901      6.170   -122.785            0.044        14027.781      0.542      0.000      0.000    0.00000    0.13472          -80.84273      272.12249         6.670e-01 
  2311.199           5.857      6.170   -122.785            0.044        14027.788      0.542      0.000      0.000    0.00000    0.13431          -80.90600      272.13169         6.702e-01 
  2312.199           5.814      6.170   -122.785            0.044        14027.795      0.542      0.000      0.000    0.00000    0.13391          -80.96926      272.14076         6.735e-01 
  2313.199           5.770      6.170   -122.785            0.044        14027.802      0.542      0.000      0.000    0.00000    0.13351          -81.03252      272.14971         6.767e-01 
  2314.199           5.727      6.170   -122.785            0.044        14027.809      0.542      0.000      0.000    0.00000    0.13311          -81.09572      272.15848         6.799e-01 
  2315.199           5.683      6.170   -122.785            0.044        14027.815      0.542      0.000      0.000    0.00000    0.13272          -81.15889      272.16712         6.832e-01 
  2316.199           5.640      6.170   -122.785            0.044        14027.822      0.542      0.000      0.000    0.00000    0.13233          -81.22198      272.17558         6.864e-01 
  2317.199           5.597      6.170   -122.785            0.044        14027.829      0.542      0.000      0.000    0.00000    0.13194          -81.28500      272.18387         6.897e-01 
  2318.199           5.554      6.170   -122.785            0.043        14027.835      0.542      0.000      0.000    0.00000    0.13155          -81.34792      272.19197         6.929e-01 
  2319.199           5.511      6.170   -122.786            0.043        14027.842      0.542      0.000      0.000    0.00000    0.13116          -81.41072      272.19987         6.962e-01 
  2320.199           5.468      6.170   -122.786            0.043        14027.848      0.542      0.000      0.000    0.00000    0.13078          -81.47343      272.20758         6.995e-01 
  2321.199           5.426      6.170   -122.786            0.043        14027.854      0.542      0.000      0.000    0.00000    0.13040          -81.53597      272.21504         7.027e-01 
  2322.199           5.383      6.170   -122.786            0.043        14027.861      0.542      0.000      0.000    0.00000    0.13003          -81.59839      272.22230         7.060e-01 
  2323.199           5.341      6.170   -122.786            0.043        14027.867      0.542      0.000      0.000    0.00000    0.12965          -81.66061      272.22928         7.093e-01 
  2324.199           5.298      6.170   -122.786            0.043        14027.873      0.542      0.000      0.000    0.00000    0.12928          -81.72267      272.23603         7.126e-01 
  2325.199           5.256      6.170   -122.786            0.043        14027.879      0.542      0.000      0.000    0.00000    0.12891          -81.78454      272.24251         7.158e-01 
  2326.199           5.214      6.170   -122.786            0.042        14027.885      0.542      0.000      0.000    0.00000    0.12854          -81.84618      272.24869         7.191e-01 
  2327.199           5.172      6.170   -122.786            0.042        14027.891      0.542      0.000      0.000    0.00000    0.12818          -81.90764      272.25461         7.224e-01 
  2328.199           5.130      6.170   -122.786            0.042        14027.897      0.542      0.000      0.000    0.00000    0.12781          -81.96882      272.26018         7.257e-01 
  2329.199           5.088      6.170   -122.786            0.042        14027.903      0.542      0.000      0.000    0.00000    0.12745          -82.02979      272.26546         7.290e-01 
  2330.199           5.047      6.170   -122.786            0.042        14027.909      0.542      0.000      0.000    0.00000    0.12710          -82.09046      272.27037         7.323e-01 
  2331.199           5.005      6.170   -122.786            0.042        14027.915      0.542      0.000      0.000    0.00000    0.12674          -82.15087      272.27495         7.356e-01 
  2332.199           4.964      6.170   -122.786            0.042        14027.920      0.542      0.000      0.000    0.00000    0.12639          -82.21101      272.27917         7.389e-01 
  2333.199           4.922      6.170   -122.786            0.042        14027.926      0.542      0.000      0.000    0.00000    0.12603          -82.27081      272.28297         7.422e-01 
  2334.199           4.881      6.170   -122.786            0.042        14027.932      0.542      0.000      0.000    0.00000    0.12569          -82.33035      272.28643         7.455e-01 
  2335.199           4.840      6.170   -122.786            0.042        14027.937      0.542      0.000      0.000    0.00000    0.12534          -82.38954      272.28944         7.488e-01 
  2336.199           4.799      6.170   -122.786            0.041        14027.943      0.542      0.000      0.000    0.00000    0.12499          -82.44844      272.29206         7.522e-01 
  2337.199           4.758      6.170   -122.786            0.041        14027.948      0.542      0.000      0.000    0.00000    0.12465          -82.50701      272.29425         7.555e-01 
  2338.199           4.717      6.170   -122.787            0.041        14027.953      0.542      0.000      0.000    0.00000    0.12431          -82.56525      272.29600         7.588e-01 
  2339.199           4.676      6.170   -122.787            0.041        14027.959      0.542      0.000      0.000    0.00000    0.12397          -82.62323      272.29734         7.621e-01 
  2340.199           4.635      6.170   -122.787            0.041        14027.964      0.542      0.000      0.000    0.00000    0.12364          -82.68084      272.29820         7.655e-01 
  2341.199           4.595      6.170   -122.787            0.041        14027.969      0.542      0.000      0.000    0.00000    0.12330          -82.73820      272.29865         7.688e-01 
  2342.199           4.554      6.170   -122.787            0.041        14027.974      0.542      0.000      0.000    0.00000    0.12297          -82.79523      272.29861         7.721e-01 
  2343.199           4.514      6.170   -122.787            0.041        14027.979      0.542      0.000      0.000    0.00000    0.12264          -82.85196      272.29811         7.755e-01 
  2344.199           4.473      6.170   -122.787            0.041        14027.984      0.542      0.000      0.000    0.00000    0.12231          -82.90844      272.29718         7.788e-01 
  2345.199           4.433      6.170   -122.787            0.040        14027.989      0.542      0.000      0.000    0.00000    0.12198          -82.96460      272.29574         7.822e-01 
  2346.199           4.393      6.170   -122.787            0.040        14027.994      0.542      0.000      0.000    0.00000    0.12166          -83.02052      272.29385         7.855e-01 
  2347.199           4.353      6.170   -122.787            0.040        14027.999      0.542      0.000      0.000    0.00000    0.12134          -83.07615      272.29146         7.889e-01 
  2348.199           4.313      6.170   -122.787            0.040        14028.004      0.542      0.000      0.000    0.00000    0.12102          -83.13152      272.28858         7.922e-01 
  2349.199           4.273      6.170   -122.787            0.040        14028.009      0.542      0.000      0.000    0.00000    0.12070          -83.18666      272.28525         7.956e-01 
  2350.199           4.233      6.170   -122.787            0.040        14028.013      0.542      0.000      0.000    0.00000    0.12038          -83.24152      272.28137         7.990e-01 
  2351.199           4.194      6.170   -122.787            0.040        14028.018      0.542      0.000      0.000    0.00000    0.12007          -83.29617      272.27703         8.023e-01 
  2352.199           4.154      6.170   -122.787            0.040        14028.023      0.542      0.000      0.000    0.00000    0.11975          -83.35057      272.27216         8.057e-01 
  2353.199           4.114      6.170   -122.787            0.040        14028.027      0.542      0.000      0.000    0.00000    0.11944          -83.40474      272.26678         8.091e-01 
  2354.199           4.075      6.170   -122.787            0.040        14028.032      0.542      0.000      0.000    0.00000    0.11913          -83.45873      272.26091         8.125e-01 
  2355.199           4.036      6.170   -122.787            0.040        14028.036      0.542      0.000      0.000    0.00000    0.11883          -83.51246      272.25448         8.158e-01 
  2356.199           3.997      6.170   -122.787            0.039        14028.041      0.542      0.000      0.000    0.00000    0.11852          -83.56602      272.24756         8.192e-01 
  2357.199           3.957      6.170   -122.787            0.039        14028.045      0.542      0.000      0.000    0.00000    0.11822          -83.61937      272.24008         8.226e-01 
  2358.199           3.918      6.170   -122.787            0.039        14028.050      0.542      0.000      0.000    0.00000    0.11792          -83.67252      272.23206         8.260e-01 
  2359.199           3.879      6.170   -122.787            0.039        14028.054      0.542      0.000      0.000    0.00000    0.11762          -83.72552      272.22353         8.294e-01 
  2360.199           3.840      6.170   -122.787            0.039        14028.058      0.542      0.000      0.000    0.00000    0.11732          -83.77831      272.21440         8.328e-01 
  2361.199           3.802      6.170   -122.788            0.039        14028.062      0.542      0.000      0.000    0.00000    0.11702          -83.83096      272.20475         8.362e-01 
  2362.199           3.763      6.170   -122.788            0.039        14028.067      0.542      0.000      0.000    0.00000    0.11672          -83.88344      272.19453         8.396e-01 
  2363.199           3.724      6.170   -122.788            0.039        14028.071      0.542      0.000      0.000    0.00000    0.11643          -83.93575      272.18372         8.430e-01 
  2364.199           3.686      6.170   -122.788            0.039        14028.075      0.542      0.000      0.000    0.00000    0.11614          -83.98794      272.17237         8.464e-01 
  2365.199           3.647      6.170   -122.788            0.039        14028.079      0.542      0.000      0.000    0.00000    0.11585          -84.03997      272.16041         8.498e-01 
  2366.199           3.609      6.170   -122.788            0.039        14028.083      0.542      0.000      0.000    0.00000    0.11556          -84.09187      272.14786         8.532e-01 
  2367.199           3.571      6.170   -122.788            0.038        14028.087      0.542      0.000      0.000    0.00000    0.11527          -84.14367      272.13473         8.566e-01 
  2368.199           3.532      6.170   -122.788            0.038        14028.091      0.542      0.000      0.000    0.00000    0.11499          -84.19531      272.12096         8.601e-01 
  2369.199           3.494      6.170   -122.788            0.038        14028.094      0.542      0.000      0.000    0.00000    0.11471          -84.24687      272.10661         8.635e-01 
  2370.199           3.456      6.170   -122.788            0.038        14028.098      0.542      0.000      0.000    0.00000    0.11442          -84.29832      272.09162         8.669e-01 
  2371.199           3.418      6.170   -122.788            0.038        14028.102      0.542      0.000      0.000    0.00000    0.11414          -84.34965      272.07598         8.703e-01 
  2372.199           3.380      6.170   -122.788            0.038        14028.106      0.542      0.000      0.000    0.00000    0.11386          -84.40092      272.05974         8.738e-01 
  2373.199           3.343      6.170   -122.788            0.038        14028.109      0.542      0.000      0.000    0.00000    0.11359          -84.45208      272.04281         8.772e-01 
  2374.199           3.305      6.170   -122.788            0.038        14028.113      0.542      0.000      0.000    0.00000    0.11331          -84.50318      272.02523         8.807e-01 
  2375.199           3.267      6.170   -122.788            0.038        14028.117      0.542      0.000      0.000    0.00000    0.11304          -84.55420      272.00699         8.841e-01 
  2376.199           3.230      6.170   -122.788            0.038        14028.120      0.542      0.000      0.000    0.00000    0.11276          -84.60515      271.98805         8.875e-01 
  2377.199           3.192      6.170   -122.788            0.038        14028.124      0.542      0.000      0.000    0.00000    0.11249          -84.65606      271.96843         8.910e-01 
  2378.199           3.155      6.170   -122.788            0.038        14028.127      0.542      0.000      0.000    0.00000    0.11222          -84.70691      271.94810         8.944e-01 
  2379.199           3.117      6.170   -122.788            0.037        14028.131      0.542      0.000      0.000    0.00000    0.11195          -84.75771      271.92703         8.979e-01 
  2380.199           3.080      6.170   -122.788            0.037        14028.134      0.542      0.000      0.000    0.00000    0.11169          -84.80849      271.90526         9.014e-01 
  2381.199           3.043      6.170   -122.788            0.037        14028.137      0.542      0.000      0.000    0.00000    0.11142          -84.85923      271.88272         9.048e-01 
  2382.199           3.006      6.170   -122.788            0.037        14028.141      0.542      0.000      0.000    0.00000    0.11116          -84.90994      271.85943         9.083e-01 
  2383.199           2.969      6.170   -122.788            0.037        14028.144      0.542      0.000      0.000    0.00000    0.11089          -84.96065      271.83537         9.117e-01 
  2384.199           2.932      6.170   -122.788            0.037        14028.147      0.542      0.000      0.000    0.00000    0.11063          -85.01133      271.81049         9.152e-01 
  2385.199           2.895      6.170   -122.788            0.037        14028.150      0.542      0.000      0.000    0.00000    0.11037          -85.06202      271.78483         9.187e-01 
  2386.199           2.858      6.170   -122.788            0.037        14028.154      0.542      0.000      0.000    0.00000    0.11011          -85.11270      271.75833         9.222e-01 
  2387.199           2.821      6.170   -122.788            0.037        14028.157      0.542      0.000      0.000    0.00000    0.10986          -85.16339      271.73098         9.256e-01 
  2388.199           2.785      6.170   -122.788            0.037        14028.160      0.542      0.000      0.000    0.00000    0.10960          -85.21411      271.70278         9.291e-01 
  2389.199           2.748      6.170   -122.788            0.037        14028.163      0.542      0.000      0.000    0.00000    0.10935          -85.26484      271.67368         9.326e-01 
  2390.199           2.712      6.170   -122.788            0.037        14028.166      0.542      0.000      0.000    0.00000    0.10909          -85.31560      271.64367         9.361e-01 
  2391.199           2.675      6.170   -122.788            0.037        14028.169      0.542      0.000      0.000    0.00000    0.10884          -85.36640      271.61275         9.396e-01 
  2392.199           2.639      6.170   -122.788            0.036        14028.172      0.542      0.000      0.000    0.00000    0.10859          -85.41723      271.58085         9.431e-01 
  2393.199           2.603      6.170   -122.789            0.036        14028.175      0.542      0.000      0.000    0.00000    0.10834          -85.46812      271.54799         9.466e-01 
  2394.199           2.566      6.170   -122.789            0.036        14028.178      0.542      0.000      0.000    0.00000    0.10810          -85.51906      271.51412         9.501e-01 
  2395.199           2.530      6.170   -122.789            0.036        14028.180      0.542      0.000      0.000    0.00000    0.10785          -85.57005      271.47920         9.536e-01 
  2396.199           2.494      6.170   -122.789            0.036        14028.183      0.542      0.000      0.000    0.00000    0.10760          -85.62112      271.44323         9.571e-01 
  2397.199           2.458      6.170   -122.789            0.036        14028.186      0.542      0.000      0.000    0.00000    0.10736          -85.67226      271.40615         9.606e-01 
  2398.199           2.422      6.170   -122.789            0.036        14028.189      0.542      0.000      0.000    0.00000    0.10712          -85.72347      271.36793         9.641e-01 
  2399.199           2.386      6.170   -122.789            0.036        14028.191      0.542      0.000      0.000    0.00000    0.10687          -85.77477      271.32857         9.676e-01 
  2400.199           2.351      6.170   -122.789            0.036        14028.194      0.542      0.000      0.000    0.00000    0.10663          -85.82617      271.28798         9.711e-01 
  2401.199           2.315      6.170   -122.789            0.036        14028.196      0.542      0.000      0.000    0.00000    0.10640          -85.87766      271.24614         9.746e-01 
  2402.199           2.279      6.170   -122.789            0.036        14028.199      0.542      0.000      0.000    0.00000    0.10616          -85.92925      271.20303         9.782e-01 
  2403.199           2.244      6.170   -122.789            0.036        14028.201      0.542      0.000      0.000    0.00000    0.10592          -85.98095      271.15857         9.817e-01 
  2404.199           2.208      6.170   -122.789            0.036        14028.204      0.542      0.000      0.000    0.00000    0.10569          -86.03277      271.11273         9.852e-01 
  2405.199           2.173      6.170   -122.789            0.035        14028.206      0.542      0.000      0.000    0.00000    0.10545          -86.08471      271.06547         9.887e-01 
  2406.199           2.138      6.170   -122.789            0.035        14028.209      0.542      0.000      0.000    0.00000    0.10522          -86.13678      271.01670         9.923e-01 
  2407.199           2.102      6.170   -122.789            0.035        14028.211      0.542      0.000      0.000    0.00000    0.10499          -86.18898      270.96638         9.958e-01 
  2408.199           2.067      6.170   -122.789            0.035        14028.214      0.542      0.000      0.000    0.00000    0.10476          -86.24132      270.91446         9.993e-01 
  2409.199           2.032      6.170   -122.789            0.035        14028.216      0.542      0.000      0.000    0.00000    0.10453          -86.29381      270.86085         1.003e+00 
  2410.199           1.997      6.170   -122.789            0.035        14028.218      0.542      0.000      0.000    0.00000    0.10430          -86.34645      270.80550         1.006e+00 
  2411.199           1.962      6.170   -122.789            0.035        14028.220      0.542      0.000      0.000    0.00000    0.10407          -86.39924      270.74832         1.010e+00 
  2412.199           1.927      6.170   -122.789            0.035        14028.222      0.542      0.000      0.000    0.00000    0.10384          -86.45221      270.68923         1.014e+00 
  2413.199           1.892      6.170   -122.789            0.035        14028.225      0.542      0.000      0.000    0.00000    0.10362          -86.50533      270.62814         1.017e+00 
  2414.199           1.857      6.170   -122.789            0.035        14028.227      0.542      0.000      0.000    0.00000    0.10340          -86.55864      270.56496         1.021e+00 
  2415.199           1.822      6.170   -122.789            0.035        14028.229      0.542      0.000      0.000    0.00000    0.10317          -86.61213      270.49959         1.024e+00 
  2416.199           1.788      6.170   -122.789            0.035        14028.231      0.542      0.000      0.000    0.00000    0.10295          -86.66579      270.43191         1.028e+00 
  2417.199           1.753      6.170   -122.789            0.035        14028.233      0.542      0.000      0.000    0.00000    0.10273          -86.71966      270.36182         1.031e+00 
  2418.199           1.719      6.170   -122.789            0.035        14028.235      0.542      0.000      0.000    0.00000    0.10251          -86.77373      270.28917         1.035e+00 
  2419.199           1.684      6.170   -122.789            0.035        14028.237      0.542      0.000      0.000    0.00000    0.10229          -86.82798      270.21385         1.038e+00 
  2420.199           1.650      6.170   -122.789            0.034        14028.239      0.542      0.000      0.000    0.00000    0.10207          -86.88246      270.13569         1.042e+00 
  2421.199           1.615      6.170   -122.789            0.034        14028.240      0.542      0.000      0.000    0.00000    0.10186          -86.93716      270.05454         1.046e+00 
  2422.199           1.581      6.170   -122.789            0.034        14028.242      0.542      0.000      0.000    0.00000    0.10164          -86.99205      269.97023         1.049e+00 
  2423.199           1.547      6.170   -122.789            0.034        14028.244      0.542      0.000      0.000    0.00000    0.10143          -87.04720      269.88255         1.053e+00 
  2424.199           1.513      6.170   -122.789            0.034        14028.246      0.542      0.000      0.000    0.00000    0.10122          -87.10256      269.79132         1.056e+00 
  2425.199           1.478      6.170   -122.789            0.034        14028.248      0.542      0.000      0.000    0.00000    0.10100          -87.15815      269.69630         1.060e+00 
  2426.199           1.444      6.170   -122.789            0.034        14028.249      0.542      0.000      0.000    0.00000    0.10079          -87.21400      269.59725         1.064e+00 
  2427.199           1.410      6.170   -122.789            0.034        14028.251      0.542      0.000      0.000    0.00000    0.10058          -87.27009      269.49390         1.067e+00 
  2428.199           1.377      6.170   -122.789            0.034        14028.252      0.542      0.000      0.000    0.00000    0.10037          -87.32642      269.38597         1.071e+00 
  2429.199           1.343      6.170   -122.789            0.034        14028.254      0.542      0.000      0.000    0.00000    0.10016          -87.38303      269.27311         1.074e+00 
  2430.199           1.309      6.170   -122.789            0.034        14028.256      0.542      0.000      0.000    0.00000    0.09996          -87.43989      269.15499         1.078e+00 
  2431.199           1.275      6.170   -122.789            0.034        14028.257      0.542      0.000      0.000    0.00000    0.09975          -87.49699      269.03122         1.081e+00 
  2432.199           1.242      6.170   -122.789            0.034        14028.258      0.542      0.000      0.000    0.00000    0.09955          -87.55441      268.90134         1.085e+00 
  2433.199           1.208      6.170   -122.789            0.034        14028.260      0.542      0.000      0.000    0.00000    0.09934          -87.61208      268.76490         1.089e+00 
  2434.199           1.174      6.170   -122.789            0.034        14028.261      0.542      0.000      0.000    0.00000    0.09914          -87.67001      268.62136         1.092e+00 
  2435.199           1.141      6.170   -122.789            0.033        14028.263      0.542      0.000      0.000    0.00000    0.09893          -87.72827      268.47012         1.096e+00 
  2436.199           1.108      6.170   -122.789            0.033        14028.264      0.542      0.000      0.000    0.00000    0.09873          -87.78680      268.31052         1.100e+00 
  2437.199           1.074      6.170   -122.789            0.033        14028.265      0.542      0.000      0.000    0.00000    0.09853          -87.84560      268.14183         1.103e+00 
  2438.199           1.041      6.170   -122.789            0.033        14028.266      0.542      0.000      0.000    0.00000    0.09833          -87.90473      267.96319         1.107e+00 
  2439.199           1.008      6.170   -122.789            0.033        14028.268      0.542      0.000      0.000    0.00000    0.09813          -87.96415      267.77368         1.110e+00 
  2440.199           0.975      6.170   -122.789            0.033        14028.269      0.542      0.000      0.000    0.00000    0.09794          -88.02385      267.57224         1.114e+00 
  2441.199           0.941      6.170   -122.789            0.033        14028.270      0.542      0.000      0.000    0.00000    0.09774          -88.08390      267.35761         1.118e+00 
  2442.199           0.908      6.170   -122.789            0.033        14028.271      0.542      0.000      0.000    0.00000    0.09754          -88.14424      267.12846         1.121e+00 
  2443.199           0.875      6.170   -122.789            0.033        14028.272      0.542      0.000      0.000    0.00000    0.09735          -88.20486      266.88320         1.125e+00 
  2444.199           0.842      6.170   -122.789            0.033        14028.273      0.542      0.000      0.000    0.00000    0.09715          -88.26585      266.61993         1.128e+00 
  2445.199           0.810      6.170   -122.789            0.033        14028.274      0.542      0.000      0.000    0.00000    0.09696          -88.32713      266.33661         1.132e+00 
  2446.199           0.777      6.170   -122.789            0.033        14028.275      0.542      0.000      0.000    0.00000    0.09677          -88.38870      266.03079         1.136e+00 
  2447.199           0.744      6.170   -122.789            0.033        14028.276      0.542      0.000      0.000    0.00000    0.09658          -88.45063      265.69946         1.139e+00 
  2448.199           0.711      6.170   -122.789            0.033        14028.277      0.542      0.000      0.000    0.00000    0.09639          -88.51286      265.33934         1.143e+00 
  2449.199           0.679      6.170   -122.789            0.033        14028.278      0.542      0.000      0.000    0.00000    0.09620          -88.57536      264.94644         1.147e+00 
  2450.199           0.646      6.170   -122.789            0.033        14028.278      0.542      0.000      0.000    0.00000    0.09601          -88.63823      264.51571         1.150e+00 
  2451.199           0.614      6.170   -122.789            0.032        14028.279      0.542      0.000      0.000    0.00000    0.09582          -88.70138      264.04153         1.154e+00 
  2452.199           0.581      6.170   -122.789            0.032        14028.280      0.542      0.000      0.000    0.00000    0.09563          -88.76478      263.51698         1.158e+00 
  2453.199           0.549      6.170   -122.789            0.032        14028.281      0.542      0.000      0.000    0.00000    0.09545          -88.82852      262.93299         1.161e+00 
  2454.199           0.516      6.170   -122.789            0.032        14028.281      0.542      0.000      0.000    0.00000    0.09526          -88.89251      262.27909         1.165e+00 
  2455.199           0.484      6.170   -122.789            0.032        14028.282      0.542      0.000      0.000    0.00000    0.09508          -88.95669      261.54213         1.169e+00 
  2456.199           0.452      6.170   -122.789            0.032        14028.282      0.542      0.000      0.000    0.00000    0.09489          -89.02115      260.70432         1.172e+00 
  2457.199           0.420      6.170   -122.789            0.032        14028.283      0.542      0.000      0.000    0.00000    0.09471          -89.08577      259.74400         1.176e+00 
  2458.199           0.388      6.170   -122.789            0.032        14028.283      0.542      0.000      0.000    0.00000    0.09453          -89.15045      258.63308         1.180e+00 
  2459.199           0.356      6.170   -122.790            0.032        14028.284      0.542      0.000      0.000    0.00000    0.09435          -89.21524      257.33197         1.183e+00 
  2460.199           0.324      6.170   -122.790            0.032        14028.284      0.542      0.000      0.000    0.00000    0.09416          -89.27998      255.78914         1.187e+00 
  2461.199           0.292      6.170   -122.790            0.032        14028.285      0.542      0.000      0.000    0.00000    0.09398          -89.34445      253.93411         1.191e+00 
  2462.199           0.260      6.170   -122.790            0.032        14028.285      0.542      0.000      0.000    0.00000    0.09381          -89.40855      251.66259         1.194e+00 
  2463.199           0.228      6.170   -122.790            0.032        14028.285      0.542      0.000      0.000    0.00000    0.09363          -89.47195      248.82639         1.198e+00 
  2464.199           0.196      6.170   -122.790            0.032        14028.286      0.542      0.000      0.000    0.00000    0.09345          -89.53404      245.20862         1.202e+00 
  2465.199           0.164      6.170   -122.790            0.032        14028.286      0.542      0.000      0.000    0.00000    0.09327          -89.59414      240.47021         1.205e+00 
  2466.199           0.133      6.170   -122.790            0.032        14028.286      0.542      0.000      0.000    0.00000    0.09310          -89.65094      234.09867         1.209e+00 
  2467.199           0.101      6.170   -122.790            0.032        14028.286      0.542      0.000      0.000    0.00000    0.09292          -89.70210      225.35672         1.213e+00 
  2468.199           0.070      6.170   -122.790            0.032        14028.286      0.542      0.000      0.000    0.00000    0.09275          -89.74392      213.32371         1.216e+00 
  2469.199           0.038      6.170   -122.790            0.031        14028.286      0.542      0.000      0.000    0.00000    0.09257          -89.77080      197.48565         1.220e+00 
  2470.199           0.007      6.170   -122.790            0.031        14028.287      0.542      0.000      0.000    0.00000    0.09240          -89.77673      179.13321         1.224e+00 
  2471.199           0.000      6.170   -122.790            0.031        14028.287      0.542      0.000      0.000    0.00000    0.09225          -89.76218      163.01099         1.225e+00 
