#_______________________________________________________________________________
#    ######   ####     ##             #####   #####     ##    #    #    ## 
#    #       #        #  #            #    #  #    #   #  #   ##  ##   #  #
#    #####    ####   ######           #    #  #####   ######  # ## #  ######
#    #            #  #    #           #    #  #    #  #    #  #    #  #    #
#____######__#####___#____#___________#####___#____#__#____#__#____#__#____#____
#
#              ESA Debris Risk Assessment and Mitigation Analysis
#
#                      ---- DRAMA ( SESAM 2.1.5 ) ----
#                                      ESA 2018
#
#                              aerothermal history file
#-------------------------------------------------------------------------------
# Filename      : PySara._IFring.804569073003528447_cd3cda18-3bf2-43c8-87a7-f735aa44d164_AeroThermalHistory.txt
# RunID         : PySara
# ObjectID      : cd3cda18-3bf2-43c8-87a7-f735aa44d164
# ObjectName    : _IFring
# ReferenceArea : 0.0814332 [m^2]
# Content       : This file contains the aerothermal data of the object,
#                 computed by the DRAMA 3 Re-entry Analysis.
# Documentation : DRAMA Software User Manual, section OPERATIONS MANUAL / Normal operation / SARA / SARA Simulation Output / Re-entry simulation output
# Note          : The convective heat and the integrated heat values in this file take into account the visibility factor
#
#-------------------------------------------------------------------------------------------------------------------------------------------------------------------
#  Time [s]  Altitude [km]   Temp [K]   Mass [kg]   Thick [mm]  Convective Heat [W]  Radiative Heat [W]  Oxidation Heat [W]  Integrated Heat [J] VisibilityFactor [-]
#-------------------------------------------------------------------------------------------------------------------------------------------------------------------
     0.000         124.979    300.000       0.634       0.929              135.280               0.000               0.000                0.000   0.84306 
     0.100         124.979    300.024       0.634       0.929              135.282               0.000               0.000               13.528   0.84306 
     0.550         124.978    300.133       0.634       0.929              135.292               0.000               0.000               74.410   0.84306 
     1.550         124.977    300.375       0.634       0.929              135.317               0.000               0.000              209.727   0.84306 
     2.550         124.976    300.615       0.634       0.929              135.343               0.000               0.000              345.070   0.84306 
     3.550         124.975    300.854       0.634       0.929              135.370               0.000               0.000              480.439   0.84306 
     4.550         124.973    301.091       0.634       0.929              135.396               0.000               0.000              615.835   0.84306 
     5.550         124.972    301.327       0.634       0.929              135.422               0.000               0.000              751.258   0.84306 
     6.550         124.971    301.561       0.634       0.929              135.449               0.000               0.000              886.706   0.84306 
     7.550         124.970    301.795       0.634       0.929              135.475               0.000               0.000             1022.181   0.84306 
     8.550         124.968    302.027       0.634       0.929              135.502               0.000               0.000             1157.683   0.84306 
     9.550         124.967    302.258       0.634       0.929              135.528               0.000               0.000             1293.211   0.84306 
    10.550         124.966    302.489       0.634       0.929              135.555               0.000               0.000             1428.766   0.84306 
    11.550         124.964    302.718       0.634       0.929              135.581               0.000               0.000             1564.347   0.84306 
    12.550         124.963    302.946       0.634       0.929              135.608               0.000               0.000             1699.955   0.84306 
    13.550         124.962    303.173       0.634       0.929              135.635               0.000               0.000             1835.590   0.84306 
    14.550         124.961    303.399       0.634       0.929              135.662               0.000               0.000             1971.252   0.84306 
    15.550         124.959    303.624       0.634       0.929              135.688               0.000               0.000             2106.940   0.84306 
    16.550         124.958    303.849       0.634       0.929              135.715               0.000               0.000             2242.655   0.84306 
    17.550         124.957    304.073       0.634       0.929              135.742               0.000               0.000             2378.398   0.84306 
    18.550         124.955    304.296       0.634       0.929              135.769               0.000               0.000             2514.167   0.84306 
    19.550         124.954    304.518       0.634       0.929              135.796               0.000               0.000             2649.963   0.84306 
    20.550         124.953    304.739       0.634       0.929              135.823               0.000               0.000             2785.786   0.84306 
    21.550         124.952    304.960       0.634       0.929              135.850               0.000               0.000             2921.636   0.84306 
    22.550         124.950    305.180       0.634       0.929              135.877               0.000               0.000             3057.513   0.84306 
    23.550         124.949    305.400       0.634       0.929              135.905               0.000               0.000             3193.418   0.84306 
    24.550         124.948    305.619       0.634       0.929              135.932               0.000               0.000             3329.350   0.84306 
    25.550         124.946    305.837       0.634       0.929              135.959               0.000               0.000             3465.309   0.84306 
    26.550         124.945    306.055       0.634       0.929              135.987               0.000               0.000             3601.296   0.84306 
    27.550         124.944    306.272       0.634       0.929              136.014               0.000               0.000             3737.310   0.84306 
    28.550         124.942    306.489       0.634       0.929              136.042               0.000               0.000             3873.351   0.84306 
    29.550         124.941    306.705       0.634       0.929              136.069               0.000               0.000             4009.421   0.84306 
    30.550         124.940    306.921       0.634       0.929              136.097               0.000               0.000             4145.517   0.84306 
    31.550         124.938    307.136       0.634       0.929              136.124               0.000               0.000             4281.642   0.84306 
    32.550         124.937    307.351       0.634       0.929              136.152               0.000               0.000             4417.794   0.84306 
    33.550         124.936    307.565       0.634       0.929              136.180               0.000               0.000             4553.974   0.84306 
    34.550         124.934    307.779       0.634       0.929              136.208               0.000               0.000             4690.182   0.84306 
    35.550         124.933    307.993       0.634       0.929              136.236               0.000               0.000             4826.418   0.84306 
    36.550         124.932    308.206       0.634       0.929              136.264               0.000               0.000             4962.682   0.84306 
    37.550         124.930    308.419       0.634       0.929              136.292               0.000               0.000             5098.974   0.84306 
    38.550         124.929    308.632       0.634       0.929              136.320               0.000               0.000             5235.294   0.84306 
    39.550         124.928    308.844       0.634       0.929              136.348               0.000               0.000             5371.642   0.84306 
    40.550         124.926    309.056       0.634       0.929              136.377               0.000               0.000             5508.019   0.84306 
    41.550         124.925    309.267       0.634       0.929              136.405               0.000               0.000             5644.424   0.84306 
    42.550         124.924    309.478       0.634       0.929              136.434               0.000               0.000             5780.858   0.84306 
    43.550         124.922    309.689       0.634       0.929              136.462               0.000               0.000             5917.320   0.84306 
    44.550         124.921    309.900       0.634       0.929              136.491               0.000               0.000             6053.810   0.84306 
    45.550         124.920    310.110       0.634       0.929              136.519               0.000               0.000             6190.330   0.84306 
    46.550         124.918    310.320       0.634       0.929              136.548               0.000               0.000             6326.878   0.84306 
    47.550         124.917    310.530       0.634       0.929              136.577               0.000               0.000             6463.455   0.84306 
    48.550         124.915    310.739       0.634       0.929              136.606               0.000               0.000             6600.061   0.84306 
    49.550         124.914    310.949       0.634       0.929              136.635               0.000               0.000             6736.696   0.84306 
    50.550         124.913    311.158       0.634       0.929              136.664               0.000               0.000             6873.360   0.84306 
    51.550         124.911    311.367       0.634       0.929              136.693               0.000               0.000             7010.053   0.84306 
    52.550         124.910    311.575       0.634       0.929              136.722               0.000               0.000             7146.775   0.84306 
    53.550         124.908    311.784       0.634       0.929              136.752               0.000               0.000             7283.527   0.84306 
    54.550         124.907    311.992       0.634       0.929              136.781               0.000               0.000             7420.308   0.84306 
    55.550         124.906    312.200       0.634       0.929              136.811               0.000               0.000             7557.119   0.84306 
    56.550         124.904    312.408       0.634       0.929              136.840               0.000               0.000             7693.960   0.84306 
    57.550         124.903    312.615       0.634       0.929              136.870               0.000               0.000             7830.830   0.84306 
    58.550         124.901    312.823       0.634       0.929              136.900               0.000               0.000             7967.730   0.84306 
    59.550         124.900    313.030       0.634       0.929              136.930               0.000               0.000             8104.659   0.84306 
    60.550         124.898    313.237       0.634       0.929              136.960               0.000               0.000             8241.619   0.84306 
    61.550         124.897    313.444       0.634       0.929              136.990               0.000               0.000             8378.609   0.84306 
    62.550         124.896    313.651       0.634       0.929              137.020               0.000               0.000             8515.629   0.84306 
    63.550         124.894    313.858       0.634       0.929              137.050               0.000               0.000             8652.679   0.84306 
    64.550         124.893    314.064       0.634       0.929              137.081               0.000               0.000             8789.760   0.84306 
    65.550         124.891    314.270       0.634       0.929              137.111               0.000               0.000             8926.871   0.84306 
    66.550         124.890    314.477       0.634       0.929              137.142               0.000               0.000             9064.013   0.84306 
    67.550         124.888    314.683       0.634       0.929              137.172               0.000               0.000             9201.185   0.84306 
    68.550         124.887    314.889       0.634       0.929              137.203               0.000               0.000             9338.389   0.84306 
    69.550         124.885    315.094       0.634       0.929              137.234               0.000               0.000             9475.623   0.84306 
    70.550         124.884    315.300       0.634       0.929              137.265               0.000               0.000             9612.888   0.84306 
    71.550         124.882    315.506       0.634       0.929              137.296               0.000               0.000             9750.184   0.84306 
    72.550         124.881    315.711       0.634       0.929              137.327               0.000               0.000             9887.511   0.84306 
    73.550         124.879    315.916       0.634       0.929              137.359               0.000               0.000            10024.870   0.84306 
    74.550         124.878    316.121       0.634       0.929              137.390               0.000               0.000            10162.260   0.84306 
    75.550         124.876    316.327       0.634       0.929              137.422               0.000               0.000            10299.682   0.84306 
    76.550         124.875    316.531       0.634       0.929              137.453               0.000               0.000            10437.135   0.84306 
    77.550         124.873    316.736       0.634       0.929              137.485               0.000               0.000            10574.620   0.84306 
    78.550         124.872    316.941       0.634       0.929              137.517               0.000               0.000            10712.137   0.84306 
    79.550         124.870    317.146       0.634       0.929              137.549               0.000               0.000            10849.686   0.84306 
    80.550         124.869    317.350       0.634       0.929              137.581               0.000               0.000            10987.268   0.84306 
    81.550         124.867    317.555       0.634       0.929              137.613               0.000               0.000            11124.881   0.84306 
    82.550         124.865    317.759       0.634       0.929              137.646               0.000               0.000            11262.527   0.84306 
    83.550         124.864    317.963       0.634       0.929              137.678               0.000               0.000            11400.205   0.84306 
    84.550         124.862    318.167       0.634       0.929              137.711               0.000               0.000            11537.915   0.84306 
    85.550         124.861    318.371       0.634       0.929              137.743               0.000               0.000            11675.659   0.84306 
    86.550         124.859    318.575       0.634       0.929              137.776               0.000               0.000            11813.435   0.84306 
    87.550         124.858    318.779       0.634       0.929              137.809               0.000               0.000            11951.244   0.84306 
    88.550         124.856    318.983       0.634       0.929              137.842               0.000               0.000            12089.087   0.84306 
    89.550         124.854    319.187       0.634       0.929              137.876               0.000               0.000            12226.962   0.84306 
    90.550         124.853    319.390       0.634       0.929              137.909               0.000               0.000            12364.871   0.84306 
    91.550         124.851    319.594       0.634       0.929              137.942               0.000               0.000            12502.813   0.84306 
    92.550         124.850    319.798       0.634       0.929              137.976               0.000               0.000            12640.789   0.84306 
    93.550         124.848    320.001       0.634       0.929              138.010               0.000               0.000            12778.799   0.84306 
    94.550         124.846    320.204       0.634       0.929              138.044               0.000               0.000            12916.842   0.84306 
    95.550         124.845    320.408       0.634       0.929              138.078               0.000               0.000            13054.920   0.84306 
    96.550         124.843    320.611       0.634       0.929              138.112               0.000               0.000            13193.032   0.84306 
    97.550         124.841    320.814       0.634       0.929              138.146               0.000               0.000            13331.178   0.84306 
    98.550         124.840    321.017       0.634       0.929              138.180               0.000               0.000            13469.358   0.84306 
    99.550         124.838    321.220       0.634       0.929              138.215               0.000               0.000            13607.573   0.84306 
   100.550         124.836    321.423       0.634       0.929              138.250               0.000               0.000            13745.822   0.84306 
   101.550         124.835    321.626       0.634       0.929              138.284               0.000               0.000            13884.107   0.84306 
   102.550         124.833    321.829       0.634       0.929              138.319               0.000               0.000            14022.426   0.84306 
   103.550         124.831    322.031       0.634       0.929              138.355               0.000               0.000            14160.781   0.84306 
   104.550         124.830    322.234       0.634       0.929              138.390               0.000               0.000            14299.171   0.84306 
   105.550         124.828    322.437       0.634       0.929              138.425               0.000               0.000            14437.596   0.84306 
   106.550         124.826    322.639       0.634       0.929              138.461               0.000               0.000            14576.056   0.84306 
   107.550         124.825    322.842       0.634       0.929              138.496               0.000               0.000            14714.553   0.84306 
   108.550         124.823    323.044       0.634       0.929              138.532               0.000               0.000            14853.085   0.84306 
   109.550         124.821    323.247       0.634       0.929              138.568               0.000               0.000            14991.653   0.84306 
   110.550         124.819    323.449       0.634       0.929              138.604               0.000               0.000            15130.258   0.84306 
   111.550         124.818    323.651       0.634       0.929              138.641               0.000               0.000            15268.899   0.84306 
   112.550         124.816    323.853       0.634       0.929              138.677               0.000               0.000            15407.576   0.84306 
   113.550         124.814    324.056       0.634       0.929              138.714               0.000               0.000            15546.290   0.84306 
   114.550         124.812    324.258       0.634       0.929              138.751               0.000               0.000            15685.040   0.84306 
   115.550         124.810    324.460       0.634       0.929              138.788               0.000               0.000            15823.828   0.84306 
   116.550         124.809    324.662       0.634       0.929              138.825               0.000               0.000            15962.652   0.84306 
   117.550         124.807    324.864       0.634       0.929              138.862               0.000               0.000            16101.514   0.84306 
   118.550         124.805    325.066       0.634       0.929              138.899               0.000               0.000            16240.413   0.84306 
   119.550         124.803    325.268       0.634       0.929              138.937               0.000               0.000            16379.350   0.84306 
   120.550         124.801    325.470       0.634       0.929              138.975               0.000               0.000            16518.325   0.84306 
   121.550         124.800    325.671       0.634       0.929              139.012               0.000               0.000            16657.337   0.84306 
   122.550         124.798    325.873       0.634       0.929              139.051               0.000               0.000            16796.388   0.84306 
   123.550         124.796    326.075       0.634       0.929              139.089               0.000               0.000            16935.477   0.84306 
   124.550         124.794    326.276       0.634       0.929              139.127               0.000               0.000            17074.604   0.84306 
   125.550         124.792    326.478       0.634       0.929              139.166               0.000               0.000            17213.770   0.84306 
   126.550         124.790    326.680       0.634       0.929              139.205               0.000               0.000            17352.974   0.84306 
   127.550         124.788    326.881       0.634       0.929              139.243               0.000               0.000            17492.217   0.84306 
   128.550         124.787    327.082       0.634       0.929              139.283               0.000               0.000            17631.500   0.84306 
   129.550         124.785    327.284       0.634       0.929              139.322               0.000               0.000            17770.822   0.84306 
   130.550         124.783    327.485       0.634       0.929              139.361               0.000               0.000            17910.183   0.84306 
   131.550         124.781    327.686       0.634       0.929              139.401               0.000               0.000            18049.584   0.84306 
   132.550         124.779    327.888       0.634       0.929              139.441               0.000               0.000            18189.025   0.84306 
   133.550         124.777    328.089       0.634       0.929              139.481               0.000               0.000            18328.505   0.84306 
   134.550         124.775    328.290       0.634       0.929              139.521               0.000               0.000            18468.026   0.84306 
   135.550         124.773    328.491       0.634       0.929              139.561               0.000               0.000            18607.587   0.84306 
   136.550         124.771    328.692       0.634       0.929              139.602               0.000               0.000            18747.189   0.84306 
   137.550         124.769    328.893       0.634       0.929              139.642               0.000               0.000            18886.832   0.84306 
   138.550         124.767    329.094       0.634       0.929              139.683               0.000               0.000            19026.515   0.84306 
   139.550         124.765    329.295       0.634       0.929              139.724               0.000               0.000            19166.239   0.84306 
   140.550         124.763    329.496       0.634       0.929              139.766               0.000               0.000            19306.005   0.84306 
   141.550         124.761    329.697       0.634       0.929              139.807               0.000               0.000            19445.812   0.84306 
   142.550         124.759    329.897       0.634       0.929              139.849               0.000               0.000            19585.661   0.84306 
   143.550         124.757    330.098       0.634       0.929              139.891               0.000               0.000            19725.552   0.84306 
   144.550         124.755    330.299       0.634       0.929              139.933               0.000               0.000            19865.485   0.84306 
   145.550         124.753    330.499       0.634       0.929              139.975               0.000               0.000            20005.460   0.84306 
   146.550         124.751    330.700       0.634       0.929              140.017               0.000               0.000            20145.477   0.84306 
   147.550         124.749    330.901       0.634       0.929              140.060               0.000               0.000            20285.537   0.84306 
   148.550         124.747    331.101       0.634       0.929              140.103               0.000               0.000            20425.640   0.84306 
   149.550         124.745    331.301       0.634       0.929              140.146               0.000               0.000            20565.786   0.84306 
   150.550         124.743    331.502       0.634       0.929              140.189               0.000               0.000            20705.975   0.84306 
   151.550         124.741    331.702       0.634       0.929              140.233               0.000               0.000            20846.208   0.84306 
   152.550         124.739    331.903       0.634       0.929              140.276               0.000               0.000            20986.484   0.84306 
   153.550         124.737    332.103       0.634       0.929              140.320               0.000               0.000            21126.804   0.84306 
   154.550         124.734    332.303       0.634       0.929              140.364               0.000               0.000            21267.169   0.84306 
   155.550         124.732    332.503       0.634       0.929              140.409               0.000               0.000            21407.577   0.84306 
   156.550         124.730    332.703       0.634       0.929              140.453               0.000               0.000            21548.030   0.84306 
   157.550         124.728    332.903       0.634       0.929              140.498               0.000               0.000            21688.528   0.84306 
   158.550         124.726    333.103       0.634       0.929              140.543               0.000               0.000            21829.071   0.84306 
   159.550         124.724    333.303       0.634       0.929              140.588               0.000               0.000            21969.658   0.84306 
   160.550         124.721    333.503       0.634       0.929              140.633               0.000               0.000            22110.292   0.84306 
   161.550         124.719    333.703       0.634       0.929              140.679               0.000               0.000            22250.970   0.84306 
   162.550         124.717    333.903       0.634       0.929              140.724               0.000               0.000            22391.695   0.84306 
   163.550         124.715    334.103       0.634       0.929              140.770               0.000               0.000            22532.465   0.84306 
   164.550         124.713    334.303       0.634       0.929              140.817               0.000               0.000            22673.282   0.84306 
   165.550         124.710    334.503       0.634       0.929              140.863               0.000               0.000            22814.145   0.84306 
   166.550         124.708    334.702       0.634       0.929              140.910               0.000               0.000            22955.055   0.84306 
   167.550         124.706    334.902       0.634       0.929              140.957               0.000               0.000            23096.011   0.84306 
   168.550         124.704    335.102       0.634       0.929              141.004               0.000               0.000            23237.015   0.84306 
   169.550         124.701    335.301       0.634       0.929              141.051               0.000               0.000            23378.066   0.84306 
   170.550         124.699    335.501       0.634       0.929              141.099               0.000               0.000            23519.165   0.84306 
   171.550         124.697    335.701       0.634       0.929              141.147               0.000               0.000            23660.311   0.84306 
   172.550         124.694    335.900       0.634       0.929              141.195               0.000               0.000            23801.506   0.84306 
   173.550         124.692    336.099       0.634       0.929              141.243               0.000               0.000            23942.749   0.84306 
   174.550         124.690    336.299       0.634       0.929              141.291               0.000               0.000            24084.040   0.84306 
   175.550         124.687    336.498       0.634       0.929              141.340               0.000               0.000            24225.380   0.84306 
   176.550         124.685    336.698       0.634       0.929              141.389               0.000               0.000            24366.769   0.84306 
   177.550         124.683    336.897       0.634       0.929              141.438               0.000               0.000            24508.207   0.84306 
   178.550         124.680    337.096       0.634       0.929              141.488               0.000               0.000            24649.695   0.84306 
   179.550         124.678    337.295       0.634       0.929              141.537               0.000               0.000            24791.233   0.84306 
   180.550         124.676    337.495       0.634       0.929              141.587               0.000               0.000            24932.820   0.84306 
   181.550         124.673    337.694       0.634       0.929              141.638               0.000               0.000            25074.458   0.84306 
   182.550         124.671    337.893       0.634       0.929              141.688               0.000               0.000            25216.145   0.84306 
   183.550         124.668    338.092       0.634       0.929              141.739               0.000               0.000            25357.884   0.84306 
   184.550         124.666    338.291       0.634       0.929              141.790               0.000               0.000            25499.674   0.84306 
   185.550         124.663    338.490       0.634       0.929              141.841               0.000               0.000            25641.515   0.84306 
   186.550         124.661    338.689       0.634       0.929              141.892               0.000               0.000            25783.407   0.84306 
   187.550         124.658    338.888       0.634       0.929              141.944               0.000               0.000            25925.351   0.84306 
   188.550         124.656    339.087       0.634       0.929              141.996               0.000               0.000            26067.347   0.84306 
   189.550         124.653    339.286       0.634       0.929              142.048               0.000               0.000            26209.395   0.84306 
   190.550         124.651    339.484       0.634       0.929              142.101               0.000               0.000            26351.495   0.84306 
   191.550         124.648    339.683       0.634       0.929              142.153               0.000               0.000            26493.648   0.84306 
   192.550         124.646    339.882       0.634       0.929              142.206               0.000               0.000            26635.855   0.84306 
   193.550         124.643    340.081       0.634       0.929              142.259               0.000               0.000            26778.114   0.84306 
   194.550         124.641    340.279       0.634       0.929              142.313               0.000               0.000            26920.427   0.84306 
   195.550         124.638    340.478       0.634       0.929              142.367               0.000               0.000            27062.794   0.84306 
   196.550         124.636    340.677       0.634       0.929              142.421               0.000               0.000            27205.215   0.84306 
   197.550         124.633    340.875       0.634       0.929              142.475               0.000               0.000            27347.690   0.84306 
   198.550         124.630    341.074       0.634       0.929              142.530               0.000               0.000            27490.220   0.84306 
   199.550         124.628    341.272       0.634       0.929              142.585               0.000               0.000            27632.804   0.84306 
   200.550         124.625    341.471       0.634       0.929              142.640               0.000               0.000            27775.444   0.84306 
   201.550         124.622    341.669       0.634       0.929              142.695               0.000               0.000            27918.139   0.84306 
   202.550         124.620    341.867       0.634       0.929              142.751               0.000               0.000            28060.890   0.84306 
   203.550         124.617    342.066       0.634       0.929              142.807               0.000               0.000            28203.696   0.84306 
   204.550         124.614    342.264       0.634       0.929              142.863               0.000               0.000            28346.559   0.84306 
   205.550         124.612    342.462       0.634       0.929              142.919               0.000               0.000            28489.479   0.84306 
   206.550         124.609    342.661       0.634       0.929              142.976               0.000               0.000            28632.455   0.84306 
   207.550         124.606    342.859       0.634       0.929              143.033               0.000               0.000            28775.488   0.84306 
   208.550         124.603    343.057       0.634       0.929              143.091               0.000               0.000            28918.579   0.84306 
   209.550         124.601    343.255       0.634       0.929              143.148               0.000               0.000            29061.727   0.84306 
   210.550         124.598    343.453       0.634       0.929              143.206               0.000               0.000            29204.934   0.84306 
   211.550         124.595    343.652       0.634       0.929              143.265               0.000               0.000            29348.198   0.84306 
   212.550         124.592    343.850       0.634       0.929              143.323               0.000               0.000            29491.521   0.84306 
   213.550         124.590    344.048       0.634       0.929              143.382               0.000               0.000            29634.903   0.84306 
   214.550         124.587    344.246       0.634       0.929              143.441               0.000               0.000            29778.344   0.84306 
   215.550         124.584    344.444       0.634       0.929              143.500               0.000               0.000            29921.844   0.84306 
   216.550         124.581    344.642       0.634       0.929              143.560               0.000               0.000            30065.404   0.84306 
   217.550         124.578    344.840       0.634       0.929              143.620               0.000               0.000            30209.025   0.84306 
   218.550         124.575    345.037       0.634       0.929              143.680               0.000               0.000            30352.705   0.84306 
   219.550         124.572    345.235       0.634       0.929              143.741               0.000               0.000            30496.446   0.84306 
   220.550         124.570    345.433       0.634       0.929              143.802               0.000               0.000            30640.248   0.84306 
   221.550         124.567    345.631       0.634       0.929              143.863               0.000               0.000            30784.111   0.84306 
   222.550         124.564    345.829       0.634       0.929              143.925               0.000               0.000            30928.036   0.84306 
   223.550         124.561    346.027       0.634       0.929              143.987               0.000               0.000            31072.022   0.84306 
   224.550         124.558    346.224       0.634       0.929              144.049               0.000               0.000            31216.071   0.84306 
   225.550         124.555    346.422       0.634       0.929              144.111               0.000               0.000            31360.182   0.84306 
   226.550         124.552    346.620       0.634       0.929              144.174               0.000               0.000            31504.356   0.84306 
   227.550         124.549    346.817       0.634       0.929              144.237               0.000               0.000            31648.593   0.84306 
   228.550         124.546    347.015       0.634       0.929              144.300               0.000               0.000            31792.894   0.84306 
   229.550         124.543    347.213       0.634       0.929              144.364               0.000               0.000            31937.258   0.84306 
   230.550         124.540    347.410       0.634       0.929              144.428               0.000               0.000            32081.686   0.84306 
   231.550         124.537    347.608       0.634       0.929              144.493               0.000               0.000            32226.179   0.84306 
   232.550         124.534    347.805       0.634       0.929              144.557               0.000               0.000            32370.736   0.84306 
   233.550         124.531    348.003       0.634       0.929              144.622               0.000               0.000            32515.358   0.84306 
   234.550         124.528    348.200       0.634       0.929              144.688               0.000               0.000            32660.046   0.84306 
   235.550         124.524    348.398       0.634       0.929              144.753               0.000               0.000            32804.800   0.84306 
   236.550         124.521    348.595       0.634       0.929              144.819               0.000               0.000            32949.619   0.84306 
   237.550         124.518    348.793       0.634       0.929              144.886               0.000               0.000            33094.505   0.84306 
   238.550         124.515    348.990       0.634       0.929              144.952               0.000               0.000            33239.457   0.84306 
   239.550         124.512    349.187       0.634       0.929              145.020               0.000               0.000            33384.477   0.84306 
   240.550         124.509    349.385       0.634       0.929              145.087               0.000               0.000            33529.564   0.84306 
   241.550         124.505    349.582       0.634       0.929              145.155               0.000               0.000            33674.718   0.84306 
   242.550         124.502    349.779       0.634       0.929              145.223               0.000               0.000            33819.941   0.84306 
   243.550         124.499    349.976       0.634       0.929              145.291               0.000               0.000            33965.232   0.84306 
   244.550         124.496    350.172       0.634       0.929              145.360               0.000               0.000            34110.592   0.84306 
   245.550         124.493    350.369       0.634       0.929              145.429               0.000               0.000            34256.021   0.84306 
   246.550         124.489    350.566       0.634       0.929              145.498               0.000               0.000            34401.519   0.84306 
   247.550         124.486    350.762       0.634       0.929              145.568               0.000               0.000            34547.087   0.84306 
   248.550         124.483    350.958       0.634       0.929              145.638               0.000               0.000            34692.725   0.84306 
   249.550         124.479    351.154       0.634       0.929              145.709               0.000               0.000            34838.434   0.84306 
   250.550         124.476    351.350       0.634       0.929              145.780               0.000               0.000            34984.214   0.84306 
   251.550         124.473    351.546       0.634       0.929              145.851               0.000               0.000            35130.064   0.84306 
   252.550         124.469    351.741       0.634       0.929              145.922               0.000               0.000            35275.987   0.84306 
   253.550         124.466    351.936       0.634       0.929              145.994               0.000               0.000            35421.981   0.84306 
   254.550         124.463    352.131       0.634       0.929              146.067               0.000               0.000            35568.048   0.84306 
   255.550         124.459    352.326       0.634       0.929              146.139               0.000               0.000            35714.187   0.84306 
   256.550         124.456    352.521       0.634       0.929              146.212               0.000               0.000            35860.399   0.84306 
   257.550         124.452    352.715       0.634       0.929              146.286               0.000               0.000            36006.685   0.84306 
   258.550         124.449    352.909       0.634       0.929              146.360               0.000               0.000            36153.044   0.84306 
   259.550         124.445    353.103       0.634       0.929              146.434               0.000               0.000            36299.478   0.84306 
   260.550         124.442    353.297       0.634       0.929              146.508               0.000               0.000            36445.986   0.84306 
   261.550         124.438    353.490       0.634       0.929              146.583               0.000               0.000            36592.569   0.84306 
   262.550         124.435    353.684       0.634       0.929              146.658               0.000               0.000            36739.228   0.84306 
   263.550         124.431    353.877       0.634       0.929              146.734               0.000               0.000            36885.962   0.84306 
   264.550         124.428    354.069       0.634       0.929              146.810               0.000               0.000            37032.772   0.84306 
   265.550         124.424    354.262       0.634       0.929              146.887               0.000               0.000            37179.658   0.84306 
   266.550         124.421    354.454       0.634       0.929              146.963               0.000               0.000            37326.622   0.84306 
   267.550         124.417    354.646       0.634       0.929              147.041               0.000               0.000            37473.662   0.84306 
   268.550         124.413    354.837       0.634       0.929              147.118               0.000               0.000            37620.780   0.84306 
   269.550         124.410    355.029       0.634       0.929              147.196               0.000               0.000            37767.977   0.84306 
   270.550         124.406    355.220       0.634       0.929              147.275               0.000               0.000            37915.251   0.84306 
   271.550         124.402    355.411       0.634       0.929              147.353               0.000               0.000            38062.604   0.84306 
   272.550         124.399    355.601       0.634       0.929              147.433               0.000               0.000            38210.037   0.84306 
   273.550         124.395    355.792       0.634       0.929              147.512               0.000               0.000            38357.549   0.84306 
   274.550         124.391    355.982       0.634       0.929              147.592               0.000               0.000            38505.141   0.84306 
   275.550         124.388    356.171       0.634       0.929              147.672               0.000               0.000            38652.814   0.84306 
   276.550         124.384    356.361       0.634       0.929              147.753               0.000               0.000            38800.567   0.84306 
   277.550         124.380    356.550       0.634       0.929              147.835               0.000               0.000            38948.401   0.84306 
   278.550         124.376    356.739       0.634       0.929              147.916               0.000               0.000            39096.318   0.84306 
   279.550         124.373    356.927       0.634       0.929              147.998               0.000               0.000            39244.316   0.84306 
   280.550         124.369    357.116       0.634       0.929              148.081               0.000               0.000            39392.396   0.84306 
   281.550         124.365    357.304       0.634       0.929              148.163               0.000               0.000            39540.560   0.84306 
   282.550         124.361    357.492       0.634       0.929              148.247               0.000               0.000            39688.807   0.84306 
   283.550         124.357    357.679       0.634       0.929              148.331               0.000               0.000            39837.137   0.84306 
   284.550         124.353    357.866       0.634       0.929              148.415               0.000               0.000            39985.552   0.84306 
   285.550         124.349    358.053       0.634       0.929              148.499               0.000               0.000            40134.051   0.84306 
   286.550         124.346    358.240       0.634       0.929              148.584               0.000               0.000            40282.635   0.84306 
   287.550         124.342    358.426       0.634       0.929              148.670               0.000               0.000            40431.305   0.84306 
   288.550         124.338    358.612       0.634       0.929              148.755               0.000               0.000            40580.060   0.84306 
   289.550         124.334    358.798       0.634       0.929              148.842               0.000               0.000            40728.902   0.84306 
   290.550         124.330    358.983       0.634       0.929              148.929               0.000               0.000            40877.831   0.84306 
   291.550         124.326    359.169       0.634       0.929              149.016               0.000               0.000            41026.846   0.84306 
   292.550         124.322    359.353       0.634       0.929              149.103               0.000               0.000            41175.950   0.84306 
   293.550         124.318    359.538       0.634       0.929              149.191               0.000               0.000            41325.141   0.84306 
   294.550         124.314    359.722       0.634       0.929              149.280               0.000               0.000            41474.421   0.84306 
   295.550         124.310    359.906       0.634       0.929              149.369               0.000               0.000            41623.789   0.84306 
   296.550         124.305    360.090       0.634       0.929              149.458               0.000               0.000            41773.248   0.84306 
   297.550         124.301    360.274       0.634       0.929              149.548               0.000               0.000            41922.796   0.84306 
   298.550         124.297    360.457       0.634       0.929              149.638               0.000               0.000            42072.434   0.84306 
   299.550         124.293    360.640       0.634       0.929              149.729               0.000               0.000            42222.163   0.84306 
   300.550         124.289    360.822       0.634       0.929              149.820               0.000               0.000            42371.983   0.84306 
   301.550         124.285    361.005       0.634       0.929              149.912               0.000               0.000            42521.895   0.84306 
   302.550         124.281    361.187       0.634       0.929              150.004               0.000               0.000            42671.900   0.84306 
   303.550         124.276    361.369       0.634       0.929              150.097               0.000               0.000            42821.996   0.84306 
   304.550         124.272    361.550       0.634       0.929              150.190               0.000               0.000            42972.186   0.84306 
   305.550         124.268    361.731       0.634       0.929              150.283               0.000               0.000            43122.470   0.84306 
   306.550         124.264    361.912       0.634       0.929              150.377               0.000               0.000            43272.847   0.84306 
   307.550         124.259    362.093       0.634       0.929              150.472               0.000               0.000            43423.319   0.84306 
   308.550         124.255    362.273       0.634       0.929              150.567               0.000               0.000            43573.886   0.84306 
   309.550         124.251    362.453       0.634       0.929              150.662               0.000               0.000            43724.548   0.84306 
   310.550         124.246    362.633       0.634       0.929              150.758               0.000               0.000            43875.307   0.84306 
   311.550         124.242    362.813       0.634       0.929              150.855               0.000               0.000            44026.161   0.84306 
   312.550         124.238    362.992       0.634       0.929              150.952               0.000               0.000            44177.113   0.84306 
   313.550         124.233    363.171       0.634       0.929              151.049               0.000               0.000            44328.162   0.84306 
   314.550         124.229    363.350       0.634       0.929              151.147               0.000               0.000            44479.309   0.84306 
   315.550         124.224    363.528       0.634       0.929              151.245               0.000               0.000            44630.555   0.84306 
   316.550         124.220    363.707       0.634       0.929              151.344               0.000               0.000            44781.899   0.84306 
   317.550         124.215    363.885       0.634       0.929              151.444               0.000               0.000            44933.343   0.84306 
   318.550         124.211    364.062       0.634       0.929              151.544               0.000               0.000            45084.886   0.84306 
   319.550         124.206    364.240       0.634       0.929              151.644               0.000               0.000            45236.530   0.84306 
   320.550         124.202    364.417       0.634       0.929              151.745               0.000               0.000            45388.275   0.84306 
   321.550         124.197    364.594       0.634       0.929              151.846               0.000               0.000            45540.121   0.84306 
   322.550         124.193    364.771       0.634       0.929              151.948               0.000               0.000            45692.070   0.84306 
   323.550         124.188    364.947       0.634       0.929              152.051               0.000               0.000            45844.120   0.84306 
   324.550         124.184    365.123       0.634       0.929              152.154               0.000               0.000            45996.274   0.84306 
   325.550         124.179    365.299       0.634       0.929              152.257               0.000               0.000            46148.531   0.84306 
   326.550         124.174    365.475       0.634       0.929              152.361               0.000               0.000            46300.892   0.84306 
   327.550         124.170    365.650       0.634       0.929              152.466               0.000               0.000            46453.358   0.84306 
   328.550         124.165    365.825       0.634       0.929              152.571               0.000               0.000            46605.929   0.84306 
   329.550         124.160    366.000       0.634       0.929              152.676               0.000               0.000            46758.605   0.84306 
   330.550         124.156    366.175       0.634       0.929              152.783               0.000               0.000            46911.388   0.84306 
   331.550         124.151    366.349       0.634       0.929              152.889               0.000               0.000            47064.277   0.84306 
   332.550         124.146    366.523       0.634       0.929              152.996               0.000               0.000            47217.273   0.84306 
   333.550         124.141    366.697       0.634       0.929              153.104               0.000               0.000            47370.377   0.84306 
   334.550         124.137    366.871       0.634       0.929              153.212               0.000               0.000            47523.590   0.84306 
   335.550         124.132    367.044       0.634       0.929              153.321               0.000               0.000            47676.911   0.84306 
   336.550         124.127    367.217       0.634       0.929              153.431               0.000               0.000            47830.342   0.84306 
   337.550         124.122    367.390       0.634       0.929              153.541               0.000               0.000            47983.882   0.84306 
   338.550         124.117    367.563       0.634       0.929              153.651               0.000               0.000            48137.534   0.84306 
   339.550         124.112    367.735       0.634       0.929              153.762               0.000               0.000            48291.296   0.84306 
   340.550         124.107    367.908       0.634       0.929              153.874               0.000               0.000            48445.169   0.84306 
   341.550         124.102    368.080       0.634       0.929              153.986               0.000               0.000            48599.155   0.84306 
   342.550         124.097    368.251       0.634       0.929              154.099               0.000               0.000            48753.254   0.84306 
   343.550         124.092    368.423       0.634       0.929              154.212               0.000               0.000            48907.466   0.84306 
   344.550         124.087    368.594       0.634       0.929              154.326               0.000               0.000            49061.792   0.84306 
   345.550         124.082    368.765       0.634       0.929              154.440               0.000               0.000            49216.232   0.84306 
   346.550         124.077    368.936       0.634       0.929              154.555               0.000               0.000            49370.788   0.84306 
   347.550         124.072    369.107       0.634       0.929              154.671               0.000               0.000            49525.459   0.84306 
   348.550         124.067    369.277       0.634       0.929              154.787               0.000               0.000            49680.246   0.84306 
   349.550         124.062    369.447       0.634       0.929              154.904               0.000               0.000            49835.150   0.84306 
   350.550         124.057    369.617       0.634       0.929              155.021               0.000               0.000            49990.172   0.84306 
   351.550         124.052    369.787       0.634       0.929              155.139               0.000               0.000            50145.311   0.84306 
   352.550         124.047    369.956       0.634       0.929              155.258               0.000               0.000            50300.569   0.84306 
   353.550         124.041    370.125       0.634       0.929              155.377               0.000               0.000            50455.946   0.84306 
   354.550         124.036    370.292       0.634       0.929              155.497               0.000               0.000            50611.443   0.84306 
   355.550         124.031    370.460       0.634       0.929              155.617               0.000               0.000            50767.060   0.84306 
   356.550         124.026    370.627       0.634       0.929              155.738               0.000               0.000            50922.799   0.84306 
   357.550         124.020    370.793       0.634       0.929              155.860               0.000               0.000            51078.658   0.84306 
   358.550         124.015    370.959       0.634       0.929              155.982               0.000               0.000            51234.641   0.84306 
   359.550         124.010    371.124       0.634       0.929              156.105               0.000               0.000            51390.746   0.84306 
   360.550         124.005    371.289       0.634       0.929              156.228               0.000               0.000            51546.974   0.84306 
   361.550         123.999    371.453       0.634       0.929              156.352               0.000               0.000            51703.326   0.84306 
   362.550         123.994    371.617       0.634       0.929              156.477               0.000               0.000            51859.804   0.84306 
   363.550         123.988    371.781       0.634       0.929              156.603               0.000               0.000            52016.406   0.84306 
   364.550         123.983    371.944       0.634       0.929              156.728               0.000               0.000            52173.135   0.84306 
   365.550         123.978    372.107       0.634       0.929              156.855               0.000               0.000            52329.990   0.84306 
   366.550         123.972    372.269       0.634       0.929              156.982               0.000               0.000            52486.972   0.84306 
   367.550         123.967    372.431       0.634       0.929              157.110               0.000               0.000            52644.082   0.84306 
   368.550         123.961    372.592       0.634       0.929              157.239               0.000               0.000            52801.321   0.84306 
   369.550         123.956    372.753       0.634       0.929              157.368               0.000               0.000            52958.689   0.84306 
   370.550         123.950    372.914       0.634       0.929              157.498               0.000               0.000            53116.186   0.84306 
   371.550         123.944    373.075       0.634       0.929              157.628               0.000               0.000            53273.815   0.84306 
   372.550         123.939    373.235       0.634       0.929              157.759               0.000               0.000            53431.574   0.84306 
   373.550         123.933    373.395       0.634       0.929              157.891               0.000               0.000            53589.465   0.84306 
   374.550         123.928    373.554       0.634       0.929              158.024               0.000               0.000            53747.489   0.84306 
   375.550         123.922    373.713       0.634       0.929              158.157               0.000               0.000            53905.646   0.84306 
   376.550         123.916    373.872       0.634       0.929              158.291               0.000               0.000            54063.936   0.84306 
   377.550         123.911    374.030       0.634       0.929              158.425               0.000               0.000            54222.361   0.84306 
   378.550         123.905    374.188       0.634       0.929              158.560               0.000               0.000            54380.922   0.84306 
   379.550         123.899    374.346       0.634       0.929              158.696               0.000               0.000            54539.618   0.84306 
   380.550         123.893    374.504       0.634       0.929              158.833               0.000               0.000            54698.450   0.84306 
   381.550         123.888    374.661       0.634       0.929              158.970               0.000               0.000            54857.420   0.84306 
   382.550         123.882    374.818       0.634       0.929              159.108               0.000               0.000            55016.528   0.84306 
   383.550         123.876    374.974       0.634       0.929              159.246               0.000               0.000            55175.775   0.84306 
   384.550         123.870    375.131       0.634       0.929              159.386               0.000               0.000            55335.160   0.84306 
   385.550         123.864    375.287       0.634       0.929              159.526               0.000               0.000            55494.686   0.84306 
   386.550         123.858    375.443       0.634       0.929              159.667               0.000               0.000            55654.353   0.84306 
   387.550         123.852    375.599       0.634       0.929              159.808               0.000               0.000            55814.161   0.84306 
   388.550         123.846    375.754       0.634       0.929              159.950               0.000               0.000            55974.111   0.84306 
   389.550         123.840    375.909       0.634       0.929              160.093               0.000               0.000            56134.204   0.84306 
   390.550         123.834    376.064       0.634       0.929              160.237               0.000               0.000            56294.441   0.84306 
   391.550         123.828    376.219       0.634       0.929              160.381               0.000               0.000            56454.822   0.84306 
   392.550         123.822    376.373       0.634       0.929              160.526               0.000               0.000            56615.348   0.84306 
   393.550         123.816    376.527       0.634       0.929              160.672               0.000               0.000            56776.020   0.84306 
   394.550         123.810    376.681       0.634       0.929              160.818               0.000               0.000            56936.838   0.84306 
   395.550         123.804    376.835       0.634       0.929              160.966               0.000               0.000            57097.804   0.84306 
   396.550         123.798    376.988       0.634       0.929              161.114               0.000               0.000            57258.917   0.84306 
   397.550         123.792    377.142       0.634       0.929              161.262               0.000               0.000            57420.180   0.84306 
   398.550         123.786    377.295       0.634       0.929              161.412               0.000               0.000            57581.592   0.84306 
   399.550         123.779    377.447       0.634       0.929              161.562               0.000               0.000            57743.154   0.84306 
   400.550         123.773    377.600       0.634       0.929              161.713               0.000               0.000            57904.867   0.84306 
   401.550         123.767    377.753       0.634       0.929              161.865               0.000               0.000            58066.733   0.84306 
   402.550         123.761    377.905       0.634       0.929              162.018               0.000               0.000            58228.750   0.84306 
   403.550         123.754    378.057       0.634       0.929              162.171               0.000               0.000            58390.921   0.84306 
   404.550         123.748    378.209       0.634       0.929              162.325               0.000               0.000            58553.247   0.84306 
   405.550         123.742    378.360       0.634       0.929              162.480               0.000               0.000            58715.727   0.84306 
   406.550         123.735    378.512       0.634       0.929              162.636               0.000               0.000            58878.362   0.84306 
   407.550         123.729    378.663       0.634       0.929              162.792               0.000               0.000            59041.155   0.84306 
   408.550         123.722    378.814       0.634       0.929              162.950               0.000               0.000            59204.104   0.84306 
   409.550         123.716    378.965       0.634       0.929              163.108               0.000               0.000            59367.212   0.84306 
   410.550         123.710    379.116       0.634       0.929              163.267               0.000               0.000            59530.478   0.84306 
   411.550         123.703    379.267       0.634       0.929              163.426               0.000               0.000            59693.905   0.84306 
   412.550         123.697    379.417       0.634       0.929              163.587               0.000               0.000            59857.491   0.84306 
   413.550         123.690    379.567       0.634       0.929              163.748               0.000               0.000            60021.239   0.84306 
   414.550         123.683    379.717       0.634       0.929              163.910               0.000               0.000            60185.149   0.84306 
   415.550         123.677    379.867       0.634       0.929              164.073               0.000               0.000            60349.222   0.84306 
   416.550         123.670    380.017       0.634       0.929              164.237               0.000               0.000            60513.459   0.84306 
   417.550         123.664    380.167       0.634       0.929              164.401               0.000               0.000            60677.861   0.84306 
   418.550         123.657    380.316       0.634       0.929              164.567               0.000               0.000            60842.428   0.84306 
   419.550         123.650    380.465       0.634       0.929              164.733               0.000               0.000            61007.161   0.84306 
   420.550         123.644    380.614       0.634       0.929              164.900               0.000               0.000            61172.061   0.84306 
   421.550         123.637    380.763       0.634       0.929              165.068               0.000               0.000            61337.130   0.84306 
   422.550         123.630    380.912       0.634       0.929              165.237               0.000               0.000            61502.367   0.84306 
   423.550         123.623    381.061       0.634       0.929              165.407               0.000               0.000            61667.774   0.84306 
   424.550         123.616    381.210       0.634       0.929              165.577               0.000               0.000            61833.351   0.84306 
   425.550         123.610    381.358       0.634       0.929              165.749               0.000               0.000            61999.100   0.84306 
   426.550         123.603    381.506       0.634       0.929              165.921               0.000               0.000            62165.021   0.84306 
   427.550         123.596    381.654       0.634       0.929              166.094               0.000               0.000            62331.115   0.84306 
   428.550         123.589    381.802       0.634       0.929              166.268               0.000               0.000            62497.383   0.84306 
   429.550         123.582    381.950       0.634       0.929              166.443               0.000               0.000            62663.827   0.84306 
   430.550         123.575    382.098       0.634       0.929              166.619               0.000               0.000            62830.446   0.84306 
   431.550         123.568    382.245       0.634       0.929              166.796               0.000               0.000            62997.242   0.84306 
   432.550         123.561    382.393       0.634       0.929              166.973               0.000               0.000            63164.215   0.84306 
   433.550         123.554    382.540       0.634       0.929              167.152               0.000               0.000            63331.367   0.84306 
   434.550         123.547    382.687       0.634       0.929              167.331               0.000               0.000            63498.699   0.84306 
   435.550         123.540    382.834       0.634       0.929              167.512               0.000               0.000            63666.211   0.84306 
   436.550         123.533    382.981       0.634       0.929              167.693               0.000               0.000            63833.904   0.84306 
   437.550         123.526    383.128       0.634       0.929              167.875               0.000               0.000            64001.779   0.84306 
   438.550         123.519    383.275       0.634       0.929              168.058               0.000               0.000            64169.837   0.84306 
   439.550         123.511    383.421       0.634       0.929              168.243               0.000               0.000            64338.080   0.84306 
   440.550         123.504    383.568       0.634       0.929              168.428               0.000               0.000            64506.508   0.84306 
   441.550         123.497    383.714       0.634       0.929              168.614               0.000               0.000            64675.121   0.84306 
   442.550         123.490    383.861       0.634       0.929              168.800               0.000               0.000            64843.921   0.84306 
   443.550         123.482    384.007       0.634       0.929              168.988               0.000               0.000            65012.910   0.84306 
   444.550         123.475    384.153       0.634       0.929              169.177               0.000               0.000            65182.087   0.84306 
   445.550         123.468    384.299       0.634       0.929              169.367               0.000               0.000            65351.454   0.84306 
   446.550         123.460    384.444       0.634       0.929              169.558               0.000               0.000            65521.011   0.84306 
   447.550         123.453    384.590       0.634       0.929              169.749               0.000               0.000            65690.761   0.84306 
   448.550         123.445    384.736       0.634       0.929              169.942               0.000               0.000            65860.703   0.84306 
   449.550         123.438    384.881       0.634       0.929              170.136               0.000               0.000            66030.839   0.84306 
   450.550         123.431    385.027       0.634       0.929              170.040               0.000               0.000            66200.879   0.84306 
   451.550         123.423    385.173       0.634       0.929              170.236               0.000               0.000            66371.115   0.84306 
   452.550         123.416    385.318       0.634       0.929              170.434               0.000               0.000            66541.549   0.84306 
   453.550         123.408    385.464       0.634       0.929              170.633               0.000               0.000            66712.182   0.84306 
   454.550         123.400    385.609       0.634       0.929              170.833               0.000               0.000            66883.015   0.84306 
   455.550         123.393    385.754       0.634       0.929              171.034               0.000               0.000            67054.050   0.84306 
   456.550         123.385    385.899       0.634       0.929              171.237               0.000               0.000            67225.287   0.84306 
   457.550         123.378    386.045       0.634       0.929              171.441               0.000               0.000            67396.727   0.84306 
   458.550         123.370    386.190       0.634       0.929              171.646               0.000               0.000            67568.373   0.84306 
   459.550         123.362    386.334       0.634       0.929              171.852               0.000               0.000            67740.225   0.84306 
   460.550         123.354    386.479       0.634       0.929              172.059               0.000               0.000            67912.284   0.84306 
   461.550         123.347    386.624       0.634       0.929              172.268               0.000               0.000            68084.552   0.84306 
   462.550         123.339    386.769       0.634       0.929              172.478               0.000               0.000            68257.030   0.84306 
   463.550         123.331    386.913       0.634       0.929              172.689               0.000               0.000            68429.719   0.84306 
   464.550         123.323    387.058       0.634       0.929              172.902               0.000               0.000            68602.621   0.84306 
   465.550         123.315    387.202       0.634       0.929              173.115               0.000               0.000            68775.736   0.84306 
   466.550         123.307    387.346       0.634       0.929              173.330               0.000               0.000            68949.067   0.84306 
   467.550         123.299    387.491       0.634       0.929              173.547               0.000               0.000            69122.613   0.84306 
   468.550         123.292    387.635       0.634       0.929              173.764               0.000               0.000            69296.378   0.84306 
   469.550         123.284    387.779       0.634       0.929              173.983               0.000               0.000            69470.361   0.84306 
   470.550         123.276    387.923       0.634       0.929              174.204               0.000               0.000            69644.565   0.84306 
   471.550         123.268    388.067       0.634       0.929              174.425               0.000               0.000            69818.991   0.84306 
   472.550         123.259    388.211       0.634       0.929              174.649               0.000               0.000            69993.639   0.84306 
   473.550         123.251    388.355       0.634       0.929              174.873               0.000               0.000            70168.512   0.84306 
   474.550         123.243    388.498       0.634       0.929              175.099               0.000               0.000            70343.611   0.84306 
   475.550         123.235    388.642       0.634       0.929              175.326               0.000               0.000            70518.936   0.84306 
   476.550         123.227    388.786       0.634       0.929              175.554               0.000               0.000            70694.491   0.84306 
   477.550         123.219    388.929       0.634       0.929              175.784               0.000               0.000            70870.275   0.84306 
   478.550         123.210    389.073       0.634       0.929              176.015               0.000               0.000            71046.290   0.84306 
   479.550         123.202    389.216       0.634       0.929              176.248               0.000               0.000            71222.538   0.84306 
   480.550         123.194    389.360       0.634       0.929              176.482               0.000               0.000            71399.020   0.84306 
   481.550         123.186    389.503       0.634       0.929              176.718               0.000               0.000            71575.738   0.84306 
   482.550         123.177    389.646       0.634       0.929              176.955               0.000               0.000            71752.693   0.84306 
   483.550         123.169    389.789       0.634       0.929              177.193               0.000               0.000            71929.886   0.84306 
   484.550         123.161    389.933       0.634       0.929              177.433               0.000               0.000            72107.319   0.84306 
   485.550         123.152    390.076       0.634       0.929              177.674               0.000               0.000            72284.993   0.84306 
   486.550         123.144    390.219       0.634       0.929              177.917               0.000               0.000            72462.911   0.84306 
   487.550         123.135    390.361       0.634       0.929              178.162               0.000               0.000            72641.072   0.84306 
   488.550         123.127    390.504       0.634       0.929              178.407               0.000               0.000            72819.480   0.84306 
   489.550         123.118    390.647       0.634       0.929              178.655               0.000               0.000            72998.134   0.84306 
   490.550         123.110    390.790       0.634       0.929              178.904               0.000               0.000            73177.038   0.84306 
   491.550         123.101    390.932       0.634       0.929              179.154               0.000               0.000            73356.192   0.84306 
   492.550         123.092    391.075       0.634       0.929              179.406               0.000               0.000            73535.598   0.84306 
   493.550         123.084    391.217       0.634       0.929              179.659               0.000               0.000            73715.257   0.84306 
   494.550         123.075    391.360       0.634       0.929              179.914               0.000               0.000            73895.172   0.84306 
   495.550         123.066    391.502       0.634       0.929              180.171               0.000               0.000            74075.343   0.84306 
   496.550         123.058    391.644       0.634       0.929              180.429               0.000               0.000            74255.772   0.84306 
   497.550         123.049    391.786       0.634       0.929              180.689               0.000               0.000            74436.461   0.84306 
   498.550         123.040    391.928       0.634       0.929              180.950               0.000               0.000            74617.412   0.84306 
   499.550         123.031    392.070       0.634       0.929              181.213               0.000               0.000            74798.625   0.84306 
   500.550         123.022    392.212       0.634       0.929              181.478               0.000               0.000            74980.103   0.84306 
   501.550         123.013    392.354       0.634       0.929              181.744               0.000               0.000            75161.848   0.84306 
   502.550         123.005    392.496       0.634       0.929              182.012               0.000               0.000            75343.860   0.84306 
   503.550         122.996    392.638       0.634       0.929              182.282               0.000               0.000            75526.142   0.84306 
   504.550         122.987    392.779       0.634       0.929              182.553               0.000               0.000            75708.695   0.84306 
   505.550         122.978    392.921       0.634       0.929              182.826               0.000               0.000            75891.521   0.84306 
   506.550         122.969    393.062       0.634       0.929              183.101               0.000               0.000            76074.622   0.84306 
   507.550         122.959    393.204       0.634       0.929              183.377               0.000               0.000            76257.999   0.84306 
   508.550         122.950    393.345       0.634       0.929              183.655               0.000               0.000            76441.654   0.84306 
   509.550         122.941    393.487       0.634       0.929              183.935               0.000               0.000            76625.589   0.84306 
   510.550         122.932    393.628       0.634       0.929              184.216               0.000               0.000            76809.806   0.84306 
   511.550         122.923    393.769       0.634       0.929              184.500               0.000               0.000            76994.305   0.84306 
   512.550         122.914    393.910       0.634       0.929              184.785               0.000               0.000            77179.090   0.84306 
   513.550         122.905    394.051       0.634       0.929              185.072               0.000               0.000            77364.162   0.84306 
   514.550         122.895    394.192       0.634       0.929              185.360               0.000               0.000            77549.522   0.84306 
   515.550         122.886    394.333       0.634       0.929              185.651               0.000               0.000            77735.173   0.84306 
   516.550         122.877    394.474       0.634       0.929              185.943               0.000               0.000            77921.116   0.84306 
   517.550         122.867    394.615       0.634       0.929              186.237               0.000               0.000            78107.353   0.84306 
   518.550         122.858    394.755       0.634       0.929              186.533               0.000               0.000            78293.886   0.84306 
   519.550         122.848    394.896       0.634       0.929              186.831               0.000               0.000            78480.716   0.84306 
   520.550         122.839    395.037       0.634       0.929              187.130               0.000               0.000            78667.847   0.84306 
   521.550         122.830    395.177       0.634       0.929              187.432               0.000               0.000            78855.279   0.84306 
   522.550         122.820    395.318       0.634       0.929              187.735               0.000               0.000            79043.014   0.84306 
   523.550         122.810    395.458       0.634       0.929              188.041               0.000               0.000            79231.055   0.84306 
   524.550         122.801    395.599       0.634       0.929              188.348               0.000               0.000            79419.402   0.84306 
   525.550         122.791    395.739       0.634       0.929              188.657               0.000               0.000            79608.059   0.84306 
   526.550         122.782    395.879       0.634       0.929              188.968               0.000               0.000            79797.028   0.84306 
   527.550         122.772    396.019       0.634       0.929              189.281               0.000               0.000            79986.309   0.84306 
   528.550         122.762    396.160       0.634       0.929              189.596               0.000               0.000            80175.905   0.84306 
   529.550         122.753    396.300       0.634       0.929              189.913               0.000               0.000            80365.819   0.84306 
   530.550         122.743    396.440       0.634       0.929              190.232               0.000               0.000            80556.051   0.84306 
   531.550         122.733    396.580       0.634       0.929              190.553               0.000               0.000            80746.604   0.84306 
   532.550         122.723    396.720       0.634       0.929              190.877               0.000               0.000            80937.481   0.84306 
   533.550         122.713    396.860       0.634       0.929              191.202               0.000               0.000            81128.683   0.84306 
   534.550         122.704    397.000       0.634       0.929              191.529               0.000               0.000            81320.212   0.84306 
   535.550         122.694    397.140       0.634       0.929              191.858               0.000               0.000            81512.070   0.84306 
   536.550         122.684    397.280       0.634       0.929              192.190               0.000               0.000            81704.259   0.84306 
   537.550         122.674    397.420       0.634       0.929              192.523               0.000               0.000            81896.782   0.84306 
   538.550         122.664    397.559       0.634       0.929              192.859               0.000               0.000            82089.641   0.84306 
   539.550         122.654    397.699       0.634       0.929              193.196               0.000               0.000            82282.837   0.84306 
   540.550         122.644    397.839       0.634       0.929              193.536               0.000               0.000            82476.374   0.84306 
   541.550         122.633    397.979       0.634       0.929              193.878               0.000               0.000            82670.252   0.84306 
   542.550         122.623    398.119       0.634       0.929              194.222               0.000               0.000            82864.474   0.84306 
   543.550         122.613    398.258       0.634       0.929              194.569               0.000               0.000            83059.043   0.84306 
   544.550         122.603    398.398       0.634       0.929              194.918               0.000               0.000            83253.961   0.84306 
   545.550         122.593    398.538       0.634       0.929              195.268               0.000               0.000            83449.229   0.84306 
   546.550         122.583    398.677       0.634       0.929              195.621               0.000               0.000            83644.851   0.84306 
   547.550         122.572    398.817       0.634       0.929              195.977               0.000               0.000            83840.828   0.84306 
   548.550         122.562    398.957       0.634       0.929              196.334               0.000               0.000            84037.162   0.84306 
   549.550         122.552    399.096       0.634       0.929              196.694               0.000               0.000            84233.856   0.84306 
   550.550         122.541    399.236       0.634       0.929              197.057               0.000               0.000            84430.913   0.84306 
   551.550         122.531    399.375       0.634       0.929              197.421               0.000               0.000            84628.334   0.84306 
   552.550         122.520    399.515       0.634       0.929              197.788               0.000               0.000            84826.122   0.84306 
   553.550         122.510    399.655       0.634       0.929              198.157               0.000               0.000            85024.280   0.84306 
   554.550         122.499    399.794       0.634       0.929              198.529               0.000               0.000            85222.809   0.84306 
   555.550         122.489    399.934       0.634       0.929              198.903               0.000               0.000            85421.712   0.84306 
   556.550         122.478    400.073       0.634       0.929              199.279               0.000               0.000            85620.991   0.84306 
   557.550         122.468    400.213       0.634       0.929              199.658               0.000               0.000            85820.650   0.84306 
   558.550         122.457    400.353       0.634       0.929              200.040               0.000               0.000            86020.689   0.84306 
   559.550         122.446    400.492       0.634       0.929              200.423               0.000               0.000            86221.113   0.84306 
   560.550         122.436    400.632       0.634       0.929              200.810               0.000               0.000            86421.922   0.84306 
   561.550         122.425    400.771       0.634       0.929              201.198               0.000               0.000            86623.121   0.84306 
   562.550         122.414    400.911       0.634       0.929              201.590               0.000               0.000            86824.710   0.84306 
   563.550         122.403    401.051       0.634       0.929              201.983               0.000               0.000            87026.694   0.84306 
   564.550         122.392    401.190       0.634       0.929              202.380               0.000               0.000            87229.073   0.84306 
   565.550         122.382    401.330       0.634       0.929              202.779               0.000               0.000            87431.852   0.84306 
   566.550         122.371    401.470       0.634       0.929              203.180               0.000               0.000            87635.032   0.84306 
   567.550         122.360    401.610       0.634       0.929              203.584               0.000               0.000            87838.617   0.84306 
   568.550         122.349    401.749       0.634       0.929              203.991               0.000               0.000            88042.608   0.84306 
   569.550         122.338    401.889       0.634       0.929              204.401               0.000               0.000            88247.008   0.84306 
   570.550         122.327    402.029       0.634       0.929              204.813               0.000               0.000            88451.821   0.84306 
   571.550         122.316    402.169       0.634       0.929              205.227               0.000               0.000            88657.048   0.84306 
   572.550         122.305    402.309       0.634       0.929              205.645               0.000               0.000            88862.693   0.84306 
   573.550         122.293    402.449       0.634       0.929              206.065               0.000               0.000            89068.758   0.84306 
   574.550         122.282    402.589       0.634       0.929              206.488               0.000               0.000            89275.246   0.84306 
   575.550         122.271    402.729       0.634       0.929              206.914               0.000               0.000            89482.159   0.84306 
   576.550         122.260    402.869       0.634       0.929              207.342               0.000               0.000            89689.502   0.84306 
   577.550         122.249    403.009       0.634       0.929              207.773               0.000               0.000            89897.275   0.84306 
   578.550         122.237    403.149       0.634       0.929              208.207               0.000               0.000            90105.482   0.84306 
   579.550         122.226    403.290       0.634       0.929              208.644               0.000               0.000            90314.127   0.84306 
   580.550         122.215    403.430       0.634       0.929              209.084               0.000               0.000            90523.211   0.84306 
   581.550         122.203    403.570       0.634       0.929              209.527               0.000               0.000            90732.738   0.84306 
   582.550         122.192    403.711       0.634       0.929              209.973               0.000               0.000            90942.711   0.84306 
   583.550         122.180    403.851       0.634       0.929              210.421               0.000               0.000            91153.132   0.84306 
   584.550         122.169    403.991       0.634       0.929              210.873               0.000               0.000            91364.005   0.84306 
   585.550         122.157    404.132       0.634       0.929              211.327               0.000               0.000            91575.332   0.84306 
   586.550         122.146    404.273       0.634       0.929              211.785               0.000               0.000            91787.117   0.84306 
   587.550         122.134    404.413       0.634       0.929              212.245               0.000               0.000            91999.362   0.84306 
   588.550         122.122    404.554       0.634       0.929              212.709               0.000               0.000            92212.071   0.84306 
   589.550         122.111    404.695       0.634       0.929              213.175               0.000               0.000            92425.246   0.84306 
   590.550         122.099    404.836       0.634       0.929              213.645               0.000               0.000            92638.891   0.84306 
   591.550         122.087    404.977       0.634       0.929              214.118               0.000               0.000            92853.009   0.84306 
   592.550         122.075    405.118       0.634       0.929              214.594               0.000               0.000            93067.603   0.84306 
   593.550         122.064    405.259       0.634       0.929              215.073               0.000               0.000            93282.676   0.84306 
   594.550         122.052    405.401       0.634       0.929              215.555               0.000               0.000            93498.232   0.84306 
   595.550         122.040    405.542       0.634       0.929              216.041               0.000               0.000            93714.273   0.84306 
   596.550         122.028    405.683       0.634       0.929              216.530               0.000               0.000            93930.802   0.84306 
   597.550         122.016    405.825       0.634       0.929              217.022               0.000               0.000            94147.824   0.84306 
   598.550         122.004    405.967       0.634       0.929              217.517               0.000               0.000            94365.341   0.84306 
   599.550         121.992    406.108       0.634       0.929              218.016               0.000               0.000            94583.356   0.84306 
   600.550         121.980    406.250       0.634       0.929              218.517               0.000               0.000            94801.874   0.84306 
   601.550         121.968    406.392       0.634       0.929              219.023               0.000               0.000            95020.896   0.84306 
   602.550         121.956    406.534       0.634       0.929              219.531               0.000               0.000            95240.428   0.84306 
   603.550         121.944    406.677       0.634       0.929              220.043               0.000               0.000            95460.471   0.84306 
   604.550         121.931    406.819       0.634       0.929              220.559               0.000               0.000            95681.030   0.84306 
   605.550         121.919    406.961       0.634       0.929              221.078               0.000               0.000            95902.108   0.84306 
   606.550         121.907    407.104       0.634       0.929              221.600               0.000               0.000            96123.708   0.84306 
   607.550         121.895    407.247       0.634       0.929              222.126               0.000               0.000            96345.834   0.84306 
   608.550         121.882    407.390       0.634       0.929              222.656               0.000               0.000            96568.490   0.84306 
   609.550         121.870    407.532       0.634       0.929              223.189               0.000               0.000            96791.679   0.84306 
   610.550         121.857    407.676       0.634       0.929              223.725               0.000               0.000            97015.404   0.84306 
   611.550         121.845    407.819       0.634       0.929              224.265               0.000               0.000            97239.669   0.84306 
   612.550         121.832    407.962       0.634       0.929              224.809               0.000               0.000            97464.479   0.84306 
   613.550         121.820    408.106       0.634       0.929              225.357               0.000               0.000            97689.836   0.84306 
   614.550         121.807    408.249       0.634       0.929              225.908               0.000               0.000            97915.744   0.84306 
   615.550         121.795    408.393       0.634       0.929              226.463               0.000               0.000            98142.207   0.84306 
   616.550         121.782    408.537       0.634       0.929              227.022               0.000               0.000            98369.228   0.84306 
   617.550         121.770    408.681       0.634       0.929              227.584               0.000               0.000            98596.813   0.84306 
   618.550         121.757    408.826       0.634       0.929              228.151               0.000               0.000            98824.963   0.84306 
   619.550         121.744    408.970       0.634       0.929              228.721               0.000               0.000            99053.684   0.84306 
   620.550         121.731    409.115       0.634       0.929              229.295               0.000               0.000            99282.979   0.84306 
   621.550         121.719    409.260       0.634       0.929              229.873               0.000               0.000            99512.852   0.84306 
   622.550         121.706    409.405       0.634       0.929              230.455               0.000               0.000            99743.306   0.84306 
   623.550         121.693    409.550       0.634       0.929              231.040               0.000               0.000            99974.347   0.84306 
   624.550         121.680    409.695       0.634       0.929              231.630               0.000               0.000           100205.977   0.84306 
   625.550         121.667    409.841       0.634       0.929              232.224               0.000               0.000           100438.201   0.84306 
   626.550         121.654    409.987       0.634       0.929              232.822               0.000               0.000           100671.023   0.84306 
   627.550         121.641    410.132       0.634       0.929              233.424               0.000               0.000           100904.447   0.84306 
   628.550         121.628    410.279       0.634       0.929              234.030               0.000               0.000           101138.476   0.84306 
   629.550         121.615    410.425       0.634       0.929              234.640               0.000               0.000           101373.117   0.84306 
   630.550         121.602    410.571       0.634       0.929              235.255               0.000               0.000           101608.371   0.84306 
   631.550         121.588    410.718       0.634       0.929              235.873               0.000               0.000           101844.244   0.84306 
   632.550         121.575    410.865       0.634       0.929              236.496               0.000               0.000           102080.741   0.84306 
   633.550         121.562    411.012       0.634       0.929              237.123               0.000               0.000           102317.864   0.84306 
   634.550         121.549    411.160       0.634       0.929              237.755               0.000               0.000           102555.618   0.84306 
   635.550         121.535    411.307       0.634       0.929              238.390               0.000               0.000           102794.009   0.84306 
   636.550         121.522    411.455       0.634       0.929              239.031               0.000               0.000           103033.039   0.84306 
   637.550         121.509    411.603       0.634       0.929              239.675               0.000               0.000           103272.715   0.84306 
   638.550         121.495    411.751       0.634       0.929              240.324               0.000               0.000           103513.039   0.84306 
   639.550         121.482    411.900       0.634       0.929              240.978               0.000               0.000           103754.017   0.84306 
   640.550         121.468    412.049       0.634       0.929              241.636               0.000               0.000           103995.652   0.84306 
   641.550         121.455    412.198       0.634       0.929              242.298               0.000               0.000           104237.951   0.84306 
   642.550         121.441    412.347       0.634       0.929              242.965               0.000               0.000           104480.916   0.84306 
   643.550         121.427    412.497       0.634       0.929              243.637               0.000               0.000           104724.553   0.84306 
   644.550         121.414    412.646       0.634       0.929              244.314               0.000               0.000           104968.867   0.84306 
   645.550         121.400    412.796       0.634       0.929              244.995               0.000               0.000           105213.862   0.84306 
   646.550         121.386    412.947       0.634       0.929              245.681               0.000               0.000           105459.542   0.84306 
   647.550         121.373    413.097       0.634       0.929              246.371               0.000               0.000           105705.914   0.84306 
   648.550         121.359    413.248       0.634       0.929              247.067               0.000               0.000           105952.980   0.84306 
   649.550         121.345    413.399       0.634       0.929              247.767               0.000               0.000           106200.747   0.84306 
   650.550         121.331    413.551       0.634       0.929              248.472               0.000               0.000           106449.219   0.84306 
   651.550         121.317    413.703       0.634       0.929              249.182               0.000               0.000           106698.401   0.84306 
   652.550         121.303    413.855       0.634       0.929              249.897               0.000               0.000           106948.299   0.84306 
   653.550         121.289    414.007       0.634       0.929              250.617               0.000               0.000           107198.916   0.84306 
   654.550         121.275    414.159       0.634       0.929              251.342               0.000               0.000           107450.258   0.84306 
   655.550         121.261    414.312       0.634       0.929              252.072               0.000               0.000           107702.330   0.84306 
   656.550         121.247    414.466       0.634       0.929              252.808               0.000               0.000           107955.138   0.84306 
   657.550         121.233    414.619       0.634       0.929              253.548               0.000               0.000           108208.686   0.84306 
   658.550         121.218    414.773       0.634       0.929              254.294               0.000               0.000           108462.979   0.84306 
   659.550         121.204    414.927       0.634       0.929              255.044               0.000               0.000           108718.024   0.84306 
   660.550         121.190    415.082       0.634       0.929              255.800               0.000               0.000           108973.824   0.84306 
   661.550         121.176    415.237       0.634       0.929              256.562               0.000               0.000           109230.386   0.84306 
   662.550         121.161    415.392       0.634       0.929              257.329               0.000               0.000           109487.715   0.84306 
   663.550         121.147    415.547       0.634       0.929              258.101               0.000               0.000           109745.816   0.84306 
   664.550         121.132    415.703       0.634       0.929              258.878               0.000               0.000           110004.694   0.84306 
   665.550         121.118    415.860       0.634       0.929              259.662               0.000               0.000           110264.356   0.84306 
   666.550         121.103    416.016       0.634       0.929              260.450               0.000               0.000           110524.806   0.84306 
   667.550         121.089    416.173       0.634       0.929              261.245               0.000               0.000           110786.050   0.84306 
   668.550         121.074    416.331       0.634       0.929              262.044               0.000               0.000           111048.095   0.84306 
   669.550         121.060    416.488       0.634       0.929              262.850               0.000               0.000           111310.945   0.84306 
   670.550         121.045    416.646       0.634       0.929              263.661               0.000               0.000           111574.606   0.84306 
   671.550         121.030    416.805       0.634       0.929              264.478               0.000               0.000           111839.084   0.84306 
   672.550         121.016    416.964       0.634       0.929              265.301               0.000               0.000           112104.385   0.84306 
   673.550         121.001    417.123       0.634       0.929              266.130               0.000               0.000           112370.514   0.84306 
   674.550         120.986    417.283       0.634       0.929              266.964               0.000               0.000           112637.479   0.84306 
   675.550         120.971    417.443       0.634       0.929              267.805               0.000               0.000           112905.283   0.84306 
   676.550         120.956    417.603       0.634       0.929              268.651               0.000               0.000           113173.934   0.84306 
   677.550         120.941    417.764       0.634       0.929              269.504               0.000               0.000           113443.438   0.84306 
   678.550         120.926    417.925       0.634       0.929              270.362               0.000               0.000           113713.800   0.84306 
   679.550         120.911    418.087       0.634       0.929              271.227               0.000               0.000           113985.027   0.84306 
   680.550         120.896    418.249       0.634       0.929              272.098               0.000               0.000           114257.125   0.84306 
   681.550         120.881    418.412       0.634       0.929              272.975               0.000               0.000           114530.100   0.84306 
   682.550         120.866    418.575       0.634       0.929              273.859               0.000               0.000           114803.959   0.84306 
   683.550         120.851    418.738       0.634       0.929              274.748               0.000               0.000           115078.708   0.84306 
   684.550         120.835    418.902       0.634       0.929              275.645               0.000               0.000           115354.352   0.84306 
   685.550         120.820    419.066       0.634       0.929              276.547               0.000               0.000           115630.899   0.84306 
   686.550         120.805    419.231       0.634       0.929              277.456               0.000               0.000           115908.356   0.84306 
   687.550         120.789    419.396       0.634       0.929              278.372               0.000               0.000           116186.728   0.84306 
   688.550         120.774    419.562       0.634       0.929              279.294               0.000               0.000           116466.022   0.84306 
   689.550         120.759    419.728       0.634       0.929              280.223               0.000               0.000           116746.245   0.84306 
   690.550         120.743    419.895       0.634       0.929              281.159               0.000               0.000           117027.404   0.84306 
   691.550         120.728    420.062       0.634       0.929              282.101               0.000               0.000           117309.505   0.84306 
   692.550         120.712    420.230       0.634       0.929              283.050               0.000               0.000           117592.556   0.84306 
   693.550         120.696    420.398       0.634       0.929              284.007               0.000               0.000           117876.562   0.84306 
   694.550         120.681    420.567       0.634       0.929              284.970               0.000               0.000           118161.532   0.84306 
   695.550         120.665    420.736       0.634       0.929              285.939               0.000               0.000           118447.471   0.84306 
   696.550         120.649    420.906       0.634       0.929              286.917               0.000               0.000           118734.388   0.84306 
   697.550         120.634    421.076       0.634       0.929              287.901               0.000               0.000           119022.289   0.84306 
   698.550         120.618    421.247       0.634       0.929              288.892               0.000               0.000           119311.180   0.84306 
   699.550         120.602    421.418       0.634       0.929              289.890               0.000               0.000           119601.071   0.84306 
   700.550         120.586    421.590       0.634       0.929              290.896               0.000               0.000           119891.967   0.84306 
   701.550         120.570    421.763       0.634       0.929              291.909               0.000               0.000           120183.876   0.84306 
   702.550         120.554    421.935       0.634       0.929              292.930               0.000               0.000           120476.806   0.84306 
   703.550         120.538    422.109       0.634       0.929              293.958               0.000               0.000           120770.763   0.84306 
   704.550         120.522    422.283       0.634       0.929              294.993               0.000               0.000           121065.756   0.84306 
   705.550         120.506    422.458       0.634       0.929              296.036               0.000               0.000           121361.792   0.84306 
   706.550         120.490    422.633       0.634       0.929              297.087               0.000               0.000           121658.879   0.84306 
   707.550         120.474    422.809       0.634       0.929              298.145               0.000               0.000           121957.024   0.84306 
   708.550         120.457    422.985       0.634       0.929              299.211               0.000               0.000           122256.235   0.84306 
   709.550         120.441    423.162       0.634       0.929              300.285               0.000               0.000           122556.520   0.84306 
   710.550         120.425    423.340       0.634       0.929              301.367               0.000               0.000           122857.887   0.84306 
   711.550         120.409    423.518       0.634       0.929              302.457               0.000               0.000           123160.344   0.84306 
   712.550         120.392    423.697       0.634       0.929              303.554               0.000               0.000           123463.898   0.84306 
   713.550         120.376    423.877       0.634       0.929              304.660               0.000               0.000           123768.558   0.84306 
   714.550         120.359    424.057       0.634       0.929              305.774               0.000               0.000           124074.333   0.84306 
   715.550         120.343    424.238       0.634       0.929              306.897               0.000               0.000           124381.229   0.84306 
   716.550         120.326    424.419       0.634       0.929              308.027               0.000               0.000           124689.257   0.84306 
   717.550         120.309    424.601       0.634       0.929              309.166               0.000               0.000           124998.423   0.84306 
   718.550         120.293    424.784       0.634       0.929              310.313               0.000               0.000           125308.736   0.84306 
   719.550         120.276    424.967       0.634       0.929              311.469               0.000               0.000           125620.205   0.84306 
   720.550         120.259    425.151       0.634       0.929              312.634               0.000               0.000           125932.839   0.84306 
   721.550         120.243    425.336       0.634       0.929              313.807               0.000               0.000           126246.645   0.84306 
   722.550         120.226    425.522       0.634       0.929              314.988               0.000               0.000           126561.634   0.84306 
   723.550         120.209    425.708       0.634       0.929              316.179               0.000               0.000           126877.813   0.84306 
   724.550         120.192    425.895       0.634       0.929              317.378               0.000               0.000           127195.191   0.84306 
   725.550         120.175    426.082       0.634       0.929              318.587               0.000               0.000           127513.777   0.84306 
   726.550         120.158    426.271       0.634       0.929              319.804               0.000               0.000           127833.581   0.84306 
   727.550         120.141    426.459       0.634       0.929              321.030               0.000               0.000           128154.611   0.84306 
   728.550         120.124    426.649       0.634       0.929              322.266               0.000               0.000           128476.877   0.84306 
   729.550         120.107    426.840       0.634       0.929              323.510               0.000               0.000           128800.388   0.84306 
   730.550         120.090    427.031       0.634       0.929              324.765               0.000               0.000           129125.152   0.84306 
   731.550         120.072    427.223       0.634       0.929              326.028               0.000               0.000           129451.180   0.84306 
   732.550         120.055    427.415       0.634       0.929              327.301               0.000               0.000           129778.481   0.84306 
   733.550         120.038    427.609       0.634       0.929              328.583               0.000               0.000           130107.065   0.84306 
   734.550         120.020    427.803       0.634       0.929              329.875               0.000               0.000           130436.940   0.84306 
   735.550         120.003    427.998       0.634       0.929              331.177               0.000               0.000           130768.117   0.84306 
   736.550         119.986    428.194       0.634       0.929              332.489               0.000               0.000           131100.606   0.84306 
   737.550         119.968    428.391       0.634       0.929              333.810               0.000               0.000           131434.416   0.84306 
   738.550         119.951    428.588       0.634       0.929              335.142               0.000               0.000           131769.558   0.84306 
   739.550         119.933    428.786       0.634       0.929              336.483               0.000               0.000           132106.041   0.84306 
   740.550         119.915    428.985       0.634       0.929              337.834               0.000               0.000           132443.875   0.84306 
   741.550         119.898    429.185       0.634       0.929              339.196               0.000               0.000           132783.071   0.84306 
   742.550         119.880    429.386       0.634       0.929              340.568               0.000               0.000           133123.640   0.84306 
   743.550         119.862    429.587       0.634       0.929              341.951               0.000               0.000           133465.590   0.84306 
   744.550         119.844    429.790       0.634       0.929              343.343               0.000               0.000           133808.934   0.84306 
   745.550         119.827    429.993       0.634       0.929              344.747               0.000               0.000           134153.681   0.84306 
   746.550         119.809    430.197       0.634       0.929              346.161               0.000               0.000           134499.841   0.84306 
   747.550         119.791    430.402       0.634       0.929              347.586               0.000               0.000           134847.427   0.84306 
   748.550         119.773    430.608       0.634       0.929              349.022               0.000               0.000           135196.450   0.84306 
   749.550         119.755    430.815       0.634       0.929              350.470               0.000               0.000           135546.919   0.84306 
   750.550         119.737    431.023       0.634       0.929              351.928               0.000               0.000           135898.848   0.84306 
   751.550         119.719    431.231       0.634       0.929              353.398               0.000               0.000           136252.246   0.84306 
   752.550         119.700    431.441       0.634       0.929              354.879               0.000               0.000           136607.125   0.84306 
   753.550         119.682    431.651       0.634       0.929              356.371               0.000               0.000           136963.495   0.84306 
   754.550         119.664    431.863       0.634       0.929              357.874               0.000               0.000           137321.370   0.84306 
   755.550         119.646    432.075       0.634       0.929              359.389               0.000               0.000           137680.759   0.84306 
   756.550         119.627    432.288       0.634       0.929              360.916               0.000               0.000           138041.675   0.84306 
   757.550         119.609    432.503       0.634       0.929              362.454               0.000               0.000           138404.129   0.84306 
   758.550         119.590    432.718       0.634       0.929              364.004               0.000               0.000           138768.133   0.84306 
   759.550         119.572    432.934       0.634       0.929              365.566               0.000               0.000           139133.699   0.84306 
   760.550         119.553    433.151       0.634       0.929              367.140               0.000               0.000           139500.839   0.84306 
   761.550         119.535    433.370       0.634       0.929              368.726               0.000               0.000           139869.565   0.84306 
   762.550         119.516    433.589       0.634       0.929              370.324               0.000               0.000           140239.889   0.84306 
   763.550         119.497    433.809       0.634       0.929              371.934               0.000               0.000           140611.823   0.84306 
   764.550         119.479    434.030       0.634       0.929              373.557               0.000               0.000           140985.380   0.84306 
   765.550         119.460    434.253       0.634       0.929              375.192               0.000               0.000           141360.573   0.84306 
   766.550         119.441    434.476       0.634       0.929              376.840               0.000               0.000           141737.413   0.84306 
   767.550         119.422    434.700       0.634       0.929              378.501               0.000               0.000           142115.914   0.84306 
   768.550         119.403    434.926       0.634       0.929              380.174               0.000               0.000           142496.088   0.84306 
   769.550         119.384    435.152       0.634       0.929              381.861               0.000               0.000           142877.949   0.84306 
   770.550         119.365    435.380       0.634       0.929              383.560               0.000               0.000           143261.509   0.84306 
   771.550         119.346    435.608       0.634       0.929              385.273               0.000               0.000           143646.782   0.84306 
   772.550         119.327    435.838       0.634       0.929              386.998               0.000               0.000           144033.780   0.84306 
   773.550         119.308    436.069       0.634       0.929              388.738               0.000               0.000           144422.518   0.84306 
   774.550         119.289    436.301       0.634       0.929              390.490               0.000               0.000           144813.008   0.84306 
   775.550         119.270    436.534       0.634       0.929              392.257               0.000               0.000           145205.265   0.84306 
   776.550         119.250    436.769       0.634       0.929              394.037               0.000               0.000           145599.301   0.84306 
   777.550         119.231    437.004       0.634       0.929              395.830               0.000               0.000           145995.132   0.84306 
   778.550         119.212    437.241       0.634       0.929              397.638               0.000               0.000           146392.770   0.84306 
   779.550         119.192    437.478       0.634       0.929              399.460               0.000               0.000           146792.230   0.84306 
   780.550         119.173    437.717       0.634       0.929              401.296               0.000               0.000           147193.527   0.84306 
   781.550         119.153    437.957       0.634       0.929              403.147               0.000               0.000           147596.673   0.84306 
   782.550         119.134    438.199       0.634       0.929              405.012               0.000               0.000           148001.685   0.84306 
   783.550         119.114    438.441       0.634       0.929              406.891               0.000               0.000           148408.576   0.84306 
   784.550         119.094    438.685       0.634       0.929              408.785               0.000               0.000           148817.361   0.84306 
   785.550         119.075    438.930       0.634       0.929              410.694               0.000               0.000           149228.055   0.84306 
   786.550         119.055    439.176       0.634       0.929              412.618               0.000               0.000           149640.673   0.84306 
   787.550         119.035    439.424       0.634       0.929              414.557               0.000               0.000           150055.230   0.84306 
   788.550         119.015    439.673       0.634       0.929              416.511               0.000               0.000           150471.741   0.84306 
   789.550         118.995    439.923       0.634       0.929              418.481               0.000               0.000           150890.222   0.84306 
   790.550         118.975    440.174       0.634       0.929              420.466               0.000               0.000           151310.688   0.84306 
   791.550         118.955    440.427       0.634       0.929              422.466               0.000               0.000           151733.154   0.84306 
   792.550         118.935    440.681       0.634       0.929              424.483               0.000               0.000           152157.637   0.84306 
   793.550         118.915    440.936       0.634       0.929              426.515               0.000               0.000           152584.152   0.84306 
   794.550         118.895    441.193       0.634       0.929              428.563               0.000               0.000           153012.715   0.84306 
   795.550         118.875    441.451       0.634       0.929              430.628               0.000               0.000           153443.343   0.84306 
   796.550         118.854    441.711       0.634       0.929              432.708               0.000               0.000           153876.052   0.84306 
   797.550         118.834    441.971       0.634       0.929              434.806               0.000               0.000           154310.857   0.84306 
   798.550         118.814    442.234       0.634       0.929              436.919               0.000               0.000           154747.777   0.84306 
   799.550         118.793    442.497       0.634       0.929              439.050               0.000               0.000           155186.826   0.84306 
   800.550         118.773    442.762       0.634       0.929              441.197               0.000               0.000           155628.023   0.84306 
   801.550         118.752    443.029       0.634       0.929              443.361               0.000               0.000           156071.385   0.84306 
   802.550         118.732    443.297       0.634       0.929              445.543               0.000               0.000           156516.928   0.84306 
   803.550         118.711    443.566       0.634       0.929              447.742               0.000               0.000           156964.670   0.84306 
   804.550         118.690    443.837       0.634       0.929              449.958               0.000               0.000           157414.628   0.84306 
   805.550         118.670    444.109       0.634       0.929              452.192               0.000               0.000           157866.820   0.84306 
   806.550         118.649    444.383       0.634       0.929              454.444               0.000               0.000           158321.263   0.84306 
   807.550         118.628    444.658       0.634       0.929              456.713               0.000               0.000           158777.976   0.84306 
   808.550         118.607    444.935       0.634       0.929              459.001               0.000               0.000           159236.977   0.84306 
   809.550         118.586    445.213       0.634       0.929              461.307               0.000               0.000           159698.284   0.84306 
   810.550         118.565    445.493       0.634       0.929              463.631               0.000               0.000           160161.915   0.84306 
   811.550         118.544    445.774       0.634       0.929              465.974               0.000               0.000           160627.889   0.84306 
   812.550         118.523    446.057       0.634       0.929              468.335               0.000               0.000           161096.224   0.84306 
   813.550         118.502    446.342       0.634       0.929              470.716               0.000               0.000           161566.940   0.84306 
   814.550         118.481    446.628       0.634       0.929              473.115               0.000               0.000           162040.055   0.84306 
   815.550         118.460    446.916       0.634       0.929              475.534               0.000               0.000           162515.589   0.84306 
   816.550         118.439    447.205       0.634       0.929              477.972               0.000               0.000           162993.562   0.84306 
   817.550         118.417    447.496       0.634       0.929              480.430               0.000               0.000           163473.991   0.84306 
   818.550         118.396    447.788       0.634       0.929              482.907               0.000               0.000           163956.898   0.84306 
   819.550         118.374    448.082       0.634       0.929              485.404               0.000               0.000           164442.302   0.84306 
   820.550         118.353    448.378       0.634       0.929              487.921               0.000               0.000           164930.224   0.84306 
   821.550         118.331    448.676       0.634       0.929              490.459               0.000               0.000           165420.683   0.84306 
   822.550         118.310    448.975       0.634       0.929              493.017               0.000               0.000           165913.700   0.84306 
   823.550         118.288    449.275       0.634       0.929              495.595               0.000               0.000           166409.295   0.84306 
   824.550         118.266    449.578       0.634       0.929              498.195               0.000               0.000           166907.490   0.84306 
   825.550         118.245    449.882       0.634       0.929              500.815               0.000               0.000           167408.305   0.84306 
   826.550         118.223    450.188       0.634       0.929              503.456               0.000               0.000           167911.761   0.84306 
   827.550         118.201    450.496       0.634       0.929              506.119               0.000               0.000           168417.881   0.84306 
   828.550         118.179    450.805       0.634       0.929              508.803               0.000               0.000           168926.684   0.84306 
   829.550         118.157    451.116       0.634       0.929              511.509               0.000               0.000           169438.193   0.84306 
   830.550         118.135    451.429       0.634       0.929              514.237               0.000               0.000           169952.430   0.84306 
   831.550         118.113    451.744       0.634       0.929              516.987               0.000               0.000           170469.417   0.84306 
   832.550         118.091    452.061       0.634       0.929              519.759               0.000               0.000           170989.177   0.84306 
   833.550         118.069    452.379       0.634       0.929              522.554               0.000               0.000           171511.730   0.84306 
   834.550         118.047    452.699       0.634       0.929              525.371               0.000               0.000           172037.102   0.84306 
   835.550         118.024    453.022       0.634       0.929              528.211               0.000               0.000           172565.313   0.84306 
   836.550         118.002    453.346       0.634       0.929              531.075               0.000               0.000           173096.387   0.84306 
   837.550         117.980    453.671       0.634       0.929              533.961               0.000               0.000           173630.349   0.84306 
   838.550         117.957    453.999       0.634       0.929              536.871               0.000               0.000           174167.220   0.84306 
   839.550         117.935    454.328       0.634       0.929              539.805               0.000               0.000           174707.024   0.84306 
   840.550         117.912    454.659       0.634       0.929              542.762               0.000               0.000           175249.787   0.84306 
   841.550         117.890    454.992       0.634       0.929              545.744               0.000               0.000           175795.531   0.84306 
   842.550         117.867    455.327       0.634       0.929              548.750               0.000               0.000           176344.281   0.84306 
   843.550         117.844    455.664       0.634       0.929              551.780               0.000               0.000           176896.061   0.84306 
   844.550         117.821    456.003       0.634       0.929              554.836               0.000               0.000           177450.897   0.84306 
   845.550         117.799    456.343       0.634       0.929              557.916               0.000               0.000           178008.812   0.84306 
   846.550         117.776    456.686       0.634       0.929              561.021               0.000               0.000           178569.833   0.84306 
   847.550         117.753    457.030       0.634       0.929              564.152               0.000               0.000           179133.985   0.84306 
   848.550         117.730    457.377       0.634       0.929              567.308               0.000               0.000           179701.294   0.84306 
   849.550         117.707    457.725       0.634       0.929              570.490               0.000               0.000           180271.784   0.84306 
   850.550         117.684    458.076       0.634       0.929              573.699               0.000               0.000           180845.483   0.84306 
   851.550         117.661    458.428       0.634       0.929              576.933               0.000               0.000           181422.416   0.84306 
   852.550         117.637    458.782       0.634       0.929              580.194               0.000               0.000           182002.610   0.84306 
   853.550         117.614    459.139       0.634       0.929              583.482               0.000               0.000           182586.093   0.84306 
   854.550         117.591    459.498       0.634       0.929              586.797               0.000               0.000           183172.890   0.84306 
   855.550         117.567    459.858       0.634       0.929              590.139               0.000               0.000           183763.029   0.84306 
   856.550         117.544    460.221       0.634       0.929              593.509               0.000               0.000           184356.538   0.84306 
   857.550         117.521    460.586       0.634       0.929              596.906               0.000               0.000           184953.444   0.84306 
   858.550         117.497    460.953       0.634       0.929              600.331               0.000               0.000           185553.775   0.84306 
   859.550         117.473    461.322       0.634       0.929              603.785               0.000               0.000           186157.560   0.84306 
   860.550         117.450    461.694       0.634       0.929              607.267               0.000               0.000           186764.827   0.84306 
   861.550         117.426    462.067       0.634       0.929              610.777               0.000               0.000           187375.604   0.84306 
   862.550         117.402    462.443       0.634       0.929              614.317               0.000               0.000           187989.921   0.84306 
   863.550         117.379    462.821       0.634       0.929              617.886               0.000               0.000           188607.807   0.84306 
   864.550         117.355    463.201       0.634       0.929              621.484               0.000               0.000           189229.291   0.84306 
   865.550         117.331    463.584       0.634       0.929              625.112               0.000               0.000           189854.403   0.84306 
   866.550         117.307    463.968       0.634       0.929              628.770               0.000               0.000           190483.173   0.84306 
   867.550         117.283    464.355       0.634       0.929              632.458               0.000               0.000           191115.631   0.84306 
   868.550         117.259    464.745       0.634       0.929              636.177               0.000               0.000           191751.808   0.84306 
   869.550         117.234    465.136       0.634       0.929              639.926               0.000               0.000           192391.734   0.84306 
   870.550         117.210    465.530       0.634       0.929              643.707               0.000               0.000           193035.441   0.84306 
   871.550         117.186    465.927       0.634       0.929              647.519               0.000               0.000           193682.959   0.84306 
   872.550         117.162    466.325       0.634       0.929              651.362               0.000               0.000           194334.321   0.84306 
   873.550         117.137    466.727       0.634       0.929              655.237               0.000               0.000           194989.559   0.84306 
   874.550         117.113    467.130       0.634       0.929              659.145               0.000               0.000           195648.704   0.84306 
   875.550         117.088    467.536       0.634       0.929              663.085               0.000               0.000           196311.788   0.84306 
   876.550         117.064    467.945       0.634       0.929              667.057               0.000               0.000           196978.845   0.84306 
   877.550         117.039    468.356       0.634       0.929              671.063               0.000               0.000           197649.908   0.84306 
   878.550         117.014    468.769       0.634       0.929              675.102               0.000               0.000           198325.010   0.84306 
   879.550         116.990    469.185       0.634       0.929              679.174               0.000               0.000           199004.184   0.84306 
   880.550         116.965    469.604       0.634       0.929              683.280               0.000               0.000           199687.465   0.84306 
   881.550         116.940    470.025       0.634       0.929              687.421               0.000               0.000           200374.886   0.84306 
   882.550         116.915    470.449       0.634       0.929              691.596               0.000               0.000           201066.481   0.84306 
   883.550         116.890    470.875       0.634       0.929              695.806               0.000               0.000           201762.287   0.84306 
   884.550         116.865    471.304       0.634       0.929              700.050               0.000               0.000           202462.337   0.84306 
   885.550         116.840    471.736       0.634       0.929              704.330               0.000               0.000           203166.667   0.84306 
   886.550         116.815    472.171       0.634       0.929              708.646               0.000               0.000           203875.314   0.84306 
   887.550         116.790    472.608       0.634       0.929              712.998               0.000               0.000           204588.312   0.84306 
   888.550         116.764    473.048       0.634       0.929              717.386               0.000               0.000           205305.698   0.84306 
   889.550         116.739    473.490       0.634       0.929              721.811               0.000               0.000           206027.508   0.84306 
   890.550         116.714    473.935       0.634       0.929              726.272               0.000               0.000           206753.781   0.84306 
   891.550         116.688    474.383       0.634       0.929              730.771               0.000               0.000           207484.552   0.84306 
   892.550         116.663    474.833       0.634       0.929              735.308               0.000               0.000           208219.860   0.84306 
   893.550         116.637    475.286       0.634       0.929              739.882               0.000               0.000           208959.742   0.84306 
   894.550         116.612    475.741       0.634       0.929              744.495               0.000               0.000           209704.236   0.84306 
   895.550         116.586    476.199       0.634       0.929              749.146               0.000               0.000           210453.382   0.84306 
   896.550         116.560    476.660       0.634       0.929              753.836               0.000               0.000           211207.218   0.84306 
   897.550         116.534    477.123       0.634       0.929              758.565               0.000               0.000           211965.783   0.84306 
   898.550         116.509    477.589       0.634       0.929              763.334               0.000               0.000           212729.117   0.84306 
   899.550         116.483    478.058       0.634       0.929              768.143               0.000               0.000           213497.260   0.84306 
   900.550         116.457    478.529       0.634       0.929              772.992               0.000               0.000           214270.252   0.84306 
   901.550         116.431    479.004       0.634       0.929              777.882               0.000               0.000           215048.134   0.84306 
   902.550         116.404    479.481       0.634       0.929              782.812               0.000               0.000           215830.946   0.84306 
   903.550         116.378    479.961       0.634       0.929              787.784               0.000               0.000           216618.730   0.84306 
   904.550         116.352    480.444       0.634       0.929              792.798               0.000               0.000           217411.527   0.84306 
   905.550         116.326    480.929       0.634       0.929              797.853               0.000               0.000           218209.381   0.84306 
   906.550         116.299    481.418       0.634       0.929              802.951               0.000               0.000           219012.332   0.84306 
   907.550         116.273    481.909       0.634       0.929              808.092               0.000               0.000           219820.424   0.84306 
   908.550         116.246    482.404       0.634       0.929              813.276               0.000               0.000           220633.700   0.84306 
   909.550         116.220    482.901       0.634       0.929              818.503               0.000               0.000           221452.203   0.84306 
   910.550         116.193    483.402       0.634       0.929              823.774               0.000               0.000           222275.977   0.84306 
   911.550         116.167    483.905       0.634       0.929              829.090               0.000               0.000           223105.067   0.84306 
   912.550         116.140    484.412       0.634       0.929              834.450               0.000               0.000           223939.517   0.84306 
   913.550         116.113    484.921       0.634       0.929              839.855               0.000               0.000           224779.372   0.84306 
   914.550         116.086    485.434       0.634       0.929              845.306               0.000               0.000           225624.678   0.84306 
   915.550         116.059    485.950       0.634       0.929              850.802               0.000               0.000           226475.480   0.84306 
   916.550         116.032    486.469       0.634       0.929              856.344               0.000               0.000           227331.824   0.84306 
   917.550         116.005    486.991       0.634       0.929              861.933               0.000               0.000           228193.757   0.84306 
   918.550         115.978    487.517       0.634       0.929              867.569               0.000               0.000           229061.326   0.84306 
   919.550         115.951    488.046       0.634       0.929              873.252               0.000               0.000           229934.578   0.84306 
   920.550         115.924    488.578       0.634       0.929              878.983               0.000               0.000           230813.561   0.84306 
   921.550         115.896    489.114       0.634       0.929              884.762               0.000               0.000           231698.324   0.84306 
   922.550         115.869    489.653       0.634       0.929              890.590               0.000               0.000           232588.914   0.84306 
   923.550         115.842    490.196       0.634       0.929              896.467               0.000               0.000           233485.380   0.84306 
   924.550         115.814    490.742       0.634       0.929              902.393               0.000               0.000           234387.773   0.84306 
   925.550         115.787    491.291       0.634       0.929              908.369               0.000               0.000           235296.142   0.84306 
   926.550         115.759    491.844       0.634       0.929              914.395               0.000               0.000           236210.537   0.84306 
   927.550         115.731    492.401       0.634       0.929              920.471               0.000               0.000           237131.008   0.84306 
   928.550         115.704    492.961       0.634       0.929              926.599               0.000               0.000           238057.607   0.84306 
   929.550         115.676    493.525       0.634       0.929              932.779               0.000               0.000           238990.386   0.84306 
   930.550         115.648    494.093       0.634       0.929              939.010               0.000               0.000           239929.396   0.84306 
   931.550         115.620    494.665       0.634       0.929              945.293               0.000               0.000           240874.689   0.84306 
   932.550         115.592    495.241       0.634       0.929              951.630               0.000               0.000           241826.319   0.84306 
   933.550         115.564    495.821       0.634       0.929              958.020               0.000               0.000           242784.339   0.84306 
   934.550         115.536    496.405       0.634       0.929              964.463               0.000               0.000           243748.802   0.84306 
   935.550         115.507    496.994       0.634       0.929              970.960               0.000               0.000           244719.762   0.84306 
   936.550         115.479    497.587       0.634       0.929              977.513               0.000               0.000           245697.275   0.84306 
   937.550         115.451    498.184       0.634       0.929              984.120               0.000               0.000           246681.395   0.84306 
   938.550         115.422    498.785       0.634       0.929              990.782               0.000               0.000           247672.177   0.84306 
   939.550         115.394    499.390       0.634       0.929              997.501               0.000               0.000           248669.678   0.84306 
   940.550         115.365    500.000       0.634       0.929             1004.276               0.000               0.000           249673.954   0.84306 
   941.550         115.337    500.614       0.634       0.929             1011.108               0.000               0.000           250685.062   0.84306 
   942.550         115.308    501.233       0.634       0.929             1017.997               0.000               0.000           251703.059   0.84306 
   943.550         115.279    501.856       0.634       0.929             1024.944               0.000               0.000           252728.003   0.84306 
   944.550         115.250    502.483       0.634       0.929             1031.950               0.000               0.000           253759.953   0.84306 
   945.550         115.222    503.114       0.634       0.929             1039.014               0.000               0.000           254798.967   0.84306 
   946.550         115.193    503.750       0.634       0.929             1046.137               0.000               0.000           255845.104   0.84306 
   947.550         115.164    504.391       0.634       0.929             1053.320               0.000               0.000           256898.425   0.84306 
   948.550         115.135    505.035       0.634       0.929             1060.564               0.000               0.000           257958.988   0.84306 
   949.550         115.105    505.685       0.634       0.929             1067.868               0.000               0.000           259026.856   0.84306 
   950.550         115.076    506.339       0.634       0.929             1075.233               0.000               0.000           260102.090   0.84306 
   951.550         115.047    506.997       0.634       0.929             1082.660               0.000               0.000           261184.750   0.84306 
   952.550         115.017    507.660       0.634       0.929             1090.150               0.000               0.000           262274.900   0.84306 
   953.550         114.988    508.328       0.634       0.929             1097.702               0.000               0.000           263372.601   0.84306 
   954.550         114.959    509.000       0.634       0.929             1105.317               0.000               0.000           264477.918   0.84306 
   955.550         114.929    509.677       0.634       0.929             1112.996               0.000               0.000           265590.913   0.84306 
   956.550         114.899    510.358       0.634       0.929             1120.739               0.000               0.000           266711.652   0.84306 
   957.550         114.870    511.045       0.634       0.929             1128.547               0.000               0.000           267840.199   0.84306 
   958.550         114.840    511.736       0.634       0.929             1136.420               0.000               0.000           268976.618   0.84306 
   959.550         114.810    512.431       0.634       0.929             1144.359               0.000               0.000           270120.977   0.84306 
   960.550         114.780    513.132       0.634       0.929             1152.364               0.000               0.000           271273.341   0.84306 
   961.550         114.750    513.838       0.634       0.929             1160.436               0.000               0.000           272433.776   0.84306 
   962.550         114.720    514.550       0.634       0.929             1168.575               0.000               0.000           273602.352   0.84306 
   963.550         114.690    515.268       0.634       0.929             1176.782               0.000               0.000           274779.134   0.84306 
   964.550         114.660    515.992       0.634       0.929             1185.058               0.000               0.000           275964.192   0.84306 
   965.550         114.629    516.723       0.634       0.929             1193.403               0.000               0.000           277157.595   0.84306 
   966.550         114.599    517.459       0.634       0.929             1201.817               0.000               0.000           278359.411   0.84306 
   967.550         114.569    518.202       0.634       0.929             1210.301               0.000               0.000           279569.712   0.84306 
   968.550         114.538    518.952       0.634       0.929             1218.856               0.000               0.000           280788.568   0.84306 
   969.550         114.508    519.707       0.634       0.929             1227.481               0.000               0.000           282016.049   0.84306 
   970.550         114.477    520.469       0.634       0.929             1236.179               0.000               0.000           283252.228   0.84306 
   971.550         114.446    521.237       0.634       0.929             1244.949               0.000               0.000           284497.176   0.84306 
   972.550         114.416    522.011       0.634       0.929             1253.791               0.000               0.000           285750.968   0.84306 
   973.550         114.385    522.791       0.634       0.929             1262.707               0.000               0.000           287013.674   0.84306 
   974.550         114.354    523.578       0.634       0.929             1271.697               0.000               0.000           288285.371   0.84306 
   975.550         114.323    524.370       0.634       0.929             1280.761               0.000               0.000           289566.132   0.84306 
   976.550         114.292    525.169       0.634       0.929             1289.900               0.000               0.000           290856.031   0.84306 
   977.550         114.261    525.975       0.634       0.929             1299.115               0.000               0.000           292155.146   0.84306 
   978.550         114.229    526.786       0.634       0.929             1308.406               0.000               0.000           293463.552   0.84306 
   979.550         114.198    527.604       0.634       0.929             1317.773               0.000               0.000           294781.325   0.84306 
   980.550         114.167    528.428       0.634       0.929             1327.218               0.000               0.000           296108.543   0.84306 
   981.550         114.135    529.259       0.634       0.929             1336.741               0.000               0.000           297445.284   0.84306 
   982.550         114.104    530.095       0.634       0.929             1346.342               0.000               0.000           298791.626   0.84306 
   983.550         114.072    530.938       0.634       0.929             1356.022               0.000               0.000           300147.648   0.84306 
   984.550         114.041    531.788       0.634       0.929             1365.782               0.000               0.000           301513.430   0.84306 
   985.550         114.009    532.644       0.634       0.929             1375.622               0.000               0.000           302889.052   0.84306 
   986.550         113.977    533.506       0.634       0.929             1385.543               0.000               0.000           304274.595   0.84306 
   987.550         113.945    534.375       0.634       0.929             1395.545               0.000               0.000           305670.140   0.84306 
   988.550         113.913    535.250       0.634       0.929             1405.629               0.000               0.000           307075.770   0.84306 
   989.550         113.881    536.133       0.634       0.929             1415.796               0.000               0.000           308491.566   0.84306 
   990.550         113.849    537.022       0.634       0.929             1426.046               0.000               0.000           309917.612   0.84306 
   991.550         113.817    537.918       0.634       0.929             1436.379               0.000               0.000           311353.991   0.84306 
   992.550         113.785    538.821       0.634       0.929             1446.797               0.000               0.000           312800.788   0.84306 
   993.550         113.752    539.731       0.634       0.929             1457.300               0.000               0.000           314258.088   0.84306 
   994.550         113.720    540.647       0.634       0.929             1467.888               0.000               0.000           315725.976   0.84306 
   995.550         113.688    541.570       0.634       0.929             1478.563               0.000               0.000           317204.539   0.84306 
   996.550         113.655    542.500       0.634       0.929             1489.324               0.000               0.000           318693.863   0.84306 
   997.550         113.622    543.436       0.634       0.929             1500.172               0.000               0.000           320194.035   0.84306 
   998.550         113.590    544.379       0.634       0.929             1511.109               0.000               0.000           321705.144   0.84306 
   999.550         113.557    545.328       0.634       0.929             1522.133               0.000               0.000           323227.277   0.84306 
  1000.550         113.524    546.285       0.634       0.929             1533.247               0.000               0.000           324760.524   0.84306 
  1001.550         113.491    547.248       0.634       0.929             1544.451               0.000               0.000           326304.976   0.84306 
  1002.550         113.458    548.217       0.634       0.929             1555.745               0.000               0.000           327860.721   0.84306 
  1003.550         113.425    549.193       0.634       0.929             1567.130               0.000               0.000           329427.851   0.84306 
  1004.550         113.392    550.176       0.634       0.929             1578.607               0.000               0.000           331006.458   0.84306 
  1005.550         113.358    551.166       0.634       0.929             1590.176               0.000               0.000           332596.634   0.84306 
  1006.550         113.325    552.162       0.634       0.929             1601.837               0.000               0.000           334198.471   0.84306 
  1007.550         113.292    553.165       0.634       0.929             1613.592               0.000               0.000           335812.062   0.84306 
  1008.550         113.258    554.174       0.634       0.929             1625.441               0.000               0.000           337437.503   0.84306 
  1009.550         113.225    555.188       0.634       0.929             1637.384               0.000               0.000           339074.887   0.84306 
  1010.550         113.191    556.208       0.634       0.929             1649.423               0.000               0.000           340724.310   0.84306 
  1011.550         113.157    557.233       0.634       0.929             1661.557               0.000               0.000           342385.867   0.84306 
  1012.550         113.123    558.264       0.634       0.929             1673.788               0.000               0.000           344059.655   0.84306 
  1013.550         113.090    559.300       0.634       0.929             1686.116               0.000               0.000           345745.771   0.84306 
  1014.550         113.056    560.341       0.634       0.929             1698.541               0.000               0.000           347444.313   0.84306 
  1015.550         113.021    561.388       0.634       0.929             1711.065               0.000               0.000           349155.378   0.84306 
  1016.550         112.987    562.441       0.634       0.929             1723.688               0.000               0.000           350879.065   0.84306 
  1017.550         112.953    563.499       0.634       0.929             1736.409               0.000               0.000           352615.475   0.84306 
  1018.550         112.919    564.562       0.634       0.929             1749.231               0.000               0.000           354364.706   0.84306 
  1019.550         112.884    565.632       0.634       0.929             1762.154               0.000               0.000           356126.860   0.84306 
  1020.550         112.850    566.707       0.634       0.929             1775.178               0.000               0.000           357902.038   0.84306 
  1021.550         112.815    567.788       0.634       0.929             1788.303               0.000               0.000           359690.341   0.84306 
  1022.550         112.781    568.875       0.634       0.929             1801.532               0.000               0.000           361491.873   0.84306 
  1023.550         112.746    569.967       0.634       0.929             1814.863               0.000               0.000           363306.735   0.84306 
  1024.550         112.711    571.066       0.634       0.929             1828.297               0.000               0.000           365135.033   0.84306 
  1025.550         112.676    572.170       0.634       0.929             1841.836               0.000               0.000           366976.869   0.84306 
  1026.550         112.642    573.280       0.634       0.929             1855.480               0.000               0.000           368832.348   0.84306 
  1027.550         112.606    574.396       0.634       0.929             1869.229               0.000               0.000           370701.577   0.84306 
  1028.550         112.571    575.515       0.634       0.929             1883.083               0.000               0.000           372584.660   0.84306 
  1029.550         112.536    576.637       0.634       0.929             1897.045               0.000               0.000           374481.705   0.84306 
  1030.550         112.501    577.763       0.634       0.929             1911.113               0.000               0.000           376392.818   0.84306 
  1031.550         112.465    578.893       0.634       0.929             1925.289               0.000               0.000           378318.107   0.84306 
  1032.550         112.430    580.027       0.634       0.929             1939.574               0.000               0.000           380257.681   0.84306 
  1033.550         112.394    581.165       0.634       0.929             1953.967               0.000               0.000           382211.648   0.84306 
  1034.550         112.359    582.307       0.634       0.929             1968.469               0.000               0.000           384180.117   0.84306 
  1035.550         112.323    583.453       0.634       0.929             1983.081               0.000               0.000           386163.198   0.84306 
  1036.550         112.287    584.603       0.634       0.929             1997.804               0.000               0.000           388161.002   0.84306 
  1037.550         112.251    585.758       0.634       0.929             2012.638               0.000               0.000           390173.640   0.84306 
  1038.550         112.215    586.917       0.634       0.929             2027.583               0.000               0.000           392201.223   0.84306 
  1039.550         112.179    588.080       0.634       0.929             2042.640               0.000               0.000           394243.863   0.84306 
  1040.550         112.143    589.248       0.634       0.929             2057.810               0.000               0.000           396301.673   0.84306 
  1041.550         112.107    590.421       0.634       0.929             2073.094               0.000               0.000           398374.767   0.84306 
  1042.550         112.071    591.598       0.634       0.929             2088.491               0.000               0.000           400463.257   0.84306 
  1043.550         112.034    592.780       0.634       0.929             2104.002               0.000               0.000           402567.259   0.84306 
  1044.550         111.998    593.967       0.634       0.929             2119.628               0.000               0.000           404686.887   0.84306 
  1045.550         111.961    595.159       0.634       0.929             2135.369               0.000               0.000           406822.256   0.84306 
  1046.550         111.925    596.355       0.634       0.929             2151.225               0.000               0.000           408973.480   0.84306 
  1047.550         111.888    597.556       0.634       0.929             2167.197               0.000               0.000           411140.678   0.84306 
  1048.550         111.851    598.763       0.634       0.929             2183.287               0.000               0.000           413323.964   0.84306 
  1049.550         111.814    599.974       0.634       0.929             2199.493               0.000               0.000           415523.457   0.84306 
  1050.550         111.777    601.190       0.634       0.929             2215.816               0.000               0.000           417739.273   0.84306 
  1051.550         111.740    602.412       0.634       0.929             2232.258               0.000               0.000           419971.531   0.84306 
  1052.550         111.703    603.639       0.634       0.929             2248.817               0.000               0.000           422220.348   0.84306 
  1053.550         111.665    604.871       0.634       0.929             2265.496               0.000               0.000           424485.844   0.84306 
  1054.550         111.628    606.108       0.634       0.929             2282.294               0.000               0.000           426768.137   0.84306 
  1055.550         111.590    607.351       0.634       0.929             2299.211               0.000               0.000           429067.348   0.84306 
  1056.550         111.553    608.600       0.634       0.929             2316.248               0.000               0.000           431383.596   0.84306 
  1057.550         111.515    609.854       0.634       0.929             2333.406               0.000               0.000           433717.002   0.84306 
  1058.550         111.477    611.114       0.634       0.929             2350.684               0.000               0.000           436067.687   0.84306 
  1059.550         111.440    612.379       0.634       0.929             2368.084               0.000               0.000           438435.770   0.84306 
  1060.550         111.402    613.650       0.634       0.929             2385.605               0.000               0.000           440821.375   0.84306 
  1061.550         111.364    614.927       0.634       0.929             2403.248               0.000               0.000           443224.623   0.84306 
  1062.550         111.326    616.210       0.634       0.929             2421.013               0.000               0.000           445645.636   0.84306 
  1063.550         111.287    617.499       0.634       0.929             2438.900               0.000               0.000           448084.536   0.84306 
  1064.550         111.249    618.795       0.634       0.929             2456.911               0.000               0.000           450541.447   0.84306 
  1065.550         111.211    620.096       0.634       0.929             2475.044               0.000               0.000           453016.491   0.84306 
  1066.550         111.172    621.404       0.634       0.929             2493.301               0.000               0.000           455509.792   0.84306 
  1067.550         111.134    622.717       0.634       0.929             2511.681               0.000               0.000           458021.473   0.84306 
  1068.550         111.095    624.037       0.634       0.929             2530.185               0.000               0.000           460551.658   0.84306 
  1069.550         111.056    625.364       0.634       0.929             2548.813               0.000               0.000           463100.471   0.84306 
  1070.550         111.017    626.696       0.634       0.929             2567.566               0.000               0.000           465668.037   0.84306 
  1071.550         110.978    628.035       0.634       0.929             2586.443               0.000               0.000           468254.479   0.84306 
  1072.550         110.939    629.381       0.634       0.929             2605.444               0.000               0.000           470859.923   0.84306 
  1073.550         110.900    630.733       0.634       0.929             2624.571               0.000               0.000           473484.494   0.84306 
  1074.550         110.861    632.091       0.634       0.929             2643.822               0.000               0.000           476128.316   0.84306 
  1075.550         110.821    633.456       0.634       0.929             2663.198               0.000               0.000           478791.514   0.84306 
  1076.550         110.782    634.828       0.634       0.929             2682.700               0.000               0.000           481474.214   0.84306 
  1077.550         110.742    636.206       0.634       0.929             2702.327               0.000               0.000           484176.542   0.84306 
  1078.550         110.703    637.592       0.634       0.929             2722.079               0.000               0.000           486898.621   0.84306 
  1079.550         110.663    638.983       0.634       0.929             2741.957               0.000               0.000           489640.578   0.84306 
  1080.550         110.623    640.382       0.634       0.929             2761.960               0.000               0.000           492402.538   0.84306 
  1081.550         110.583    641.787       0.634       0.929             2782.089               0.000               0.000           495184.627   0.84306 
  1082.550         110.543    643.200       0.634       0.929             2802.343               0.000               0.000           497986.970   0.84306 
  1083.550         110.503    644.618       0.634       0.929             2822.722               0.000               0.000           500809.693   0.84306 
  1084.550         110.463    646.044       0.634       0.929             2843.227               0.000               0.000           503652.920   0.84306 
  1085.550         110.423    647.477       0.634       0.929             2863.857               0.000               0.000           506516.777   0.84306 
  1086.550         110.382    648.916       0.634       0.929             2884.612               0.000               0.000           509401.390   0.84306 
  1087.550         110.342    650.363       0.634       0.929             2905.492               0.000               0.000           512306.882   0.84306 
  1088.550         110.301    651.816       0.634       0.929             2926.497               0.000               0.000           515233.380   0.84306 
  1089.550         110.260    653.277       0.634       0.929             2947.627               0.000               0.000           518181.007   0.84306 
  1090.550         110.219    654.744       0.634       0.929             2968.881               0.000               0.000           521149.888   0.84306 
  1091.550         110.179    656.219       0.634       0.929             2990.259               0.000               0.000           524140.147   0.84306 
  1092.550         110.137    657.702       0.634       0.929             3011.762               0.000               0.000           527151.909   0.84306 
  1093.550         110.096    659.192       0.634       0.929             3033.387               0.000               0.000           530185.296   0.84306 
  1094.550         110.055    660.690       0.634       0.929             3055.136               0.000               0.000           533240.432   0.84306 
  1095.550         110.014    662.195       0.634       0.929             3077.008               0.000               0.000           536317.441   0.84306 
  1096.550         109.972    663.708       0.634       0.929             3099.003               0.000               0.000           539416.444   0.84306 
  1097.550         109.931    665.228       0.634       0.929             3121.120               0.000               0.000           542537.564   0.84306 
  1098.550         109.889    666.755       0.634       0.929             3143.360               0.000               0.000           545680.923   0.84306 
  1099.550         109.847    668.290       0.634       0.929             3165.722               0.000               0.000           548846.645   0.84306 
  1100.550         109.805    669.833       0.634       0.929             3188.207               0.000               0.000           552034.853   0.84306 
  1101.550         109.764    671.383       0.634       0.929             3210.816               0.000               0.000           555245.669   0.84306 
  1102.550         109.721    672.941       0.634       0.929             3233.548               0.000               0.000           558479.216   0.84306 
  1103.550         109.679    674.507       0.634       0.929             3256.402               0.000               0.000           561735.619   0.84306 
  1104.550         109.637    676.082       0.634       0.929             3279.381               0.000               0.000           565015.000   0.84306 
  1105.550         109.595    677.666       0.634       0.929             3302.483               0.000               0.000           568317.483   0.84306 
  1106.550         109.552    679.259       0.634       0.929             3325.708               0.000               0.000           571643.191   0.84306 
  1107.550         109.510    680.861       0.634       0.929             3349.058               0.000               0.000           574992.249   0.84306 
  1108.550         109.467    682.473       0.634       0.929             3372.531               0.000               0.000           578364.780   0.84306 
  1109.550         109.424    684.095       0.634       0.929             3396.128               0.000               0.000           581760.908   0.84306 
  1110.550         109.381    685.726       0.634       0.929             3419.849               0.000               0.000           585180.757   0.84306 
  1111.550         109.338    687.367       0.634       0.929             3443.694               0.000               0.000           588624.451   0.84306 
  1112.550         109.295    689.018       0.634       0.929             3467.663               0.000               0.000           592092.115   0.84306 
  1113.550         109.252    690.679       0.634       0.929             3491.756               0.000               0.000           595583.871   0.84306 
  1114.550         109.208    692.349       0.634       0.929             3515.974               0.000               0.000           599099.845   0.84306 
  1115.550         109.165    694.029       0.634       0.929             3540.315               0.000               0.000           602640.160   0.84306 
  1116.550         109.121    695.719       0.634       0.929             3564.781               0.000               0.000           606204.941   0.84306 
  1117.550         109.078    697.422       0.634       0.929             3589.370               0.000               0.000           609794.311   0.84306 
  1118.550         109.034    699.137       0.634       0.929             3614.084               0.000               0.000           613408.396   0.84306 
  1119.550         108.990    700.863       0.634       0.929             3638.922               0.000               0.000           617047.318   0.84306 
  1120.550         108.946    702.601       0.634       0.929             3663.884               0.000               0.000           620711.202   0.84306 
  1121.550         108.902    704.350       0.634       0.929             3688.970               0.000               0.000           624400.172   0.84306 
  1122.550         108.857    706.110       0.634       0.929             3714.180               0.000               0.000           628114.353   0.84306 
  1123.550         108.813    707.881       0.634       0.929             3739.514               0.000               0.000           631853.867   0.84306 
  1124.550         108.768    709.662       0.634       0.929             3764.972               0.000               0.000           635618.839   0.84306 
  1125.550         108.724    711.455       0.634       0.929             3790.553               0.000               0.000           639409.392   0.84306 
  1126.550         108.679    713.257       0.634       0.929             3816.259               0.000               0.000           643225.651   0.84306 
  1127.550         108.634    715.072       0.634       0.929             3842.087               0.000               0.000           647067.738   0.84306 
  1128.550         108.589    716.917       0.634       0.929             3868.040               0.000               0.000           650935.778   0.84306 
  1129.550         108.544    718.792       0.634       0.929             3894.115               0.000               0.000           654829.893   0.84306 
  1130.550         108.499    720.697       0.634       0.929             3920.314               0.000               0.000           658750.207   0.84306 
  1131.550         108.454    722.631       0.634       0.929             3946.636               0.000               0.000           662696.843   0.84306 
  1132.550         108.408    724.596       0.634       0.929             3973.081               0.000               0.000           666669.924   0.84306 
  1133.550         108.363    726.590       0.634       0.929             3999.648               0.000               0.000           670669.572   0.84306 
  1134.550         108.317    728.614       0.634       0.929             4026.339               0.000               0.000           674695.911   0.84306 
  1135.550         108.272    730.668       0.634       0.929             4053.151               0.000               0.000           678749.063   0.84306 
  1136.550         108.226    732.752       0.634       0.929             4080.086               0.000               0.000           682829.149   0.84306 
  1137.550         108.180    734.867       0.634       0.929             4107.143               0.000               0.000           686936.292   0.84306 
  1138.550         108.134    736.988       0.634       0.929             4134.322               0.000               0.000           691070.614   0.84306 
  1139.550         108.087    739.115       0.634       0.929             4161.623               0.000               0.000           695232.237   0.84306 
  1140.550         108.041    741.245       0.634       0.929             4189.045               0.000               0.000           699421.282   0.84306 
  1141.550         107.994    743.380       0.634       0.929             4216.588               0.000               0.000           703637.869   0.84306 
  1142.550         107.948    745.520       0.634       0.929             4244.252               0.000               0.000           707882.121   0.84306 
  1143.550         107.901    747.663       0.634       0.929             4272.036               0.000               0.000           712154.157   0.84306 
  1144.550         107.854    749.808       0.634       0.929             4299.941               0.000               0.000           716454.098   0.84306 
  1145.550         107.807    751.956       0.634       0.929             4327.967               0.000               0.000           720782.065   0.84306 
  1146.550         107.760    754.105       0.634       0.929             4356.112               0.000               0.000           725138.177   0.84306 
  1147.550         107.713    756.254       0.634       0.929             4384.377               0.000               0.000           729522.553   0.84306 
  1148.550         107.666    758.396       0.634       0.929             4412.761               0.000               0.000           733935.314   0.84306 
  1149.550         107.618    760.534       0.634       0.929             4441.264               0.000               0.000           738376.577   0.84306 
  1150.550         107.571    762.667       0.634       0.929             4469.885               0.000               0.000           742846.463   0.84306 
  1151.550         107.523    764.796       0.634       0.929             4498.625               0.000               0.000           747345.088   0.84306 
  1152.550         107.475    766.920       0.634       0.929             4527.483               0.000               0.000           751872.571   0.84306 
  1153.550         107.427    769.041       0.634       0.929             4556.459               0.000               0.000           756429.030   0.84306 
  1154.550         107.379    771.156       0.634       0.929             4585.552               0.000               0.000           761014.582   0.84306 
  1155.550         107.331    773.265       0.634       0.929             4614.762               0.000               0.000           765629.345   0.84306 
  1156.550         107.282    775.369       0.634       0.929             4644.089               0.000               0.000           770273.434   0.84306 
  1157.550         107.234    777.465       0.634       0.929             4673.532               0.000               0.000           774946.966   0.84306 
  1158.550         107.185    779.554       0.634       0.929             4703.091               0.000               0.000           779650.057   0.84306 
  1159.550         107.137    781.637       0.634       0.929             4732.765               0.000               0.000           784382.822   0.84306 
  1160.550         107.088    783.714       0.634       0.929             4762.555               0.000               0.000           789145.377   0.84306 
  1161.550         107.039    785.786       0.634       0.929             4792.459               0.000               0.000           793937.836   0.84306 
  1162.550         106.990    787.851       0.634       0.929             4822.478               0.000               0.000           798760.314   0.84306 
  1163.550         106.940    789.912       0.634       0.929             4852.610               0.000               0.000           803612.924   0.84306 
  1164.550         106.891    791.968       0.634       0.929             4882.856               0.000               0.000           808495.781   0.84306 
  1165.550         106.841    794.019       0.634       0.929             4913.216               0.000               0.000           813408.996   0.84306 
  1166.550         106.792    796.066       0.634       0.929             4943.688               0.000               0.000           818352.684   0.84306 
  1167.550         106.742    798.114       0.634       0.929             4974.272               0.000               0.000           823326.955   0.84306 
  1168.550         106.692    800.162       0.634       0.929             5004.968               0.000               0.000           828331.923   0.84306 
  1169.550         106.642    802.209       0.634       0.929             5035.775               0.000               0.000           833367.698   0.84306 
  1170.550         106.592    804.257       0.634       0.929             5066.693               0.000               0.000           838434.391   0.84306 
  1171.550         106.541    806.305       0.634       0.929             5097.722               0.000               0.000           843532.114   0.84306 
  1172.550         106.491    808.354       0.634       0.929             5128.861               0.000               0.000           848660.975   0.84306 
  1173.550         106.440    810.402       0.634       0.929             5160.110               0.000               0.000           853821.085   0.84306 
  1174.550         106.389    812.447       0.634       0.929             5191.468               0.000               0.000           859012.553   0.84306 
  1175.550         106.339    814.476       0.634       0.929             5222.934               0.000               0.000           864235.487   0.84306 
  1176.550         106.287    816.497       0.634       0.929             5254.509               0.000               0.000           869489.995   0.84306 
  1177.550         106.236    818.512       0.634       0.929             5286.191               0.000               0.000           874776.186   0.84306 
  1178.550         106.185    820.523       0.634       0.929             5317.980               0.000               0.000           880094.167   0.84306 
  1179.550         106.134    822.529       0.634       0.929             5349.877               0.000               0.000           885444.043   0.84306 
  1180.550         106.082    824.532       0.634       0.929             5381.879               0.000               0.000           890825.922   0.84306 
  1181.550         106.030    826.532       0.634       0.929             5413.988               0.000               0.000           896239.910   0.84306 
  1182.550         105.978    828.529       0.634       0.929             5446.201               0.000               0.000           901686.111   0.84306 
  1183.550         105.926    830.524       0.634       0.929             5478.520               0.000               0.000           907164.631   0.84306 
  1184.550         105.874    832.517       0.634       0.929             5510.942               0.000               0.000           912675.573   0.84306 
  1185.550         105.822    834.509       0.634       0.929             5543.469               0.000               0.000           918219.042   0.84306 
  1186.550         105.769    836.499       0.634       0.929             5576.099               0.000               0.000           923795.141   0.84306 
  1187.550         105.717    838.487       0.634       0.929             5608.832               0.000               0.000           929403.972   0.84306 
  1188.550         105.664    840.473       0.634       0.929             5641.667               0.000               0.000           935045.639   0.84306 
  1189.550         105.611    842.458       0.634       0.929             5674.604               0.000               0.000           940720.243   0.84306 
  1190.550         105.558    844.442       0.634       0.929             5707.643               0.000               0.000           946427.886   0.84306 
  1191.550         105.505    846.427       0.634       0.929             5740.783               0.000               0.000           952168.669   0.84306 
  1192.550         105.451    848.413       0.634       0.929             5774.024               0.000               0.000           957942.693   0.84306 
  1193.550         105.398    850.000       0.633       0.928             5807.365               0.000               0.000           963750.058   0.84306 
  1194.550         105.344    850.000       0.630       0.922             5840.806               0.000               0.000           969590.864   0.84306 
  1195.550         105.291    850.000       0.626       0.917             5874.346               0.000               0.000           975465.210   0.84306 
  1196.550         105.237    850.000       0.622       0.911             5907.985               0.000               0.000           981373.195   0.84306 
  1197.550         105.182    850.000       0.618       0.905             5941.723               0.000               0.000           987314.918   0.84306 
  1198.550         105.128    850.000       0.614       0.899             5975.559               0.000               0.000           993290.477   0.84306 
  1199.550         105.074    850.000       0.610       0.893             6009.493               0.000               0.000           999299.970   0.84306 
  1200.550         105.019    850.000       0.605       0.886             6043.525               0.000               0.000          1005343.495   0.84306 
  1201.550         104.965    850.000       0.601       0.880             6077.654               0.000               0.000          1011421.149   0.84306 
  1202.550         104.910    850.000       0.596       0.873             6111.879               0.000               0.000          1017533.028   0.84306 
  1203.550         104.855    850.000       0.591       0.866             6146.203               0.000               0.000          1023679.231   0.84306 
  1204.550         104.799    850.000       0.586       0.858             6180.623               0.000               0.000          1029859.854   0.84306 
  1205.550         104.744    850.000       0.581       0.851             6215.141               0.000               0.000          1036074.995   0.84306 
  1206.550         104.689    850.000       0.576       0.843             6249.756               0.000               0.000          1042324.751   0.84306 
  1207.550         104.633    850.000       0.571       0.835             6284.470               0.000               0.000          1048609.221   0.84306 
  1208.550         104.577    850.000       0.565       0.827             6319.282               0.000               0.000          1054928.503   0.84306 
  1209.550         104.521    850.000       0.560       0.819             6354.192               0.000               0.000          1061282.695   0.84306 
  1210.550         104.465    850.000       0.554       0.811             6389.202               0.000               0.000          1067671.897   0.84306 
  1211.550         104.409    850.000       0.548       0.802             6424.310               0.000               0.000          1074096.207   0.84306 
  1212.550         104.352    850.000       0.542       0.793             6459.519               0.000               0.000          1080555.726   0.84306 
  1213.550         104.296    850.000       0.536       0.784             6494.828               0.000               0.000          1087050.554   0.84306 
  1214.550         104.239    850.000       0.530       0.775             6530.238               0.000               0.000          1093580.792   0.84306 
  1215.550         104.182    850.000       0.523       0.765             6565.749               0.000               0.000          1100146.541   0.84306 
  1216.550         104.125    850.000       0.517       0.755             6601.363               0.000               0.000          1106747.903   0.84306 
  1217.550         104.067    850.000       0.510       0.746             6637.079               0.000               0.000          1113384.982   0.84306 
  1218.550         104.010    850.000       0.503       0.735             6672.899               0.000               0.000          1120057.881   0.84306 
  1219.550         103.952    850.000       0.496       0.725             6708.823               0.000               0.000          1126766.704   0.84306 
  1220.550         103.894    850.000       0.489       0.715             6744.853               0.000               0.000          1133511.557   0.84306 
  1221.550         103.836    850.000       0.481       0.704             6780.989               0.000               0.000          1140292.545   0.84306 
  1222.550         103.778    850.000       0.474       0.693             6817.232               0.000               0.000          1147109.777   0.84306 
  1223.550         103.720    850.000       0.466       0.682             6853.584               0.000               0.000          1153963.361   0.84306 
  1224.550         103.661    850.000       0.459       0.670             6890.045               0.000               0.000          1160853.405   0.84306 
  1225.550         103.603    850.000       0.451       0.659             6926.616               0.000               0.000          1167780.022   0.84306 
  1226.550         103.544    850.000       0.443       0.647             6963.300               0.000               0.000          1174743.322   0.84306 
  1227.550         103.485    850.000       0.435       0.635             7000.097               0.000               0.000          1181743.419   0.84306 
  1228.550         103.426    850.000       0.426       0.622             7037.009               0.000               0.000          1188780.428   0.84306 
  1229.550         103.366    850.000       0.418       0.610             7074.037               0.000               0.000          1195854.464   0.84306 
  1230.550         103.307    850.000       0.409       0.597             7111.183               0.000               0.000          1202965.647   0.84306 
  1231.550         103.247    850.000       0.400       0.584             7148.448               0.000               0.000          1210114.095   0.84306 
  1232.550         103.187    850.000       0.391       0.571             7185.834               0.000               0.000          1217299.929   0.84306 
  1233.550         103.127    850.000       0.382       0.558             7223.344               0.000               0.000          1224523.273   0.84306 
  1234.550         103.067    850.000       0.373       0.544             7260.979               0.000               0.000          1231784.252   0.84306 
  1235.550         103.006    850.000       0.363       0.530             7298.741               0.000               0.000          1239082.992   0.84306 
  1236.550         102.946    850.000       0.354       0.516             7336.632               0.000               0.000          1246419.624   0.84306 
  1237.550         102.885    850.000       0.344       0.502             7374.654               0.000               0.000          1253794.278   0.84306 
  1238.550         102.824    850.000       0.334       0.488             7412.811               0.000               0.000          1261207.089   0.84306 
  1239.550         102.763    850.000       0.324       0.473             7451.103               0.000               0.000          1268658.192   0.84306 
  1240.550         102.701    850.000       0.314       0.458             7489.535               0.000               0.000          1276147.727   0.84306 
  1241.550         102.640    850.000       0.304       0.443             7528.108               0.000               0.000          1283675.835   0.84306 
  1242.550         102.578    850.000       0.293       0.427             7566.825               0.000               0.000          1291242.660   0.84306 
  1243.550         102.516    850.000       0.282       0.412             7605.689               0.000               0.000          1298848.349   0.84306 
  1244.550         102.454    850.000       0.272       0.396             7644.704               0.000               0.000          1306493.053   0.84306 
  1245.550         102.391    850.000       0.261       0.380             7683.872               0.000               0.000          1314176.925   0.84306 
  1246.550         102.329    850.000       0.250       0.364             7723.197               0.000               0.000          1321900.122   0.84306 
  1247.550         102.266    850.000       0.238       0.347             7762.682               0.000               0.000          1329662.803   0.84306 
  1248.550         102.203    850.000       0.227       0.330             7802.330               0.000               0.000          1337465.133   0.84306 
  1249.550         102.140    850.000       0.215       0.313             7842.146               0.000               0.000          1345307.279   0.84306 
  1250.550         102.077    850.000       0.203       0.296             7882.133               0.000               0.000          1353189.412   0.84306 
  1251.550         102.013    850.000       0.191       0.279             7922.295               0.000               0.000          1361111.707   0.84306 
  1252.550         101.950    850.000       0.179       0.261             7962.637               0.000               0.000          1369074.344   0.84306 
  1253.550         101.886    850.000       0.167       0.243             8003.162               0.000               0.000          1377077.506   0.84306 
  1254.550         101.822    850.000       0.155       0.225             8043.876               0.000               0.000          1385121.382   0.84306 
