#_______________________________________________________________________________
#    ######   ####     ##             #####   #####     ##    #    #    ##
#    #       #        #  #            #    #  #    #   #  #   ##  ##   #  #
#    #####    ####   ######           #    #  #####   ######  # ## #  ######
#    #            #  #    #           #    #  #    #  #    #  #    #  #    #
#____######__#####___#____#___________#####___#____#__#____#__#____#__#____#____
#
#              ESA Debris Risk Assessment and Mitigation Analysis
#
#   ---- DRAMA ( SESAM 2.1.5 ( built Nov 27 2024 11:35:36) ) ----
#                                      ESA 2022
#
#                        execution log file -sesam.log-
#                   run date+time: Fri Feb 28 15:34:01 2025

info: Starting Sesam
info: SESAM module initialising
info: Using spacecraft mass calculated from objects.xml: 2583.160000
info: Using voxelator cache dir: /Users/jeannelonglune/default/SARA/VOXELCASH
warning: oxideReactionProbability for drama-AA7075 < 1.0E-5 or not found. Continuing without oxidation for this material.
warning: oxideReactionProbability for drama-A316 < 1.0E-5 or not found. Continuing without oxidation for this material.
warning: oxideReactionProbability for drama-A316_Semi-Empirical < 1.0E-5 or not found. Continuing without oxidation for this material.
warning: oxideReactionProbability for drama-Bat-Li < 1.0E-5 or not found. Continuing without oxidation for this material.
warning: oxideReactionProbability for drama-Bat-NiCd < 1.0E-5 or not found. Continuing without oxidation for this material.
warning: oxideReactionProbability for drama-Beryllium < 1.0E-5 or not found. Continuing without oxidation for this material.
warning: oxideReactionProbability for drama-Carbon-Carbon < 1.0E-5 or not found. Continuing without oxidation for this material.
warning: oxideReactionProbability for drama-Copper < 1.0E-5 or not found. Continuing without oxidation for this material.
warning: oxideReactionProbability for drama-El-Mat < 1.0E-5 or not found. Continuing without oxidation for this material.
warning: oxideReactionProbability for drama-HC-AA7075 < 1.0E-5 or not found. Continuing without oxidation for this material.
warning: oxideReactionProbability for drama-HC-CFRP-4ply < 1.0E-5 or not found. Continuing without oxidation for this material.
warning: oxideReactionProbability for drama-HC-CFRP-8ply < 1.0E-5 or not found. Continuing without oxidation for this material.
warning: oxideReactionProbability for drama-HiperCo < 1.0E-5 or not found. Continuing without oxidation for this material.
warning: oxideReactionProbability for drama-Inconel718 < 1.0E-5 or not found. Continuing without oxidation for this material.
warning: oxideReactionProbability for drama-Inermet < 1.0E-5 or not found. Continuing without oxidation for this material.
warning: oxideReactionProbability for drama-Invar < 1.0E-5 or not found. Continuing without oxidation for this material.
warning: oxideReactionProbability for drama-Iron < 1.0E-5 or not found. Continuing without oxidation for this material.
warning: oxideReactionProbability for drama-SiC < 1.0E-5 or not found. Continuing without oxidation for this material.
warning: oxideReactionProbability for drama-SolarPanel-Mat < 1.0E-5 or not found. Continuing without oxidation for this material.
warning: oxideReactionProbability for drama-TiAl6v4 < 1.0E-5 or not found. Continuing without oxidation for this material.
warning: oxideReactionProbability for drama-Tungsten < 1.0E-5 or not found. Continuing without oxidation for this material.
info: Fragment satelliteOne initializing
info: Creation of object list
info: Creating Object with UniqueID: 0ddd76e5-66e3-4ed3-89f1-f345cea9c803
info: Opening netCDF file /Applications/DRAMA-3.1.1/TOOLS/SARA/REENTRY/data/ATDB_CYLINDER.nc for reading DONE.
info: Using ATDB for CYLINDER created with ATDB_converter r1933 on 20190411 from data created by Hyperschall Technologie Göttingen GmbH.
info: Included new object 'IFring' to fragment list
info: Creating Object with UniqueID: adb3d021-599a-4dd0-bf28-2eb024bac78b
info: Opening netCDF file /Applications/DRAMA-3.1.1/TOOLS/SARA/REENTRY/data/ATDB_BOX.nc for reading DONE.
info: Using ATDB for BOX created with SAM on 20200306 from data created by Belstead Research Limited.
info: Included new object 'SolarP' to fragment list
info: Creating Object with UniqueID: cabd6692-2d4e-46c3-a962-8c7758ba78f6
info: Included new object 'SVM' to fragment list
info: Creating Object with UniqueID: a084c8b2-97ee-470d-951a-1bebe0e2085c
info: Included new object 'RSJD' to fragment list
info: Creating Object with UniqueID: 7390f3ec-208d-4a38-aa7a-e203f648538b
info: Included new object 'RSJD-Internal' to fragment list
info: Creating Object with UniqueID: ff1aaf73-80e2-4d35-8d64-7e51fe643ecf
info: Included new object 'EIU' to fragment list
info: Creating Object with UniqueID: 32c03fa3-4d0d-4221-b830-9f6c97bbc5c3
info: Included new object 'EIU-Internal' to fragment list
info: Creating Object with UniqueID: 63a9fa44-0b0d-449a-a8fd-6346d2c3bd5a
info: Included new object 'RWheel1' to fragment list
info: Creating Object with UniqueID: 245acbc8-c195-45d0-a214-9898b52d5b5c
info: Included new object 'RWheel2' to fragment list
info: Creating Object with UniqueID: ec3a03ef-52c3-4bf8-b3f8-21ab0025a724
info: Included new object 'RWheel3' to fragment list
info: Creating Object with UniqueID: dc7dacaf-0684-4bc3-b79b-30d22b334b96
info: Included new object 'SADME' to fragment list
info: Creating Object with UniqueID: 785b4d34-1621-4dc9-bd0a-3b3eb1b98309
info: Included new object 'SADME-internal' to fragment list
info: Creating Object with UniqueID: 4254dead-e5a1-4bbf-b2be-57fa9dcc73f6
info: Included new object 'MAC-Y' to fragment list
info: Creating Object with UniqueID: 1064ff79-1d6a-4300-aa63-8768f1fff65c
info: Included new object 'CCU' to fragment list
info: Creating Object with UniqueID: 2b85a500-7e7f-4bc4-b0d9-2b5d1d15a099
info: Included new object 'CCU-internal' to fragment list
info: Creating Object with UniqueID: 0b78a548-49bc-4f2b-8b9f-999d24c804ae
info: Included new object 'BSP' to fragment list
info: Creating Object with UniqueID: 0311edf9-aed6-4e1b-b434-a28e63dccd64
info: Included new object 'BSP-internal' to fragment list
info: Creating Object with UniqueID: 85e4120f-9a7e-46f5-8a03-355a94c85ec0
info: Included new object 'OBA' to fragment list
info: Creating Object with UniqueID: 7312c8c9-199d-4646-8a04-8c0cf69512c6
info: Included new object 'EDR' to fragment list
info: Creating Object with UniqueID: 8468837b-aeb0-4b68-bb12-fb2c1a45eb52
info: Included new object 'EDR-internal' to fragment list
info: Creating Object with UniqueID: 3d51e22b-0cbb-418c-b31d-4c8cc35d2a61
info: Included new object 'EPRM' to fragment list
info: Creating Object with UniqueID: a75549bb-2a65-47e2-b257-1605baf8266e
info: Included new object 'EPRM-internal' to fragment list
info: Creating Object with UniqueID: 75609b55-cff8-434a-aca2-2286e023e527
info: Included new object 'TRSP1' to fragment list
info: Creating Object with UniqueID: 845a4f95-f1ee-4f2c-a7ce-083967544b8b
info: Included new object 'TRSP2' to fragment list
info: Creating Object with UniqueID: 9be9abc7-df7e-49fe-9875-83ac0efa312c
info: Included new object 'BEG1' to fragment list
info: Creating Object with UniqueID: 99fe0dcd-1415-4a0a-b3eb-40dd782d6f7a
info: Included new object 'BEG1-internal' to fragment list
info: Creating Object with UniqueID: 744ed77b-395f-4e71-bb4d-25b2479d26c3
info: Included new object 'BEG2' to fragment list
info: Creating Object with UniqueID: 2f01df0a-6250-4783-bcf0-6852a4ec65b7
info: Included new object 'BEG2-internal' to fragment list
info: Creating Object with UniqueID: 8a639930-64e9-49bd-bfb1-92dce15aa113
info: Included new object 'BEG3' to fragment list
info: Creating Object with UniqueID: c26cfc5a-02ff-49ee-aa2d-62a4d1b6e949
info: Included new object 'BEG3-internal' to fragment list
info: Creating Object with UniqueID: 243185b5-5f9e-4ee9-937d-5570a5ce57e5
info: Included new object 'BEG4' to fragment list
info: Creating Object with UniqueID: 8b5848e9-8173-4940-9a74-480116198686
info: Included new object 'BEG4-internal' to fragment list
info: Creating Object with UniqueID: ba953c16-e673-4025-a7f3-c6ad8e7b1de0
info: Included new object 'Gyrosbl' to fragment list
info: Creating Object with UniqueID: ef81eb2d-2aa0-42ee-801f-6c9d4f2836fc
info: Included new object 'T4S' to fragment list
info: Creating Object with UniqueID: 355d25f9-3965-425f-9261-2577f7f8cb4c
info: Included new object 'T4S-internal' to fragment list
info: Creating Object with UniqueID: 4cc46603-5b27-46f7-8342-2ca543cd9976
info: Included new object 'EAIM' to fragment list
info: Creating Object with UniqueID: 967318a7-0d40-4515-a24b-3278d606c16c
info: Included new object 'EAIM-internal' to fragment list
info: Creating Object with UniqueID: 24b0df56-c1f7-4133-ada3-356713a3920d
info: Included new object 'STD1' to fragment list
info: Creating Object with UniqueID: 84d8e60a-8888-4008-98ee-97f86e72405d
info: Included new object 'STD2' to fragment list
info: Creating Object with UniqueID: 93c8d32a-05c4-44be-84f6-521d2fe6cda2
info: Included new object 'SSD1' to fragment list
info: Creating Object with UniqueID: cfb2351a-41cc-4000-8a6d-1bd21ea75eb1
info: Included new object 'SSD2' to fragment list
info: Creating Object with UniqueID: bb42edf0-7c27-4377-bfb8-3846f78f70cc
info: Included new object 'SADM1' to fragment list
info: Creating Object with UniqueID: 40e2ffab-db50-4f10-af07-844ac3cd46d1
info: Included new object 'SADM1_internal' to fragment list
info: Creating Object with UniqueID: 4254b2b9-f0f4-417f-bf3d-c6698423b687
info: Included new object 'SADM2' to fragment list
info: Creating Object with UniqueID: bd3ebba8-c7d0-464c-b530-c81afac9f233
info: Included new object 'SADM2-internal' to fragment list
info: Creating Object with UniqueID: 32a385c5-fe74-4c27-bcd0-f11c244a3638
info: Included new object 'SAsupp1' to fragment list
info: Creating Object with UniqueID: 15061893-d082-46d0-bfda-0777e9cd0ebc
info: Included new object 'SAsupp2' to fragment list
info: Creating Object with UniqueID: 3cd65933-bcc4-4e9a-ae62-e9c48afdf238
info: Included new object 'SAsupp3' to fragment list
info: Creating Object with UniqueID: 1bb09c4b-c061-4ba0-8900-1ee88609ede4
info: Included new object 'SAsupp4' to fragment list
info: Creating Object with UniqueID: 39749846-e097-4e76-b0de-6e1934ced5f0
info: Included new object 'SAsupp5' to fragment list
info: Creating Object with UniqueID: 1139e837-8fe7-4a02-a6b7-7be05f1d3a53
info: Included new object 'SAsupp6' to fragment list
info: Creating Object with UniqueID: 82a9c3bc-6493-40b4-aea1-a7997396f57c
info: Included new object 'SAsupp7' to fragment list
info: Creating Object with UniqueID: 34af697a-77e1-4fdc-93b8-9b7edeccbaaf
info: Included new object 'SAsupp8' to fragment list
info: Creating Object with UniqueID: c4c64e60-9830-4407-9f39-fb29e90abddc
info: Included new object 'SAsupp9' to fragment list
info: Creating Object with UniqueID: a748a114-0bd6-4b09-9c66-730036cf0273
info: Included new object 'SAsupp10' to fragment list
info: Creating Object with UniqueID: 5514313f-1f38-4432-820b-fca6c0a61cbb
info: Included new object 'SAsupp11' to fragment list
info: Creating Object with UniqueID: d1f2759f-ad69-4ebf-b09f-811bd8e7c78b
info: Included new object 'SAsupp12' to fragment list
info: Creating Object with UniqueID: 803466b8-4d34-45ca-a949-95be2cbeeca4
info: Included new object 'CentCone' to fragment list
info: Creating Object with UniqueID: 2afd9118-73c5-4eb7-b615-abb3049cce51
info: Included new object 'Ribpanel1' to fragment list
info: Creating Object with UniqueID: e301daf6-984d-4020-b332-fc6d013ef4e7
info: Included new object 'Ribpanel2' to fragment list
info: Creating Object with UniqueID: f2f7d933-69ea-453b-9b26-741165e6ac9c
info: Included new object 'Ribpanel3' to fragment list
info: Creating Object with UniqueID: 73442745-d90c-4efb-8b10-a300252b6cfe
info: Included new object 'Ribpanel4' to fragment list
info: Creating Object with UniqueID: 2d1ff1e5-d89d-41ec-9b30-c8806caa1207
info: Included new object 'Ribpanel5' to fragment list
info: Creating Object with UniqueID: 7f59d1ba-8c20-48f8-822b-0987db6bca9c
info: Included new object 'BatFloor' to fragment list
info: Creating Object with UniqueID: 90350550-8915-4d5e-b55c-e9e1debb8f7f
info: Included new object 'IntRing' to fragment list
info: Creating Object with UniqueID: 8973f917-99c6-4f74-9548-8e41755684bf
info: Included new object 'PropStr' to fragment list
info: Creating Object with UniqueID: 2077e753-66d3-4062-a24a-191209e524a2
info: Included new object 'Tank1' to fragment list
info: Creating Object with UniqueID: 9ab566e6-cbfa-4650-9499-20d42b908d4b
info: Included new object 'Tank2' to fragment list
info: Creating Object with UniqueID: 5d20f362-2aeb-42cd-82b8-eb160b897dfc
info: Included new object 'Tank3' to fragment list
info: Creating Object with UniqueID: 49f93873-d051-4fd8-bdbd-ed12c1f5b90a
info: Included new object 'Tank4' to fragment list
info: Creating Object with UniqueID: dbc90029-7fb7-49aa-9c6b-6640ca879b06
info: Included new object 'ValvTran1' to fragment list
info: Creating Object with UniqueID: 1fd2e6b7-29ae-4934-985d-88f9dc6ab417
info: Included new object 'ValvTran2' to fragment list
info: Creating Object with UniqueID: 9e2e3edd-c6ff-4395-b236-f1397d754673
info: Included new object 'ValvTran3' to fragment list
info: Creating Object with UniqueID: 8929815f-822b-4be9-a995-02edede00917
info: Included new object 'ValvTran4' to fragment list
info: Creating Object with UniqueID: 626d0e11-4b55-4e37-bc90-779c9e0c7a9d
info: Included new object 'ValvTran5' to fragment list
info: Creating Object with UniqueID: 2e574385-7874-4a09-8f1b-ce1803491a4e
info: Included new object 'ValvTran6' to fragment list
info: Creating Object with UniqueID: 7b197b99-20c6-4ffb-82a9-695090eacd9d
info: Included new object 'Battery1' to fragment list
info: Creating Object with UniqueID: 092a8729-ea6f-4341-a697-bbcb2fedb72e
info: Included new object 'Battery1-Internal' to fragment list
info: Creating Object with UniqueID: e3fbdc10-7494-49e4-884a-2f3ded98e300
info: Included new object 'Battery2' to fragment list
info: Creating Object with UniqueID: 2daf3368-c544-439c-bd01-e97e76d03b91
info: Included new object 'Battery2-Internal' to fragment list
info: Creating Object with UniqueID: e813dbdf-3048-4bd2-9678-4312889d58fe
info: Included new object 'Battery3' to fragment list
info: Creating Object with UniqueID: 8ca2420a-587c-4058-b976-660e8f862553
info: Included new object 'Battery3-Internal' to fragment list
info: Creating Object with UniqueID: 47883bf6-dd97-4ab2-bcb1-a794ee346539
info: Included new object 'Battery4' to fragment list
info: Creating Object with UniqueID: c0a7c5f8-3291-44a2-9800-1dee3192821d
info: Included new object 'Battery4-Internal' to fragment list
info: Creating Object with UniqueID: 94bd48c4-b524-41c6-b291-026fc5402459
info: Included new object 'Battery5' to fragment list
info: Creating Object with UniqueID: 0eae4992-9c4c-4b3c-831c-dc7092eb896e
info: Included new object 'Battery5-Internal' to fragment list
info: Creating Object with UniqueID: 49858cb8-d8fb-4c9b-82b6-4699f85b8dcf
info: Included new object 'PLM' to fragment list
info: Creating Object with UniqueID: 71468af4-a456-44d2-960c-c3b22e2dabdf
info: Included new object 'MHS-MPU' to fragment list
info: Creating Object with UniqueID: 447423fa-5f0b-40e3-b666-220ec69fa332
info: Included new object 'MHS-MPU-internal' to fragment list
info: Creating Object with UniqueID: 82d55923-d2af-4bc8-8582-080753d6bbcb
info: Included new object 'MHS-DBU' to fragment list
info: Creating Object with UniqueID: 3e1a3bf6-0bf1-4091-b46f-932c05131a28
info: Included new object 'ASCATEPC1' to fragment list
info: Creating Object with UniqueID: f069725d-6586-4eb6-bd1c-0315d34d9303
info: Included new object 'ASCATEPC1-internal' to fragment list
info: Creating Object with UniqueID: 51ca2e0e-86e5-454d-b0ac-78b4fce6a60f
info: Included new object 'ASCATEPC2' to fragment list
info: Creating Object with UniqueID: a933ab03-015e-441f-b11a-b091ee871152
info: Included new object 'ASCATEPC2-internal' to fragment list
info: Creating Object with UniqueID: 1f773a8b-636a-4de4-a9e3-a8750a5df2da
info: Included new object 'ASCATSSP1' to fragment list
info: Creating Object with UniqueID: 3f9a62c8-17bf-4f75-8cb7-33a024bd4a65
info: Included new object 'ASCATSSP2' to fragment list
info: Creating Object with UniqueID: a8ecbe50-d69a-455f-884a-eae3ec9627e4
info: Included new object 'ASCATHRS' to fragment list
info: Creating Object with UniqueID: 8222289f-36de-4e97-98d5-b217f846667a
info: Included new object 'PMC1' to fragment list
info: Creating Object with UniqueID: ef40a46d-285a-4d76-8294-d9a8654b175e
info: Included new object 'PMC1-internal' to fragment list
info: Creating Object with UniqueID: a917bf4a-b649-489d-9dc4-1adccbcbbd4e
info: Included new object 'PMC2' to fragment list
info: Creating Object with UniqueID: 7045d526-77ef-4590-abce-cd9e9c3af708
info: Included new object 'PMC2-internal' to fragment list
info: Creating Object with UniqueID: 0537ea03-4670-49e4-b264-15d92bab84c4
info: Included new object 'PDU1' to fragment list
info: Creating Object with UniqueID: b518d4fd-73f0-47f8-86c4-86e6cd94d59a
info: Included new object 'PDU1-internal' to fragment list
info: Creating Object with UniqueID: 47d1276c-70e2-470f-92e3-ac9845e1d3a7
info: Included new object 'PDU2' to fragment list
info: Creating Object with UniqueID: a4a3761c-bce1-43f7-adef-540c95a96cac
info: Included new object 'PDU2-internal' to fragment list
info: Creating Object with UniqueID: dbd74783-15a1-443c-8de9-fe7771b14ec6
info: Included new object 'RFCU1' to fragment list
info: Creating Object with UniqueID: 185ca8fd-00f8-4470-b37e-a82dc41765b1
info: Included new object 'RFCU2' to fragment list
info: Creating Object with UniqueID: 46348f4c-bc26-436c-86cd-62d76e5e8b9c
info: Included new object 'RFCU3' to fragment list
info: Creating Object with UniqueID: 9a74d245-1fe6-47c6-8390-ac3850e71522
info: Included new object 'RFCU4' to fragment list
info: Creating Object with UniqueID: b7af6d3b-f412-401d-a39e-3d3ee5042bed
info: Included new object 'RFCU5' to fragment list
info: Creating Object with UniqueID: 5cd3572a-3218-4658-8521-d9804ced1e9f
info: Included new object 'RTU' to fragment list
info: Creating Object with UniqueID: 5fcb2380-1d60-4ce0-bcbb-10b1e00c4e0d
info: Included new object 'RTU-internal' to fragment list
info: Creating Object with UniqueID: 55158c9a-f9c5-46aa-b602-d9cb5984c466
info: Included new object 'SLAFilt' to fragment list
info: Creating Object with UniqueID: d7bd5c03-f80b-461b-8af7-657d9b05204d
info: Included new object 'SARP-3' to fragment list
info: Creating Object with UniqueID: e458bd60-f127-4009-afdd-1f540e3b5ea4
info: Included new object 'SARP-3-internal' to fragment list
info: Creating Object with UniqueID: 636de29e-d481-433b-81dd-49c440d46a45
info: Included new object 'SAR-Rx' to fragment list
info: Creating Object with UniqueID: 6e1e7d38-4eaf-4260-a8f5-e56329fb164d
info: Included new object 'SAR-Rx-internal' to fragment list
info: Creating Object with UniqueID: 0811b25c-271f-4575-abd0-1c7da3798136
info: Included new object 'SAR-Tx' to fragment list
info: Creating Object with UniqueID: 56e696f8-ec3c-413e-af35-7ceec8bc2365
info: Included new object 'EPC1' to fragment list
info: Creating Object with UniqueID: c447122c-bb20-4315-8121-0a35700a3f6b
info: Included new object 'EPC2' to fragment list
info: Creating Object with UniqueID: b3430ea6-7c48-4042-b5f7-b07cf49a6371
info: Included new object 'MOD1' to fragment list
info: Creating Object with UniqueID: 764ed056-8ce5-453c-8896-d451c5c44659
info: Included new object 'MOD2' to fragment list
info: Creating Object with UniqueID: 684341d6-8ce2-4055-a592-2fc9912ddf09
info: Included new object 'TWT1' to fragment list
info: Creating Object with UniqueID: 35deacb2-c6a2-4f16-9e55-d44813b8a93a
info: Included new object 'TWT2' to fragment list
info: Creating Object with UniqueID: 59ad043a-c762-4a65-98ae-7fd1e356775b
info: Included new object 'SRADipl' to fragment list
info: Creating Object with UniqueID: 844d48f4-13ed-41a6-a555-1762db662628
info: Included new object 'LNA1' to fragment list
info: Creating Object with UniqueID: fb9bdf80-e01b-4119-82cd-9d5a43b3ba67
info: Included new object 'LNA2' to fragment list
info: Creating Object with UniqueID: 2ef56939-a9fc-4def-8d3d-5b6385a5e759
info: Included new object 'UDAFilt' to fragment list
info: Creating Object with UniqueID: e97d8292-02e8-4acb-a634-7dd2c2fffcdc
info: Included new object 'DBU1' to fragment list
info: Creating Object with UniqueID: a658498f-41e2-4a69-8ea7-23934bdcd7a6
info: Included new object 'DBU2' to fragment list
info: Creating Object with UniqueID: b3dcc589-abc9-4d4c-bf07-3b75ead42d7f
info: Included new object 'DBU3' to fragment list
info: Creating Object with UniqueID: 41ce2e65-39a8-49bf-8ddd-e30dc1baf678
info: Included new object 'DBU4' to fragment list
info: Creating Object with UniqueID: 624e2806-adea-4308-b504-c4449bc97479
info: Included new object 'DBU5' to fragment list
info: Creating Object with UniqueID: 0aa8a2c0-ec39-42e6-8da8-bc6cc699c606
info: Included new object 'ASCATRFU1' to fragment list
info: Creating Object with UniqueID: a117e6ac-780b-4570-a984-cd86a89ae753
info: Included new object 'ASCATRFU1-internal' to fragment list
info: Creating Object with UniqueID: 47f10662-ff1d-49f1-a914-6c3ea10deb35
info: Included new object 'ASCATRFU2' to fragment list
info: Creating Object with UniqueID: 270c649e-99f8-4ead-ac01-76bf1a99cc4b
info: Included new object 'ASCATRFU2-internal' to fragment list
info: Creating Object with UniqueID: a53c29ba-6b71-4132-8edf-b7039bd44ad2
info: Included new object 'IASI-DPS' to fragment list
info: Creating Object with UniqueID: 2501fa19-3f92-4112-814c-f82417561371
info: Included new object 'IASI-DPS-internal' to fragment list
info: Creating Object with UniqueID: 5b86f470-44a4-4ec5-8273-5d7df1eab50e
info: Included new object 'RFCU' to fragment list
info: Creating Object with UniqueID: da26e55e-0c11-45ad-8d3d-66652dd3723e
info: Included new object 'IASI-IMS' to fragment list
info: Creating Object with UniqueID: 1721dc2a-90bb-45c0-986b-843875808151
info: Included new object 'IASI-IMS-internal' to fragment list
info: Creating Object with UniqueID: 689791a9-de13-4150-8f6a-c50e8cb6905a
info: Included new object 'DPU-SEM' to fragment list
info: Creating Object with UniqueID: 81da4b10-3199-4fc2-9f4e-a7977fcfe438
info: Included new object 'DPU-SEM-internal' to fragment list
info: Creating Object with UniqueID: 8f88f259-d6cf-4443-9cd6-698aef3f1114
info: Included new object 'PCU' to fragment list
info: Creating Object with UniqueID: 25d4c5dd-be9f-44b8-9620-4258c3b44b3f
info: Included new object 'PCU-internal' to fragment list
info: Creating Object with UniqueID: ec89d4c6-20df-4070-b733-9f1552d41c7e
info: Included new object 'TCU' to fragment list
info: Creating Object with UniqueID: 3831342f-7250-40c5-994b-3f3064440376
info: Included new object 'TCU-internal' to fragment list
info: Creating Object with UniqueID: 78d80f1c-9104-4af6-b066-9c57e7bbd415
info: Included new object 'FMU1' to fragment list
info: Creating Object with UniqueID: d863747a-495a-45c4-abb1-ad00abd36e8d
info: Included new object 'FMU2' to fragment list
info: Creating Object with UniqueID: 04515579-e5af-4cce-9bd7-ef29afced2c5
info: Included new object 'SSR' to fragment list
info: Creating Object with UniqueID: 1ee7b59e-98d1-4ffc-b50c-f9b87172578e
info: Included new object 'SSR-internal' to fragment list
info: Creating Object with UniqueID: bbc60374-ca13-4662-867d-3772cca49cf8
info: Included new object 'NIU' to fragment list
info: Creating Object with UniqueID: 6bf9e2de-89f5-4ecb-9051-4a6d99c869a2
info: Included new object 'NIU-internal' to fragment list
info: Creating Object with UniqueID: 2424cd89-ade8-40c4-baae-7b5d2bec50b0
info: Included new object 'L-SSPA1' to fragment list
info: Creating Object with UniqueID: 317de540-f756-4ea1-929a-778f9cecc003
info: Included new object 'L-SSPA2' to fragment list
info: Creating Object with UniqueID: f9be32d6-1e7d-4319-bee1-3f5b3dd21cd0
info: Included new object 'LH-MOD1' to fragment list
info: Creating Object with UniqueID: dd837854-f8fc-4075-9230-b0761a98bc37
info: Included new object 'LH-MOD2' to fragment list
info: Creating Object with UniqueID: f29a83d7-5acb-4d9e-a2bb-5c9f9fd86e39
info: Included new object 'H-SSPA1' to fragment list
info: Creating Object with UniqueID: bf96a4c3-9391-4af4-8dab-12202b581e79
info: Included new object 'H-SSPA2' to fragment list
info: Creating Object with UniqueID: 46bd662e-534d-4e92-a802-86a723e35b28
info: Included new object 'ADCS-RPU' to fragment list
info: Creating Object with UniqueID: 03edc3be-cf19-481c-9863-89be7cb55690
info: Included new object 'ADCS-RPU-internal' to fragment list
info: Creating Object with UniqueID: 42ac1896-26e7-4c09-a918-9352b410a3d4
info: Included new object 'ADCS-TXU' to fragment list
info: Creating Object with UniqueID: 9e3886d4-bad7-4320-8208-1f9b0d6f5025
info: Included new object 'ADCS-TXU-internal' to fragment list
info: Creating Object with UniqueID: 87b8b918-9136-4203-8607-2a5c00b784eb
info: Included new object 'GRAS-GEU' to fragment list
info: Creating Object with UniqueID: c74fc376-15a8-41a4-b5f0-5bee1fbc396a
info: Included new object 'GRAS-GEU-internal' to fragment list
info: Creating Object with UniqueID: 5bd35b65-7560-4add-bf7b-7f7884f60c85
info: Included new object 'ASCATICU1' to fragment list
info: Creating Object with UniqueID: 8b9a26a2-5611-4800-b2a7-2fdee0561470
info: Included new object 'ASCATICU2' to fragment list
info: Creating Object with UniqueID: 8078c3b2-2ac0-46a1-9d10-533e9ee10349
info: Included new object 'ASCATDPU1' to fragment list
info: Creating Object with UniqueID: 3ae36069-a012-4c39-a158-39707a52ed5d
info: Included new object 'ASCATDPU1-internal' to fragment list
info: Creating Object with UniqueID: 321236b2-de49-48ed-ba93-5fa72bcea46d
info: Included new object 'ASCATDPU2' to fragment list
info: Creating Object with UniqueID: 3b0cb819-0163-494a-9047-b8802a67ab90
info: Included new object 'ASCATDPU2-internal' to fragment list
info: Creating Object with UniqueID: 6ec8e3b0-bee6-4571-99e4-bf462d5ab672
info: Included new object 'IASI' to fragment list
info: Creating Object with UniqueID: baa15345-588e-44f0-ae31-4e212aae8951
info: Included new object 'Cylind1' to fragment list
info: Creating Object with UniqueID: 605f092a-c977-44bd-953f-0bb289c43b86
info: Included new object 'Cylind2' to fragment list
info: Creating Object with UniqueID: dfab742f-f17a-4a69-b9af-67dfbb5cc42b
info: Included new object 'SheWallY1' to fragment list
info: Creating Object with UniqueID: 3f2c9faa-32b9-466a-bf55-717d32340370
info: Included new object 'SheWallY2' to fragment list
info: Creating Object with UniqueID: 49d1d881-cbd7-417c-982e-beb945e16ed9
info: Included new object 'SheWallY3' to fragment list
info: Creating Object with UniqueID: f0764e62-6c01-443b-8d63-5866b980f201
info: Included new object 'SheWallY4' to fragment list
info: Creating Object with UniqueID: 9490e285-fb49-4468-83f5-189d67ebfe4f
info: Included new object 'SheWallZ1' to fragment list
info: Creating Object with UniqueID: b91d1f69-b1e4-4d75-9a01-a0a5a2076627
info: Included new object 'SheWallZ2' to fragment list
info: Handling of inclusions
info: inclusion with parent ID: cabd6692-2d4e-46c3-a962-8c7758ba78f6
info: childID: a084c8b2-97ee-470d-951a-1bebe0e2085c
info: childID: ff1aaf73-80e2-4d35-8d64-7e51fe643ecf
info: childID: 63a9fa44-0b0d-449a-a8fd-6346d2c3bd5a
info: childID: 245acbc8-c195-45d0-a214-9898b52d5b5c
info: childID: ec3a03ef-52c3-4bf8-b3f8-21ab0025a724
info: childID: dc7dacaf-0684-4bc3-b79b-30d22b334b96
info: childID: 4254dead-e5a1-4bbf-b2be-57fa9dcc73f6
info: childID: 1064ff79-1d6a-4300-aa63-8768f1fff65c
info: childID: 0b78a548-49bc-4f2b-8b9f-999d24c804ae
info: childID: 85e4120f-9a7e-46f5-8a03-355a94c85ec0
info: childID: 7312c8c9-199d-4646-8a04-8c0cf69512c6
info: childID: 3d51e22b-0cbb-418c-b31d-4c8cc35d2a61
info: childID: 75609b55-cff8-434a-aca2-2286e023e527
info: childID: 845a4f95-f1ee-4f2c-a7ce-083967544b8b
info: childID: 9be9abc7-df7e-49fe-9875-83ac0efa312c
info: childID: 744ed77b-395f-4e71-bb4d-25b2479d26c3
info: childID: 8a639930-64e9-49bd-bfb1-92dce15aa113
info: childID: 243185b5-5f9e-4ee9-937d-5570a5ce57e5
info: childID: ba953c16-e673-4025-a7f3-c6ad8e7b1de0
info: childID: ef81eb2d-2aa0-42ee-801f-6c9d4f2836fc
info: childID: 4cc46603-5b27-46f7-8342-2ca543cd9976
info: childID: 24b0df56-c1f7-4133-ada3-356713a3920d
info: childID: 84d8e60a-8888-4008-98ee-97f86e72405d
info: childID: 93c8d32a-05c4-44be-84f6-521d2fe6cda2
info: childID: cfb2351a-41cc-4000-8a6d-1bd21ea75eb1
info: childID: bb42edf0-7c27-4377-bfb8-3846f78f70cc
info: childID: 4254b2b9-f0f4-417f-bf3d-c6698423b687
info: childID: 32a385c5-fe74-4c27-bcd0-f11c244a3638
info: childID: 15061893-d082-46d0-bfda-0777e9cd0ebc
info: childID: 3cd65933-bcc4-4e9a-ae62-e9c48afdf238
info: childID: 1bb09c4b-c061-4ba0-8900-1ee88609ede4
info: childID: 39749846-e097-4e76-b0de-6e1934ced5f0
info: childID: 1139e837-8fe7-4a02-a6b7-7be05f1d3a53
info: childID: 82a9c3bc-6493-40b4-aea1-a7997396f57c
info: childID: 34af697a-77e1-4fdc-93b8-9b7edeccbaaf
info: childID: c4c64e60-9830-4407-9f39-fb29e90abddc
info: childID: a748a114-0bd6-4b09-9c66-730036cf0273
info: childID: 5514313f-1f38-4432-820b-fca6c0a61cbb
info: childID: d1f2759f-ad69-4ebf-b09f-811bd8e7c78b
info: childID: 803466b8-4d34-45ca-a949-95be2cbeeca4
info: childID: 2afd9118-73c5-4eb7-b615-abb3049cce51
info: childID: e301daf6-984d-4020-b332-fc6d013ef4e7
info: childID: f2f7d933-69ea-453b-9b26-741165e6ac9c
info: childID: 73442745-d90c-4efb-8b10-a300252b6cfe
info: childID: 2d1ff1e5-d89d-41ec-9b30-c8806caa1207
info: childID: 7f59d1ba-8c20-48f8-822b-0987db6bca9c
info: childID: 90350550-8915-4d5e-b55c-e9e1debb8f7f
info: childID: 8973f917-99c6-4f74-9548-8e41755684bf
info: childID: 2077e753-66d3-4062-a24a-191209e524a2
info: childID: 9ab566e6-cbfa-4650-9499-20d42b908d4b
info: childID: 5d20f362-2aeb-42cd-82b8-eb160b897dfc
info: childID: 49f93873-d051-4fd8-bdbd-ed12c1f5b90a
info: childID: dbc90029-7fb7-49aa-9c6b-6640ca879b06
info: childID: 1fd2e6b7-29ae-4934-985d-88f9dc6ab417
info: childID: 9e2e3edd-c6ff-4395-b236-f1397d754673
info: childID: 8929815f-822b-4be9-a995-02edede00917
info: childID: 626d0e11-4b55-4e37-bc90-779c9e0c7a9d
info: childID: 2e574385-7874-4a09-8f1b-ce1803491a4e
info: childID: 7b197b99-20c6-4ffb-82a9-695090eacd9d
info: childID: e3fbdc10-7494-49e4-884a-2f3ded98e300
info: childID: e813dbdf-3048-4bd2-9678-4312889d58fe
info: childID: 47883bf6-dd97-4ab2-bcb1-a794ee346539
info: childID: 94bd48c4-b524-41c6-b291-026fc5402459
info: Setting-up break-up triggers
info: Found breakUpTriggers for parent cabd6692-2d4e-46c3-a962-8c7758ba78f6
info: Setting breakUp altitude for parent cabd6692-2d4e-46c3-a962-8c7758ba78f6 to 78000.100000
info: inclusion with parent ID: a084c8b2-97ee-470d-951a-1bebe0e2085c
info: childID: 7390f3ec-208d-4a38-aa7a-e203f648538b
info: Setting-up break-up triggers
info: inclusion with parent ID: ff1aaf73-80e2-4d35-8d64-7e51fe643ecf
info: childID: 32c03fa3-4d0d-4221-b830-9f6c97bbc5c3
info: Setting-up break-up triggers
info: inclusion with parent ID: dc7dacaf-0684-4bc3-b79b-30d22b334b96
info: childID: 785b4d34-1621-4dc9-bd0a-3b3eb1b98309
info: Setting-up break-up triggers
info: inclusion with parent ID: 1064ff79-1d6a-4300-aa63-8768f1fff65c
info: childID: 2b85a500-7e7f-4bc4-b0d9-2b5d1d15a099
info: Setting-up break-up triggers
info: inclusion with parent ID: 0b78a548-49bc-4f2b-8b9f-999d24c804ae
info: childID: 0311edf9-aed6-4e1b-b434-a28e63dccd64
info: Setting-up break-up triggers
info: inclusion with parent ID: 7312c8c9-199d-4646-8a04-8c0cf69512c6
info: childID: 8468837b-aeb0-4b68-bb12-fb2c1a45eb52
info: Setting-up break-up triggers
info: inclusion with parent ID: 3d51e22b-0cbb-418c-b31d-4c8cc35d2a61
info: childID: a75549bb-2a65-47e2-b257-1605baf8266e
info: Setting-up break-up triggers
info: inclusion with parent ID: 9be9abc7-df7e-49fe-9875-83ac0efa312c
info: childID: 99fe0dcd-1415-4a0a-b3eb-40dd782d6f7a
info: Setting-up break-up triggers
info: inclusion with parent ID: 744ed77b-395f-4e71-bb4d-25b2479d26c3
info: childID: 2f01df0a-6250-4783-bcf0-6852a4ec65b7
info: Setting-up break-up triggers
info: inclusion with parent ID: 8a639930-64e9-49bd-bfb1-92dce15aa113
info: childID: c26cfc5a-02ff-49ee-aa2d-62a4d1b6e949
info: Setting-up break-up triggers
info: inclusion with parent ID: 243185b5-5f9e-4ee9-937d-5570a5ce57e5
info: childID: 8b5848e9-8173-4940-9a74-480116198686
info: Setting-up break-up triggers
info: inclusion with parent ID: ef81eb2d-2aa0-42ee-801f-6c9d4f2836fc
info: childID: 355d25f9-3965-425f-9261-2577f7f8cb4c
info: Setting-up break-up triggers
info: inclusion with parent ID: 4cc46603-5b27-46f7-8342-2ca543cd9976
info: childID: 967318a7-0d40-4515-a24b-3278d606c16c
info: Setting-up break-up triggers
info: inclusion with parent ID: bb42edf0-7c27-4377-bfb8-3846f78f70cc
info: childID: 40e2ffab-db50-4f10-af07-844ac3cd46d1
info: Setting-up break-up triggers
info: inclusion with parent ID: 4254b2b9-f0f4-417f-bf3d-c6698423b687
info: childID: bd3ebba8-c7d0-464c-b530-c81afac9f233
info: Setting-up break-up triggers
info: inclusion with parent ID: 7b197b99-20c6-4ffb-82a9-695090eacd9d
info: childID: 092a8729-ea6f-4341-a697-bbcb2fedb72e
info: Setting-up break-up triggers
info: inclusion with parent ID: e3fbdc10-7494-49e4-884a-2f3ded98e300
info: childID: 2daf3368-c544-439c-bd01-e97e76d03b91
info: Setting-up break-up triggers
info: inclusion with parent ID: e813dbdf-3048-4bd2-9678-4312889d58fe
info: childID: 8ca2420a-587c-4058-b976-660e8f862553
info: Setting-up break-up triggers
info: inclusion with parent ID: 47883bf6-dd97-4ab2-bcb1-a794ee346539
info: childID: c0a7c5f8-3291-44a2-9800-1dee3192821d
info: Setting-up break-up triggers
info: inclusion with parent ID: 94bd48c4-b524-41c6-b291-026fc5402459
info: childID: 0eae4992-9c4c-4b3c-831c-dc7092eb896e
info: Setting-up break-up triggers
info: inclusion with parent ID: 49858cb8-d8fb-4c9b-82b6-4699f85b8dcf
info: childID: 71468af4-a456-44d2-960c-c3b22e2dabdf
info: childID: 82d55923-d2af-4bc8-8582-080753d6bbcb
info: childID: 3e1a3bf6-0bf1-4091-b46f-932c05131a28
info: childID: 51ca2e0e-86e5-454d-b0ac-78b4fce6a60f
info: childID: 1f773a8b-636a-4de4-a9e3-a8750a5df2da
info: childID: 3f9a62c8-17bf-4f75-8cb7-33a024bd4a65
info: childID: a8ecbe50-d69a-455f-884a-eae3ec9627e4
info: childID: 8222289f-36de-4e97-98d5-b217f846667a
info: childID: a917bf4a-b649-489d-9dc4-1adccbcbbd4e
info: childID: 0537ea03-4670-49e4-b264-15d92bab84c4
info: childID: 47d1276c-70e2-470f-92e3-ac9845e1d3a7
info: childID: dbd74783-15a1-443c-8de9-fe7771b14ec6
info: childID: 185ca8fd-00f8-4470-b37e-a82dc41765b1
info: childID: 46348f4c-bc26-436c-86cd-62d76e5e8b9c
info: childID: 9a74d245-1fe6-47c6-8390-ac3850e71522
info: childID: b7af6d3b-f412-401d-a39e-3d3ee5042bed
info: childID: 5cd3572a-3218-4658-8521-d9804ced1e9f
info: childID: 55158c9a-f9c5-46aa-b602-d9cb5984c466
info: childID: d7bd5c03-f80b-461b-8af7-657d9b05204d
info: childID: 636de29e-d481-433b-81dd-49c440d46a45
info: childID: 0811b25c-271f-4575-abd0-1c7da3798136
info: childID: 56e696f8-ec3c-413e-af35-7ceec8bc2365
info: childID: c447122c-bb20-4315-8121-0a35700a3f6b
info: childID: b3430ea6-7c48-4042-b5f7-b07cf49a6371
info: childID: 764ed056-8ce5-453c-8896-d451c5c44659
info: childID: 684341d6-8ce2-4055-a592-2fc9912ddf09
info: childID: 35deacb2-c6a2-4f16-9e55-d44813b8a93a
info: childID: 59ad043a-c762-4a65-98ae-7fd1e356775b
info: childID: 844d48f4-13ed-41a6-a555-1762db662628
info: childID: fb9bdf80-e01b-4119-82cd-9d5a43b3ba67
info: childID: 2ef56939-a9fc-4def-8d3d-5b6385a5e759
info: childID: e97d8292-02e8-4acb-a634-7dd2c2fffcdc
info: childID: a658498f-41e2-4a69-8ea7-23934bdcd7a6
info: childID: b3dcc589-abc9-4d4c-bf07-3b75ead42d7f
info: childID: 41ce2e65-39a8-49bf-8ddd-e30dc1baf678
info: childID: 624e2806-adea-4308-b504-c4449bc97479
info: childID: 0aa8a2c0-ec39-42e6-8da8-bc6cc699c606
info: childID: 47f10662-ff1d-49f1-a914-6c3ea10deb35
info: childID: a53c29ba-6b71-4132-8edf-b7039bd44ad2
info: childID: 5b86f470-44a4-4ec5-8273-5d7df1eab50e
info: childID: da26e55e-0c11-45ad-8d3d-66652dd3723e
info: childID: 689791a9-de13-4150-8f6a-c50e8cb6905a
info: childID: 8f88f259-d6cf-4443-9cd6-698aef3f1114
info: childID: ec89d4c6-20df-4070-b733-9f1552d41c7e
info: childID: 78d80f1c-9104-4af6-b066-9c57e7bbd415
info: childID: d863747a-495a-45c4-abb1-ad00abd36e8d
info: childID: 04515579-e5af-4cce-9bd7-ef29afced2c5
info: childID: bbc60374-ca13-4662-867d-3772cca49cf8
info: childID: 2424cd89-ade8-40c4-baae-7b5d2bec50b0
info: childID: 317de540-f756-4ea1-929a-778f9cecc003
info: childID: f9be32d6-1e7d-4319-bee1-3f5b3dd21cd0
info: childID: dd837854-f8fc-4075-9230-b0761a98bc37
info: childID: f29a83d7-5acb-4d9e-a2bb-5c9f9fd86e39
info: childID: bf96a4c3-9391-4af4-8dab-12202b581e79
info: childID: 46bd662e-534d-4e92-a802-86a723e35b28
info: childID: 42ac1896-26e7-4c09-a918-9352b410a3d4
info: childID: 87b8b918-9136-4203-8607-2a5c00b784eb
info: childID: 5bd35b65-7560-4add-bf7b-7f7884f60c85
info: childID: 8b9a26a2-5611-4800-b2a7-2fdee0561470
info: childID: 8078c3b2-2ac0-46a1-9d10-533e9ee10349
info: childID: 321236b2-de49-48ed-ba93-5fa72bcea46d
info: childID: 6ec8e3b0-bee6-4571-99e4-bf462d5ab672
info: childID: baa15345-588e-44f0-ae31-4e212aae8951
info: childID: 605f092a-c977-44bd-953f-0bb289c43b86
info: childID: dfab742f-f17a-4a69-b9af-67dfbb5cc42b
info: childID: 3f2c9faa-32b9-466a-bf55-717d32340370
info: childID: 49d1d881-cbd7-417c-982e-beb945e16ed9
info: childID: f0764e62-6c01-443b-8d63-5866b980f201
info: childID: 9490e285-fb49-4468-83f5-189d67ebfe4f
info: childID: b91d1f69-b1e4-4d75-9a01-a0a5a2076627
info: Setting-up break-up triggers
info: inclusion with parent ID: 71468af4-a456-44d2-960c-c3b22e2dabdf
info: childID: 447423fa-5f0b-40e3-b666-220ec69fa332
info: Setting-up break-up triggers
info: inclusion with parent ID: 3e1a3bf6-0bf1-4091-b46f-932c05131a28
info: childID: f069725d-6586-4eb6-bd1c-0315d34d9303
info: Setting-up break-up triggers
info: inclusion with parent ID: 51ca2e0e-86e5-454d-b0ac-78b4fce6a60f
info: childID: a933ab03-015e-441f-b11a-b091ee871152
info: Setting-up break-up triggers
info: inclusion with parent ID: 8222289f-36de-4e97-98d5-b217f846667a
info: childID: ef40a46d-285a-4d76-8294-d9a8654b175e
info: Setting-up break-up triggers
info: inclusion with parent ID: a917bf4a-b649-489d-9dc4-1adccbcbbd4e
info: childID: 7045d526-77ef-4590-abce-cd9e9c3af708
info: Setting-up break-up triggers
info: inclusion with parent ID: 0537ea03-4670-49e4-b264-15d92bab84c4
info: childID: b518d4fd-73f0-47f8-86c4-86e6cd94d59a
info: Setting-up break-up triggers
info: inclusion with parent ID: 47d1276c-70e2-470f-92e3-ac9845e1d3a7
info: childID: a4a3761c-bce1-43f7-adef-540c95a96cac
info: Setting-up break-up triggers
info: inclusion with parent ID: 5cd3572a-3218-4658-8521-d9804ced1e9f
info: childID: 5fcb2380-1d60-4ce0-bcbb-10b1e00c4e0d
info: Setting-up break-up triggers
info: inclusion with parent ID: d7bd5c03-f80b-461b-8af7-657d9b05204d
info: childID: e458bd60-f127-4009-afdd-1f540e3b5ea4
info: Setting-up break-up triggers
info: inclusion with parent ID: 636de29e-d481-433b-81dd-49c440d46a45
info: childID: 6e1e7d38-4eaf-4260-a8f5-e56329fb164d
info: Setting-up break-up triggers
info: inclusion with parent ID: 0aa8a2c0-ec39-42e6-8da8-bc6cc699c606
info: childID: a117e6ac-780b-4570-a984-cd86a89ae753
info: Setting-up break-up triggers
info: inclusion with parent ID: 47f10662-ff1d-49f1-a914-6c3ea10deb35
info: childID: 270c649e-99f8-4ead-ac01-76bf1a99cc4b
info: Setting-up break-up triggers
info: inclusion with parent ID: a53c29ba-6b71-4132-8edf-b7039bd44ad2
info: childID: 2501fa19-3f92-4112-814c-f82417561371
info: Setting-up break-up triggers
info: inclusion with parent ID: da26e55e-0c11-45ad-8d3d-66652dd3723e
info: childID: 1721dc2a-90bb-45c0-986b-843875808151
info: Setting-up break-up triggers
info: inclusion with parent ID: 689791a9-de13-4150-8f6a-c50e8cb6905a
info: childID: 81da4b10-3199-4fc2-9f4e-a7977fcfe438
info: Setting-up break-up triggers
info: inclusion with parent ID: 8f88f259-d6cf-4443-9cd6-698aef3f1114
info: childID: 25d4c5dd-be9f-44b8-9620-4258c3b44b3f
info: Setting-up break-up triggers
info: inclusion with parent ID: ec89d4c6-20df-4070-b733-9f1552d41c7e
info: childID: 3831342f-7250-40c5-994b-3f3064440376
info: Setting-up break-up triggers
info: inclusion with parent ID: 04515579-e5af-4cce-9bd7-ef29afced2c5
info: childID: 1ee7b59e-98d1-4ffc-b50c-f9b87172578e
info: Setting-up break-up triggers
info: inclusion with parent ID: bbc60374-ca13-4662-867d-3772cca49cf8
info: childID: 6bf9e2de-89f5-4ecb-9051-4a6d99c869a2
info: Setting-up break-up triggers
info: inclusion with parent ID: 46bd662e-534d-4e92-a802-86a723e35b28
info: childID: 03edc3be-cf19-481c-9863-89be7cb55690
info: Setting-up break-up triggers
info: inclusion with parent ID: 42ac1896-26e7-4c09-a918-9352b410a3d4
info: childID: 9e3886d4-bad7-4320-8208-1f9b0d6f5025
info: Setting-up break-up triggers
info: inclusion with parent ID: 87b8b918-9136-4203-8607-2a5c00b784eb
info: childID: c74fc376-15a8-41a4-b5f0-5bee1fbc396a
info: Setting-up break-up triggers
info: inclusion with parent ID: 8078c3b2-2ac0-46a1-9d10-533e9ee10349
info: childID: 3ae36069-a012-4c39-a158-39707a52ed5d
info: Setting-up break-up triggers
info: inclusion with parent ID: 321236b2-de49-48ed-ba93-5fa72bcea46d
info: childID: 3b0cb819-0163-494a-9047-b8802a67ab90
info: Setting-up break-up triggers
info: Handling of connections
info: Using spacecraft mass calculated from objects hierarchy: 2583.160000
info: Using data read from file /Users/jeannelonglune/default/SARA/VOXELCASH/ShadingFactorMatrix_5592316073144994887.nc
info: Using computed cross section: 28.868305
info: Using computed drag coefficient: 2.037176
info: Testing for altitude above 139km with input State: system= 232132, epoch= 2016-11-01T12:00:00, elements= 6628.300000, 0.001000, 10.000000, 7.300000, 2.000000, 0.000000
info: Initial altitude above 139 km. Propagating with oscar.
info: starting CstateConvertToOscar with input State: system= 232132, epoch= 2016-11-01T12:00:00, elements= 6628.300000, 0.001000, 10.000000, 7.300000, 2.000000, 0.000000
info: starting PropagateWithOscar with input State: system= 231831, epoch= 2016-11-01T12:00:00, elements= 6628.007092, 0.000472, 10.030202, 8.220109, 180.443961, 179.971395
info: Propagation ended with State: system= 231831, epoch= 2016-11-06T17:54:14, elements= 6512.918900, 0.000146, 10.029390, 322.185450, 61.355060, 41.933300
info: Testing for altitude above 139km with input State: system= 231831, epoch= 2016-11-06T17:54:14, elements= 6512.918900, 0.000146, 10.029390, 322.185450, 61.355060, 41.933300
info: starting CstateConvertToHtgSesam with input State: system= 231831, epoch= 2016-11-06T17:54:14, elements= 6512.918900, 0.000146, 10.029390, 322.185450, 61.355060, 41.933300
info: Passing geodetic state below 139 km to sesam: State: system= 235102, epoch= 2016-11-06T17:54:13, elements= 124.980678, 9.962378, 111.661486, 7.368950, 0.003215, -2.846682
info: Using compiled-in static environment.
info: SESAM initialisation DONE.
info: SESAM propagation started
info: Starting propagation of Fragment with uniqueID 15006184973595261240.
info: EVENT area 0ddd76e5-66e3-4ed3-89f1-f345cea9c803 0.028488 3.622885 0.031453
info: EVENT area 49858cb8-d8fb-4c9b-82b6-4699f85b8dcf 4.182129 18.025000 0.928073
info: EVENT area cabd6692-2d4e-46c3-a962-8c7758ba78f6 4.481503 22.147498 0.809392
info: EVENT area adb3d021-599a-4dd0-bf28-2eb024bac78b 20.176186 80.260000 1.005541
info: EVENT start 15006184973595261240 2583.160000 28.868305 2016-11-06T17:54:13
info: Object adb3d021-599a-4dd0-bf28-2eb024bac78b demised.
info: EVENT object adb3d021-599a-4dd0-bf28-2eb024bac78b demise
info: Object adb3d021-599a-4dd0-bf28-2eb024bac78b reached end of life.
info: Compound 15006184973595261240 reached end of life because object adb3d021-599a-4dd0-bf28-2eb024bac78b reached end of life.
info: ObjectTrajectory Written: sara.Compound_of-IFring-PLM-SVM-SolarP.15006184973595261240_Trajectory.txt
info: GnuPlotGeneration::GenerateSingleObjectScript Wrote sara.Compound_of-IFring-PLM-SVM-SolarP.15006184973595261240.gnu
info: AeroThermalHistory Written: sara.IFring.15006184973595261240_0ddd76e5-66e3-4ed3-89f1-f345cea9c803_AeroThermalHistory.txt
info: AeroThermalHistory Written: sara.PLM.15006184973595261240_49858cb8-d8fb-4c9b-82b6-4699f85b8dcf_AeroThermalHistory.txt
info: AeroThermalHistory Written: sara.SVM.15006184973595261240_cabd6692-2d4e-46c3-a962-8c7758ba78f6_AeroThermalHistory.txt
info: AeroThermalHistory Written: sara.SolarP.15006184973595261240_adb3d021-599a-4dd0-bf28-2eb024bac78b_AeroThermalHistory.txt
info: EVENT end 15006184973595261240 2523.160000
info: Object adb3d021-599a-4dd0-bf28-2eb024bac78b reached end of life.
info: Dropping Connection between adb3d021-599a-4dd0-bf28-2eb024bac78b and cabd6692-2d4e-46c3-a962-8c7758ba78f6 because adb3d021-599a-4dd0-bf28-2eb024bac78b demised.
info: Adding 1 new fragments to fragmentList.
info: Starting propagation of Fragment with uniqueID 11278975461530309928.
info: Using data read from file /Users/jeannelonglune/default/SARA/VOXELCASH/ShadingFactorMatrix_11480938354617541849.nc
info: EVENT area 0ddd76e5-66e3-4ed3-89f1-f345cea9c803 0.032067 3.622885 0.035405
info: EVENT area 49858cb8-d8fb-4c9b-82b6-4699f85b8dcf 4.064388 18.025000 0.901945
info: EVENT area cabd6692-2d4e-46c3-a962-8c7758ba78f6 5.083827 22.147498 0.918176
info: EVENT start 11278975461530309928 2523.160000 9.180282 2016-11-06T18:31:30
info: Object cabd6692-2d4e-46c3-a962-8c7758ba78f6 demised.
info: EVENT object cabd6692-2d4e-46c3-a962-8c7758ba78f6 demise
info: Object cabd6692-2d4e-46c3-a962-8c7758ba78f6 reached end of life.
info: Compound 11278975461530309928 reached end of life because object cabd6692-2d4e-46c3-a962-8c7758ba78f6 reached end of life.
info: ObjectTrajectory Written: sara.Compound_of-IFring-PLM-SVM.11278975461530309928_Trajectory.txt
info: GnuPlotGeneration::GenerateSingleObjectScript Wrote sara.Compound_of-IFring-PLM-SVM.11278975461530309928.gnu
info: AeroThermalHistory Written: sara.IFring.11278975461530309928_0ddd76e5-66e3-4ed3-89f1-f345cea9c803_AeroThermalHistory.txt
info: AeroThermalHistory Written: sara.PLM.11278975461530309928_49858cb8-d8fb-4c9b-82b6-4699f85b8dcf_AeroThermalHistory.txt
info: AeroThermalHistory Written: sara.SVM.11278975461530309928_cabd6692-2d4e-46c3-a962-8c7758ba78f6_AeroThermalHistory.txt
info: EVENT end 11278975461530309928 2410.760000
info: Object cabd6692-2d4e-46c3-a962-8c7758ba78f6 reached end of life.
info: Dropping Connection between 0ddd76e5-66e3-4ed3-89f1-f345cea9c803 and cabd6692-2d4e-46c3-a962-8c7758ba78f6 because cabd6692-2d4e-46c3-a962-8c7758ba78f6 demised.
info: Adding 64 new fragments to fragmentList.
info: Starting propagation of Fragment with uniqueID a084c8b2-97ee-470d-951a-1bebe0e2085c.
info: EVENT area a084c8b2-97ee-470d-951a-1bebe0e2085c 0.344700
info: EVENT start a084c8b2-97ee-470d-951a-1bebe0e2085c 46.700000 0.344700 2016-11-06T18:35:35
info: Object a084c8b2-97ee-470d-951a-1bebe0e2085c demised.
info: EVENT object a084c8b2-97ee-470d-951a-1bebe0e2085c demise
info: Object a084c8b2-97ee-470d-951a-1bebe0e2085c reached end of life.
info: ObjectTrajectory Written: sara.RSJD.a084c8b2-97ee-470d-951a-1bebe0e2085c_Trajectory.txt
info: GnuPlotGeneration::GenerateSingleObjectScript Wrote sara.RSJD.a084c8b2-97ee-470d-951a-1bebe0e2085c.gnu
info: AeroThermalHistory Written: sara.RSJD.a084c8b2-97ee-470d-951a-1bebe0e2085c_AeroThermalHistory.txt
info: EVENT end a084c8b2-97ee-470d-951a-1bebe0e2085c 20.370000
info: Adding 1 new fragments to fragmentList.
info: Starting propagation of Fragment with uniqueID ff1aaf73-80e2-4d35-8d64-7e51fe643ecf.
info: EVENT area ff1aaf73-80e2-4d35-8d64-7e51fe643ecf 0.203602
info: EVENT start ff1aaf73-80e2-4d35-8d64-7e51fe643ecf 28.100000 0.203602 2016-11-06T18:35:35
info: Object ff1aaf73-80e2-4d35-8d64-7e51fe643ecf demised.
info: EVENT object ff1aaf73-80e2-4d35-8d64-7e51fe643ecf demise
info: Object ff1aaf73-80e2-4d35-8d64-7e51fe643ecf reached end of life.
info: ObjectTrajectory Written: sara.EIU.ff1aaf73-80e2-4d35-8d64-7e51fe643ecf_Trajectory.txt
info: GnuPlotGeneration::GenerateSingleObjectScript Wrote sara.EIU.ff1aaf73-80e2-4d35-8d64-7e51fe643ecf.gnu
info: AeroThermalHistory Written: sara.EIU.ff1aaf73-80e2-4d35-8d64-7e51fe643ecf_AeroThermalHistory.txt
info: EVENT end ff1aaf73-80e2-4d35-8d64-7e51fe643ecf 12.670000
info: Adding 1 new fragments to fragmentList.
info: Starting propagation of Fragment with uniqueID 63a9fa44-0b0d-449a-a8fd-6346d2c3bd5a.
info: EVENT area 63a9fa44-0b0d-449a-a8fd-6346d2c3bd5a 0.107779
info: EVENT start 63a9fa44-0b0d-449a-a8fd-6346d2c3bd5a 17.100000 0.107779 2016-11-06T18:35:35
warning: The altitude is below the lowest value in the data. Therefore, the lowest altitude for which data are given is used (altitude = 0.000000 m).
This message is shown only once.
info: Fragment 63a9fa44-0b0d-449a-a8fd-6346d2c3bd5a reached end of life because of ground impact.
info: Object 63a9fa44-0b0d-449a-a8fd-6346d2c3bd5a reached end of life.
info: EVENT fragment 63a9fa44-0b0d-449a-a8fd-6346d2c3bd5a impact
info: ObjectTrajectory Written: sara.RWheel1.63a9fa44-0b0d-449a-a8fd-6346d2c3bd5a_Trajectory.txt
info: GnuPlotGeneration::GenerateSingleObjectScript Wrote sara.RWheel1.63a9fa44-0b0d-449a-a8fd-6346d2c3bd5a.gnu
info: AeroThermalHistory Written: sara.RWheel1.63a9fa44-0b0d-449a-a8fd-6346d2c3bd5a_AeroThermalHistory.txt
info: EVENT end 63a9fa44-0b0d-449a-a8fd-6346d2c3bd5a 11.554249
info: Adding 0 new fragments to fragmentList.
info: Starting propagation of Fragment with uniqueID 245acbc8-c195-45d0-a214-9898b52d5b5c.
info: EVENT area 245acbc8-c195-45d0-a214-9898b52d5b5c 0.107779
info: EVENT start 245acbc8-c195-45d0-a214-9898b52d5b5c 17.100000 0.107779 2016-11-06T18:35:35
info: Fragment 245acbc8-c195-45d0-a214-9898b52d5b5c reached end of life because of ground impact.
info: Object 245acbc8-c195-45d0-a214-9898b52d5b5c reached end of life.
info: EVENT fragment 245acbc8-c195-45d0-a214-9898b52d5b5c impact
info: ObjectTrajectory Written: sara.RWheel2.245acbc8-c195-45d0-a214-9898b52d5b5c_Trajectory.txt
info: GnuPlotGeneration::GenerateSingleObjectScript Wrote sara.RWheel2.245acbc8-c195-45d0-a214-9898b52d5b5c.gnu
info: AeroThermalHistory Written: sara.RWheel2.245acbc8-c195-45d0-a214-9898b52d5b5c_AeroThermalHistory.txt
info: EVENT end 245acbc8-c195-45d0-a214-9898b52d5b5c 11.554249
info: Adding 0 new fragments to fragmentList.
info: Starting propagation of Fragment with uniqueID ec3a03ef-52c3-4bf8-b3f8-21ab0025a724.
info: EVENT area ec3a03ef-52c3-4bf8-b3f8-21ab0025a724 0.107779
info: EVENT start ec3a03ef-52c3-4bf8-b3f8-21ab0025a724 17.100000 0.107779 2016-11-06T18:35:35
info: Fragment ec3a03ef-52c3-4bf8-b3f8-21ab0025a724 reached end of life because of ground impact.
info: Object ec3a03ef-52c3-4bf8-b3f8-21ab0025a724 reached end of life.
info: EVENT fragment ec3a03ef-52c3-4bf8-b3f8-21ab0025a724 impact
info: ObjectTrajectory Written: sara.RWheel3.ec3a03ef-52c3-4bf8-b3f8-21ab0025a724_Trajectory.txt
info: GnuPlotGeneration::GenerateSingleObjectScript Wrote sara.RWheel3.ec3a03ef-52c3-4bf8-b3f8-21ab0025a724.gnu
info: AeroThermalHistory Written: sara.RWheel3.ec3a03ef-52c3-4bf8-b3f8-21ab0025a724_AeroThermalHistory.txt
info: EVENT end ec3a03ef-52c3-4bf8-b3f8-21ab0025a724 11.554249
info: Adding 0 new fragments to fragmentList.
info: Starting propagation of Fragment with uniqueID dc7dacaf-0684-4bc3-b79b-30d22b334b96.
info: EVENT area dc7dacaf-0684-4bc3-b79b-30d22b334b96 0.054550
info: EVENT start dc7dacaf-0684-4bc3-b79b-30d22b334b96 4.500000 0.054550 2016-11-06T18:35:35
info: Object dc7dacaf-0684-4bc3-b79b-30d22b334b96 demised.
info: EVENT object dc7dacaf-0684-4bc3-b79b-30d22b334b96 demise
info: Object dc7dacaf-0684-4bc3-b79b-30d22b334b96 reached end of life.
info: ObjectTrajectory Written: sara.SADME.dc7dacaf-0684-4bc3-b79b-30d22b334b96_Trajectory.txt
info: GnuPlotGeneration::GenerateSingleObjectScript Wrote sara.SADME.dc7dacaf-0684-4bc3-b79b-30d22b334b96.gnu
info: AeroThermalHistory Written: sara.SADME.dc7dacaf-0684-4bc3-b79b-30d22b334b96_AeroThermalHistory.txt
info: EVENT end dc7dacaf-0684-4bc3-b79b-30d22b334b96 0.520000
info: Adding 1 new fragments to fragmentList.
info: Starting propagation of Fragment with uniqueID 4254dead-e5a1-4bbf-b2be-57fa9dcc73f6.
info: EVENT area 4254dead-e5a1-4bbf-b2be-57fa9dcc73f6 0.052680
info: EVENT start 4254dead-e5a1-4bbf-b2be-57fa9dcc73f6 4.500000 0.052680 2016-11-06T18:35:35
info: Object 4254dead-e5a1-4bbf-b2be-57fa9dcc73f6 demised.
info: EVENT object 4254dead-e5a1-4bbf-b2be-57fa9dcc73f6 demise
info: Fragment 4254dead-e5a1-4bbf-b2be-57fa9dcc73f6 reached end of life because uncritical.
info: Object 4254dead-e5a1-4bbf-b2be-57fa9dcc73f6 reached end of life.
info: ObjectTrajectory Written: sara.MAC-Y.4254dead-e5a1-4bbf-b2be-57fa9dcc73f6_Trajectory.txt
info: GnuPlotGeneration::GenerateSingleObjectScript Wrote sara.MAC-Y.4254dead-e5a1-4bbf-b2be-57fa9dcc73f6.gnu
info: AeroThermalHistory Written: sara.MAC-Y.4254dead-e5a1-4bbf-b2be-57fa9dcc73f6_AeroThermalHistory.txt
info: EVENT end 4254dead-e5a1-4bbf-b2be-57fa9dcc73f6 0.000000
info: Adding 0 new fragments to fragmentList.
info: Starting propagation of Fragment with uniqueID 1064ff79-1d6a-4300-aa63-8768f1fff65c.
info: EVENT area 1064ff79-1d6a-4300-aa63-8768f1fff65c 0.126047
info: EVENT start 1064ff79-1d6a-4300-aa63-8768f1fff65c 14.600000 0.126047 2016-11-06T18:35:35
info: Object 1064ff79-1d6a-4300-aa63-8768f1fff65c demised.
info: EVENT object 1064ff79-1d6a-4300-aa63-8768f1fff65c demise
info: Object 1064ff79-1d6a-4300-aa63-8768f1fff65c reached end of life.
info: ObjectTrajectory Written: sara.CCU.1064ff79-1d6a-4300-aa63-8768f1fff65c_Trajectory.txt
info: GnuPlotGeneration::GenerateSingleObjectScript Wrote sara.CCU.1064ff79-1d6a-4300-aa63-8768f1fff65c.gnu
info: AeroThermalHistory Written: sara.CCU.1064ff79-1d6a-4300-aa63-8768f1fff65c_AeroThermalHistory.txt
info: EVENT end 1064ff79-1d6a-4300-aa63-8768f1fff65c 5.150000
info: Adding 1 new fragments to fragmentList.
info: Starting propagation of Fragment with uniqueID 0b78a548-49bc-4f2b-8b9f-999d24c804ae.
info: EVENT area 0b78a548-49bc-4f2b-8b9f-999d24c804ae 0.139180
info: EVENT start 0b78a548-49bc-4f2b-8b9f-999d24c804ae 18.000000 0.139180 2016-11-06T18:35:35
info: Object 0b78a548-49bc-4f2b-8b9f-999d24c804ae demised.
info: EVENT object 0b78a548-49bc-4f2b-8b9f-999d24c804ae demise
info: Object 0b78a548-49bc-4f2b-8b9f-999d24c804ae reached end of life.
info: ObjectTrajectory Written: sara.BSP.0b78a548-49bc-4f2b-8b9f-999d24c804ae_Trajectory.txt
info: GnuPlotGeneration::GenerateSingleObjectScript Wrote sara.BSP.0b78a548-49bc-4f2b-8b9f-999d24c804ae.gnu
info: AeroThermalHistory Written: sara.BSP.0b78a548-49bc-4f2b-8b9f-999d24c804ae_AeroThermalHistory.txt
info: EVENT end 0b78a548-49bc-4f2b-8b9f-999d24c804ae 7.540000
info: Adding 1 new fragments to fragmentList.
info: Starting propagation of Fragment with uniqueID 85e4120f-9a7e-46f5-8a03-355a94c85ec0.
info: EVENT area 85e4120f-9a7e-46f5-8a03-355a94c85ec0 0.045763
info: EVENT start 85e4120f-9a7e-46f5-8a03-355a94c85ec0 2.300000 0.045763 2016-11-06T18:35:35
info: Object 85e4120f-9a7e-46f5-8a03-355a94c85ec0 demised.
info: EVENT object 85e4120f-9a7e-46f5-8a03-355a94c85ec0 demise
info: Fragment 85e4120f-9a7e-46f5-8a03-355a94c85ec0 reached end of life because uncritical.
info: Object 85e4120f-9a7e-46f5-8a03-355a94c85ec0 reached end of life.
info: ObjectTrajectory Written: sara.OBA.85e4120f-9a7e-46f5-8a03-355a94c85ec0_Trajectory.txt
info: GnuPlotGeneration::GenerateSingleObjectScript Wrote sara.OBA.85e4120f-9a7e-46f5-8a03-355a94c85ec0.gnu
info: AeroThermalHistory Written: sara.OBA.85e4120f-9a7e-46f5-8a03-355a94c85ec0_AeroThermalHistory.txt
info: EVENT end 85e4120f-9a7e-46f5-8a03-355a94c85ec0 0.000000
info: Adding 0 new fragments to fragmentList.
info: Starting propagation of Fragment with uniqueID 7312c8c9-199d-4646-8a04-8c0cf69512c6.
info: EVENT area 7312c8c9-199d-4646-8a04-8c0cf69512c6 0.075574
info: EVENT start 7312c8c9-199d-4646-8a04-8c0cf69512c6 8.400000 0.075574 2016-11-06T18:35:35
info: Object 7312c8c9-199d-4646-8a04-8c0cf69512c6 demised.
info: EVENT object 7312c8c9-199d-4646-8a04-8c0cf69512c6 demise
info: Object 7312c8c9-199d-4646-8a04-8c0cf69512c6 reached end of life.
info: ObjectTrajectory Written: sara.EDR.7312c8c9-199d-4646-8a04-8c0cf69512c6_Trajectory.txt
info: GnuPlotGeneration::GenerateSingleObjectScript Wrote sara.EDR.7312c8c9-199d-4646-8a04-8c0cf69512c6.gnu
info: AeroThermalHistory Written: sara.EDR.7312c8c9-199d-4646-8a04-8c0cf69512c6_AeroThermalHistory.txt
info: EVENT end 7312c8c9-199d-4646-8a04-8c0cf69512c6 2.810000
info: Adding 1 new fragments to fragmentList.
info: Starting propagation of Fragment with uniqueID 3d51e22b-0cbb-418c-b31d-4c8cc35d2a61.
info: EVENT area 3d51e22b-0cbb-418c-b31d-4c8cc35d2a61 0.129330
info: EVENT start 3d51e22b-0cbb-418c-b31d-4c8cc35d2a61 15.100000 0.129330 2016-11-06T18:35:35
info: Object 3d51e22b-0cbb-418c-b31d-4c8cc35d2a61 demised.
info: EVENT object 3d51e22b-0cbb-418c-b31d-4c8cc35d2a61 demise
info: Object 3d51e22b-0cbb-418c-b31d-4c8cc35d2a61 reached end of life.
info: ObjectTrajectory Written: sara.EPRM.3d51e22b-0cbb-418c-b31d-4c8cc35d2a61_Trajectory.txt
info: GnuPlotGeneration::GenerateSingleObjectScript Wrote sara.EPRM.3d51e22b-0cbb-418c-b31d-4c8cc35d2a61.gnu
info: AeroThermalHistory Written: sara.EPRM.3d51e22b-0cbb-418c-b31d-4c8cc35d2a61_AeroThermalHistory.txt
info: EVENT end 3d51e22b-0cbb-418c-b31d-4c8cc35d2a61 5.390000
info: Adding 1 new fragments to fragmentList.
info: Starting propagation of Fragment with uniqueID 75609b55-cff8-434a-aca2-2286e023e527.
info: EVENT area 75609b55-cff8-434a-aca2-2286e023e527 0.049976
info: EVENT start 75609b55-cff8-434a-aca2-2286e023e527 2.600000 0.049976 2016-11-06T18:35:35
info: Object 75609b55-cff8-434a-aca2-2286e023e527 demised.
info: EVENT object 75609b55-cff8-434a-aca2-2286e023e527 demise
info: Fragment 75609b55-cff8-434a-aca2-2286e023e527 reached end of life because uncritical.
info: Object 75609b55-cff8-434a-aca2-2286e023e527 reached end of life.
info: ObjectTrajectory Written: sara.TRSP1.75609b55-cff8-434a-aca2-2286e023e527_Trajectory.txt
info: GnuPlotGeneration::GenerateSingleObjectScript Wrote sara.TRSP1.75609b55-cff8-434a-aca2-2286e023e527.gnu
info: AeroThermalHistory Written: sara.TRSP1.75609b55-cff8-434a-aca2-2286e023e527_AeroThermalHistory.txt
info: EVENT end 75609b55-cff8-434a-aca2-2286e023e527 0.000000
info: Adding 0 new fragments to fragmentList.
info: Starting propagation of Fragment with uniqueID 845a4f95-f1ee-4f2c-a7ce-083967544b8b.
info: EVENT area 845a4f95-f1ee-4f2c-a7ce-083967544b8b 0.049976
info: EVENT start 845a4f95-f1ee-4f2c-a7ce-083967544b8b 2.600000 0.049976 2016-11-06T18:35:35
info: Object 845a4f95-f1ee-4f2c-a7ce-083967544b8b demised.
info: EVENT object 845a4f95-f1ee-4f2c-a7ce-083967544b8b demise
info: Fragment 845a4f95-f1ee-4f2c-a7ce-083967544b8b reached end of life because uncritical.
info: Object 845a4f95-f1ee-4f2c-a7ce-083967544b8b reached end of life.
info: ObjectTrajectory Written: sara.TRSP2.845a4f95-f1ee-4f2c-a7ce-083967544b8b_Trajectory.txt
info: GnuPlotGeneration::GenerateSingleObjectScript Wrote sara.TRSP2.845a4f95-f1ee-4f2c-a7ce-083967544b8b.gnu
info: AeroThermalHistory Written: sara.TRSP2.845a4f95-f1ee-4f2c-a7ce-083967544b8b_AeroThermalHistory.txt
info: EVENT end 845a4f95-f1ee-4f2c-a7ce-083967544b8b 0.000000
info: Adding 0 new fragments to fragmentList.
info: Starting propagation of Fragment with uniqueID 9be9abc7-df7e-49fe-9875-83ac0efa312c.
info: EVENT area 9be9abc7-df7e-49fe-9875-83ac0efa312c 0.039724
info: EVENT start 9be9abc7-df7e-49fe-9875-83ac0efa312c 4.500000 0.039724 2016-11-06T18:35:35
info: Object 9be9abc7-df7e-49fe-9875-83ac0efa312c demised.
info: EVENT object 9be9abc7-df7e-49fe-9875-83ac0efa312c demise
info: Object 9be9abc7-df7e-49fe-9875-83ac0efa312c reached end of life.
info: ObjectTrajectory Written: sara.BEG1.9be9abc7-df7e-49fe-9875-83ac0efa312c_Trajectory.txt
info: GnuPlotGeneration::GenerateSingleObjectScript Wrote sara.BEG1.9be9abc7-df7e-49fe-9875-83ac0efa312c.gnu
info: AeroThermalHistory Written: sara.BEG1.9be9abc7-df7e-49fe-9875-83ac0efa312c_AeroThermalHistory.txt
info: EVENT end 9be9abc7-df7e-49fe-9875-83ac0efa312c 1.640000
info: Adding 1 new fragments to fragmentList.
info: Starting propagation of Fragment with uniqueID 744ed77b-395f-4e71-bb4d-25b2479d26c3.
info: EVENT area 744ed77b-395f-4e71-bb4d-25b2479d26c3 0.039724
info: EVENT start 744ed77b-395f-4e71-bb4d-25b2479d26c3 4.500000 0.039724 2016-11-06T18:35:35
info: Object 744ed77b-395f-4e71-bb4d-25b2479d26c3 demised.
info: EVENT object 744ed77b-395f-4e71-bb4d-25b2479d26c3 demise
info: Object 744ed77b-395f-4e71-bb4d-25b2479d26c3 reached end of life.
info: ObjectTrajectory Written: sara.BEG2.744ed77b-395f-4e71-bb4d-25b2479d26c3_Trajectory.txt
info: GnuPlotGeneration::GenerateSingleObjectScript Wrote sara.BEG2.744ed77b-395f-4e71-bb4d-25b2479d26c3.gnu
info: AeroThermalHistory Written: sara.BEG2.744ed77b-395f-4e71-bb4d-25b2479d26c3_AeroThermalHistory.txt
info: EVENT end 744ed77b-395f-4e71-bb4d-25b2479d26c3 1.640000
info: Adding 1 new fragments to fragmentList.
info: Starting propagation of Fragment with uniqueID 8a639930-64e9-49bd-bfb1-92dce15aa113.
info: EVENT area 8a639930-64e9-49bd-bfb1-92dce15aa113 0.039724
info: EVENT start 8a639930-64e9-49bd-bfb1-92dce15aa113 4.500000 0.039724 2016-11-06T18:35:35
info: Object 8a639930-64e9-49bd-bfb1-92dce15aa113 demised.
info: EVENT object 8a639930-64e9-49bd-bfb1-92dce15aa113 demise
info: Object 8a639930-64e9-49bd-bfb1-92dce15aa113 reached end of life.
info: ObjectTrajectory Written: sara.BEG3.8a639930-64e9-49bd-bfb1-92dce15aa113_Trajectory.txt
info: GnuPlotGeneration::GenerateSingleObjectScript Wrote sara.BEG3.8a639930-64e9-49bd-bfb1-92dce15aa113.gnu
info: AeroThermalHistory Written: sara.BEG3.8a639930-64e9-49bd-bfb1-92dce15aa113_AeroThermalHistory.txt
info: EVENT end 8a639930-64e9-49bd-bfb1-92dce15aa113 1.640000
info: Adding 1 new fragments to fragmentList.
info: Starting propagation of Fragment with uniqueID 243185b5-5f9e-4ee9-937d-5570a5ce57e5.
info: EVENT area 243185b5-5f9e-4ee9-937d-5570a5ce57e5 0.039724
info: EVENT start 243185b5-5f9e-4ee9-937d-5570a5ce57e5 4.500000 0.039724 2016-11-06T18:35:35
info: Object 243185b5-5f9e-4ee9-937d-5570a5ce57e5 demised.
info: EVENT object 243185b5-5f9e-4ee9-937d-5570a5ce57e5 demise
info: Object 243185b5-5f9e-4ee9-937d-5570a5ce57e5 reached end of life.
info: ObjectTrajectory Written: sara.BEG4.243185b5-5f9e-4ee9-937d-5570a5ce57e5_Trajectory.txt
info: GnuPlotGeneration::GenerateSingleObjectScript Wrote sara.BEG4.243185b5-5f9e-4ee9-937d-5570a5ce57e5.gnu
info: AeroThermalHistory Written: sara.BEG4.243185b5-5f9e-4ee9-937d-5570a5ce57e5_AeroThermalHistory.txt
info: EVENT end 243185b5-5f9e-4ee9-937d-5570a5ce57e5 1.640000
info: Adding 1 new fragments to fragmentList.
info: Starting propagation of Fragment with uniqueID ba953c16-e673-4025-a7f3-c6ad8e7b1de0.
info: EVENT area ba953c16-e673-4025-a7f3-c6ad8e7b1de0 0.080868
info: EVENT start ba953c16-e673-4025-a7f3-c6ad8e7b1de0 8.800000 0.080868 2016-11-06T18:35:35
info: Object ba953c16-e673-4025-a7f3-c6ad8e7b1de0 reached end of life because of ballooning.
info: EVENT object ba953c16-e673-4025-a7f3-c6ad8e7b1de0 balloon
info: Object ba953c16-e673-4025-a7f3-c6ad8e7b1de0 reached end of life.
info: ObjectTrajectory Written: sara.Gyrosbl.ba953c16-e673-4025-a7f3-c6ad8e7b1de0_Trajectory.txt
info: GnuPlotGeneration::GenerateSingleObjectScript Wrote sara.Gyrosbl.ba953c16-e673-4025-a7f3-c6ad8e7b1de0.gnu
info: AeroThermalHistory Written: sara.Gyrosbl.ba953c16-e673-4025-a7f3-c6ad8e7b1de0_AeroThermalHistory.txt
info: EVENT end ba953c16-e673-4025-a7f3-c6ad8e7b1de0 0.000285
info: Adding 0 new fragments to fragmentList.
info: Starting propagation of Fragment with uniqueID ef81eb2d-2aa0-42ee-801f-6c9d4f2836fc.
info: EVENT area ef81eb2d-2aa0-42ee-801f-6c9d4f2836fc 0.123735
info: EVENT start ef81eb2d-2aa0-42ee-801f-6c9d4f2836fc 16.100000 0.123735 2016-11-06T18:35:35
info: Object ef81eb2d-2aa0-42ee-801f-6c9d4f2836fc demised.
info: EVENT object ef81eb2d-2aa0-42ee-801f-6c9d4f2836fc demise
info: Object ef81eb2d-2aa0-42ee-801f-6c9d4f2836fc reached end of life.
info: ObjectTrajectory Written: sara.T4S.ef81eb2d-2aa0-42ee-801f-6c9d4f2836fc_Trajectory.txt
info: GnuPlotGeneration::GenerateSingleObjectScript Wrote sara.T4S.ef81eb2d-2aa0-42ee-801f-6c9d4f2836fc.gnu
info: AeroThermalHistory Written: sara.T4S.ef81eb2d-2aa0-42ee-801f-6c9d4f2836fc_AeroThermalHistory.txt
info: EVENT end ef81eb2d-2aa0-42ee-801f-6c9d4f2836fc 6.830000
info: Adding 1 new fragments to fragmentList.
info: Starting propagation of Fragment with uniqueID 4cc46603-5b27-46f7-8342-2ca543cd9976.
info: EVENT area 4cc46603-5b27-46f7-8342-2ca543cd9976 0.236157
info: EVENT start 4cc46603-5b27-46f7-8342-2ca543cd9976 32.000000 0.236157 2016-11-06T18:35:35
info: Object 4cc46603-5b27-46f7-8342-2ca543cd9976 demised.
info: EVENT object 4cc46603-5b27-46f7-8342-2ca543cd9976 demise
info: Object 4cc46603-5b27-46f7-8342-2ca543cd9976 reached end of life.
info: ObjectTrajectory Written: sara.EAIM.4cc46603-5b27-46f7-8342-2ca543cd9976_Trajectory.txt
info: GnuPlotGeneration::GenerateSingleObjectScript Wrote sara.EAIM.4cc46603-5b27-46f7-8342-2ca543cd9976.gnu
info: AeroThermalHistory Written: sara.EAIM.4cc46603-5b27-46f7-8342-2ca543cd9976_AeroThermalHistory.txt
info: EVENT end 4cc46603-5b27-46f7-8342-2ca543cd9976 14.050000
info: Adding 1 new fragments to fragmentList.
info: Starting propagation of Fragment with uniqueID 24b0df56-c1f7-4133-ada3-356713a3920d.
info: EVENT area 24b0df56-c1f7-4133-ada3-356713a3920d 0.165150
info: EVENT start 24b0df56-c1f7-4133-ada3-356713a3920d 4.730000 0.165150 2016-11-06T18:35:35
info: Object 24b0df56-c1f7-4133-ada3-356713a3920d demised.
info: EVENT object 24b0df56-c1f7-4133-ada3-356713a3920d demise
info: Fragment 24b0df56-c1f7-4133-ada3-356713a3920d reached end of life because uncritical.
info: Object 24b0df56-c1f7-4133-ada3-356713a3920d reached end of life.
info: ObjectTrajectory Written: sara.STD1.24b0df56-c1f7-4133-ada3-356713a3920d_Trajectory.txt
info: GnuPlotGeneration::GenerateSingleObjectScript Wrote sara.STD1.24b0df56-c1f7-4133-ada3-356713a3920d.gnu
info: AeroThermalHistory Written: sara.STD1.24b0df56-c1f7-4133-ada3-356713a3920d_AeroThermalHistory.txt
info: EVENT end 24b0df56-c1f7-4133-ada3-356713a3920d 0.000000
info: Adding 0 new fragments to fragmentList.
info: Starting propagation of Fragment with uniqueID 84d8e60a-8888-4008-98ee-97f86e72405d.
info: EVENT area 84d8e60a-8888-4008-98ee-97f86e72405d 0.165150
info: EVENT start 84d8e60a-8888-4008-98ee-97f86e72405d 4.730000 0.165150 2016-11-06T18:35:35
info: Object 84d8e60a-8888-4008-98ee-97f86e72405d demised.
info: EVENT object 84d8e60a-8888-4008-98ee-97f86e72405d demise
info: Fragment 84d8e60a-8888-4008-98ee-97f86e72405d reached end of life because uncritical.
info: Object 84d8e60a-8888-4008-98ee-97f86e72405d reached end of life.
info: ObjectTrajectory Written: sara.STD2.84d8e60a-8888-4008-98ee-97f86e72405d_Trajectory.txt
info: GnuPlotGeneration::GenerateSingleObjectScript Wrote sara.STD2.84d8e60a-8888-4008-98ee-97f86e72405d.gnu
info: AeroThermalHistory Written: sara.STD2.84d8e60a-8888-4008-98ee-97f86e72405d_AeroThermalHistory.txt
info: EVENT end 84d8e60a-8888-4008-98ee-97f86e72405d 0.000000
info: Adding 0 new fragments to fragmentList.
info: Starting propagation of Fragment with uniqueID 93c8d32a-05c4-44be-84f6-521d2fe6cda2.
info: EVENT area 93c8d32a-05c4-44be-84f6-521d2fe6cda2 0.032287
info: EVENT start 93c8d32a-05c4-44be-84f6-521d2fe6cda2 1.650000 0.032287 2016-11-06T18:35:35
info: Object 93c8d32a-05c4-44be-84f6-521d2fe6cda2 demised.
info: EVENT object 93c8d32a-05c4-44be-84f6-521d2fe6cda2 demise
info: Fragment 93c8d32a-05c4-44be-84f6-521d2fe6cda2 reached end of life because uncritical.
info: Object 93c8d32a-05c4-44be-84f6-521d2fe6cda2 reached end of life.
info: ObjectTrajectory Written: sara.SSD1.93c8d32a-05c4-44be-84f6-521d2fe6cda2_Trajectory.txt
info: GnuPlotGeneration::GenerateSingleObjectScript Wrote sara.SSD1.93c8d32a-05c4-44be-84f6-521d2fe6cda2.gnu
info: AeroThermalHistory Written: sara.SSD1.93c8d32a-05c4-44be-84f6-521d2fe6cda2_AeroThermalHistory.txt
info: EVENT end 93c8d32a-05c4-44be-84f6-521d2fe6cda2 0.000000
info: Adding 0 new fragments to fragmentList.
info: Starting propagation of Fragment with uniqueID cfb2351a-41cc-4000-8a6d-1bd21ea75eb1.
info: EVENT area cfb2351a-41cc-4000-8a6d-1bd21ea75eb1 0.032287
info: EVENT start cfb2351a-41cc-4000-8a6d-1bd21ea75eb1 1.650000 0.032287 2016-11-06T18:35:35
info: Object cfb2351a-41cc-4000-8a6d-1bd21ea75eb1 demised.
info: EVENT object cfb2351a-41cc-4000-8a6d-1bd21ea75eb1 demise
info: Fragment cfb2351a-41cc-4000-8a6d-1bd21ea75eb1 reached end of life because uncritical.
info: Object cfb2351a-41cc-4000-8a6d-1bd21ea75eb1 reached end of life.
info: ObjectTrajectory Written: sara.SSD2.cfb2351a-41cc-4000-8a6d-1bd21ea75eb1_Trajectory.txt
info: GnuPlotGeneration::GenerateSingleObjectScript Wrote sara.SSD2.cfb2351a-41cc-4000-8a6d-1bd21ea75eb1.gnu
info: AeroThermalHistory Written: sara.SSD2.cfb2351a-41cc-4000-8a6d-1bd21ea75eb1_AeroThermalHistory.txt
info: EVENT end cfb2351a-41cc-4000-8a6d-1bd21ea75eb1 0.000000
info: Adding 0 new fragments to fragmentList.
info: Starting propagation of Fragment with uniqueID bb42edf0-7c27-4377-bfb8-3846f78f70cc.
info: EVENT area bb42edf0-7c27-4377-bfb8-3846f78f70cc 0.290376
info: EVENT start bb42edf0-7c27-4377-bfb8-3846f78f70cc 42.000000 0.290376 2016-11-06T18:35:35
info: Object bb42edf0-7c27-4377-bfb8-3846f78f70cc demised.
info: EVENT object bb42edf0-7c27-4377-bfb8-3846f78f70cc demise
info: Object bb42edf0-7c27-4377-bfb8-3846f78f70cc reached end of life.
info: ObjectTrajectory Written: sara.SADM1.bb42edf0-7c27-4377-bfb8-3846f78f70cc_Trajectory.txt
info: GnuPlotGeneration::GenerateSingleObjectScript Wrote sara.SADM1.bb42edf0-7c27-4377-bfb8-3846f78f70cc.gnu
info: AeroThermalHistory Written: sara.SADM1.bb42edf0-7c27-4377-bfb8-3846f78f70cc_AeroThermalHistory.txt
info: EVENT end bb42edf0-7c27-4377-bfb8-3846f78f70cc 19.800000
info: Adding 1 new fragments to fragmentList.
info: Starting propagation of Fragment with uniqueID 4254b2b9-f0f4-417f-bf3d-c6698423b687.
info: EVENT area 4254b2b9-f0f4-417f-bf3d-c6698423b687 0.165000
info: EVENT start 4254b2b9-f0f4-417f-bf3d-c6698423b687 30.000000 0.165000 2016-11-06T18:35:35
info: Object 4254b2b9-f0f4-417f-bf3d-c6698423b687 demised.
info: EVENT object 4254b2b9-f0f4-417f-bf3d-c6698423b687 demise
info: Object 4254b2b9-f0f4-417f-bf3d-c6698423b687 reached end of life.
info: ObjectTrajectory Written: sara.SADM2.4254b2b9-f0f4-417f-bf3d-c6698423b687_Trajectory.txt
info: GnuPlotGeneration::GenerateSingleObjectScript Wrote sara.SADM2.4254b2b9-f0f4-417f-bf3d-c6698423b687.gnu
info: AeroThermalHistory Written: sara.SADM2.4254b2b9-f0f4-417f-bf3d-c6698423b687_AeroThermalHistory.txt
info: EVENT end 4254b2b9-f0f4-417f-bf3d-c6698423b687 17.540000
info: Adding 1 new fragments to fragmentList.
info: Starting propagation of Fragment with uniqueID 32a385c5-fe74-4c27-bcd0-f11c244a3638.
info: EVENT area 32a385c5-fe74-4c27-bcd0-f11c244a3638 0.032812
info: EVENT start 32a385c5-fe74-4c27-bcd0-f11c244a3638 1.700000 0.032812 2016-11-06T18:35:35
info: Object 32a385c5-fe74-4c27-bcd0-f11c244a3638 demised.
info: EVENT object 32a385c5-fe74-4c27-bcd0-f11c244a3638 demise
info: Fragment 32a385c5-fe74-4c27-bcd0-f11c244a3638 reached end of life because uncritical.
info: Object 32a385c5-fe74-4c27-bcd0-f11c244a3638 reached end of life.
info: ObjectTrajectory Written: sara.SAsupp1.32a385c5-fe74-4c27-bcd0-f11c244a3638_Trajectory.txt
info: GnuPlotGeneration::GenerateSingleObjectScript Wrote sara.SAsupp1.32a385c5-fe74-4c27-bcd0-f11c244a3638.gnu
info: AeroThermalHistory Written: sara.SAsupp1.32a385c5-fe74-4c27-bcd0-f11c244a3638_AeroThermalHistory.txt
info: EVENT end 32a385c5-fe74-4c27-bcd0-f11c244a3638 0.000000
info: Adding 0 new fragments to fragmentList.
info: Starting propagation of Fragment with uniqueID 15061893-d082-46d0-bfda-0777e9cd0ebc.
info: EVENT area 15061893-d082-46d0-bfda-0777e9cd0ebc 0.032812
info: EVENT start 15061893-d082-46d0-bfda-0777e9cd0ebc 1.700000 0.032812 2016-11-06T18:35:35
info: Object 15061893-d082-46d0-bfda-0777e9cd0ebc demised.
info: EVENT object 15061893-d082-46d0-bfda-0777e9cd0ebc demise
info: Fragment 15061893-d082-46d0-bfda-0777e9cd0ebc reached end of life because uncritical.
info: Object 15061893-d082-46d0-bfda-0777e9cd0ebc reached end of life.
info: ObjectTrajectory Written: sara.SAsupp2.15061893-d082-46d0-bfda-0777e9cd0ebc_Trajectory.txt
info: GnuPlotGeneration::GenerateSingleObjectScript Wrote sara.SAsupp2.15061893-d082-46d0-bfda-0777e9cd0ebc.gnu
info: AeroThermalHistory Written: sara.SAsupp2.15061893-d082-46d0-bfda-0777e9cd0ebc_AeroThermalHistory.txt
info: EVENT end 15061893-d082-46d0-bfda-0777e9cd0ebc 0.000000
info: Adding 0 new fragments to fragmentList.
info: Starting propagation of Fragment with uniqueID 3cd65933-bcc4-4e9a-ae62-e9c48afdf238.
info: EVENT area 3cd65933-bcc4-4e9a-ae62-e9c48afdf238 0.032812
info: EVENT start 3cd65933-bcc4-4e9a-ae62-e9c48afdf238 1.700000 0.032812 2016-11-06T18:35:35
info: Object 3cd65933-bcc4-4e9a-ae62-e9c48afdf238 demised.
info: EVENT object 3cd65933-bcc4-4e9a-ae62-e9c48afdf238 demise
info: Fragment 3cd65933-bcc4-4e9a-ae62-e9c48afdf238 reached end of life because uncritical.
info: Object 3cd65933-bcc4-4e9a-ae62-e9c48afdf238 reached end of life.
info: ObjectTrajectory Written: sara.SAsupp3.3cd65933-bcc4-4e9a-ae62-e9c48afdf238_Trajectory.txt
info: GnuPlotGeneration::GenerateSingleObjectScript Wrote sara.SAsupp3.3cd65933-bcc4-4e9a-ae62-e9c48afdf238.gnu
info: AeroThermalHistory Written: sara.SAsupp3.3cd65933-bcc4-4e9a-ae62-e9c48afdf238_AeroThermalHistory.txt
info: EVENT end 3cd65933-bcc4-4e9a-ae62-e9c48afdf238 0.000000
info: Adding 0 new fragments to fragmentList.
info: Starting propagation of Fragment with uniqueID 1bb09c4b-c061-4ba0-8900-1ee88609ede4.
info: EVENT area 1bb09c4b-c061-4ba0-8900-1ee88609ede4 0.032812
info: EVENT start 1bb09c4b-c061-4ba0-8900-1ee88609ede4 1.700000 0.032812 2016-11-06T18:35:35
info: Object 1bb09c4b-c061-4ba0-8900-1ee88609ede4 demised.
info: EVENT object 1bb09c4b-c061-4ba0-8900-1ee88609ede4 demise
info: Fragment 1bb09c4b-c061-4ba0-8900-1ee88609ede4 reached end of life because uncritical.
info: Object 1bb09c4b-c061-4ba0-8900-1ee88609ede4 reached end of life.
info: ObjectTrajectory Written: sara.SAsupp4.1bb09c4b-c061-4ba0-8900-1ee88609ede4_Trajectory.txt
info: GnuPlotGeneration::GenerateSingleObjectScript Wrote sara.SAsupp4.1bb09c4b-c061-4ba0-8900-1ee88609ede4.gnu
info: AeroThermalHistory Written: sara.SAsupp4.1bb09c4b-c061-4ba0-8900-1ee88609ede4_AeroThermalHistory.txt
info: EVENT end 1bb09c4b-c061-4ba0-8900-1ee88609ede4 0.000000
info: Adding 0 new fragments to fragmentList.
info: Starting propagation of Fragment with uniqueID 39749846-e097-4e76-b0de-6e1934ced5f0.
info: EVENT area 39749846-e097-4e76-b0de-6e1934ced5f0 0.032812
info: EVENT start 39749846-e097-4e76-b0de-6e1934ced5f0 1.700000 0.032812 2016-11-06T18:35:35
info: Object 39749846-e097-4e76-b0de-6e1934ced5f0 demised.
info: EVENT object 39749846-e097-4e76-b0de-6e1934ced5f0 demise
info: Fragment 39749846-e097-4e76-b0de-6e1934ced5f0 reached end of life because uncritical.
info: Object 39749846-e097-4e76-b0de-6e1934ced5f0 reached end of life.
info: ObjectTrajectory Written: sara.SAsupp5.39749846-e097-4e76-b0de-6e1934ced5f0_Trajectory.txt
info: GnuPlotGeneration::GenerateSingleObjectScript Wrote sara.SAsupp5.39749846-e097-4e76-b0de-6e1934ced5f0.gnu
info: AeroThermalHistory Written: sara.SAsupp5.39749846-e097-4e76-b0de-6e1934ced5f0_AeroThermalHistory.txt
info: EVENT end 39749846-e097-4e76-b0de-6e1934ced5f0 0.000000
info: Adding 0 new fragments to fragmentList.
info: Starting propagation of Fragment with uniqueID 1139e837-8fe7-4a02-a6b7-7be05f1d3a53.
info: EVENT area 1139e837-8fe7-4a02-a6b7-7be05f1d3a53 0.032812
info: EVENT start 1139e837-8fe7-4a02-a6b7-7be05f1d3a53 1.700000 0.032812 2016-11-06T18:35:35
info: Object 1139e837-8fe7-4a02-a6b7-7be05f1d3a53 demised.
info: EVENT object 1139e837-8fe7-4a02-a6b7-7be05f1d3a53 demise
info: Fragment 1139e837-8fe7-4a02-a6b7-7be05f1d3a53 reached end of life because uncritical.
info: Object 1139e837-8fe7-4a02-a6b7-7be05f1d3a53 reached end of life.
info: ObjectTrajectory Written: sara.SAsupp6.1139e837-8fe7-4a02-a6b7-7be05f1d3a53_Trajectory.txt
info: GnuPlotGeneration::GenerateSingleObjectScript Wrote sara.SAsupp6.1139e837-8fe7-4a02-a6b7-7be05f1d3a53.gnu
info: AeroThermalHistory Written: sara.SAsupp6.1139e837-8fe7-4a02-a6b7-7be05f1d3a53_AeroThermalHistory.txt
info: EVENT end 1139e837-8fe7-4a02-a6b7-7be05f1d3a53 0.000000
info: Adding 0 new fragments to fragmentList.
info: Starting propagation of Fragment with uniqueID 82a9c3bc-6493-40b4-aea1-a7997396f57c.
info: EVENT area 82a9c3bc-6493-40b4-aea1-a7997396f57c 0.032812
info: EVENT start 82a9c3bc-6493-40b4-aea1-a7997396f57c 1.700000 0.032812 2016-11-06T18:35:35
info: Object 82a9c3bc-6493-40b4-aea1-a7997396f57c demised.
info: EVENT object 82a9c3bc-6493-40b4-aea1-a7997396f57c demise
info: Fragment 82a9c3bc-6493-40b4-aea1-a7997396f57c reached end of life because uncritical.
info: Object 82a9c3bc-6493-40b4-aea1-a7997396f57c reached end of life.
info: ObjectTrajectory Written: sara.SAsupp7.82a9c3bc-6493-40b4-aea1-a7997396f57c_Trajectory.txt
info: GnuPlotGeneration::GenerateSingleObjectScript Wrote sara.SAsupp7.82a9c3bc-6493-40b4-aea1-a7997396f57c.gnu
info: AeroThermalHistory Written: sara.SAsupp7.82a9c3bc-6493-40b4-aea1-a7997396f57c_AeroThermalHistory.txt
info: EVENT end 82a9c3bc-6493-40b4-aea1-a7997396f57c 0.000000
info: Adding 0 new fragments to fragmentList.
info: Starting propagation of Fragment with uniqueID 34af697a-77e1-4fdc-93b8-9b7edeccbaaf.
info: EVENT area 34af697a-77e1-4fdc-93b8-9b7edeccbaaf 0.032812
info: EVENT start 34af697a-77e1-4fdc-93b8-9b7edeccbaaf 1.700000 0.032812 2016-11-06T18:35:35
info: Object 34af697a-77e1-4fdc-93b8-9b7edeccbaaf demised.
info: EVENT object 34af697a-77e1-4fdc-93b8-9b7edeccbaaf demise
info: Fragment 34af697a-77e1-4fdc-93b8-9b7edeccbaaf reached end of life because uncritical.
info: Object 34af697a-77e1-4fdc-93b8-9b7edeccbaaf reached end of life.
info: ObjectTrajectory Written: sara.SAsupp8.34af697a-77e1-4fdc-93b8-9b7edeccbaaf_Trajectory.txt
info: GnuPlotGeneration::GenerateSingleObjectScript Wrote sara.SAsupp8.34af697a-77e1-4fdc-93b8-9b7edeccbaaf.gnu
info: AeroThermalHistory Written: sara.SAsupp8.34af697a-77e1-4fdc-93b8-9b7edeccbaaf_AeroThermalHistory.txt
info: EVENT end 34af697a-77e1-4fdc-93b8-9b7edeccbaaf 0.000000
info: Adding 0 new fragments to fragmentList.
info: Starting propagation of Fragment with uniqueID c4c64e60-9830-4407-9f39-fb29e90abddc.
info: EVENT area c4c64e60-9830-4407-9f39-fb29e90abddc 0.032812
info: EVENT start c4c64e60-9830-4407-9f39-fb29e90abddc 1.700000 0.032812 2016-11-06T18:35:35
info: Object c4c64e60-9830-4407-9f39-fb29e90abddc demised.
info: EVENT object c4c64e60-9830-4407-9f39-fb29e90abddc demise
info: Fragment c4c64e60-9830-4407-9f39-fb29e90abddc reached end of life because uncritical.
info: Object c4c64e60-9830-4407-9f39-fb29e90abddc reached end of life.
info: ObjectTrajectory Written: sara.SAsupp9.c4c64e60-9830-4407-9f39-fb29e90abddc_Trajectory.txt
info: GnuPlotGeneration::GenerateSingleObjectScript Wrote sara.SAsupp9.c4c64e60-9830-4407-9f39-fb29e90abddc.gnu
info: AeroThermalHistory Written: sara.SAsupp9.c4c64e60-9830-4407-9f39-fb29e90abddc_AeroThermalHistory.txt
info: EVENT end c4c64e60-9830-4407-9f39-fb29e90abddc 0.000000
info: Adding 0 new fragments to fragmentList.
info: Starting propagation of Fragment with uniqueID a748a114-0bd6-4b09-9c66-730036cf0273.
info: EVENT area a748a114-0bd6-4b09-9c66-730036cf0273 0.032812
info: EVENT start a748a114-0bd6-4b09-9c66-730036cf0273 1.700000 0.032812 2016-11-06T18:35:35
info: Object a748a114-0bd6-4b09-9c66-730036cf0273 demised.
info: EVENT object a748a114-0bd6-4b09-9c66-730036cf0273 demise
info: Fragment a748a114-0bd6-4b09-9c66-730036cf0273 reached end of life because uncritical.
info: Object a748a114-0bd6-4b09-9c66-730036cf0273 reached end of life.
info: ObjectTrajectory Written: sara.SAsupp10.a748a114-0bd6-4b09-9c66-730036cf0273_Trajectory.txt
info: GnuPlotGeneration::GenerateSingleObjectScript Wrote sara.SAsupp10.a748a114-0bd6-4b09-9c66-730036cf0273.gnu
info: AeroThermalHistory Written: sara.SAsupp10.a748a114-0bd6-4b09-9c66-730036cf0273_AeroThermalHistory.txt
info: EVENT end a748a114-0bd6-4b09-9c66-730036cf0273 0.000000
info: Adding 0 new fragments to fragmentList.
info: Starting propagation of Fragment with uniqueID 5514313f-1f38-4432-820b-fca6c0a61cbb.
info: EVENT area 5514313f-1f38-4432-820b-fca6c0a61cbb 0.032812
info: EVENT start 5514313f-1f38-4432-820b-fca6c0a61cbb 1.700000 0.032812 2016-11-06T18:35:35
info: Object 5514313f-1f38-4432-820b-fca6c0a61cbb demised.
info: EVENT object 5514313f-1f38-4432-820b-fca6c0a61cbb demise
info: Fragment 5514313f-1f38-4432-820b-fca6c0a61cbb reached end of life because uncritical.
info: Object 5514313f-1f38-4432-820b-fca6c0a61cbb reached end of life.
info: ObjectTrajectory Written: sara.SAsupp11.5514313f-1f38-4432-820b-fca6c0a61cbb_Trajectory.txt
info: GnuPlotGeneration::GenerateSingleObjectScript Wrote sara.SAsupp11.5514313f-1f38-4432-820b-fca6c0a61cbb.gnu
info: AeroThermalHistory Written: sara.SAsupp11.5514313f-1f38-4432-820b-fca6c0a61cbb_AeroThermalHistory.txt
info: EVENT end 5514313f-1f38-4432-820b-fca6c0a61cbb 0.000000
info: Adding 0 new fragments to fragmentList.
info: Starting propagation of Fragment with uniqueID d1f2759f-ad69-4ebf-b09f-811bd8e7c78b.
info: EVENT area d1f2759f-ad69-4ebf-b09f-811bd8e7c78b 0.032812
info: EVENT start d1f2759f-ad69-4ebf-b09f-811bd8e7c78b 1.700000 0.032812 2016-11-06T18:35:35
info: Object d1f2759f-ad69-4ebf-b09f-811bd8e7c78b demised.
info: EVENT object d1f2759f-ad69-4ebf-b09f-811bd8e7c78b demise
info: Fragment d1f2759f-ad69-4ebf-b09f-811bd8e7c78b reached end of life because uncritical.
info: Object d1f2759f-ad69-4ebf-b09f-811bd8e7c78b reached end of life.
info: ObjectTrajectory Written: sara.SAsupp12.d1f2759f-ad69-4ebf-b09f-811bd8e7c78b_Trajectory.txt
info: GnuPlotGeneration::GenerateSingleObjectScript Wrote sara.SAsupp12.d1f2759f-ad69-4ebf-b09f-811bd8e7c78b.gnu
info: AeroThermalHistory Written: sara.SAsupp12.d1f2759f-ad69-4ebf-b09f-811bd8e7c78b_AeroThermalHistory.txt
info: EVENT end d1f2759f-ad69-4ebf-b09f-811bd8e7c78b 0.000000
info: Adding 0 new fragments to fragmentList.
info: Starting propagation of Fragment with uniqueID 803466b8-4d34-45ca-a949-95be2cbeeca4.
info: EVENT area 803466b8-4d34-45ca-a949-95be2cbeeca4 2.391380
info: EVENT start 803466b8-4d34-45ca-a949-95be2cbeeca4 132.000000 2.391380 2016-11-06T18:35:35
info: Fragment 803466b8-4d34-45ca-a949-95be2cbeeca4 reached end of life because of ground impact.
info: Object 803466b8-4d34-45ca-a949-95be2cbeeca4 reached end of life.
info: EVENT fragment 803466b8-4d34-45ca-a949-95be2cbeeca4 impact
info: ObjectTrajectory Written: sara.CentCone.803466b8-4d34-45ca-a949-95be2cbeeca4_Trajectory.txt
info: GnuPlotGeneration::GenerateSingleObjectScript Wrote sara.CentCone.803466b8-4d34-45ca-a949-95be2cbeeca4.gnu
info: AeroThermalHistory Written: sara.CentCone.803466b8-4d34-45ca-a949-95be2cbeeca4_AeroThermalHistory.txt
info: EVENT end 803466b8-4d34-45ca-a949-95be2cbeeca4 122.160209
info: Adding 0 new fragments to fragmentList.
info: Starting propagation of Fragment with uniqueID 2afd9118-73c5-4eb7-b615-abb3049cce51.
info: EVENT area 2afd9118-73c5-4eb7-b615-abb3049cce51 0.408587
info: EVENT start 2afd9118-73c5-4eb7-b615-abb3049cce51 3.600000 0.408587 2016-11-06T18:35:35
info: Object 2afd9118-73c5-4eb7-b615-abb3049cce51 demised.
info: EVENT object 2afd9118-73c5-4eb7-b615-abb3049cce51 demise
info: Fragment 2afd9118-73c5-4eb7-b615-abb3049cce51 reached end of life because uncritical.
info: Object 2afd9118-73c5-4eb7-b615-abb3049cce51 reached end of life.
info: ObjectTrajectory Written: sara.Ribpanel1.2afd9118-73c5-4eb7-b615-abb3049cce51_Trajectory.txt
info: GnuPlotGeneration::GenerateSingleObjectScript Wrote sara.Ribpanel1.2afd9118-73c5-4eb7-b615-abb3049cce51.gnu
info: AeroThermalHistory Written: sara.Ribpanel1.2afd9118-73c5-4eb7-b615-abb3049cce51_AeroThermalHistory.txt
info: EVENT end 2afd9118-73c5-4eb7-b615-abb3049cce51 0.000000
info: Adding 0 new fragments to fragmentList.
info: Starting propagation of Fragment with uniqueID e301daf6-984d-4020-b332-fc6d013ef4e7.
info: EVENT area e301daf6-984d-4020-b332-fc6d013ef4e7 0.408587
info: EVENT start e301daf6-984d-4020-b332-fc6d013ef4e7 3.600000 0.408587 2016-11-06T18:35:35
info: Object e301daf6-984d-4020-b332-fc6d013ef4e7 demised.
info: EVENT object e301daf6-984d-4020-b332-fc6d013ef4e7 demise
info: Fragment e301daf6-984d-4020-b332-fc6d013ef4e7 reached end of life because uncritical.
info: Object e301daf6-984d-4020-b332-fc6d013ef4e7 reached end of life.
info: ObjectTrajectory Written: sara.Ribpanel2.e301daf6-984d-4020-b332-fc6d013ef4e7_Trajectory.txt
info: GnuPlotGeneration::GenerateSingleObjectScript Wrote sara.Ribpanel2.e301daf6-984d-4020-b332-fc6d013ef4e7.gnu
info: AeroThermalHistory Written: sara.Ribpanel2.e301daf6-984d-4020-b332-fc6d013ef4e7_AeroThermalHistory.txt
info: EVENT end e301daf6-984d-4020-b332-fc6d013ef4e7 0.000000
info: Adding 0 new fragments to fragmentList.
info: Starting propagation of Fragment with uniqueID f2f7d933-69ea-453b-9b26-741165e6ac9c.
info: EVENT area f2f7d933-69ea-453b-9b26-741165e6ac9c 0.408587
info: EVENT start f2f7d933-69ea-453b-9b26-741165e6ac9c 3.600000 0.408587 2016-11-06T18:35:35
info: Object f2f7d933-69ea-453b-9b26-741165e6ac9c demised.
info: EVENT object f2f7d933-69ea-453b-9b26-741165e6ac9c demise
info: Fragment f2f7d933-69ea-453b-9b26-741165e6ac9c reached end of life because uncritical.
info: Object f2f7d933-69ea-453b-9b26-741165e6ac9c reached end of life.
info: ObjectTrajectory Written: sara.Ribpanel3.f2f7d933-69ea-453b-9b26-741165e6ac9c_Trajectory.txt
info: GnuPlotGeneration::GenerateSingleObjectScript Wrote sara.Ribpanel3.f2f7d933-69ea-453b-9b26-741165e6ac9c.gnu
info: AeroThermalHistory Written: sara.Ribpanel3.f2f7d933-69ea-453b-9b26-741165e6ac9c_AeroThermalHistory.txt
info: EVENT end f2f7d933-69ea-453b-9b26-741165e6ac9c 0.000000
info: Adding 0 new fragments to fragmentList.
info: Starting propagation of Fragment with uniqueID 73442745-d90c-4efb-8b10-a300252b6cfe.
info: EVENT area 73442745-d90c-4efb-8b10-a300252b6cfe 0.408587
info: EVENT start 73442745-d90c-4efb-8b10-a300252b6cfe 3.600000 0.408587 2016-11-06T18:35:35
info: Object 73442745-d90c-4efb-8b10-a300252b6cfe demised.
info: EVENT object 73442745-d90c-4efb-8b10-a300252b6cfe demise
info: Fragment 73442745-d90c-4efb-8b10-a300252b6cfe reached end of life because uncritical.
info: Object 73442745-d90c-4efb-8b10-a300252b6cfe reached end of life.
info: ObjectTrajectory Written: sara.Ribpanel4.73442745-d90c-4efb-8b10-a300252b6cfe_Trajectory.txt
info: GnuPlotGeneration::GenerateSingleObjectScript Wrote sara.Ribpanel4.73442745-d90c-4efb-8b10-a300252b6cfe.gnu
info: AeroThermalHistory Written: sara.Ribpanel4.73442745-d90c-4efb-8b10-a300252b6cfe_AeroThermalHistory.txt
info: EVENT end 73442745-d90c-4efb-8b10-a300252b6cfe 0.000000
info: Adding 0 new fragments to fragmentList.
info: Starting propagation of Fragment with uniqueID 2d1ff1e5-d89d-41ec-9b30-c8806caa1207.
info: EVENT area 2d1ff1e5-d89d-41ec-9b30-c8806caa1207 0.408587
info: EVENT start 2d1ff1e5-d89d-41ec-9b30-c8806caa1207 3.600000 0.408587 2016-11-06T18:35:35
info: Object 2d1ff1e5-d89d-41ec-9b30-c8806caa1207 demised.
info: EVENT object 2d1ff1e5-d89d-41ec-9b30-c8806caa1207 demise
info: Fragment 2d1ff1e5-d89d-41ec-9b30-c8806caa1207 reached end of life because uncritical.
info: Object 2d1ff1e5-d89d-41ec-9b30-c8806caa1207 reached end of life.
info: ObjectTrajectory Written: sara.Ribpanel5.2d1ff1e5-d89d-41ec-9b30-c8806caa1207_Trajectory.txt
info: GnuPlotGeneration::GenerateSingleObjectScript Wrote sara.Ribpanel5.2d1ff1e5-d89d-41ec-9b30-c8806caa1207.gnu
info: AeroThermalHistory Written: sara.Ribpanel5.2d1ff1e5-d89d-41ec-9b30-c8806caa1207_AeroThermalHistory.txt
info: EVENT end 2d1ff1e5-d89d-41ec-9b30-c8806caa1207 0.000000
info: Adding 0 new fragments to fragmentList.
info: Starting propagation of Fragment with uniqueID 7f59d1ba-8c20-48f8-822b-0987db6bca9c.
info: EVENT area 7f59d1ba-8c20-48f8-822b-0987db6bca9c 1.453600
info: EVENT start 7f59d1ba-8c20-48f8-822b-0987db6bca9c 91.000000 1.453600 2016-11-06T18:35:35
info: Fragment 7f59d1ba-8c20-48f8-822b-0987db6bca9c reached end of life because of ground impact.
info: Object 7f59d1ba-8c20-48f8-822b-0987db6bca9c reached end of life.
info: EVENT fragment 7f59d1ba-8c20-48f8-822b-0987db6bca9c impact
info: ObjectTrajectory Written: sara.BatFloor.7f59d1ba-8c20-48f8-822b-0987db6bca9c_Trajectory.txt
info: GnuPlotGeneration::GenerateSingleObjectScript Wrote sara.BatFloor.7f59d1ba-8c20-48f8-822b-0987db6bca9c.gnu
info: AeroThermalHistory Written: sara.BatFloor.7f59d1ba-8c20-48f8-822b-0987db6bca9c_AeroThermalHistory.txt
info: EVENT end 7f59d1ba-8c20-48f8-822b-0987db6bca9c 12.614556
info: Adding 0 new fragments to fragmentList.
info: Starting propagation of Fragment with uniqueID 90350550-8915-4d5e-b55c-e9e1debb8f7f.
info: EVENT area 90350550-8915-4d5e-b55c-e9e1debb8f7f 0.905721
info: EVENT start 90350550-8915-4d5e-b55c-e9e1debb8f7f 25.350000 0.905721 2016-11-06T18:35:35
info: Object 90350550-8915-4d5e-b55c-e9e1debb8f7f reached end of life because of ballooning.
info: EVENT object 90350550-8915-4d5e-b55c-e9e1debb8f7f balloon
info: Object 90350550-8915-4d5e-b55c-e9e1debb8f7f reached end of life.
info: ObjectTrajectory Written: sara.IntRing.90350550-8915-4d5e-b55c-e9e1debb8f7f_Trajectory.txt
info: GnuPlotGeneration::GenerateSingleObjectScript Wrote sara.IntRing.90350550-8915-4d5e-b55c-e9e1debb8f7f.gnu
info: AeroThermalHistory Written: sara.IntRing.90350550-8915-4d5e-b55c-e9e1debb8f7f_AeroThermalHistory.txt
info: EVENT end 90350550-8915-4d5e-b55c-e9e1debb8f7f 0.183461
info: Adding 0 new fragments to fragmentList.
info: Starting propagation of Fragment with uniqueID 8973f917-99c6-4f74-9548-8e41755684bf.
info: EVENT area 8973f917-99c6-4f74-9548-8e41755684bf 0.675403
info: EVENT start 8973f917-99c6-4f74-9548-8e41755684bf 45.000000 0.675403 2016-11-06T18:35:35
info: Fragment 8973f917-99c6-4f74-9548-8e41755684bf reached end of life because of ground impact.
info: Object 8973f917-99c6-4f74-9548-8e41755684bf reached end of life.
info: EVENT fragment 8973f917-99c6-4f74-9548-8e41755684bf impact
info: ObjectTrajectory Written: sara.PropStr.8973f917-99c6-4f74-9548-8e41755684bf_Trajectory.txt
info: GnuPlotGeneration::GenerateSingleObjectScript Wrote sara.PropStr.8973f917-99c6-4f74-9548-8e41755684bf.gnu
info: AeroThermalHistory Written: sara.PropStr.8973f917-99c6-4f74-9548-8e41755684bf_AeroThermalHistory.txt
info: EVENT end 8973f917-99c6-4f74-9548-8e41755684bf 1.110186
info: Adding 0 new fragments to fragmentList.
info: Starting propagation of Fragment with uniqueID 2077e753-66d3-4062-a24a-191209e524a2.
info: EVENT area 2077e753-66d3-4062-a24a-191209e524a2 0.431969
info: EVENT start 2077e753-66d3-4062-a24a-191209e524a2 56.000000 0.431969 2016-11-06T18:35:35
info: Fragment 2077e753-66d3-4062-a24a-191209e524a2 reached end of life because of ground impact.
info: Object 2077e753-66d3-4062-a24a-191209e524a2 reached end of life.
info: EVENT fragment 2077e753-66d3-4062-a24a-191209e524a2 impact
info: ObjectTrajectory Written: sara.Tank1.2077e753-66d3-4062-a24a-191209e524a2_Trajectory.txt
info: GnuPlotGeneration::GenerateSingleObjectScript Wrote sara.Tank1.2077e753-66d3-4062-a24a-191209e524a2.gnu
info: AeroThermalHistory Written: sara.Tank1.2077e753-66d3-4062-a24a-191209e524a2_AeroThermalHistory.txt
info: EVENT end 2077e753-66d3-4062-a24a-191209e524a2 56.000000
info: Adding 0 new fragments to fragmentList.
info: Starting propagation of Fragment with uniqueID 9ab566e6-cbfa-4650-9499-20d42b908d4b.
info: EVENT area 9ab566e6-cbfa-4650-9499-20d42b908d4b 0.431969
info: EVENT start 9ab566e6-cbfa-4650-9499-20d42b908d4b 56.000000 0.431969 2016-11-06T18:35:35
info: Fragment 9ab566e6-cbfa-4650-9499-20d42b908d4b reached end of life because of ground impact.
info: Object 9ab566e6-cbfa-4650-9499-20d42b908d4b reached end of life.
info: EVENT fragment 9ab566e6-cbfa-4650-9499-20d42b908d4b impact
info: ObjectTrajectory Written: sara.Tank2.9ab566e6-cbfa-4650-9499-20d42b908d4b_Trajectory.txt
info: GnuPlotGeneration::GenerateSingleObjectScript Wrote sara.Tank2.9ab566e6-cbfa-4650-9499-20d42b908d4b.gnu
info: AeroThermalHistory Written: sara.Tank2.9ab566e6-cbfa-4650-9499-20d42b908d4b_AeroThermalHistory.txt
info: EVENT end 9ab566e6-cbfa-4650-9499-20d42b908d4b 56.000000
info: Adding 0 new fragments to fragmentList.
info: Starting propagation of Fragment with uniqueID 5d20f362-2aeb-42cd-82b8-eb160b897dfc.
info: EVENT area 5d20f362-2aeb-42cd-82b8-eb160b897dfc 0.431969
info: EVENT start 5d20f362-2aeb-42cd-82b8-eb160b897dfc 56.000000 0.431969 2016-11-06T18:35:35
info: Fragment 5d20f362-2aeb-42cd-82b8-eb160b897dfc reached end of life because of ground impact.
info: Object 5d20f362-2aeb-42cd-82b8-eb160b897dfc reached end of life.
info: EVENT fragment 5d20f362-2aeb-42cd-82b8-eb160b897dfc impact
info: ObjectTrajectory Written: sara.Tank3.5d20f362-2aeb-42cd-82b8-eb160b897dfc_Trajectory.txt
info: GnuPlotGeneration::GenerateSingleObjectScript Wrote sara.Tank3.5d20f362-2aeb-42cd-82b8-eb160b897dfc.gnu
info: AeroThermalHistory Written: sara.Tank3.5d20f362-2aeb-42cd-82b8-eb160b897dfc_AeroThermalHistory.txt
info: EVENT end 5d20f362-2aeb-42cd-82b8-eb160b897dfc 56.000000
info: Adding 0 new fragments to fragmentList.
info: Starting propagation of Fragment with uniqueID 49f93873-d051-4fd8-bdbd-ed12c1f5b90a.
info: EVENT area 49f93873-d051-4fd8-bdbd-ed12c1f5b90a 0.431969
info: EVENT start 49f93873-d051-4fd8-bdbd-ed12c1f5b90a 56.000000 0.431969 2016-11-06T18:35:35
info: Fragment 49f93873-d051-4fd8-bdbd-ed12c1f5b90a reached end of life because of ground impact.
info: Object 49f93873-d051-4fd8-bdbd-ed12c1f5b90a reached end of life.
info: EVENT fragment 49f93873-d051-4fd8-bdbd-ed12c1f5b90a impact
info: ObjectTrajectory Written: sara.Tank4.49f93873-d051-4fd8-bdbd-ed12c1f5b90a_Trajectory.txt
info: GnuPlotGeneration::GenerateSingleObjectScript Wrote sara.Tank4.49f93873-d051-4fd8-bdbd-ed12c1f5b90a.gnu
info: AeroThermalHistory Written: sara.Tank4.49f93873-d051-4fd8-bdbd-ed12c1f5b90a_AeroThermalHistory.txt
info: EVENT end 49f93873-d051-4fd8-bdbd-ed12c1f5b90a 56.000000
info: Adding 0 new fragments to fragmentList.
info: Starting propagation of Fragment with uniqueID dbc90029-7fb7-49aa-9c6b-6640ca879b06.
info: EVENT area dbc90029-7fb7-49aa-9c6b-6640ca879b06 0.015000
info: EVENT start dbc90029-7fb7-49aa-9c6b-6640ca879b06 1.000000 0.015000 2016-11-06T18:35:35
info: Fragment dbc90029-7fb7-49aa-9c6b-6640ca879b06 reached end of life because of ground impact.
info: Object dbc90029-7fb7-49aa-9c6b-6640ca879b06 reached end of life.
info: EVENT fragment dbc90029-7fb7-49aa-9c6b-6640ca879b06 impact
info: ObjectTrajectory Written: sara.ValvTran1.dbc90029-7fb7-49aa-9c6b-6640ca879b06_Trajectory.txt
info: GnuPlotGeneration::GenerateSingleObjectScript Wrote sara.ValvTran1.dbc90029-7fb7-49aa-9c6b-6640ca879b06.gnu
info: AeroThermalHistory Written: sara.ValvTran1.dbc90029-7fb7-49aa-9c6b-6640ca879b06_AeroThermalHistory.txt
info: EVENT end dbc90029-7fb7-49aa-9c6b-6640ca879b06 0.209235
info: Adding 0 new fragments to fragmentList.
info: Starting propagation of Fragment with uniqueID 1fd2e6b7-29ae-4934-985d-88f9dc6ab417.
info: EVENT area 1fd2e6b7-29ae-4934-985d-88f9dc6ab417 0.015000
info: EVENT start 1fd2e6b7-29ae-4934-985d-88f9dc6ab417 1.000000 0.015000 2016-11-06T18:35:35
info: Fragment 1fd2e6b7-29ae-4934-985d-88f9dc6ab417 reached end of life because of ground impact.
info: Object 1fd2e6b7-29ae-4934-985d-88f9dc6ab417 reached end of life.
info: EVENT fragment 1fd2e6b7-29ae-4934-985d-88f9dc6ab417 impact
info: ObjectTrajectory Written: sara.ValvTran2.1fd2e6b7-29ae-4934-985d-88f9dc6ab417_Trajectory.txt
info: GnuPlotGeneration::GenerateSingleObjectScript Wrote sara.ValvTran2.1fd2e6b7-29ae-4934-985d-88f9dc6ab417.gnu
info: AeroThermalHistory Written: sara.ValvTran2.1fd2e6b7-29ae-4934-985d-88f9dc6ab417_AeroThermalHistory.txt
info: EVENT end 1fd2e6b7-29ae-4934-985d-88f9dc6ab417 0.209235
info: Adding 0 new fragments to fragmentList.
info: Starting propagation of Fragment with uniqueID 9e2e3edd-c6ff-4395-b236-f1397d754673.
info: EVENT area 9e2e3edd-c6ff-4395-b236-f1397d754673 0.015000
info: EVENT start 9e2e3edd-c6ff-4395-b236-f1397d754673 1.000000 0.015000 2016-11-06T18:35:35
info: Fragment 9e2e3edd-c6ff-4395-b236-f1397d754673 reached end of life because of ground impact.
info: Object 9e2e3edd-c6ff-4395-b236-f1397d754673 reached end of life.
info: EVENT fragment 9e2e3edd-c6ff-4395-b236-f1397d754673 impact
info: ObjectTrajectory Written: sara.ValvTran3.9e2e3edd-c6ff-4395-b236-f1397d754673_Trajectory.txt
info: GnuPlotGeneration::GenerateSingleObjectScript Wrote sara.ValvTran3.9e2e3edd-c6ff-4395-b236-f1397d754673.gnu
info: AeroThermalHistory Written: sara.ValvTran3.9e2e3edd-c6ff-4395-b236-f1397d754673_AeroThermalHistory.txt
info: EVENT end 9e2e3edd-c6ff-4395-b236-f1397d754673 0.209235
info: Adding 0 new fragments to fragmentList.
info: Starting propagation of Fragment with uniqueID 8929815f-822b-4be9-a995-02edede00917.
info: EVENT area 8929815f-822b-4be9-a995-02edede00917 0.015000
info: EVENT start 8929815f-822b-4be9-a995-02edede00917 1.000000 0.015000 2016-11-06T18:35:35
info: Fragment 8929815f-822b-4be9-a995-02edede00917 reached end of life because of ground impact.
info: Object 8929815f-822b-4be9-a995-02edede00917 reached end of life.
info: EVENT fragment 8929815f-822b-4be9-a995-02edede00917 impact
info: ObjectTrajectory Written: sara.ValvTran4.8929815f-822b-4be9-a995-02edede00917_Trajectory.txt
info: GnuPlotGeneration::GenerateSingleObjectScript Wrote sara.ValvTran4.8929815f-822b-4be9-a995-02edede00917.gnu
info: AeroThermalHistory Written: sara.ValvTran4.8929815f-822b-4be9-a995-02edede00917_AeroThermalHistory.txt
info: EVENT end 8929815f-822b-4be9-a995-02edede00917 0.209235
info: Adding 0 new fragments to fragmentList.
info: Starting propagation of Fragment with uniqueID 626d0e11-4b55-4e37-bc90-779c9e0c7a9d.
info: EVENT area 626d0e11-4b55-4e37-bc90-779c9e0c7a9d 0.015000
info: EVENT start 626d0e11-4b55-4e37-bc90-779c9e0c7a9d 1.000000 0.015000 2016-11-06T18:35:35
info: Fragment 626d0e11-4b55-4e37-bc90-779c9e0c7a9d reached end of life because of ground impact.
info: Object 626d0e11-4b55-4e37-bc90-779c9e0c7a9d reached end of life.
info: EVENT fragment 626d0e11-4b55-4e37-bc90-779c9e0c7a9d impact
info: ObjectTrajectory Written: sara.ValvTran5.626d0e11-4b55-4e37-bc90-779c9e0c7a9d_Trajectory.txt
info: GnuPlotGeneration::GenerateSingleObjectScript Wrote sara.ValvTran5.626d0e11-4b55-4e37-bc90-779c9e0c7a9d.gnu
info: AeroThermalHistory Written: sara.ValvTran5.626d0e11-4b55-4e37-bc90-779c9e0c7a9d_AeroThermalHistory.txt
info: EVENT end 626d0e11-4b55-4e37-bc90-779c9e0c7a9d 0.209235
info: Adding 0 new fragments to fragmentList.
info: Starting propagation of Fragment with uniqueID 2e574385-7874-4a09-8f1b-ce1803491a4e.
info: EVENT area 2e574385-7874-4a09-8f1b-ce1803491a4e 0.015000
info: EVENT start 2e574385-7874-4a09-8f1b-ce1803491a4e 1.000000 0.015000 2016-11-06T18:35:35
info: Fragment 2e574385-7874-4a09-8f1b-ce1803491a4e reached end of life because of ground impact.
info: Object 2e574385-7874-4a09-8f1b-ce1803491a4e reached end of life.
info: EVENT fragment 2e574385-7874-4a09-8f1b-ce1803491a4e impact
info: ObjectTrajectory Written: sara.ValvTran6.2e574385-7874-4a09-8f1b-ce1803491a4e_Trajectory.txt
info: GnuPlotGeneration::GenerateSingleObjectScript Wrote sara.ValvTran6.2e574385-7874-4a09-8f1b-ce1803491a4e.gnu
info: AeroThermalHistory Written: sara.ValvTran6.2e574385-7874-4a09-8f1b-ce1803491a4e_AeroThermalHistory.txt
info: EVENT end 2e574385-7874-4a09-8f1b-ce1803491a4e 0.209235
info: Adding 0 new fragments to fragmentList.
info: Starting propagation of Fragment with uniqueID 7b197b99-20c6-4ffb-82a9-695090eacd9d.
info: EVENT area 7b197b99-20c6-4ffb-82a9-695090eacd9d 0.129847
info: EVENT start 7b197b99-20c6-4ffb-82a9-695090eacd9d 48.000000 0.129847 2016-11-06T18:35:35
info: Object 7b197b99-20c6-4ffb-82a9-695090eacd9d demised.
info: EVENT object 7b197b99-20c6-4ffb-82a9-695090eacd9d demise
info: Object 7b197b99-20c6-4ffb-82a9-695090eacd9d reached end of life.
info: ObjectTrajectory Written: sara.Battery1.7b197b99-20c6-4ffb-82a9-695090eacd9d_Trajectory.txt
info: GnuPlotGeneration::GenerateSingleObjectScript Wrote sara.Battery1.7b197b99-20c6-4ffb-82a9-695090eacd9d.gnu
info: AeroThermalHistory Written: sara.Battery1.7b197b99-20c6-4ffb-82a9-695090eacd9d_AeroThermalHistory.txt
info: EVENT end 7b197b99-20c6-4ffb-82a9-695090eacd9d 38.260000
info: Adding 1 new fragments to fragmentList.
info: Starting propagation of Fragment with uniqueID e3fbdc10-7494-49e4-884a-2f3ded98e300.
info: EVENT area e3fbdc10-7494-49e4-884a-2f3ded98e300 0.129847
info: EVENT start e3fbdc10-7494-49e4-884a-2f3ded98e300 48.000000 0.129847 2016-11-06T18:35:35
info: Object e3fbdc10-7494-49e4-884a-2f3ded98e300 demised.
info: EVENT object e3fbdc10-7494-49e4-884a-2f3ded98e300 demise
info: Object e3fbdc10-7494-49e4-884a-2f3ded98e300 reached end of life.
info: ObjectTrajectory Written: sara.Battery2.e3fbdc10-7494-49e4-884a-2f3ded98e300_Trajectory.txt
info: GnuPlotGeneration::GenerateSingleObjectScript Wrote sara.Battery2.e3fbdc10-7494-49e4-884a-2f3ded98e300.gnu
info: AeroThermalHistory Written: sara.Battery2.e3fbdc10-7494-49e4-884a-2f3ded98e300_AeroThermalHistory.txt
info: EVENT end e3fbdc10-7494-49e4-884a-2f3ded98e300 38.260000
info: Adding 1 new fragments to fragmentList.
info: Starting propagation of Fragment with uniqueID e813dbdf-3048-4bd2-9678-4312889d58fe.
info: EVENT area e813dbdf-3048-4bd2-9678-4312889d58fe 0.129847
info: EVENT start e813dbdf-3048-4bd2-9678-4312889d58fe 48.000000 0.129847 2016-11-06T18:35:35
info: Object e813dbdf-3048-4bd2-9678-4312889d58fe demised.
info: EVENT object e813dbdf-3048-4bd2-9678-4312889d58fe demise
info: Object e813dbdf-3048-4bd2-9678-4312889d58fe reached end of life.
info: ObjectTrajectory Written: sara.Battery3.e813dbdf-3048-4bd2-9678-4312889d58fe_Trajectory.txt
info: GnuPlotGeneration::GenerateSingleObjectScript Wrote sara.Battery3.e813dbdf-3048-4bd2-9678-4312889d58fe.gnu
info: AeroThermalHistory Written: sara.Battery3.e813dbdf-3048-4bd2-9678-4312889d58fe_AeroThermalHistory.txt
info: EVENT end e813dbdf-3048-4bd2-9678-4312889d58fe 38.260000
info: Adding 1 new fragments to fragmentList.
info: Starting propagation of Fragment with uniqueID 47883bf6-dd97-4ab2-bcb1-a794ee346539.
info: EVENT area 47883bf6-dd97-4ab2-bcb1-a794ee346539 0.129847
info: EVENT start 47883bf6-dd97-4ab2-bcb1-a794ee346539 48.000000 0.129847 2016-11-06T18:35:35
info: Object 47883bf6-dd97-4ab2-bcb1-a794ee346539 demised.
info: EVENT object 47883bf6-dd97-4ab2-bcb1-a794ee346539 demise
info: Object 47883bf6-dd97-4ab2-bcb1-a794ee346539 reached end of life.
info: ObjectTrajectory Written: sara.Battery4.47883bf6-dd97-4ab2-bcb1-a794ee346539_Trajectory.txt
info: GnuPlotGeneration::GenerateSingleObjectScript Wrote sara.Battery4.47883bf6-dd97-4ab2-bcb1-a794ee346539.gnu
info: AeroThermalHistory Written: sara.Battery4.47883bf6-dd97-4ab2-bcb1-a794ee346539_AeroThermalHistory.txt
info: EVENT end 47883bf6-dd97-4ab2-bcb1-a794ee346539 38.260000
info: Adding 1 new fragments to fragmentList.
info: Starting propagation of Fragment with uniqueID 94bd48c4-b524-41c6-b291-026fc5402459.
info: EVENT area 94bd48c4-b524-41c6-b291-026fc5402459 0.129847
info: EVENT start 94bd48c4-b524-41c6-b291-026fc5402459 48.000000 0.129847 2016-11-06T18:35:35
info: Object 94bd48c4-b524-41c6-b291-026fc5402459 demised.
info: EVENT object 94bd48c4-b524-41c6-b291-026fc5402459 demise
info: Object 94bd48c4-b524-41c6-b291-026fc5402459 reached end of life.
info: ObjectTrajectory Written: sara.Battery5.94bd48c4-b524-41c6-b291-026fc5402459_Trajectory.txt
info: GnuPlotGeneration::GenerateSingleObjectScript Wrote sara.Battery5.94bd48c4-b524-41c6-b291-026fc5402459.gnu
info: AeroThermalHistory Written: sara.Battery5.94bd48c4-b524-41c6-b291-026fc5402459_AeroThermalHistory.txt
info: EVENT end 94bd48c4-b524-41c6-b291-026fc5402459 38.260000
info: Adding 1 new fragments to fragmentList.
info: Starting propagation of Fragment with uniqueID 13288536868984691673.
info: Using data read from file /Users/jeannelonglune/default/SARA/VOXELCASH/ShadingFactorMatrix_10390570663416379761.nc
info: EVENT area 0ddd76e5-66e3-4ed3-89f1-f345cea9c803 0.613732 3.622885 0.677617
info: EVENT area 49858cb8-d8fb-4c9b-82b6-4699f85b8dcf 4.359924 18.025000 0.967528
info: EVENT start 13288536868984691673 1250.650000 4.973656 2016-11-06T18:35:35
info: Object 0ddd76e5-66e3-4ed3-89f1-f345cea9c803 demised.
info: EVENT object 0ddd76e5-66e3-4ed3-89f1-f345cea9c803 demise
info: Object 0ddd76e5-66e3-4ed3-89f1-f345cea9c803 reached end of life.
info: Compound 13288536868984691673 reached end of life because object 0ddd76e5-66e3-4ed3-89f1-f345cea9c803 reached end of life.
info: ObjectTrajectory Written: sara.Compound_of-IFring-PLM.13288536868984691673_Trajectory.txt
info: GnuPlotGeneration::GenerateSingleObjectScript Wrote sara.Compound_of-IFring-PLM.13288536868984691673.gnu
info: AeroThermalHistory Written: sara.IFring.13288536868984691673_0ddd76e5-66e3-4ed3-89f1-f345cea9c803_AeroThermalHistory.txt
info: AeroThermalHistory Written: sara.PLM.13288536868984691673_49858cb8-d8fb-4c9b-82b6-4699f85b8dcf_AeroThermalHistory.txt
info: EVENT end 13288536868984691673 1189.452622
info: Object 0ddd76e5-66e3-4ed3-89f1-f345cea9c803 reached end of life.
info: Dropping Connection between 0ddd76e5-66e3-4ed3-89f1-f345cea9c803 and 49858cb8-d8fb-4c9b-82b6-4699f85b8dcf because 0ddd76e5-66e3-4ed3-89f1-f345cea9c803 demised.
info: Adding 1 new fragments to fragmentList.
info: Starting propagation of Fragment with uniqueID 7390f3ec-208d-4a38-aa7a-e203f648538b.
info: EVENT area 7390f3ec-208d-4a38-aa7a-e203f648538b 0.323854
info: EVENT start 7390f3ec-208d-4a38-aa7a-e203f648538b 20.370000 0.323854 2016-11-06T18:38:05
info: Object 7390f3ec-208d-4a38-aa7a-e203f648538b demised.
info: EVENT object 7390f3ec-208d-4a38-aa7a-e203f648538b demise
info: Fragment 7390f3ec-208d-4a38-aa7a-e203f648538b reached end of life because uncritical.
info: Object 7390f3ec-208d-4a38-aa7a-e203f648538b reached end of life.
info: ObjectTrajectory Written: sara.RSJD-Internal.7390f3ec-208d-4a38-aa7a-e203f648538b_Trajectory.txt
info: GnuPlotGeneration::GenerateSingleObjectScript Wrote sara.RSJD-Internal.7390f3ec-208d-4a38-aa7a-e203f648538b.gnu
info: AeroThermalHistory Written: sara.RSJD-Internal.7390f3ec-208d-4a38-aa7a-e203f648538b_AeroThermalHistory.txt
info: EVENT end 7390f3ec-208d-4a38-aa7a-e203f648538b 0.000000
info: Adding 0 new fragments to fragmentList.
info: Starting propagation of Fragment with uniqueID 32c03fa3-4d0d-4221-b830-9f6c97bbc5c3.
info: EVENT area 32c03fa3-4d0d-4221-b830-9f6c97bbc5c3 0.227316
info: EVENT start 32c03fa3-4d0d-4221-b830-9f6c97bbc5c3 12.670000 0.227316 2016-11-06T18:37:55
info: Object 32c03fa3-4d0d-4221-b830-9f6c97bbc5c3 demised.
info: EVENT object 32c03fa3-4d0d-4221-b830-9f6c97bbc5c3 demise
info: Fragment 32c03fa3-4d0d-4221-b830-9f6c97bbc5c3 reached end of life because uncritical.
info: Object 32c03fa3-4d0d-4221-b830-9f6c97bbc5c3 reached end of life.
info: ObjectTrajectory Written: sara.EIU-Internal.32c03fa3-4d0d-4221-b830-9f6c97bbc5c3_Trajectory.txt
info: GnuPlotGeneration::GenerateSingleObjectScript Wrote sara.EIU-Internal.32c03fa3-4d0d-4221-b830-9f6c97bbc5c3.gnu
info: AeroThermalHistory Written: sara.EIU-Internal.32c03fa3-4d0d-4221-b830-9f6c97bbc5c3_AeroThermalHistory.txt
info: EVENT end 32c03fa3-4d0d-4221-b830-9f6c97bbc5c3 0.000000
info: Adding 0 new fragments to fragmentList.
info: Starting propagation of Fragment with uniqueID 785b4d34-1621-4dc9-bd0a-3b3eb1b98309.
info: EVENT area 785b4d34-1621-4dc9-bd0a-3b3eb1b98309 0.046444
info: EVENT start 785b4d34-1621-4dc9-bd0a-3b3eb1b98309 0.520000 0.046444 2016-11-06T18:37:24
info: Object 785b4d34-1621-4dc9-bd0a-3b3eb1b98309 demised.
info: EVENT object 785b4d34-1621-4dc9-bd0a-3b3eb1b98309 demise
info: Fragment 785b4d34-1621-4dc9-bd0a-3b3eb1b98309 reached end of life because uncritical.
info: Object 785b4d34-1621-4dc9-bd0a-3b3eb1b98309 reached end of life.
info: ObjectTrajectory Written: sara.SADME-internal.785b4d34-1621-4dc9-bd0a-3b3eb1b98309_Trajectory.txt
info: GnuPlotGeneration::GenerateSingleObjectScript Wrote sara.SADME-internal.785b4d34-1621-4dc9-bd0a-3b3eb1b98309.gnu
info: AeroThermalHistory Written: sara.SADME-internal.785b4d34-1621-4dc9-bd0a-3b3eb1b98309_AeroThermalHistory.txt
info: EVENT end 785b4d34-1621-4dc9-bd0a-3b3eb1b98309 0.000000
info: Adding 0 new fragments to fragmentList.
info: Starting propagation of Fragment with uniqueID 2b85a500-7e7f-4bc4-b0d9-2b5d1d15a099.
info: EVENT area 2b85a500-7e7f-4bc4-b0d9-2b5d1d15a099 0.113824
info: EVENT start 2b85a500-7e7f-4bc4-b0d9-2b5d1d15a099 5.150000 0.113824 2016-11-06T18:37:41
info: Object 2b85a500-7e7f-4bc4-b0d9-2b5d1d15a099 demised.
info: EVENT object 2b85a500-7e7f-4bc4-b0d9-2b5d1d15a099 demise
info: Fragment 2b85a500-7e7f-4bc4-b0d9-2b5d1d15a099 reached end of life because uncritical.
info: Object 2b85a500-7e7f-4bc4-b0d9-2b5d1d15a099 reached end of life.
info: ObjectTrajectory Written: sara.CCU-internal.2b85a500-7e7f-4bc4-b0d9-2b5d1d15a099_Trajectory.txt
info: GnuPlotGeneration::GenerateSingleObjectScript Wrote sara.CCU-internal.2b85a500-7e7f-4bc4-b0d9-2b5d1d15a099.gnu
info: AeroThermalHistory Written: sara.CCU-internal.2b85a500-7e7f-4bc4-b0d9-2b5d1d15a099_AeroThermalHistory.txt
info: EVENT end 2b85a500-7e7f-4bc4-b0d9-2b5d1d15a099 0.000000
info: Adding 0 new fragments to fragmentList.
info: Starting propagation of Fragment with uniqueID 0311edf9-aed6-4e1b-b434-a28e63dccd64.
info: EVENT area 0311edf9-aed6-4e1b-b434-a28e63dccd64 0.126398
info: EVENT start 0311edf9-aed6-4e1b-b434-a28e63dccd64 7.540000 0.126398 2016-11-06T18:37:44
info: Object 0311edf9-aed6-4e1b-b434-a28e63dccd64 demised.
info: EVENT object 0311edf9-aed6-4e1b-b434-a28e63dccd64 demise
info: Fragment 0311edf9-aed6-4e1b-b434-a28e63dccd64 reached end of life because uncritical.
info: Object 0311edf9-aed6-4e1b-b434-a28e63dccd64 reached end of life.
info: ObjectTrajectory Written: sara.BSP-internal.0311edf9-aed6-4e1b-b434-a28e63dccd64_Trajectory.txt
info: GnuPlotGeneration::GenerateSingleObjectScript Wrote sara.BSP-internal.0311edf9-aed6-4e1b-b434-a28e63dccd64.gnu
info: AeroThermalHistory Written: sara.BSP-internal.0311edf9-aed6-4e1b-b434-a28e63dccd64_AeroThermalHistory.txt
info: EVENT end 0311edf9-aed6-4e1b-b434-a28e63dccd64 0.000000
info: Adding 0 new fragments to fragmentList.
info: Starting propagation of Fragment with uniqueID 8468837b-aeb0-4b68-bb12-fb2c1a45eb52.
info: EVENT area 8468837b-aeb0-4b68-bb12-fb2c1a45eb52 0.066404
info: EVENT start 8468837b-aeb0-4b68-bb12-fb2c1a45eb52 2.810000 0.066404 2016-11-06T18:37:33
info: Object 8468837b-aeb0-4b68-bb12-fb2c1a45eb52 demised.
info: EVENT object 8468837b-aeb0-4b68-bb12-fb2c1a45eb52 demise
info: Fragment 8468837b-aeb0-4b68-bb12-fb2c1a45eb52 reached end of life because uncritical.
info: Object 8468837b-aeb0-4b68-bb12-fb2c1a45eb52 reached end of life.
info: ObjectTrajectory Written: sara.EDR-internal.8468837b-aeb0-4b68-bb12-fb2c1a45eb52_Trajectory.txt
info: GnuPlotGeneration::GenerateSingleObjectScript Wrote sara.EDR-internal.8468837b-aeb0-4b68-bb12-fb2c1a45eb52.gnu
info: AeroThermalHistory Written: sara.EDR-internal.8468837b-aeb0-4b68-bb12-fb2c1a45eb52_AeroThermalHistory.txt
info: EVENT end 8468837b-aeb0-4b68-bb12-fb2c1a45eb52 0.000000
info: Adding 0 new fragments to fragmentList.
info: Starting propagation of Fragment with uniqueID a75549bb-2a65-47e2-b257-1605baf8266e.
info: EVENT area a75549bb-2a65-47e2-b257-1605baf8266e 0.117192
info: EVENT start a75549bb-2a65-47e2-b257-1605baf8266e 5.390000 0.117192 2016-11-06T18:37:45
info: Object a75549bb-2a65-47e2-b257-1605baf8266e demised.
info: EVENT object a75549bb-2a65-47e2-b257-1605baf8266e demise
info: Fragment a75549bb-2a65-47e2-b257-1605baf8266e reached end of life because uncritical.
info: Object a75549bb-2a65-47e2-b257-1605baf8266e reached end of life.
info: ObjectTrajectory Written: sara.EPRM-internal.a75549bb-2a65-47e2-b257-1605baf8266e_Trajectory.txt
info: GnuPlotGeneration::GenerateSingleObjectScript Wrote sara.EPRM-internal.a75549bb-2a65-47e2-b257-1605baf8266e.gnu
info: AeroThermalHistory Written: sara.EPRM-internal.a75549bb-2a65-47e2-b257-1605baf8266e_AeroThermalHistory.txt
info: EVENT end a75549bb-2a65-47e2-b257-1605baf8266e 0.000000
info: Adding 0 new fragments to fragmentList.
info: Starting propagation of Fragment with uniqueID 99fe0dcd-1415-4a0a-b3eb-40dd782d6f7a.
info: EVENT area 99fe0dcd-1415-4a0a-b3eb-40dd782d6f7a 0.032878
info: EVENT start 99fe0dcd-1415-4a0a-b3eb-40dd782d6f7a 1.640000 0.032878 2016-11-06T18:37:14
info: Object 99fe0dcd-1415-4a0a-b3eb-40dd782d6f7a demised.
info: EVENT object 99fe0dcd-1415-4a0a-b3eb-40dd782d6f7a demise
info: Fragment 99fe0dcd-1415-4a0a-b3eb-40dd782d6f7a reached end of life because uncritical.
info: Object 99fe0dcd-1415-4a0a-b3eb-40dd782d6f7a reached end of life.
info: ObjectTrajectory Written: sara.BEG1-internal.99fe0dcd-1415-4a0a-b3eb-40dd782d6f7a_Trajectory.txt
info: GnuPlotGeneration::GenerateSingleObjectScript Wrote sara.BEG1-internal.99fe0dcd-1415-4a0a-b3eb-40dd782d6f7a.gnu
info: AeroThermalHistory Written: sara.BEG1-internal.99fe0dcd-1415-4a0a-b3eb-40dd782d6f7a_AeroThermalHistory.txt
info: EVENT end 99fe0dcd-1415-4a0a-b3eb-40dd782d6f7a 0.000000
info: Adding 0 new fragments to fragmentList.
info: Starting propagation of Fragment with uniqueID 2f01df0a-6250-4783-bcf0-6852a4ec65b7.
info: EVENT area 2f01df0a-6250-4783-bcf0-6852a4ec65b7 0.032878
info: EVENT start 2f01df0a-6250-4783-bcf0-6852a4ec65b7 1.640000 0.032878 2016-11-06T18:37:14
info: Object 2f01df0a-6250-4783-bcf0-6852a4ec65b7 demised.
info: EVENT object 2f01df0a-6250-4783-bcf0-6852a4ec65b7 demise
info: Fragment 2f01df0a-6250-4783-bcf0-6852a4ec65b7 reached end of life because uncritical.
info: Object 2f01df0a-6250-4783-bcf0-6852a4ec65b7 reached end of life.
info: ObjectTrajectory Written: sara.BEG2-internal.2f01df0a-6250-4783-bcf0-6852a4ec65b7_Trajectory.txt
info: GnuPlotGeneration::GenerateSingleObjectScript Wrote sara.BEG2-internal.2f01df0a-6250-4783-bcf0-6852a4ec65b7.gnu
info: AeroThermalHistory Written: sara.BEG2-internal.2f01df0a-6250-4783-bcf0-6852a4ec65b7_AeroThermalHistory.txt
info: EVENT end 2f01df0a-6250-4783-bcf0-6852a4ec65b7 0.000000
info: Adding 0 new fragments to fragmentList.
info: Starting propagation of Fragment with uniqueID c26cfc5a-02ff-49ee-aa2d-62a4d1b6e949.
info: EVENT area c26cfc5a-02ff-49ee-aa2d-62a4d1b6e949 0.032878
info: EVENT start c26cfc5a-02ff-49ee-aa2d-62a4d1b6e949 1.640000 0.032878 2016-11-06T18:37:14
info: Object c26cfc5a-02ff-49ee-aa2d-62a4d1b6e949 demised.
info: EVENT object c26cfc5a-02ff-49ee-aa2d-62a4d1b6e949 demise
info: Fragment c26cfc5a-02ff-49ee-aa2d-62a4d1b6e949 reached end of life because uncritical.
info: Object c26cfc5a-02ff-49ee-aa2d-62a4d1b6e949 reached end of life.
info: ObjectTrajectory Written: sara.BEG3-internal.c26cfc5a-02ff-49ee-aa2d-62a4d1b6e949_Trajectory.txt
info: GnuPlotGeneration::GenerateSingleObjectScript Wrote sara.BEG3-internal.c26cfc5a-02ff-49ee-aa2d-62a4d1b6e949.gnu
info: AeroThermalHistory Written: sara.BEG3-internal.c26cfc5a-02ff-49ee-aa2d-62a4d1b6e949_AeroThermalHistory.txt
info: EVENT end c26cfc5a-02ff-49ee-aa2d-62a4d1b6e949 0.000000
info: Adding 0 new fragments to fragmentList.
info: Starting propagation of Fragment with uniqueID 8b5848e9-8173-4940-9a74-480116198686.
info: EVENT area 8b5848e9-8173-4940-9a74-480116198686 0.032878
info: EVENT start 8b5848e9-8173-4940-9a74-480116198686 1.640000 0.032878 2016-11-06T18:37:14
info: Object 8b5848e9-8173-4940-9a74-480116198686 demised.
info: EVENT object 8b5848e9-8173-4940-9a74-480116198686 demise
info: Fragment 8b5848e9-8173-4940-9a74-480116198686 reached end of life because uncritical.
info: Object 8b5848e9-8173-4940-9a74-480116198686 reached end of life.
info: ObjectTrajectory Written: sara.BEG4-internal.8b5848e9-8173-4940-9a74-480116198686_Trajectory.txt
info: GnuPlotGeneration::GenerateSingleObjectScript Wrote sara.BEG4-internal.8b5848e9-8173-4940-9a74-480116198686.gnu
info: AeroThermalHistory Written: sara.BEG4-internal.8b5848e9-8173-4940-9a74-480116198686_AeroThermalHistory.txt
info: EVENT end 8b5848e9-8173-4940-9a74-480116198686 0.000000
info: Adding 0 new fragments to fragmentList.
info: Starting propagation of Fragment with uniqueID 355d25f9-3965-425f-9261-2577f7f8cb4c.
info: EVENT area 355d25f9-3965-425f-9261-2577f7f8cb4c 0.111737
info: EVENT start 355d25f9-3965-425f-9261-2577f7f8cb4c 6.830000 0.111737 2016-11-06T18:37:42
info: Object 355d25f9-3965-425f-9261-2577f7f8cb4c demised.
info: EVENT object 355d25f9-3965-425f-9261-2577f7f8cb4c demise
info: Fragment 355d25f9-3965-425f-9261-2577f7f8cb4c reached end of life because uncritical.
info: Object 355d25f9-3965-425f-9261-2577f7f8cb4c reached end of life.
info: ObjectTrajectory Written: sara.T4S-internal.355d25f9-3965-425f-9261-2577f7f8cb4c_Trajectory.txt
info: GnuPlotGeneration::GenerateSingleObjectScript Wrote sara.T4S-internal.355d25f9-3965-425f-9261-2577f7f8cb4c.gnu
info: AeroThermalHistory Written: sara.T4S-internal.355d25f9-3965-425f-9261-2577f7f8cb4c_AeroThermalHistory.txt
info: EVENT end 355d25f9-3965-425f-9261-2577f7f8cb4c 0.000000
info: Adding 0 new fragments to fragmentList.
info: Starting propagation of Fragment with uniqueID 967318a7-0d40-4515-a24b-3278d606c16c.
info: EVENT area 967318a7-0d40-4515-a24b-3278d606c16c 0.219581
info: EVENT start 967318a7-0d40-4515-a24b-3278d606c16c 14.050000 0.219581 2016-11-06T18:37:59
info: Object 967318a7-0d40-4515-a24b-3278d606c16c demised.
info: EVENT object 967318a7-0d40-4515-a24b-3278d606c16c demise
info: Fragment 967318a7-0d40-4515-a24b-3278d606c16c reached end of life because uncritical.
info: Object 967318a7-0d40-4515-a24b-3278d606c16c reached end of life.
info: ObjectTrajectory Written: sara.EAIM-internal.967318a7-0d40-4515-a24b-3278d606c16c_Trajectory.txt
info: GnuPlotGeneration::GenerateSingleObjectScript Wrote sara.EAIM-internal.967318a7-0d40-4515-a24b-3278d606c16c.gnu
info: AeroThermalHistory Written: sara.EAIM-internal.967318a7-0d40-4515-a24b-3278d606c16c_AeroThermalHistory.txt
info: EVENT end 967318a7-0d40-4515-a24b-3278d606c16c 0.000000
info: Adding 0 new fragments to fragmentList.
info: Starting propagation of Fragment with uniqueID 40e2ffab-db50-4f10-af07-844ac3cd46d1.
info: EVENT area 40e2ffab-db50-4f10-af07-844ac3cd46d1 0.271602
info: EVENT start 40e2ffab-db50-4f10-af07-844ac3cd46d1 19.800000 0.271602 2016-11-06T18:38:01
info: Object 40e2ffab-db50-4f10-af07-844ac3cd46d1 demised.
info: EVENT object 40e2ffab-db50-4f10-af07-844ac3cd46d1 demise
info: Fragment 40e2ffab-db50-4f10-af07-844ac3cd46d1 reached end of life because uncritical.
info: Object 40e2ffab-db50-4f10-af07-844ac3cd46d1 reached end of life.
info: ObjectTrajectory Written: sara.SADM1_internal.40e2ffab-db50-4f10-af07-844ac3cd46d1_Trajectory.txt
info: GnuPlotGeneration::GenerateSingleObjectScript Wrote sara.SADM1_internal.40e2ffab-db50-4f10-af07-844ac3cd46d1.gnu
info: AeroThermalHistory Written: sara.SADM1_internal.40e2ffab-db50-4f10-af07-844ac3cd46d1_AeroThermalHistory.txt
info: EVENT end 40e2ffab-db50-4f10-af07-844ac3cd46d1 0.000000
info: Adding 0 new fragments to fragmentList.
info: Starting propagation of Fragment with uniqueID bd3ebba8-c7d0-464c-b530-c81afac9f233.
info: EVENT area bd3ebba8-c7d0-464c-b530-c81afac9f233 0.151294
info: EVENT start bd3ebba8-c7d0-464c-b530-c81afac9f233 17.540000 0.151294 2016-11-06T18:37:50
info: Object bd3ebba8-c7d0-464c-b530-c81afac9f233 demised.
info: EVENT object bd3ebba8-c7d0-464c-b530-c81afac9f233 demise
info: Fragment bd3ebba8-c7d0-464c-b530-c81afac9f233 reached end of life because uncritical.
info: Object bd3ebba8-c7d0-464c-b530-c81afac9f233 reached end of life.
info: ObjectTrajectory Written: sara.SADM2-internal.bd3ebba8-c7d0-464c-b530-c81afac9f233_Trajectory.txt
info: GnuPlotGeneration::GenerateSingleObjectScript Wrote sara.SADM2-internal.bd3ebba8-c7d0-464c-b530-c81afac9f233.gnu
info: AeroThermalHistory Written: sara.SADM2-internal.bd3ebba8-c7d0-464c-b530-c81afac9f233_AeroThermalHistory.txt
info: EVENT end bd3ebba8-c7d0-464c-b530-c81afac9f233 0.000000
info: Adding 0 new fragments to fragmentList.
info: Starting propagation of Fragment with uniqueID 092a8729-ea6f-4341-a697-bbcb2fedb72e.
info: EVENT area 092a8729-ea6f-4341-a697-bbcb2fedb72e 0.117331
info: EVENT start 092a8729-ea6f-4341-a697-bbcb2fedb72e 38.260000 0.117331 2016-11-06T18:37:39
info: Object 092a8729-ea6f-4341-a697-bbcb2fedb72e reached end of life because of ballooning.
info: EVENT object 092a8729-ea6f-4341-a697-bbcb2fedb72e balloon
info: Object 092a8729-ea6f-4341-a697-bbcb2fedb72e reached end of life.
info: ObjectTrajectory Written: sara.Battery1-Internal.092a8729-ea6f-4341-a697-bbcb2fedb72e_Trajectory.txt
info: GnuPlotGeneration::GenerateSingleObjectScript Wrote sara.Battery1-Internal.092a8729-ea6f-4341-a697-bbcb2fedb72e.gnu
info: AeroThermalHistory Written: sara.Battery1-Internal.092a8729-ea6f-4341-a697-bbcb2fedb72e_AeroThermalHistory.txt
info: EVENT end 092a8729-ea6f-4341-a697-bbcb2fedb72e 0.033257
info: Adding 0 new fragments to fragmentList.
info: Starting propagation of Fragment with uniqueID 2daf3368-c544-439c-bd01-e97e76d03b91.
info: EVENT area 2daf3368-c544-439c-bd01-e97e76d03b91 0.117331
info: EVENT start 2daf3368-c544-439c-bd01-e97e76d03b91 38.260000 0.117331 2016-11-06T18:37:39
info: Object 2daf3368-c544-439c-bd01-e97e76d03b91 reached end of life because of ballooning.
info: EVENT object 2daf3368-c544-439c-bd01-e97e76d03b91 balloon
info: Object 2daf3368-c544-439c-bd01-e97e76d03b91 reached end of life.
info: ObjectTrajectory Written: sara.Battery2-Internal.2daf3368-c544-439c-bd01-e97e76d03b91_Trajectory.txt
info: GnuPlotGeneration::GenerateSingleObjectScript Wrote sara.Battery2-Internal.2daf3368-c544-439c-bd01-e97e76d03b91.gnu
info: AeroThermalHistory Written: sara.Battery2-Internal.2daf3368-c544-439c-bd01-e97e76d03b91_AeroThermalHistory.txt
info: EVENT end 2daf3368-c544-439c-bd01-e97e76d03b91 0.033257
info: Adding 0 new fragments to fragmentList.
info: Starting propagation of Fragment with uniqueID 8ca2420a-587c-4058-b976-660e8f862553.
info: EVENT area 8ca2420a-587c-4058-b976-660e8f862553 0.117331
info: EVENT start 8ca2420a-587c-4058-b976-660e8f862553 38.260000 0.117331 2016-11-06T18:37:39
info: Object 8ca2420a-587c-4058-b976-660e8f862553 reached end of life because of ballooning.
info: EVENT object 8ca2420a-587c-4058-b976-660e8f862553 balloon
info: Object 8ca2420a-587c-4058-b976-660e8f862553 reached end of life.
info: ObjectTrajectory Written: sara.Battery3-Internal.8ca2420a-587c-4058-b976-660e8f862553_Trajectory.txt
info: GnuPlotGeneration::GenerateSingleObjectScript Wrote sara.Battery3-Internal.8ca2420a-587c-4058-b976-660e8f862553.gnu
info: AeroThermalHistory Written: sara.Battery3-Internal.8ca2420a-587c-4058-b976-660e8f862553_AeroThermalHistory.txt
info: EVENT end 8ca2420a-587c-4058-b976-660e8f862553 0.033257
info: Adding 0 new fragments to fragmentList.
info: Starting propagation of Fragment with uniqueID c0a7c5f8-3291-44a2-9800-1dee3192821d.
info: EVENT area c0a7c5f8-3291-44a2-9800-1dee3192821d 0.117331
info: EVENT start c0a7c5f8-3291-44a2-9800-1dee3192821d 38.260000 0.117331 2016-11-06T18:37:39
info: Object c0a7c5f8-3291-44a2-9800-1dee3192821d reached end of life because of ballooning.
info: EVENT object c0a7c5f8-3291-44a2-9800-1dee3192821d balloon
info: Object c0a7c5f8-3291-44a2-9800-1dee3192821d reached end of life.
info: ObjectTrajectory Written: sara.Battery4-Internal.c0a7c5f8-3291-44a2-9800-1dee3192821d_Trajectory.txt
info: GnuPlotGeneration::GenerateSingleObjectScript Wrote sara.Battery4-Internal.c0a7c5f8-3291-44a2-9800-1dee3192821d.gnu
info: AeroThermalHistory Written: sara.Battery4-Internal.c0a7c5f8-3291-44a2-9800-1dee3192821d_AeroThermalHistory.txt
info: EVENT end c0a7c5f8-3291-44a2-9800-1dee3192821d 0.033257
info: Adding 0 new fragments to fragmentList.
info: Starting propagation of Fragment with uniqueID 0eae4992-9c4c-4b3c-831c-dc7092eb896e.
info: EVENT area 0eae4992-9c4c-4b3c-831c-dc7092eb896e 0.117331
info: EVENT start 0eae4992-9c4c-4b3c-831c-dc7092eb896e 38.260000 0.117331 2016-11-06T18:37:39
info: Object 0eae4992-9c4c-4b3c-831c-dc7092eb896e reached end of life because of ballooning.
info: EVENT object 0eae4992-9c4c-4b3c-831c-dc7092eb896e balloon
info: Object 0eae4992-9c4c-4b3c-831c-dc7092eb896e reached end of life.
info: ObjectTrajectory Written: sara.Battery5-Internal.0eae4992-9c4c-4b3c-831c-dc7092eb896e_Trajectory.txt
info: GnuPlotGeneration::GenerateSingleObjectScript Wrote sara.Battery5-Internal.0eae4992-9c4c-4b3c-831c-dc7092eb896e.gnu
info: AeroThermalHistory Written: sara.Battery5-Internal.0eae4992-9c4c-4b3c-831c-dc7092eb896e_AeroThermalHistory.txt
info: EVENT end 0eae4992-9c4c-4b3c-831c-dc7092eb896e 0.033257
info: Adding 0 new fragments to fragmentList.
info: Starting propagation of Fragment with uniqueID 49858cb8-d8fb-4c9b-82b6-4699f85b8dcf.
info: EVENT area 49858cb8-d8fb-4c9b-82b6-4699f85b8dcf 4.506250
info: EVENT start 49858cb8-d8fb-4c9b-82b6-4699f85b8dcf 1189.452622 4.506250 2016-11-06T18:37:28
info: Object 49858cb8-d8fb-4c9b-82b6-4699f85b8dcf demised.
info: EVENT object 49858cb8-d8fb-4c9b-82b6-4699f85b8dcf demise
info: Object 49858cb8-d8fb-4c9b-82b6-4699f85b8dcf reached end of life.
info: ObjectTrajectory Written: sara.PLM.49858cb8-d8fb-4c9b-82b6-4699f85b8dcf_Trajectory.txt
info: GnuPlotGeneration::GenerateSingleObjectScript Wrote sara.PLM.49858cb8-d8fb-4c9b-82b6-4699f85b8dcf.gnu
info: AeroThermalHistory Written: sara.PLM.49858cb8-d8fb-4c9b-82b6-4699f85b8dcf_AeroThermalHistory.txt
info: EVENT end 49858cb8-d8fb-4c9b-82b6-4699f85b8dcf 838.300000
info: Adding 70 new fragments to fragmentList.
info: Starting propagation of Fragment with uniqueID 71468af4-a456-44d2-960c-c3b22e2dabdf.
info: EVENT area 71468af4-a456-44d2-960c-c3b22e2dabdf 0.076366
info: EVENT start 71468af4-a456-44d2-960c-c3b22e2dabdf 7.800000 0.076366 2016-11-06T18:38:49
info: Object 71468af4-a456-44d2-960c-c3b22e2dabdf demised.
info: EVENT object 71468af4-a456-44d2-960c-c3b22e2dabdf demise
info: Object 71468af4-a456-44d2-960c-c3b22e2dabdf reached end of life.
info: ObjectTrajectory Written: sara.MHS-MPU.71468af4-a456-44d2-960c-c3b22e2dabdf_Trajectory.txt
info: GnuPlotGeneration::GenerateSingleObjectScript Wrote sara.MHS-MPU.71468af4-a456-44d2-960c-c3b22e2dabdf.gnu
info: AeroThermalHistory Written: sara.MHS-MPU.71468af4-a456-44d2-960c-c3b22e2dabdf_AeroThermalHistory.txt
info: EVENT end 71468af4-a456-44d2-960c-c3b22e2dabdf 2.150000
info: Adding 1 new fragments to fragmentList.
info: Starting propagation of Fragment with uniqueID 82d55923-d2af-4bc8-8582-080753d6bbcb.
info: EVENT area 82d55923-d2af-4bc8-8582-080753d6bbcb 0.010100
info: EVENT start 82d55923-d2af-4bc8-8582-080753d6bbcb 0.400000 0.010100 2016-11-06T18:38:49
info: Object 82d55923-d2af-4bc8-8582-080753d6bbcb demised.
info: EVENT object 82d55923-d2af-4bc8-8582-080753d6bbcb demise
info: Fragment 82d55923-d2af-4bc8-8582-080753d6bbcb reached end of life because uncritical.
info: Object 82d55923-d2af-4bc8-8582-080753d6bbcb reached end of life.
info: ObjectTrajectory Written: sara.MHS-DBU.82d55923-d2af-4bc8-8582-080753d6bbcb_Trajectory.txt
info: GnuPlotGeneration::GenerateSingleObjectScript Wrote sara.MHS-DBU.82d55923-d2af-4bc8-8582-080753d6bbcb.gnu
info: AeroThermalHistory Written: sara.MHS-DBU.82d55923-d2af-4bc8-8582-080753d6bbcb_AeroThermalHistory.txt
info: EVENT end 82d55923-d2af-4bc8-8582-080753d6bbcb 0.000000
info: Adding 0 new fragments to fragmentList.
info: Starting propagation of Fragment with uniqueID 3e1a3bf6-0bf1-4091-b46f-932c05131a28.
info: EVENT area 3e1a3bf6-0bf1-4091-b46f-932c05131a28 0.051390
info: EVENT start 3e1a3bf6-0bf1-4091-b46f-932c05131a28 5.300000 0.051390 2016-11-06T18:38:49
info: Object 3e1a3bf6-0bf1-4091-b46f-932c05131a28 demised.
info: EVENT object 3e1a3bf6-0bf1-4091-b46f-932c05131a28 demise
info: Object 3e1a3bf6-0bf1-4091-b46f-932c05131a28 reached end of life.
info: ObjectTrajectory Written: sara.ASCATEPC1.3e1a3bf6-0bf1-4091-b46f-932c05131a28_Trajectory.txt
info: GnuPlotGeneration::GenerateSingleObjectScript Wrote sara.ASCATEPC1.3e1a3bf6-0bf1-4091-b46f-932c05131a28.gnu
info: AeroThermalHistory Written: sara.ASCATEPC1.3e1a3bf6-0bf1-4091-b46f-932c05131a28_AeroThermalHistory.txt
info: EVENT end 3e1a3bf6-0bf1-4091-b46f-932c05131a28 1.550000
info: Adding 1 new fragments to fragmentList.
info: Starting propagation of Fragment with uniqueID 51ca2e0e-86e5-454d-b0ac-78b4fce6a60f.
info: EVENT area 51ca2e0e-86e5-454d-b0ac-78b4fce6a60f 0.051390
info: EVENT start 51ca2e0e-86e5-454d-b0ac-78b4fce6a60f 5.300000 0.051390 2016-11-06T18:38:49
info: Object 51ca2e0e-86e5-454d-b0ac-78b4fce6a60f demised.
info: EVENT object 51ca2e0e-86e5-454d-b0ac-78b4fce6a60f demise
info: Object 51ca2e0e-86e5-454d-b0ac-78b4fce6a60f reached end of life.
info: ObjectTrajectory Written: sara.ASCATEPC2.51ca2e0e-86e5-454d-b0ac-78b4fce6a60f_Trajectory.txt
info: GnuPlotGeneration::GenerateSingleObjectScript Wrote sara.ASCATEPC2.51ca2e0e-86e5-454d-b0ac-78b4fce6a60f.gnu
info: AeroThermalHistory Written: sara.ASCATEPC2.51ca2e0e-86e5-454d-b0ac-78b4fce6a60f_AeroThermalHistory.txt
info: EVENT end 51ca2e0e-86e5-454d-b0ac-78b4fce6a60f 1.550000
info: Adding 1 new fragments to fragmentList.
info: Starting propagation of Fragment with uniqueID 1f773a8b-636a-4de4-a9e3-a8750a5df2da.
info: EVENT area 1f773a8b-636a-4de4-a9e3-a8750a5df2da 0.076030
info: EVENT start 1f773a8b-636a-4de4-a9e3-a8750a5df2da 3.200000 0.076030 2016-11-06T18:38:49
info: Fragment 1f773a8b-636a-4de4-a9e3-a8750a5df2da reached end of life because uncritical.
info: EVENT fragment 1f773a8b-636a-4de4-a9e3-a8750a5df2da uncritical
info: Object 1f773a8b-636a-4de4-a9e3-a8750a5df2da reached end of life.
info: ObjectTrajectory Written: sara.ASCATSSP1.1f773a8b-636a-4de4-a9e3-a8750a5df2da_Trajectory.txt
info: GnuPlotGeneration::GenerateSingleObjectScript Wrote sara.ASCATSSP1.1f773a8b-636a-4de4-a9e3-a8750a5df2da.gnu
info: AeroThermalHistory Written: sara.ASCATSSP1.1f773a8b-636a-4de4-a9e3-a8750a5df2da_AeroThermalHistory.txt
info: EVENT end 1f773a8b-636a-4de4-a9e3-a8750a5df2da 0.084917
info: Adding 0 new fragments to fragmentList.
info: Starting propagation of Fragment with uniqueID 3f9a62c8-17bf-4f75-8cb7-33a024bd4a65.
info: EVENT area 3f9a62c8-17bf-4f75-8cb7-33a024bd4a65 0.076030
info: EVENT start 3f9a62c8-17bf-4f75-8cb7-33a024bd4a65 3.200000 0.076030 2016-11-06T18:38:49
info: Fragment 3f9a62c8-17bf-4f75-8cb7-33a024bd4a65 reached end of life because uncritical.
info: EVENT fragment 3f9a62c8-17bf-4f75-8cb7-33a024bd4a65 uncritical
info: Object 3f9a62c8-17bf-4f75-8cb7-33a024bd4a65 reached end of life.
info: ObjectTrajectory Written: sara.ASCATSSP2.3f9a62c8-17bf-4f75-8cb7-33a024bd4a65_Trajectory.txt
info: GnuPlotGeneration::GenerateSingleObjectScript Wrote sara.ASCATSSP2.3f9a62c8-17bf-4f75-8cb7-33a024bd4a65.gnu
info: AeroThermalHistory Written: sara.ASCATSSP2.3f9a62c8-17bf-4f75-8cb7-33a024bd4a65_AeroThermalHistory.txt
info: EVENT end 3f9a62c8-17bf-4f75-8cb7-33a024bd4a65 0.084917
info: Adding 0 new fragments to fragmentList.
info: Starting propagation of Fragment with uniqueID a8ecbe50-d69a-455f-884a-eae3ec9627e4.
info: EVENT area a8ecbe50-d69a-455f-884a-eae3ec9627e4 0.014250
info: EVENT start a8ecbe50-d69a-455f-884a-eae3ec9627e4 0.400000 0.014250 2016-11-06T18:38:49
info: Object a8ecbe50-d69a-455f-884a-eae3ec9627e4 demised.
info: EVENT object a8ecbe50-d69a-455f-884a-eae3ec9627e4 demise
info: Fragment a8ecbe50-d69a-455f-884a-eae3ec9627e4 reached end of life because uncritical.
info: Object a8ecbe50-d69a-455f-884a-eae3ec9627e4 reached end of life.
info: ObjectTrajectory Written: sara.ASCATHRS.a8ecbe50-d69a-455f-884a-eae3ec9627e4_Trajectory.txt
info: GnuPlotGeneration::GenerateSingleObjectScript Wrote sara.ASCATHRS.a8ecbe50-d69a-455f-884a-eae3ec9627e4.gnu
info: AeroThermalHistory Written: sara.ASCATHRS.a8ecbe50-d69a-455f-884a-eae3ec9627e4_AeroThermalHistory.txt
info: EVENT end a8ecbe50-d69a-455f-884a-eae3ec9627e4 0.000000
info: Adding 0 new fragments to fragmentList.
info: Starting propagation of Fragment with uniqueID 8222289f-36de-4e97-98d5-b217f846667a.
info: EVENT area 8222289f-36de-4e97-98d5-b217f846667a 0.101950
info: EVENT start 8222289f-36de-4e97-98d5-b217f846667a 9.900000 0.101950 2016-11-06T18:38:49
info: Object 8222289f-36de-4e97-98d5-b217f846667a demised.
info: EVENT object 8222289f-36de-4e97-98d5-b217f846667a demise
info: Object 8222289f-36de-4e97-98d5-b217f846667a reached end of life.
info: ObjectTrajectory Written: sara.PMC1.8222289f-36de-4e97-98d5-b217f846667a_Trajectory.txt
info: GnuPlotGeneration::GenerateSingleObjectScript Wrote sara.PMC1.8222289f-36de-4e97-98d5-b217f846667a.gnu
info: AeroThermalHistory Written: sara.PMC1.8222289f-36de-4e97-98d5-b217f846667a_AeroThermalHistory.txt
info: EVENT end 8222289f-36de-4e97-98d5-b217f846667a 2.290000
info: Adding 1 new fragments to fragmentList.
info: Starting propagation of Fragment with uniqueID a917bf4a-b649-489d-9dc4-1adccbcbbd4e.
info: EVENT area a917bf4a-b649-489d-9dc4-1adccbcbbd4e 0.101950
info: EVENT start a917bf4a-b649-489d-9dc4-1adccbcbbd4e 9.900000 0.101950 2016-11-06T18:38:49
info: Object a917bf4a-b649-489d-9dc4-1adccbcbbd4e demised.
info: EVENT object a917bf4a-b649-489d-9dc4-1adccbcbbd4e demise
info: Object a917bf4a-b649-489d-9dc4-1adccbcbbd4e reached end of life.
info: ObjectTrajectory Written: sara.PMC2.a917bf4a-b649-489d-9dc4-1adccbcbbd4e_Trajectory.txt
info: GnuPlotGeneration::GenerateSingleObjectScript Wrote sara.PMC2.a917bf4a-b649-489d-9dc4-1adccbcbbd4e.gnu
info: AeroThermalHistory Written: sara.PMC2.a917bf4a-b649-489d-9dc4-1adccbcbbd4e_AeroThermalHistory.txt
info: EVENT end a917bf4a-b649-489d-9dc4-1adccbcbbd4e 2.290000
info: Adding 1 new fragments to fragmentList.
info: Starting propagation of Fragment with uniqueID 0537ea03-4670-49e4-b264-15d92bab84c4.
info: EVENT area 0537ea03-4670-49e4-b264-15d92bab84c4 0.147828
info: EVENT start 0537ea03-4670-49e4-b264-15d92bab84c4 17.100000 0.147828 2016-11-06T18:38:49
info: Object 0537ea03-4670-49e4-b264-15d92bab84c4 demised.
info: EVENT object 0537ea03-4670-49e4-b264-15d92bab84c4 demise
info: Object 0537ea03-4670-49e4-b264-15d92bab84c4 reached end of life.
info: ObjectTrajectory Written: sara.PDU1.0537ea03-4670-49e4-b264-15d92bab84c4_Trajectory.txt
info: GnuPlotGeneration::GenerateSingleObjectScript Wrote sara.PDU1.0537ea03-4670-49e4-b264-15d92bab84c4.gnu
info: AeroThermalHistory Written: sara.PDU1.0537ea03-4670-49e4-b264-15d92bab84c4_AeroThermalHistory.txt
info: EVENT end 0537ea03-4670-49e4-b264-15d92bab84c4 5.960000
info: Adding 1 new fragments to fragmentList.
info: Starting propagation of Fragment with uniqueID 47d1276c-70e2-470f-92e3-ac9845e1d3a7.
info: EVENT area 47d1276c-70e2-470f-92e3-ac9845e1d3a7 0.147828
info: EVENT start 47d1276c-70e2-470f-92e3-ac9845e1d3a7 17.100000 0.147828 2016-11-06T18:38:49
info: Object 47d1276c-70e2-470f-92e3-ac9845e1d3a7 demised.
info: EVENT object 47d1276c-70e2-470f-92e3-ac9845e1d3a7 demise
info: Object 47d1276c-70e2-470f-92e3-ac9845e1d3a7 reached end of life.
info: ObjectTrajectory Written: sara.PDU2.47d1276c-70e2-470f-92e3-ac9845e1d3a7_Trajectory.txt
info: GnuPlotGeneration::GenerateSingleObjectScript Wrote sara.PDU2.47d1276c-70e2-470f-92e3-ac9845e1d3a7.gnu
info: AeroThermalHistory Written: sara.PDU2.47d1276c-70e2-470f-92e3-ac9845e1d3a7_AeroThermalHistory.txt
info: EVENT end 47d1276c-70e2-470f-92e3-ac9845e1d3a7 5.960000
info: Adding 1 new fragments to fragmentList.
info: Starting propagation of Fragment with uniqueID dbd74783-15a1-443c-8de9-fe7771b14ec6.
info: EVENT area dbd74783-15a1-443c-8de9-fe7771b14ec6 0.029393
info: EVENT start dbd74783-15a1-443c-8de9-fe7771b14ec6 1.800000 0.029393 2016-11-06T18:38:49
info: Fragment dbd74783-15a1-443c-8de9-fe7771b14ec6 reached end of life because uncritical.
info: EVENT fragment dbd74783-15a1-443c-8de9-fe7771b14ec6 uncritical
info: Object dbd74783-15a1-443c-8de9-fe7771b14ec6 reached end of life.
info: ObjectTrajectory Written: sara.RFCU1.dbd74783-15a1-443c-8de9-fe7771b14ec6_Trajectory.txt
info: GnuPlotGeneration::GenerateSingleObjectScript Wrote sara.RFCU1.dbd74783-15a1-443c-8de9-fe7771b14ec6.gnu
info: AeroThermalHistory Written: sara.RFCU1.dbd74783-15a1-443c-8de9-fe7771b14ec6_AeroThermalHistory.txt
info: EVENT end dbd74783-15a1-443c-8de9-fe7771b14ec6 0.021807
info: Adding 0 new fragments to fragmentList.
info: Starting propagation of Fragment with uniqueID 185ca8fd-00f8-4470-b37e-a82dc41765b1.
info: EVENT area 185ca8fd-00f8-4470-b37e-a82dc41765b1 0.029393
info: EVENT start 185ca8fd-00f8-4470-b37e-a82dc41765b1 1.800000 0.029393 2016-11-06T18:38:49
info: Fragment 185ca8fd-00f8-4470-b37e-a82dc41765b1 reached end of life because uncritical.
info: EVENT fragment 185ca8fd-00f8-4470-b37e-a82dc41765b1 uncritical
info: Object 185ca8fd-00f8-4470-b37e-a82dc41765b1 reached end of life.
info: ObjectTrajectory Written: sara.RFCU2.185ca8fd-00f8-4470-b37e-a82dc41765b1_Trajectory.txt
info: GnuPlotGeneration::GenerateSingleObjectScript Wrote sara.RFCU2.185ca8fd-00f8-4470-b37e-a82dc41765b1.gnu
info: AeroThermalHistory Written: sara.RFCU2.185ca8fd-00f8-4470-b37e-a82dc41765b1_AeroThermalHistory.txt
info: EVENT end 185ca8fd-00f8-4470-b37e-a82dc41765b1 0.021807
info: Adding 0 new fragments to fragmentList.
info: Starting propagation of Fragment with uniqueID 46348f4c-bc26-436c-86cd-62d76e5e8b9c.
info: EVENT area 46348f4c-bc26-436c-86cd-62d76e5e8b9c 0.029393
info: EVENT start 46348f4c-bc26-436c-86cd-62d76e5e8b9c 1.800000 0.029393 2016-11-06T18:38:49
info: Fragment 46348f4c-bc26-436c-86cd-62d76e5e8b9c reached end of life because uncritical.
info: EVENT fragment 46348f4c-bc26-436c-86cd-62d76e5e8b9c uncritical
info: Object 46348f4c-bc26-436c-86cd-62d76e5e8b9c reached end of life.
info: ObjectTrajectory Written: sara.RFCU3.46348f4c-bc26-436c-86cd-62d76e5e8b9c_Trajectory.txt
info: GnuPlotGeneration::GenerateSingleObjectScript Wrote sara.RFCU3.46348f4c-bc26-436c-86cd-62d76e5e8b9c.gnu
info: AeroThermalHistory Written: sara.RFCU3.46348f4c-bc26-436c-86cd-62d76e5e8b9c_AeroThermalHistory.txt
info: EVENT end 46348f4c-bc26-436c-86cd-62d76e5e8b9c 0.021807
info: Adding 0 new fragments to fragmentList.
info: Starting propagation of Fragment with uniqueID 9a74d245-1fe6-47c6-8390-ac3850e71522.
info: EVENT area 9a74d245-1fe6-47c6-8390-ac3850e71522 0.029393
info: EVENT start 9a74d245-1fe6-47c6-8390-ac3850e71522 1.800000 0.029393 2016-11-06T18:38:49
info: Fragment 9a74d245-1fe6-47c6-8390-ac3850e71522 reached end of life because uncritical.
info: EVENT fragment 9a74d245-1fe6-47c6-8390-ac3850e71522 uncritical
info: Object 9a74d245-1fe6-47c6-8390-ac3850e71522 reached end of life.
info: ObjectTrajectory Written: sara.RFCU4.9a74d245-1fe6-47c6-8390-ac3850e71522_Trajectory.txt
info: GnuPlotGeneration::GenerateSingleObjectScript Wrote sara.RFCU4.9a74d245-1fe6-47c6-8390-ac3850e71522.gnu
info: AeroThermalHistory Written: sara.RFCU4.9a74d245-1fe6-47c6-8390-ac3850e71522_AeroThermalHistory.txt
info: EVENT end 9a74d245-1fe6-47c6-8390-ac3850e71522 0.021807
info: Adding 0 new fragments to fragmentList.
info: Starting propagation of Fragment with uniqueID b7af6d3b-f412-401d-a39e-3d3ee5042bed.
info: EVENT area b7af6d3b-f412-401d-a39e-3d3ee5042bed 0.029393
info: EVENT start b7af6d3b-f412-401d-a39e-3d3ee5042bed 1.800000 0.029393 2016-11-06T18:38:49
info: Fragment b7af6d3b-f412-401d-a39e-3d3ee5042bed reached end of life because uncritical.
info: EVENT fragment b7af6d3b-f412-401d-a39e-3d3ee5042bed uncritical
info: Object b7af6d3b-f412-401d-a39e-3d3ee5042bed reached end of life.
info: ObjectTrajectory Written: sara.RFCU5.b7af6d3b-f412-401d-a39e-3d3ee5042bed_Trajectory.txt
info: GnuPlotGeneration::GenerateSingleObjectScript Wrote sara.RFCU5.b7af6d3b-f412-401d-a39e-3d3ee5042bed.gnu
info: AeroThermalHistory Written: sara.RFCU5.b7af6d3b-f412-401d-a39e-3d3ee5042bed_AeroThermalHistory.txt
info: EVENT end b7af6d3b-f412-401d-a39e-3d3ee5042bed 0.021807
info: Adding 0 new fragments to fragmentList.
info: Starting propagation of Fragment with uniqueID 5cd3572a-3218-4658-8521-d9804ced1e9f.
info: EVENT area 5cd3572a-3218-4658-8521-d9804ced1e9f 0.128750
info: EVENT start 5cd3572a-3218-4658-8521-d9804ced1e9f 12.300000 0.128750 2016-11-06T18:38:49
info: Object 5cd3572a-3218-4658-8521-d9804ced1e9f demised.
info: EVENT object 5cd3572a-3218-4658-8521-d9804ced1e9f demise
info: Object 5cd3572a-3218-4658-8521-d9804ced1e9f reached end of life.
info: ObjectTrajectory Written: sara.RTU.5cd3572a-3218-4658-8521-d9804ced1e9f_Trajectory.txt
info: GnuPlotGeneration::GenerateSingleObjectScript Wrote sara.RTU.5cd3572a-3218-4658-8521-d9804ced1e9f.gnu
info: AeroThermalHistory Written: sara.RTU.5cd3572a-3218-4658-8521-d9804ced1e9f_AeroThermalHistory.txt
info: EVENT end 5cd3572a-3218-4658-8521-d9804ced1e9f 2.640000
info: Adding 1 new fragments to fragmentList.
info: Starting propagation of Fragment with uniqueID 55158c9a-f9c5-46aa-b602-d9cb5984c466.
info: EVENT area 55158c9a-f9c5-46aa-b602-d9cb5984c466 0.016627
info: EVENT start 55158c9a-f9c5-46aa-b602-d9cb5984c466 0.700000 0.016627 2016-11-06T18:38:49
info: Object 55158c9a-f9c5-46aa-b602-d9cb5984c466 reached end of life because of ballooning.
info: EVENT object 55158c9a-f9c5-46aa-b602-d9cb5984c466 balloon
info: Object 55158c9a-f9c5-46aa-b602-d9cb5984c466 reached end of life.
info: ObjectTrajectory Written: sara.SLAFilt.55158c9a-f9c5-46aa-b602-d9cb5984c466_Trajectory.txt
info: GnuPlotGeneration::GenerateSingleObjectScript Wrote sara.SLAFilt.55158c9a-f9c5-46aa-b602-d9cb5984c466.gnu
info: AeroThermalHistory Written: sara.SLAFilt.55158c9a-f9c5-46aa-b602-d9cb5984c466_AeroThermalHistory.txt
info: EVENT end 55158c9a-f9c5-46aa-b602-d9cb5984c466 0.000545
info: Adding 0 new fragments to fragmentList.
info: Starting propagation of Fragment with uniqueID d7bd5c03-f80b-461b-8af7-657d9b05204d.
info: EVENT area d7bd5c03-f80b-461b-8af7-657d9b05204d 0.111200
info: EVENT start d7bd5c03-f80b-461b-8af7-657d9b05204d 14.200000 0.111200 2016-11-06T18:38:49
info: Object d7bd5c03-f80b-461b-8af7-657d9b05204d demised.
info: EVENT object d7bd5c03-f80b-461b-8af7-657d9b05204d demise
info: Object d7bd5c03-f80b-461b-8af7-657d9b05204d reached end of life.
info: ObjectTrajectory Written: sara.SARP-3.d7bd5c03-f80b-461b-8af7-657d9b05204d_Trajectory.txt
info: GnuPlotGeneration::GenerateSingleObjectScript Wrote sara.SARP-3.d7bd5c03-f80b-461b-8af7-657d9b05204d.gnu
info: AeroThermalHistory Written: sara.SARP-3.d7bd5c03-f80b-461b-8af7-657d9b05204d_AeroThermalHistory.txt
info: EVENT end d7bd5c03-f80b-461b-8af7-657d9b05204d 5.890000
info: Adding 1 new fragments to fragmentList.
info: Starting propagation of Fragment with uniqueID 636de29e-d481-433b-81dd-49c440d46a45.
info: EVENT area 636de29e-d481-433b-81dd-49c440d46a45 0.184000
info: EVENT start 636de29e-d481-433b-81dd-49c440d46a45 14.600000 0.184000 2016-11-06T18:38:49
info: Fragment 636de29e-d481-433b-81dd-49c440d46a45 reached end of life because of ground impact.
info: Object 636de29e-d481-433b-81dd-49c440d46a45 reached end of life.
info: EVENT fragment 636de29e-d481-433b-81dd-49c440d46a45 impact
info: ObjectTrajectory Written: sara.SAR-Rx.636de29e-d481-433b-81dd-49c440d46a45_Trajectory.txt
info: GnuPlotGeneration::GenerateSingleObjectScript Wrote sara.SAR-Rx.636de29e-d481-433b-81dd-49c440d46a45.gnu
info: AeroThermalHistory Written: sara.SAR-Rx.636de29e-d481-433b-81dd-49c440d46a45_AeroThermalHistory.txt
info: EVENT end 636de29e-d481-433b-81dd-49c440d46a45 2.656571
info: Adding 0 new fragments to fragmentList.
info: Starting propagation of Fragment with uniqueID 0811b25c-271f-4575-abd0-1c7da3798136.
info: EVENT area 0811b25c-271f-4575-abd0-1c7da3798136 0.108670
info: EVENT start 0811b25c-271f-4575-abd0-1c7da3798136 4.600000 0.108670 2016-11-06T18:38:49
info: Fragment 0811b25c-271f-4575-abd0-1c7da3798136 reached end of life because uncritical.
info: EVENT fragment 0811b25c-271f-4575-abd0-1c7da3798136 uncritical
info: Object 0811b25c-271f-4575-abd0-1c7da3798136 reached end of life.
info: ObjectTrajectory Written: sara.SAR-Tx.0811b25c-271f-4575-abd0-1c7da3798136_Trajectory.txt
info: GnuPlotGeneration::GenerateSingleObjectScript Wrote sara.SAR-Tx.0811b25c-271f-4575-abd0-1c7da3798136.gnu
info: AeroThermalHistory Written: sara.SAR-Tx.0811b25c-271f-4575-abd0-1c7da3798136_AeroThermalHistory.txt
info: EVENT end 0811b25c-271f-4575-abd0-1c7da3798136 0.284934
info: Adding 0 new fragments to fragmentList.
info: Starting propagation of Fragment with uniqueID 56e696f8-ec3c-413e-af35-7ceec8bc2365.
info: EVENT area 56e696f8-ec3c-413e-af35-7ceec8bc2365 0.027520
info: EVENT start 56e696f8-ec3c-413e-af35-7ceec8bc2365 1.600000 0.027520 2016-11-06T18:38:49
info: Object 56e696f8-ec3c-413e-af35-7ceec8bc2365 reached end of life because of ballooning.
info: EVENT object 56e696f8-ec3c-413e-af35-7ceec8bc2365 balloon
info: Object 56e696f8-ec3c-413e-af35-7ceec8bc2365 reached end of life.
info: ObjectTrajectory Written: sara.EPC1.56e696f8-ec3c-413e-af35-7ceec8bc2365_Trajectory.txt
info: GnuPlotGeneration::GenerateSingleObjectScript Wrote sara.EPC1.56e696f8-ec3c-413e-af35-7ceec8bc2365.gnu
info: AeroThermalHistory Written: sara.EPC1.56e696f8-ec3c-413e-af35-7ceec8bc2365_AeroThermalHistory.txt
info: EVENT end 56e696f8-ec3c-413e-af35-7ceec8bc2365 0.004403
info: Adding 0 new fragments to fragmentList.
info: Starting propagation of Fragment with uniqueID c447122c-bb20-4315-8121-0a35700a3f6b.
info: EVENT area c447122c-bb20-4315-8121-0a35700a3f6b 0.027520
info: EVENT start c447122c-bb20-4315-8121-0a35700a3f6b 1.600000 0.027520 2016-11-06T18:38:49
info: Object c447122c-bb20-4315-8121-0a35700a3f6b reached end of life because of ballooning.
info: EVENT object c447122c-bb20-4315-8121-0a35700a3f6b balloon
info: Object c447122c-bb20-4315-8121-0a35700a3f6b reached end of life.
info: ObjectTrajectory Written: sara.EPC2.c447122c-bb20-4315-8121-0a35700a3f6b_Trajectory.txt
info: GnuPlotGeneration::GenerateSingleObjectScript Wrote sara.EPC2.c447122c-bb20-4315-8121-0a35700a3f6b.gnu
info: AeroThermalHistory Written: sara.EPC2.c447122c-bb20-4315-8121-0a35700a3f6b_AeroThermalHistory.txt
info: EVENT end c447122c-bb20-4315-8121-0a35700a3f6b 0.004403
info: Adding 0 new fragments to fragmentList.
info: Starting propagation of Fragment with uniqueID b3430ea6-7c48-4042-b5f7-b07cf49a6371.
info: EVENT area b3430ea6-7c48-4042-b5f7-b07cf49a6371 0.019251
info: EVENT start b3430ea6-7c48-4042-b5f7-b07cf49a6371 0.900000 0.019251 2016-11-06T18:38:49
info: Object b3430ea6-7c48-4042-b5f7-b07cf49a6371 reached end of life because of ballooning.
info: EVENT object b3430ea6-7c48-4042-b5f7-b07cf49a6371 balloon
info: Object b3430ea6-7c48-4042-b5f7-b07cf49a6371 reached end of life.
info: ObjectTrajectory Written: sara.MOD1.b3430ea6-7c48-4042-b5f7-b07cf49a6371_Trajectory.txt
info: GnuPlotGeneration::GenerateSingleObjectScript Wrote sara.MOD1.b3430ea6-7c48-4042-b5f7-b07cf49a6371.gnu
info: AeroThermalHistory Written: sara.MOD1.b3430ea6-7c48-4042-b5f7-b07cf49a6371_AeroThermalHistory.txt
info: EVENT end b3430ea6-7c48-4042-b5f7-b07cf49a6371 0.000844
info: Adding 0 new fragments to fragmentList.
info: Starting propagation of Fragment with uniqueID 764ed056-8ce5-453c-8896-d451c5c44659.
info: EVENT area 764ed056-8ce5-453c-8896-d451c5c44659 0.019251
info: EVENT start 764ed056-8ce5-453c-8896-d451c5c44659 0.900000 0.019251 2016-11-06T18:38:49
info: Object 764ed056-8ce5-453c-8896-d451c5c44659 reached end of life because of ballooning.
info: EVENT object 764ed056-8ce5-453c-8896-d451c5c44659 balloon
info: Object 764ed056-8ce5-453c-8896-d451c5c44659 reached end of life.
info: ObjectTrajectory Written: sara.MOD2.764ed056-8ce5-453c-8896-d451c5c44659_Trajectory.txt
info: GnuPlotGeneration::GenerateSingleObjectScript Wrote sara.MOD2.764ed056-8ce5-453c-8896-d451c5c44659.gnu
info: AeroThermalHistory Written: sara.MOD2.764ed056-8ce5-453c-8896-d451c5c44659_AeroThermalHistory.txt
info: EVENT end 764ed056-8ce5-453c-8896-d451c5c44659 0.000844
info: Adding 0 new fragments to fragmentList.
info: Starting propagation of Fragment with uniqueID 684341d6-8ce2-4055-a592-2fc9912ddf09.
info: EVENT area 684341d6-8ce2-4055-a592-2fc9912ddf09 0.017618
info: EVENT start 684341d6-8ce2-4055-a592-2fc9912ddf09 0.900000 0.017618 2016-11-06T18:38:49
info: Object 684341d6-8ce2-4055-a592-2fc9912ddf09 demised.
info: EVENT object 684341d6-8ce2-4055-a592-2fc9912ddf09 demise
info: Fragment 684341d6-8ce2-4055-a592-2fc9912ddf09 reached end of life because uncritical.
info: Object 684341d6-8ce2-4055-a592-2fc9912ddf09 reached end of life.
info: ObjectTrajectory Written: sara.TWT1.684341d6-8ce2-4055-a592-2fc9912ddf09_Trajectory.txt
info: GnuPlotGeneration::GenerateSingleObjectScript Wrote sara.TWT1.684341d6-8ce2-4055-a592-2fc9912ddf09.gnu
info: AeroThermalHistory Written: sara.TWT1.684341d6-8ce2-4055-a592-2fc9912ddf09_AeroThermalHistory.txt
info: EVENT end 684341d6-8ce2-4055-a592-2fc9912ddf09 0.000000
info: Adding 0 new fragments to fragmentList.
info: Starting propagation of Fragment with uniqueID 35deacb2-c6a2-4f16-9e55-d44813b8a93a.
info: EVENT area 35deacb2-c6a2-4f16-9e55-d44813b8a93a 0.017618
info: EVENT start 35deacb2-c6a2-4f16-9e55-d44813b8a93a 0.900000 0.017618 2016-11-06T18:38:49
info: Object 35deacb2-c6a2-4f16-9e55-d44813b8a93a demised.
info: EVENT object 35deacb2-c6a2-4f16-9e55-d44813b8a93a demise
info: Fragment 35deacb2-c6a2-4f16-9e55-d44813b8a93a reached end of life because uncritical.
info: Object 35deacb2-c6a2-4f16-9e55-d44813b8a93a reached end of life.
info: ObjectTrajectory Written: sara.TWT2.35deacb2-c6a2-4f16-9e55-d44813b8a93a_Trajectory.txt
info: GnuPlotGeneration::GenerateSingleObjectScript Wrote sara.TWT2.35deacb2-c6a2-4f16-9e55-d44813b8a93a.gnu
info: AeroThermalHistory Written: sara.TWT2.35deacb2-c6a2-4f16-9e55-d44813b8a93a_AeroThermalHistory.txt
info: EVENT end 35deacb2-c6a2-4f16-9e55-d44813b8a93a 0.000000
info: Adding 0 new fragments to fragmentList.
info: Starting propagation of Fragment with uniqueID 59ad043a-c762-4a65-98ae-7fd1e356775b.
info: EVENT area 59ad043a-c762-4a65-98ae-7fd1e356775b 0.045570
info: EVENT start 59ad043a-c762-4a65-98ae-7fd1e356775b 1.800000 0.045570 2016-11-06T18:38:49
info: Object 59ad043a-c762-4a65-98ae-7fd1e356775b reached end of life because of ballooning.
info: EVENT object 59ad043a-c762-4a65-98ae-7fd1e356775b balloon
info: Object 59ad043a-c762-4a65-98ae-7fd1e356775b reached end of life.
info: ObjectTrajectory Written: sara.SRADipl.59ad043a-c762-4a65-98ae-7fd1e356775b_Trajectory.txt
info: GnuPlotGeneration::GenerateSingleObjectScript Wrote sara.SRADipl.59ad043a-c762-4a65-98ae-7fd1e356775b.gnu
info: AeroThermalHistory Written: sara.SRADipl.59ad043a-c762-4a65-98ae-7fd1e356775b_AeroThermalHistory.txt
info: EVENT end 59ad043a-c762-4a65-98ae-7fd1e356775b 0.009946
info: Adding 0 new fragments to fragmentList.
info: Starting propagation of Fragment with uniqueID 844d48f4-13ed-41a6-a555-1762db662628.
info: EVENT area 844d48f4-13ed-41a6-a555-1762db662628 0.013900
info: EVENT start 844d48f4-13ed-41a6-a555-1762db662628 0.400000 0.013900 2016-11-06T18:38:49
info: Fragment 844d48f4-13ed-41a6-a555-1762db662628 reached end of life because uncritical.
info: EVENT fragment 844d48f4-13ed-41a6-a555-1762db662628 uncritical
info: Object 844d48f4-13ed-41a6-a555-1762db662628 reached end of life.
info: ObjectTrajectory Written: sara.LNA1.844d48f4-13ed-41a6-a555-1762db662628_Trajectory.txt
info: GnuPlotGeneration::GenerateSingleObjectScript Wrote sara.LNA1.844d48f4-13ed-41a6-a555-1762db662628.gnu
info: AeroThermalHistory Written: sara.LNA1.844d48f4-13ed-41a6-a555-1762db662628_AeroThermalHistory.txt
info: EVENT end 844d48f4-13ed-41a6-a555-1762db662628 0.000003
info: Adding 0 new fragments to fragmentList.
info: Starting propagation of Fragment with uniqueID fb9bdf80-e01b-4119-82cd-9d5a43b3ba67.
info: EVENT area fb9bdf80-e01b-4119-82cd-9d5a43b3ba67 0.013900
info: EVENT start fb9bdf80-e01b-4119-82cd-9d5a43b3ba67 0.400000 0.013900 2016-11-06T18:38:49
info: Fragment fb9bdf80-e01b-4119-82cd-9d5a43b3ba67 reached end of life because uncritical.
info: EVENT fragment fb9bdf80-e01b-4119-82cd-9d5a43b3ba67 uncritical
info: Object fb9bdf80-e01b-4119-82cd-9d5a43b3ba67 reached end of life.
info: ObjectTrajectory Written: sara.LNA2.fb9bdf80-e01b-4119-82cd-9d5a43b3ba67_Trajectory.txt
info: GnuPlotGeneration::GenerateSingleObjectScript Wrote sara.LNA2.fb9bdf80-e01b-4119-82cd-9d5a43b3ba67.gnu
info: AeroThermalHistory Written: sara.LNA2.fb9bdf80-e01b-4119-82cd-9d5a43b3ba67_AeroThermalHistory.txt
info: EVENT end fb9bdf80-e01b-4119-82cd-9d5a43b3ba67 0.000003
info: Adding 0 new fragments to fragmentList.
info: Starting propagation of Fragment with uniqueID 2ef56939-a9fc-4def-8d3d-5b6385a5e759.
info: EVENT area 2ef56939-a9fc-4def-8d3d-5b6385a5e759 0.032408
info: EVENT start 2ef56939-a9fc-4def-8d3d-5b6385a5e759 1.100000 0.032408 2016-11-06T18:38:49
info: Object 2ef56939-a9fc-4def-8d3d-5b6385a5e759 reached end of life because of ballooning.
info: EVENT object 2ef56939-a9fc-4def-8d3d-5b6385a5e759 balloon
info: Object 2ef56939-a9fc-4def-8d3d-5b6385a5e759 reached end of life.
info: ObjectTrajectory Written: sara.UDAFilt.2ef56939-a9fc-4def-8d3d-5b6385a5e759_Trajectory.txt
info: GnuPlotGeneration::GenerateSingleObjectScript Wrote sara.UDAFilt.2ef56939-a9fc-4def-8d3d-5b6385a5e759.gnu
info: AeroThermalHistory Written: sara.UDAFilt.2ef56939-a9fc-4def-8d3d-5b6385a5e759_AeroThermalHistory.txt
info: EVENT end 2ef56939-a9fc-4def-8d3d-5b6385a5e759 0.003917
info: Adding 0 new fragments to fragmentList.
info: Starting propagation of Fragment with uniqueID e97d8292-02e8-4acb-a634-7dd2c2fffcdc.
info: EVENT area e97d8292-02e8-4acb-a634-7dd2c2fffcdc 0.010100
info: EVENT start e97d8292-02e8-4acb-a634-7dd2c2fffcdc 0.400000 0.010100 2016-11-06T18:38:49
info: Object e97d8292-02e8-4acb-a634-7dd2c2fffcdc demised.
info: EVENT object e97d8292-02e8-4acb-a634-7dd2c2fffcdc demise
info: Fragment e97d8292-02e8-4acb-a634-7dd2c2fffcdc reached end of life because uncritical.
info: Object e97d8292-02e8-4acb-a634-7dd2c2fffcdc reached end of life.
info: ObjectTrajectory Written: sara.DBU1.e97d8292-02e8-4acb-a634-7dd2c2fffcdc_Trajectory.txt
info: GnuPlotGeneration::GenerateSingleObjectScript Wrote sara.DBU1.e97d8292-02e8-4acb-a634-7dd2c2fffcdc.gnu
info: AeroThermalHistory Written: sara.DBU1.e97d8292-02e8-4acb-a634-7dd2c2fffcdc_AeroThermalHistory.txt
info: EVENT end e97d8292-02e8-4acb-a634-7dd2c2fffcdc 0.000000
info: Adding 0 new fragments to fragmentList.
info: Starting propagation of Fragment with uniqueID a658498f-41e2-4a69-8ea7-23934bdcd7a6.
info: EVENT area a658498f-41e2-4a69-8ea7-23934bdcd7a6 0.010100
info: EVENT start a658498f-41e2-4a69-8ea7-23934bdcd7a6 0.400000 0.010100 2016-11-06T18:38:49
info: Object a658498f-41e2-4a69-8ea7-23934bdcd7a6 demised.
info: EVENT object a658498f-41e2-4a69-8ea7-23934bdcd7a6 demise
info: Fragment a658498f-41e2-4a69-8ea7-23934bdcd7a6 reached end of life because uncritical.
info: Object a658498f-41e2-4a69-8ea7-23934bdcd7a6 reached end of life.
info: ObjectTrajectory Written: sara.DBU2.a658498f-41e2-4a69-8ea7-23934bdcd7a6_Trajectory.txt
info: GnuPlotGeneration::GenerateSingleObjectScript Wrote sara.DBU2.a658498f-41e2-4a69-8ea7-23934bdcd7a6.gnu
info: AeroThermalHistory Written: sara.DBU2.a658498f-41e2-4a69-8ea7-23934bdcd7a6_AeroThermalHistory.txt
info: EVENT end a658498f-41e2-4a69-8ea7-23934bdcd7a6 0.000000
info: Adding 0 new fragments to fragmentList.
info: Starting propagation of Fragment with uniqueID b3dcc589-abc9-4d4c-bf07-3b75ead42d7f.
info: EVENT area b3dcc589-abc9-4d4c-bf07-3b75ead42d7f 0.010100
info: EVENT start b3dcc589-abc9-4d4c-bf07-3b75ead42d7f 0.400000 0.010100 2016-11-06T18:38:49
info: Object b3dcc589-abc9-4d4c-bf07-3b75ead42d7f demised.
info: EVENT object b3dcc589-abc9-4d4c-bf07-3b75ead42d7f demise
info: Fragment b3dcc589-abc9-4d4c-bf07-3b75ead42d7f reached end of life because uncritical.
info: Object b3dcc589-abc9-4d4c-bf07-3b75ead42d7f reached end of life.
info: ObjectTrajectory Written: sara.DBU3.b3dcc589-abc9-4d4c-bf07-3b75ead42d7f_Trajectory.txt
info: GnuPlotGeneration::GenerateSingleObjectScript Wrote sara.DBU3.b3dcc589-abc9-4d4c-bf07-3b75ead42d7f.gnu
info: AeroThermalHistory Written: sara.DBU3.b3dcc589-abc9-4d4c-bf07-3b75ead42d7f_AeroThermalHistory.txt
info: EVENT end b3dcc589-abc9-4d4c-bf07-3b75ead42d7f 0.000000
info: Adding 0 new fragments to fragmentList.
info: Starting propagation of Fragment with uniqueID 41ce2e65-39a8-49bf-8ddd-e30dc1baf678.
info: EVENT area 41ce2e65-39a8-49bf-8ddd-e30dc1baf678 0.010100
info: EVENT start 41ce2e65-39a8-49bf-8ddd-e30dc1baf678 0.400000 0.010100 2016-11-06T18:38:49
info: Object 41ce2e65-39a8-49bf-8ddd-e30dc1baf678 demised.
info: EVENT object 41ce2e65-39a8-49bf-8ddd-e30dc1baf678 demise
info: Fragment 41ce2e65-39a8-49bf-8ddd-e30dc1baf678 reached end of life because uncritical.
info: Object 41ce2e65-39a8-49bf-8ddd-e30dc1baf678 reached end of life.
info: ObjectTrajectory Written: sara.DBU4.41ce2e65-39a8-49bf-8ddd-e30dc1baf678_Trajectory.txt
info: GnuPlotGeneration::GenerateSingleObjectScript Wrote sara.DBU4.41ce2e65-39a8-49bf-8ddd-e30dc1baf678.gnu
info: AeroThermalHistory Written: sara.DBU4.41ce2e65-39a8-49bf-8ddd-e30dc1baf678_AeroThermalHistory.txt
info: EVENT end 41ce2e65-39a8-49bf-8ddd-e30dc1baf678 0.000000
info: Adding 0 new fragments to fragmentList.
info: Starting propagation of Fragment with uniqueID 624e2806-adea-4308-b504-c4449bc97479.
info: EVENT area 624e2806-adea-4308-b504-c4449bc97479 0.010100
info: EVENT start 624e2806-adea-4308-b504-c4449bc97479 0.400000 0.010100 2016-11-06T18:38:49
info: Object 624e2806-adea-4308-b504-c4449bc97479 demised.
info: EVENT object 624e2806-adea-4308-b504-c4449bc97479 demise
info: Fragment 624e2806-adea-4308-b504-c4449bc97479 reached end of life because uncritical.
info: Object 624e2806-adea-4308-b504-c4449bc97479 reached end of life.
info: ObjectTrajectory Written: sara.DBU5.624e2806-adea-4308-b504-c4449bc97479_Trajectory.txt
info: GnuPlotGeneration::GenerateSingleObjectScript Wrote sara.DBU5.624e2806-adea-4308-b504-c4449bc97479.gnu
info: AeroThermalHistory Written: sara.DBU5.624e2806-adea-4308-b504-c4449bc97479_AeroThermalHistory.txt
info: EVENT end 624e2806-adea-4308-b504-c4449bc97479 0.000000
info: Adding 0 new fragments to fragmentList.
info: Starting propagation of Fragment with uniqueID 0aa8a2c0-ec39-42e6-8da8-bc6cc699c606.
info: EVENT area 0aa8a2c0-ec39-42e6-8da8-bc6cc699c606 0.059212
info: EVENT start 0aa8a2c0-ec39-42e6-8da8-bc6cc699c606 4.500000 0.059212 2016-11-06T18:38:49
info: Fragment 0aa8a2c0-ec39-42e6-8da8-bc6cc699c606 reached end of life because uncritical.
info: EVENT fragment 0aa8a2c0-ec39-42e6-8da8-bc6cc699c606 uncritical
info: Object 0aa8a2c0-ec39-42e6-8da8-bc6cc699c606 reached end of life.
info: ObjectTrajectory Written: sara.ASCATRFU1.0aa8a2c0-ec39-42e6-8da8-bc6cc699c606_Trajectory.txt
info: GnuPlotGeneration::GenerateSingleObjectScript Wrote sara.ASCATRFU1.0aa8a2c0-ec39-42e6-8da8-bc6cc699c606.gnu
info: AeroThermalHistory Written: sara.ASCATRFU1.0aa8a2c0-ec39-42e6-8da8-bc6cc699c606_AeroThermalHistory.txt
info: EVENT end 0aa8a2c0-ec39-42e6-8da8-bc6cc699c606 0.219104
info: Adding 0 new fragments to fragmentList.
info: Starting propagation of Fragment with uniqueID 47f10662-ff1d-49f1-a914-6c3ea10deb35.
info: EVENT area 47f10662-ff1d-49f1-a914-6c3ea10deb35 0.059212
info: EVENT start 47f10662-ff1d-49f1-a914-6c3ea10deb35 4.500000 0.059212 2016-11-06T18:38:49
info: Fragment 47f10662-ff1d-49f1-a914-6c3ea10deb35 reached end of life because uncritical.
info: EVENT fragment 47f10662-ff1d-49f1-a914-6c3ea10deb35 uncritical
info: Object 47f10662-ff1d-49f1-a914-6c3ea10deb35 reached end of life.
info: ObjectTrajectory Written: sara.ASCATRFU2.47f10662-ff1d-49f1-a914-6c3ea10deb35_Trajectory.txt
info: GnuPlotGeneration::GenerateSingleObjectScript Wrote sara.ASCATRFU2.47f10662-ff1d-49f1-a914-6c3ea10deb35.gnu
info: AeroThermalHistory Written: sara.ASCATRFU2.47f10662-ff1d-49f1-a914-6c3ea10deb35_AeroThermalHistory.txt
info: EVENT end 47f10662-ff1d-49f1-a914-6c3ea10deb35 0.219104
info: Adding 0 new fragments to fragmentList.
info: Starting propagation of Fragment with uniqueID a53c29ba-6b71-4132-8edf-b7039bd44ad2.
info: EVENT area a53c29ba-6b71-4132-8edf-b7039bd44ad2 0.100297
info: EVENT start a53c29ba-6b71-4132-8edf-b7039bd44ad2 12.200000 0.100297 2016-11-06T18:38:49
info: Object a53c29ba-6b71-4132-8edf-b7039bd44ad2 demised.
info: EVENT object a53c29ba-6b71-4132-8edf-b7039bd44ad2 demise
info: Object a53c29ba-6b71-4132-8edf-b7039bd44ad2 reached end of life.
info: ObjectTrajectory Written: sara.IASI-DPS.a53c29ba-6b71-4132-8edf-b7039bd44ad2_Trajectory.txt
info: GnuPlotGeneration::GenerateSingleObjectScript Wrote sara.IASI-DPS.a53c29ba-6b71-4132-8edf-b7039bd44ad2.gnu
info: AeroThermalHistory Written: sara.IASI-DPS.a53c29ba-6b71-4132-8edf-b7039bd44ad2_AeroThermalHistory.txt
info: EVENT end a53c29ba-6b71-4132-8edf-b7039bd44ad2 4.720000
info: Adding 1 new fragments to fragmentList.
info: Starting propagation of Fragment with uniqueID 5b86f470-44a4-4ec5-8273-5d7df1eab50e.
info: EVENT area 5b86f470-44a4-4ec5-8273-5d7df1eab50e 0.029393
info: EVENT start 5b86f470-44a4-4ec5-8273-5d7df1eab50e 1.800000 0.029393 2016-11-06T18:38:49
info: Fragment 5b86f470-44a4-4ec5-8273-5d7df1eab50e reached end of life because uncritical.
info: EVENT fragment 5b86f470-44a4-4ec5-8273-5d7df1eab50e uncritical
info: Object 5b86f470-44a4-4ec5-8273-5d7df1eab50e reached end of life.
info: ObjectTrajectory Written: sara.RFCU.5b86f470-44a4-4ec5-8273-5d7df1eab50e_Trajectory.txt
info: GnuPlotGeneration::GenerateSingleObjectScript Wrote sara.RFCU.5b86f470-44a4-4ec5-8273-5d7df1eab50e.gnu
info: AeroThermalHistory Written: sara.RFCU.5b86f470-44a4-4ec5-8273-5d7df1eab50e_AeroThermalHistory.txt
info: EVENT end 5b86f470-44a4-4ec5-8273-5d7df1eab50e 0.021807
info: Adding 0 new fragments to fragmentList.
info: Starting propagation of Fragment with uniqueID da26e55e-0c11-45ad-8d3d-66652dd3723e.
info: EVENT area da26e55e-0c11-45ad-8d3d-66652dd3723e 0.106750
info: EVENT start da26e55e-0c11-45ad-8d3d-66652dd3723e 14.100000 0.106750 2016-11-06T18:38:49
info: Object da26e55e-0c11-45ad-8d3d-66652dd3723e demised.
info: EVENT object da26e55e-0c11-45ad-8d3d-66652dd3723e demise
info: Object da26e55e-0c11-45ad-8d3d-66652dd3723e reached end of life.
info: ObjectTrajectory Written: sara.IASI-IMS.da26e55e-0c11-45ad-8d3d-66652dd3723e_Trajectory.txt
info: GnuPlotGeneration::GenerateSingleObjectScript Wrote sara.IASI-IMS.da26e55e-0c11-45ad-8d3d-66652dd3723e.gnu
info: AeroThermalHistory Written: sara.IASI-IMS.da26e55e-0c11-45ad-8d3d-66652dd3723e_AeroThermalHistory.txt
info: EVENT end da26e55e-0c11-45ad-8d3d-66652dd3723e 6.130000
info: Adding 1 new fragments to fragmentList.
info: Starting propagation of Fragment with uniqueID 689791a9-de13-4150-8f6a-c50e8cb6905a.
info: EVENT area 689791a9-de13-4150-8f6a-c50e8cb6905a 0.054160
info: EVENT start 689791a9-de13-4150-8f6a-c50e8cb6905a 4.400000 0.054160 2016-11-06T18:38:49
info: Object 689791a9-de13-4150-8f6a-c50e8cb6905a demised.
info: EVENT object 689791a9-de13-4150-8f6a-c50e8cb6905a demise
info: Object 689791a9-de13-4150-8f6a-c50e8cb6905a reached end of life.
info: ObjectTrajectory Written: sara.DPU-SEM.689791a9-de13-4150-8f6a-c50e8cb6905a_Trajectory.txt
info: GnuPlotGeneration::GenerateSingleObjectScript Wrote sara.DPU-SEM.689791a9-de13-4150-8f6a-c50e8cb6905a.gnu
info: AeroThermalHistory Written: sara.DPU-SEM.689791a9-de13-4150-8f6a-c50e8cb6905a_AeroThermalHistory.txt
info: EVENT end 689791a9-de13-4150-8f6a-c50e8cb6905a 0.450000
info: Adding 1 new fragments to fragmentList.
info: Starting propagation of Fragment with uniqueID 8f88f259-d6cf-4443-9cd6-698aef3f1114.
info: EVENT area 8f88f259-d6cf-4443-9cd6-698aef3f1114 0.178215
info: EVENT start 8f88f259-d6cf-4443-9cd6-698aef3f1114 21.700000 0.178215 2016-11-06T18:38:49
info: Object 8f88f259-d6cf-4443-9cd6-698aef3f1114 demised.
info: EVENT object 8f88f259-d6cf-4443-9cd6-698aef3f1114 demise
info: Object 8f88f259-d6cf-4443-9cd6-698aef3f1114 reached end of life.
info: ObjectTrajectory Written: sara.PCU.8f88f259-d6cf-4443-9cd6-698aef3f1114_Trajectory.txt
info: GnuPlotGeneration::GenerateSingleObjectScript Wrote sara.PCU.8f88f259-d6cf-4443-9cd6-698aef3f1114.gnu
info: AeroThermalHistory Written: sara.PCU.8f88f259-d6cf-4443-9cd6-698aef3f1114_AeroThermalHistory.txt
info: EVENT end 8f88f259-d6cf-4443-9cd6-698aef3f1114 8.250000
info: Adding 1 new fragments to fragmentList.
info: Starting propagation of Fragment with uniqueID ec89d4c6-20df-4070-b733-9f1552d41c7e.
info: EVENT area ec89d4c6-20df-4070-b733-9f1552d41c7e 0.180255
info: EVENT start ec89d4c6-20df-4070-b733-9f1552d41c7e 23.200000 0.180255 2016-11-06T18:38:49
info: Object ec89d4c6-20df-4070-b733-9f1552d41c7e demised.
info: EVENT object ec89d4c6-20df-4070-b733-9f1552d41c7e demise
info: Object ec89d4c6-20df-4070-b733-9f1552d41c7e reached end of life.
info: ObjectTrajectory Written: sara.TCU.ec89d4c6-20df-4070-b733-9f1552d41c7e_Trajectory.txt
info: GnuPlotGeneration::GenerateSingleObjectScript Wrote sara.TCU.ec89d4c6-20df-4070-b733-9f1552d41c7e.gnu
info: AeroThermalHistory Written: sara.TCU.ec89d4c6-20df-4070-b733-9f1552d41c7e_AeroThermalHistory.txt
info: EVENT end ec89d4c6-20df-4070-b733-9f1552d41c7e 9.570000
info: Adding 1 new fragments to fragmentList.
info: Starting propagation of Fragment with uniqueID 78d80f1c-9104-4af6-b066-9c57e7bbd415.
info: EVENT area 78d80f1c-9104-4af6-b066-9c57e7bbd415 0.085927
info: EVENT start 78d80f1c-9104-4af6-b066-9c57e7bbd415 5.500000 0.085927 2016-11-06T18:38:49
info: Fragment 78d80f1c-9104-4af6-b066-9c57e7bbd415 reached end of life because of ground impact.
info: Object 78d80f1c-9104-4af6-b066-9c57e7bbd415 reached end of life.
info: EVENT fragment 78d80f1c-9104-4af6-b066-9c57e7bbd415 impact
info: ObjectTrajectory Written: sara.FMU1.78d80f1c-9104-4af6-b066-9c57e7bbd415_Trajectory.txt
info: GnuPlotGeneration::GenerateSingleObjectScript Wrote sara.FMU1.78d80f1c-9104-4af6-b066-9c57e7bbd415.gnu
info: AeroThermalHistory Written: sara.FMU1.78d80f1c-9104-4af6-b066-9c57e7bbd415_AeroThermalHistory.txt
info: EVENT end 78d80f1c-9104-4af6-b066-9c57e7bbd415 0.433860
info: Adding 0 new fragments to fragmentList.
info: Starting propagation of Fragment with uniqueID d863747a-495a-45c4-abb1-ad00abd36e8d.
info: EVENT area d863747a-495a-45c4-abb1-ad00abd36e8d 0.085927
info: EVENT start d863747a-495a-45c4-abb1-ad00abd36e8d 5.500000 0.085927 2016-11-06T18:38:49
info: Fragment d863747a-495a-45c4-abb1-ad00abd36e8d reached end of life because of ground impact.
info: Object d863747a-495a-45c4-abb1-ad00abd36e8d reached end of life.
info: EVENT fragment d863747a-495a-45c4-abb1-ad00abd36e8d impact
info: ObjectTrajectory Written: sara.FMU2.d863747a-495a-45c4-abb1-ad00abd36e8d_Trajectory.txt
info: GnuPlotGeneration::GenerateSingleObjectScript Wrote sara.FMU2.d863747a-495a-45c4-abb1-ad00abd36e8d.gnu
info: AeroThermalHistory Written: sara.FMU2.d863747a-495a-45c4-abb1-ad00abd36e8d_AeroThermalHistory.txt
info: EVENT end d863747a-495a-45c4-abb1-ad00abd36e8d 0.433860
info: Adding 0 new fragments to fragmentList.
info: Starting propagation of Fragment with uniqueID 04515579-e5af-4cce-9bd7-ef29afced2c5.
info: EVENT area 04515579-e5af-4cce-9bd7-ef29afced2c5 0.190431
info: EVENT start 04515579-e5af-4cce-9bd7-ef29afced2c5 23.700000 0.190431 2016-11-06T18:38:49
info: Object 04515579-e5af-4cce-9bd7-ef29afced2c5 demised.
info: EVENT object 04515579-e5af-4cce-9bd7-ef29afced2c5 demise
info: Object 04515579-e5af-4cce-9bd7-ef29afced2c5 reached end of life.
info: ObjectTrajectory Written: sara.SSR.04515579-e5af-4cce-9bd7-ef29afced2c5_Trajectory.txt
info: GnuPlotGeneration::GenerateSingleObjectScript Wrote sara.SSR.04515579-e5af-4cce-9bd7-ef29afced2c5.gnu
info: AeroThermalHistory Written: sara.SSR.04515579-e5af-4cce-9bd7-ef29afced2c5_AeroThermalHistory.txt
info: EVENT end 04515579-e5af-4cce-9bd7-ef29afced2c5 9.280000
info: Adding 1 new fragments to fragmentList.
info: Starting propagation of Fragment with uniqueID bbc60374-ca13-4662-867d-3772cca49cf8.
info: EVENT area bbc60374-ca13-4662-867d-3772cca49cf8 0.116838
info: EVENT start bbc60374-ca13-4662-867d-3772cca49cf8 11.000000 0.116838 2016-11-06T18:38:49
info: Object bbc60374-ca13-4662-867d-3772cca49cf8 demised.
info: EVENT object bbc60374-ca13-4662-867d-3772cca49cf8 demise
info: Object bbc60374-ca13-4662-867d-3772cca49cf8 reached end of life.
info: ObjectTrajectory Written: sara.NIU.bbc60374-ca13-4662-867d-3772cca49cf8_Trajectory.txt
info: GnuPlotGeneration::GenerateSingleObjectScript Wrote sara.NIU.bbc60374-ca13-4662-867d-3772cca49cf8.gnu
info: AeroThermalHistory Written: sara.NIU.bbc60374-ca13-4662-867d-3772cca49cf8_AeroThermalHistory.txt
info: EVENT end bbc60374-ca13-4662-867d-3772cca49cf8 2.250000
info: Adding 1 new fragments to fragmentList.
info: Starting propagation of Fragment with uniqueID 2424cd89-ade8-40c4-baae-7b5d2bec50b0.
info: EVENT area 2424cd89-ade8-40c4-baae-7b5d2bec50b0 0.038196
info: EVENT start 2424cd89-ade8-40c4-baae-7b5d2bec50b0 2.500000 0.038196 2016-11-06T18:38:49
info: Fragment 2424cd89-ade8-40c4-baae-7b5d2bec50b0 reached end of life because uncritical.
info: EVENT fragment 2424cd89-ade8-40c4-baae-7b5d2bec50b0 uncritical
info: Object 2424cd89-ade8-40c4-baae-7b5d2bec50b0 reached end of life.
info: ObjectTrajectory Written: sara.L-SSPA1.2424cd89-ade8-40c4-baae-7b5d2bec50b0_Trajectory.txt
info: GnuPlotGeneration::GenerateSingleObjectScript Wrote sara.L-SSPA1.2424cd89-ade8-40c4-baae-7b5d2bec50b0.gnu
info: AeroThermalHistory Written: sara.L-SSPA1.2424cd89-ade8-40c4-baae-7b5d2bec50b0_AeroThermalHistory.txt
info: EVENT end 2424cd89-ade8-40c4-baae-7b5d2bec50b0 0.033934
info: Adding 0 new fragments to fragmentList.
info: Starting propagation of Fragment with uniqueID 317de540-f756-4ea1-929a-778f9cecc003.
info: EVENT area 317de540-f756-4ea1-929a-778f9cecc003 0.038196
info: EVENT start 317de540-f756-4ea1-929a-778f9cecc003 2.500000 0.038196 2016-11-06T18:38:49
info: Fragment 317de540-f756-4ea1-929a-778f9cecc003 reached end of life because uncritical.
info: EVENT fragment 317de540-f756-4ea1-929a-778f9cecc003 uncritical
info: Object 317de540-f756-4ea1-929a-778f9cecc003 reached end of life.
info: ObjectTrajectory Written: sara.L-SSPA2.317de540-f756-4ea1-929a-778f9cecc003_Trajectory.txt
info: GnuPlotGeneration::GenerateSingleObjectScript Wrote sara.L-SSPA2.317de540-f756-4ea1-929a-778f9cecc003.gnu
info: AeroThermalHistory Written: sara.L-SSPA2.317de540-f756-4ea1-929a-778f9cecc003_AeroThermalHistory.txt
info: EVENT end 317de540-f756-4ea1-929a-778f9cecc003 0.033934
info: Adding 0 new fragments to fragmentList.
info: Starting propagation of Fragment with uniqueID f9be32d6-1e7d-4319-bee1-3f5b3dd21cd0.
info: EVENT area f9be32d6-1e7d-4319-bee1-3f5b3dd21cd0 0.037747
info: EVENT start f9be32d6-1e7d-4319-bee1-3f5b3dd21cd0 2.400000 0.037747 2016-11-06T18:38:49
info: Fragment f9be32d6-1e7d-4319-bee1-3f5b3dd21cd0 reached end of life because uncritical.
info: EVENT fragment f9be32d6-1e7d-4319-bee1-3f5b3dd21cd0 uncritical
info: Object f9be32d6-1e7d-4319-bee1-3f5b3dd21cd0 reached end of life.
info: ObjectTrajectory Written: sara.LH-MOD1.f9be32d6-1e7d-4319-bee1-3f5b3dd21cd0_Trajectory.txt
info: GnuPlotGeneration::GenerateSingleObjectScript Wrote sara.LH-MOD1.f9be32d6-1e7d-4319-bee1-3f5b3dd21cd0.gnu
info: AeroThermalHistory Written: sara.LH-MOD1.f9be32d6-1e7d-4319-bee1-3f5b3dd21cd0_AeroThermalHistory.txt
info: EVENT end f9be32d6-1e7d-4319-bee1-3f5b3dd21cd0 0.033847
info: Adding 0 new fragments to fragmentList.
info: Starting propagation of Fragment with uniqueID dd837854-f8fc-4075-9230-b0761a98bc37.
info: EVENT area dd837854-f8fc-4075-9230-b0761a98bc37 0.037747
info: EVENT start dd837854-f8fc-4075-9230-b0761a98bc37 2.400000 0.037747 2016-11-06T18:38:49
info: Fragment dd837854-f8fc-4075-9230-b0761a98bc37 reached end of life because uncritical.
info: EVENT fragment dd837854-f8fc-4075-9230-b0761a98bc37 uncritical
info: Object dd837854-f8fc-4075-9230-b0761a98bc37 reached end of life.
info: ObjectTrajectory Written: sara.LH-MOD2.dd837854-f8fc-4075-9230-b0761a98bc37_Trajectory.txt
info: GnuPlotGeneration::GenerateSingleObjectScript Wrote sara.LH-MOD2.dd837854-f8fc-4075-9230-b0761a98bc37.gnu
info: AeroThermalHistory Written: sara.LH-MOD2.dd837854-f8fc-4075-9230-b0761a98bc37_AeroThermalHistory.txt
info: EVENT end dd837854-f8fc-4075-9230-b0761a98bc37 0.033847
info: Adding 0 new fragments to fragmentList.
info: Starting propagation of Fragment with uniqueID f29a83d7-5acb-4d9e-a2bb-5c9f9fd86e39.
info: EVENT area f29a83d7-5acb-4d9e-a2bb-5c9f9fd86e39 0.026375
info: EVENT start f29a83d7-5acb-4d9e-a2bb-5c9f9fd86e39 1.200000 0.026375 2016-11-06T18:38:49
info: Object f29a83d7-5acb-4d9e-a2bb-5c9f9fd86e39 reached end of life because of ballooning.
info: EVENT object f29a83d7-5acb-4d9e-a2bb-5c9f9fd86e39 balloon
info: Object f29a83d7-5acb-4d9e-a2bb-5c9f9fd86e39 reached end of life.
info: ObjectTrajectory Written: sara.H-SSPA1.f29a83d7-5acb-4d9e-a2bb-5c9f9fd86e39_Trajectory.txt
info: GnuPlotGeneration::GenerateSingleObjectScript Wrote sara.H-SSPA1.f29a83d7-5acb-4d9e-a2bb-5c9f9fd86e39.gnu
info: AeroThermalHistory Written: sara.H-SSPA1.f29a83d7-5acb-4d9e-a2bb-5c9f9fd86e39_AeroThermalHistory.txt
info: EVENT end f29a83d7-5acb-4d9e-a2bb-5c9f9fd86e39 0.002755
info: Adding 0 new fragments to fragmentList.
info: Starting propagation of Fragment with uniqueID bf96a4c3-9391-4af4-8dab-12202b581e79.
info: EVENT area bf96a4c3-9391-4af4-8dab-12202b581e79 0.026375
info: EVENT start bf96a4c3-9391-4af4-8dab-12202b581e79 1.200000 0.026375 2016-11-06T18:38:49
info: Object bf96a4c3-9391-4af4-8dab-12202b581e79 reached end of life because of ballooning.
info: EVENT object bf96a4c3-9391-4af4-8dab-12202b581e79 balloon
info: Object bf96a4c3-9391-4af4-8dab-12202b581e79 reached end of life.
info: ObjectTrajectory Written: sara.H-SSPA2.bf96a4c3-9391-4af4-8dab-12202b581e79_Trajectory.txt
info: GnuPlotGeneration::GenerateSingleObjectScript Wrote sara.H-SSPA2.bf96a4c3-9391-4af4-8dab-12202b581e79.gnu
info: AeroThermalHistory Written: sara.H-SSPA2.bf96a4c3-9391-4af4-8dab-12202b581e79_AeroThermalHistory.txt
info: EVENT end bf96a4c3-9391-4af4-8dab-12202b581e79 0.002755
info: Adding 0 new fragments to fragmentList.
info: Starting propagation of Fragment with uniqueID 46bd662e-534d-4e92-a802-86a723e35b28.
info: EVENT area 46bd662e-534d-4e92-a802-86a723e35b28 0.113665
info: EVENT start 46bd662e-534d-4e92-a802-86a723e35b28 14.000000 0.113665 2016-11-06T18:38:49
info: Object 46bd662e-534d-4e92-a802-86a723e35b28 demised.
info: EVENT object 46bd662e-534d-4e92-a802-86a723e35b28 demise
info: Object 46bd662e-534d-4e92-a802-86a723e35b28 reached end of life.
info: ObjectTrajectory Written: sara.ADCS-RPU.46bd662e-534d-4e92-a802-86a723e35b28_Trajectory.txt
info: GnuPlotGeneration::GenerateSingleObjectScript Wrote sara.ADCS-RPU.46bd662e-534d-4e92-a802-86a723e35b28.gnu
info: AeroThermalHistory Written: sara.ADCS-RPU.46bd662e-534d-4e92-a802-86a723e35b28_AeroThermalHistory.txt
info: EVENT end 46bd662e-534d-4e92-a802-86a723e35b28 5.500000
info: Adding 1 new fragments to fragmentList.
info: Starting propagation of Fragment with uniqueID 42ac1896-26e7-4c09-a918-9352b410a3d4.
info: EVENT area 42ac1896-26e7-4c09-a918-9352b410a3d4 0.072900
info: EVENT start 42ac1896-26e7-4c09-a918-9352b410a3d4 7.000000 0.072900 2016-11-06T18:38:49
info: Object 42ac1896-26e7-4c09-a918-9352b410a3d4 demised.
info: EVENT object 42ac1896-26e7-4c09-a918-9352b410a3d4 demise
info: Object 42ac1896-26e7-4c09-a918-9352b410a3d4 reached end of life.
info: ObjectTrajectory Written: sara.ADCS-TXU.42ac1896-26e7-4c09-a918-9352b410a3d4_Trajectory.txt
info: GnuPlotGeneration::GenerateSingleObjectScript Wrote sara.ADCS-TXU.42ac1896-26e7-4c09-a918-9352b410a3d4.gnu
info: AeroThermalHistory Written: sara.ADCS-TXU.42ac1896-26e7-4c09-a918-9352b410a3d4_AeroThermalHistory.txt
info: EVENT end 42ac1896-26e7-4c09-a918-9352b410a3d4 1.630000
info: Adding 1 new fragments to fragmentList.
info: Starting propagation of Fragment with uniqueID 87b8b918-9136-4203-8607-2a5c00b784eb.
info: EVENT area 87b8b918-9136-4203-8607-2a5c00b784eb 0.070816
info: EVENT start 87b8b918-9136-4203-8607-2a5c00b784eb 5.900000 0.070816 2016-11-06T18:38:49
info: Object 87b8b918-9136-4203-8607-2a5c00b784eb demised.
info: EVENT object 87b8b918-9136-4203-8607-2a5c00b784eb demise
info: Object 87b8b918-9136-4203-8607-2a5c00b784eb reached end of life.
info: ObjectTrajectory Written: sara.GRAS-GEU.87b8b918-9136-4203-8607-2a5c00b784eb_Trajectory.txt
info: GnuPlotGeneration::GenerateSingleObjectScript Wrote sara.GRAS-GEU.87b8b918-9136-4203-8607-2a5c00b784eb.gnu
info: AeroThermalHistory Written: sara.GRAS-GEU.87b8b918-9136-4203-8607-2a5c00b784eb_AeroThermalHistory.txt
info: EVENT end 87b8b918-9136-4203-8607-2a5c00b784eb 0.670000
info: Adding 1 new fragments to fragmentList.
info: Starting propagation of Fragment with uniqueID 5bd35b65-7560-4add-bf7b-7f7884f60c85.
info: EVENT area 5bd35b65-7560-4add-bf7b-7f7884f60c85 0.071180
info: EVENT start 5bd35b65-7560-4add-bf7b-7f7884f60c85 5.300000 0.071180 2016-11-06T18:38:49
info: Fragment 5bd35b65-7560-4add-bf7b-7f7884f60c85 reached end of life because of ground impact.
info: Object 5bd35b65-7560-4add-bf7b-7f7884f60c85 reached end of life.
info: EVENT fragment 5bd35b65-7560-4add-bf7b-7f7884f60c85 impact
info: ObjectTrajectory Written: sara.ASCATICU1.5bd35b65-7560-4add-bf7b-7f7884f60c85_Trajectory.txt
info: GnuPlotGeneration::GenerateSingleObjectScript Wrote sara.ASCATICU1.5bd35b65-7560-4add-bf7b-7f7884f60c85.gnu
info: AeroThermalHistory Written: sara.ASCATICU1.5bd35b65-7560-4add-bf7b-7f7884f60c85_AeroThermalHistory.txt
info: EVENT end 5bd35b65-7560-4add-bf7b-7f7884f60c85 0.352149
info: Adding 0 new fragments to fragmentList.
info: Starting propagation of Fragment with uniqueID 8b9a26a2-5611-4800-b2a7-2fdee0561470.
info: EVENT area 8b9a26a2-5611-4800-b2a7-2fdee0561470 0.071180
info: EVENT start 8b9a26a2-5611-4800-b2a7-2fdee0561470 5.300000 0.071180 2016-11-06T18:38:49
info: Fragment 8b9a26a2-5611-4800-b2a7-2fdee0561470 reached end of life because of ground impact.
info: Object 8b9a26a2-5611-4800-b2a7-2fdee0561470 reached end of life.
info: EVENT fragment 8b9a26a2-5611-4800-b2a7-2fdee0561470 impact
info: ObjectTrajectory Written: sara.ASCATICU2.8b9a26a2-5611-4800-b2a7-2fdee0561470_Trajectory.txt
info: GnuPlotGeneration::GenerateSingleObjectScript Wrote sara.ASCATICU2.8b9a26a2-5611-4800-b2a7-2fdee0561470.gnu
info: AeroThermalHistory Written: sara.ASCATICU2.8b9a26a2-5611-4800-b2a7-2fdee0561470_AeroThermalHistory.txt
info: EVENT end 8b9a26a2-5611-4800-b2a7-2fdee0561470 0.352149
info: Adding 0 new fragments to fragmentList.
info: Starting propagation of Fragment with uniqueID 8078c3b2-2ac0-46a1-9d10-533e9ee10349.
info: EVENT area 8078c3b2-2ac0-46a1-9d10-533e9ee10349 0.051281
info: EVENT start 8078c3b2-2ac0-46a1-9d10-533e9ee10349 5.500000 0.051281 2016-11-06T18:38:49
info: Object 8078c3b2-2ac0-46a1-9d10-533e9ee10349 demised.
info: EVENT object 8078c3b2-2ac0-46a1-9d10-533e9ee10349 demise
info: Object 8078c3b2-2ac0-46a1-9d10-533e9ee10349 reached end of life.
info: ObjectTrajectory Written: sara.ASCATDPU1.8078c3b2-2ac0-46a1-9d10-533e9ee10349_Trajectory.txt
info: GnuPlotGeneration::GenerateSingleObjectScript Wrote sara.ASCATDPU1.8078c3b2-2ac0-46a1-9d10-533e9ee10349.gnu
info: AeroThermalHistory Written: sara.ASCATDPU1.8078c3b2-2ac0-46a1-9d10-533e9ee10349_AeroThermalHistory.txt
info: EVENT end 8078c3b2-2ac0-46a1-9d10-533e9ee10349 1.760000
info: Adding 1 new fragments to fragmentList.
info: Starting propagation of Fragment with uniqueID 321236b2-de49-48ed-ba93-5fa72bcea46d.
info: EVENT area 321236b2-de49-48ed-ba93-5fa72bcea46d 0.051281
info: EVENT start 321236b2-de49-48ed-ba93-5fa72bcea46d 5.500000 0.051281 2016-11-06T18:38:49
info: Object 321236b2-de49-48ed-ba93-5fa72bcea46d demised.
info: EVENT object 321236b2-de49-48ed-ba93-5fa72bcea46d demise
info: Object 321236b2-de49-48ed-ba93-5fa72bcea46d reached end of life.
info: ObjectTrajectory Written: sara.ASCATDPU2.321236b2-de49-48ed-ba93-5fa72bcea46d_Trajectory.txt
info: GnuPlotGeneration::GenerateSingleObjectScript Wrote sara.ASCATDPU2.321236b2-de49-48ed-ba93-5fa72bcea46d.gnu
info: AeroThermalHistory Written: sara.ASCATDPU2.321236b2-de49-48ed-ba93-5fa72bcea46d_AeroThermalHistory.txt
info: EVENT end 321236b2-de49-48ed-ba93-5fa72bcea46d 1.760000
info: Adding 1 new fragments to fragmentList.
info: Starting propagation of Fragment with uniqueID 6ec8e3b0-bee6-4571-99e4-bf462d5ab672.
info: EVENT area 6ec8e3b0-bee6-4571-99e4-bf462d5ab672 2.313240
info: EVENT start 6ec8e3b0-bee6-4571-99e4-bf462d5ab672 200.000000 2.313240 2016-11-06T18:38:49
info: Fragment 6ec8e3b0-bee6-4571-99e4-bf462d5ab672 reached end of life because of ground impact.
info: Object 6ec8e3b0-bee6-4571-99e4-bf462d5ab672 reached end of life.
info: EVENT fragment 6ec8e3b0-bee6-4571-99e4-bf462d5ab672 impact
info: ObjectTrajectory Written: sara.IASI.6ec8e3b0-bee6-4571-99e4-bf462d5ab672_Trajectory.txt
info: GnuPlotGeneration::GenerateSingleObjectScript Wrote sara.IASI.6ec8e3b0-bee6-4571-99e4-bf462d5ab672.gnu
info: AeroThermalHistory Written: sara.IASI.6ec8e3b0-bee6-4571-99e4-bf462d5ab672_AeroThermalHistory.txt
info: EVENT end 6ec8e3b0-bee6-4571-99e4-bf462d5ab672 200.000000
info: Adding 0 new fragments to fragmentList.
info: Starting propagation of Fragment with uniqueID baa15345-588e-44f0-ae31-4e212aae8951.
info: EVENT area baa15345-588e-44f0-ae31-4e212aae8951 2.204895
info: EVENT start baa15345-588e-44f0-ae31-4e212aae8951 186.000000 2.204895 2016-11-06T18:38:49
info: Fragment baa15345-588e-44f0-ae31-4e212aae8951 reached end of life because of ground impact.
info: Object baa15345-588e-44f0-ae31-4e212aae8951 reached end of life.
info: EVENT fragment baa15345-588e-44f0-ae31-4e212aae8951 impact
info: ObjectTrajectory Written: sara.Cylind1.baa15345-588e-44f0-ae31-4e212aae8951_Trajectory.txt
info: GnuPlotGeneration::GenerateSingleObjectScript Wrote sara.Cylind1.baa15345-588e-44f0-ae31-4e212aae8951.gnu
info: AeroThermalHistory Written: sara.Cylind1.baa15345-588e-44f0-ae31-4e212aae8951_AeroThermalHistory.txt
info: EVENT end baa15345-588e-44f0-ae31-4e212aae8951 164.406672
info: Adding 0 new fragments to fragmentList.
info: Starting propagation of Fragment with uniqueID 605f092a-c977-44bd-953f-0bb289c43b86.
info: EVENT area 605f092a-c977-44bd-953f-0bb289c43b86 2.201000
info: EVENT start 605f092a-c977-44bd-953f-0bb289c43b86 62.000000 2.201000 2016-11-06T18:38:49
info: Fragment 605f092a-c977-44bd-953f-0bb289c43b86 reached end of life because of ground impact.
info: Object 605f092a-c977-44bd-953f-0bb289c43b86 reached end of life.
info: EVENT fragment 605f092a-c977-44bd-953f-0bb289c43b86 impact
info: ObjectTrajectory Written: sara.Cylind2.605f092a-c977-44bd-953f-0bb289c43b86_Trajectory.txt
info: GnuPlotGeneration::GenerateSingleObjectScript Wrote sara.Cylind2.605f092a-c977-44bd-953f-0bb289c43b86.gnu
info: AeroThermalHistory Written: sara.Cylind2.605f092a-c977-44bd-953f-0bb289c43b86_AeroThermalHistory.txt
info: EVENT end 605f092a-c977-44bd-953f-0bb289c43b86 37.328195
info: Adding 0 new fragments to fragmentList.
info: Starting propagation of Fragment with uniqueID dfab742f-f17a-4a69-b9af-67dfbb5cc42b.
info: EVENT area dfab742f-f17a-4a69-b9af-67dfbb5cc42b 0.526875
info: EVENT start dfab742f-f17a-4a69-b9af-67dfbb5cc42b 10.000000 0.526875 2016-11-06T18:38:49
info: Fragment dfab742f-f17a-4a69-b9af-67dfbb5cc42b reached end of life because of ground impact.
info: Object dfab742f-f17a-4a69-b9af-67dfbb5cc42b reached end of life.
info: EVENT fragment dfab742f-f17a-4a69-b9af-67dfbb5cc42b impact
info: ObjectTrajectory Written: sara.SheWallY1.dfab742f-f17a-4a69-b9af-67dfbb5cc42b_Trajectory.txt
info: GnuPlotGeneration::GenerateSingleObjectScript Wrote sara.SheWallY1.dfab742f-f17a-4a69-b9af-67dfbb5cc42b.gnu
info: AeroThermalHistory Written: sara.SheWallY1.dfab742f-f17a-4a69-b9af-67dfbb5cc42b_AeroThermalHistory.txt
info: EVENT end dfab742f-f17a-4a69-b9af-67dfbb5cc42b 2.474856
info: Adding 0 new fragments to fragmentList.
info: Starting propagation of Fragment with uniqueID 3f2c9faa-32b9-466a-bf55-717d32340370.
info: EVENT area 3f2c9faa-32b9-466a-bf55-717d32340370 0.526875
info: EVENT start 3f2c9faa-32b9-466a-bf55-717d32340370 10.000000 0.526875 2016-11-06T18:38:49
info: Fragment 3f2c9faa-32b9-466a-bf55-717d32340370 reached end of life because of ground impact.
info: Object 3f2c9faa-32b9-466a-bf55-717d32340370 reached end of life.
info: EVENT fragment 3f2c9faa-32b9-466a-bf55-717d32340370 impact
info: ObjectTrajectory Written: sara.SheWallY2.3f2c9faa-32b9-466a-bf55-717d32340370_Trajectory.txt
info: GnuPlotGeneration::GenerateSingleObjectScript Wrote sara.SheWallY2.3f2c9faa-32b9-466a-bf55-717d32340370.gnu
info: AeroThermalHistory Written: sara.SheWallY2.3f2c9faa-32b9-466a-bf55-717d32340370_AeroThermalHistory.txt
info: EVENT end 3f2c9faa-32b9-466a-bf55-717d32340370 2.474856
info: Adding 0 new fragments to fragmentList.
info: Starting propagation of Fragment with uniqueID 49d1d881-cbd7-417c-982e-beb945e16ed9.
info: EVENT area 49d1d881-cbd7-417c-982e-beb945e16ed9 0.526875
info: EVENT start 49d1d881-cbd7-417c-982e-beb945e16ed9 10.000000 0.526875 2016-11-06T18:38:49
info: Fragment 49d1d881-cbd7-417c-982e-beb945e16ed9 reached end of life because of ground impact.
info: Object 49d1d881-cbd7-417c-982e-beb945e16ed9 reached end of life.
info: EVENT fragment 49d1d881-cbd7-417c-982e-beb945e16ed9 impact
info: ObjectTrajectory Written: sara.SheWallY3.49d1d881-cbd7-417c-982e-beb945e16ed9_Trajectory.txt
info: GnuPlotGeneration::GenerateSingleObjectScript Wrote sara.SheWallY3.49d1d881-cbd7-417c-982e-beb945e16ed9.gnu
info: AeroThermalHistory Written: sara.SheWallY3.49d1d881-cbd7-417c-982e-beb945e16ed9_AeroThermalHistory.txt
info: EVENT end 49d1d881-cbd7-417c-982e-beb945e16ed9 2.474856
info: Adding 0 new fragments to fragmentList.
info: Starting propagation of Fragment with uniqueID f0764e62-6c01-443b-8d63-5866b980f201.
info: EVENT area f0764e62-6c01-443b-8d63-5866b980f201 0.526875
info: EVENT start f0764e62-6c01-443b-8d63-5866b980f201 10.000000 0.526875 2016-11-06T18:38:49
info: Fragment f0764e62-6c01-443b-8d63-5866b980f201 reached end of life because of ground impact.
info: Object f0764e62-6c01-443b-8d63-5866b980f201 reached end of life.
info: EVENT fragment f0764e62-6c01-443b-8d63-5866b980f201 impact
info: ObjectTrajectory Written: sara.SheWallY4.f0764e62-6c01-443b-8d63-5866b980f201_Trajectory.txt
info: GnuPlotGeneration::GenerateSingleObjectScript Wrote sara.SheWallY4.f0764e62-6c01-443b-8d63-5866b980f201.gnu
info: AeroThermalHistory Written: sara.SheWallY4.f0764e62-6c01-443b-8d63-5866b980f201_AeroThermalHistory.txt
info: EVENT end f0764e62-6c01-443b-8d63-5866b980f201 2.474856
info: Adding 0 new fragments to fragmentList.
info: Starting propagation of Fragment with uniqueID 9490e285-fb49-4468-83f5-189d67ebfe4f.
info: EVENT area 9490e285-fb49-4468-83f5-189d67ebfe4f 0.252250
info: EVENT start 9490e285-fb49-4468-83f5-189d67ebfe4f 5.000000 0.252250 2016-11-06T18:38:49
info: Fragment 9490e285-fb49-4468-83f5-189d67ebfe4f reached end of life because uncritical.
info: EVENT fragment 9490e285-fb49-4468-83f5-189d67ebfe4f uncritical
info: Object 9490e285-fb49-4468-83f5-189d67ebfe4f reached end of life.
info: ObjectTrajectory Written: sara.SheWallZ1.9490e285-fb49-4468-83f5-189d67ebfe4f_Trajectory.txt
info: GnuPlotGeneration::GenerateSingleObjectScript Wrote sara.SheWallZ1.9490e285-fb49-4468-83f5-189d67ebfe4f.gnu
info: AeroThermalHistory Written: sara.SheWallZ1.9490e285-fb49-4468-83f5-189d67ebfe4f_AeroThermalHistory.txt
info: EVENT end 9490e285-fb49-4468-83f5-189d67ebfe4f 0.255531
info: Adding 0 new fragments to fragmentList.
info: Starting propagation of Fragment with uniqueID b91d1f69-b1e4-4d75-9a01-a0a5a2076627.
info: EVENT area b91d1f69-b1e4-4d75-9a01-a0a5a2076627 0.252250
info: EVENT start b91d1f69-b1e4-4d75-9a01-a0a5a2076627 5.000000 0.252250 2016-11-06T18:38:49
info: Fragment b91d1f69-b1e4-4d75-9a01-a0a5a2076627 reached end of life because uncritical.
info: EVENT fragment b91d1f69-b1e4-4d75-9a01-a0a5a2076627 uncritical
info: Object b91d1f69-b1e4-4d75-9a01-a0a5a2076627 reached end of life.
info: ObjectTrajectory Written: sara.SheWallZ2.b91d1f69-b1e4-4d75-9a01-a0a5a2076627_Trajectory.txt
info: GnuPlotGeneration::GenerateSingleObjectScript Wrote sara.SheWallZ2.b91d1f69-b1e4-4d75-9a01-a0a5a2076627.gnu
info: AeroThermalHistory Written: sara.SheWallZ2.b91d1f69-b1e4-4d75-9a01-a0a5a2076627_AeroThermalHistory.txt
info: EVENT end b91d1f69-b1e4-4d75-9a01-a0a5a2076627 0.255531
info: Adding 0 new fragments to fragmentList.
info: Starting propagation of Fragment with uniqueID 447423fa-5f0b-40e3-b666-220ec69fa332.
info: EVENT area 447423fa-5f0b-40e3-b666-220ec69fa332 0.067140
info: EVENT start 447423fa-5f0b-40e3-b666-220ec69fa332 2.150000 0.067140 2016-11-06T18:39:39
info: Object 447423fa-5f0b-40e3-b666-220ec69fa332 demised.
info: EVENT object 447423fa-5f0b-40e3-b666-220ec69fa332 demise
info: Fragment 447423fa-5f0b-40e3-b666-220ec69fa332 reached end of life because uncritical.
info: Object 447423fa-5f0b-40e3-b666-220ec69fa332 reached end of life.
info: ObjectTrajectory Written: sara.MHS-MPU-internal.447423fa-5f0b-40e3-b666-220ec69fa332_Trajectory.txt
info: GnuPlotGeneration::GenerateSingleObjectScript Wrote sara.MHS-MPU-internal.447423fa-5f0b-40e3-b666-220ec69fa332.gnu
info: AeroThermalHistory Written: sara.MHS-MPU-internal.447423fa-5f0b-40e3-b666-220ec69fa332_AeroThermalHistory.txt
info: EVENT end 447423fa-5f0b-40e3-b666-220ec69fa332 0.000000
info: Adding 0 new fragments to fragmentList.
info: Starting propagation of Fragment with uniqueID f069725d-6586-4eb6-bd1c-0315d34d9303.
info: EVENT area f069725d-6586-4eb6-bd1c-0315d34d9303 0.043816
info: EVENT start f069725d-6586-4eb6-bd1c-0315d34d9303 1.550000 0.043816 2016-11-06T18:39:32
info: Object f069725d-6586-4eb6-bd1c-0315d34d9303 demised.
info: EVENT object f069725d-6586-4eb6-bd1c-0315d34d9303 demise
info: Fragment f069725d-6586-4eb6-bd1c-0315d34d9303 reached end of life because uncritical.
info: Object f069725d-6586-4eb6-bd1c-0315d34d9303 reached end of life.
info: ObjectTrajectory Written: sara.ASCATEPC1-internal.f069725d-6586-4eb6-bd1c-0315d34d9303_Trajectory.txt
info: GnuPlotGeneration::GenerateSingleObjectScript Wrote sara.ASCATEPC1-internal.f069725d-6586-4eb6-bd1c-0315d34d9303.gnu
info: AeroThermalHistory Written: sara.ASCATEPC1-internal.f069725d-6586-4eb6-bd1c-0315d34d9303_AeroThermalHistory.txt
info: EVENT end f069725d-6586-4eb6-bd1c-0315d34d9303 0.000000
info: Adding 0 new fragments to fragmentList.
info: Starting propagation of Fragment with uniqueID a933ab03-015e-441f-b11a-b091ee871152.
info: EVENT area a933ab03-015e-441f-b11a-b091ee871152 0.043816
info: EVENT start a933ab03-015e-441f-b11a-b091ee871152 1.550000 0.043816 2016-11-06T18:39:32
info: Object a933ab03-015e-441f-b11a-b091ee871152 demised.
info: EVENT object a933ab03-015e-441f-b11a-b091ee871152 demise
info: Fragment a933ab03-015e-441f-b11a-b091ee871152 reached end of life because uncritical.
info: Object a933ab03-015e-441f-b11a-b091ee871152 reached end of life.
info: ObjectTrajectory Written: sara.ASCATEPC2-internal.a933ab03-015e-441f-b11a-b091ee871152_Trajectory.txt
info: GnuPlotGeneration::GenerateSingleObjectScript Wrote sara.ASCATEPC2-internal.a933ab03-015e-441f-b11a-b091ee871152.gnu
info: AeroThermalHistory Written: sara.ASCATEPC2-internal.a933ab03-015e-441f-b11a-b091ee871152_AeroThermalHistory.txt
info: EVENT end a933ab03-015e-441f-b11a-b091ee871152 0.000000
info: Adding 0 new fragments to fragmentList.
info: Starting propagation of Fragment with uniqueID ef40a46d-285a-4d76-8294-d9a8654b175e.
info: EVENT area ef40a46d-285a-4d76-8294-d9a8654b175e 0.091254
info: EVENT start ef40a46d-285a-4d76-8294-d9a8654b175e 2.290000 0.091254 2016-11-06T18:39:45
info: Fragment ef40a46d-285a-4d76-8294-d9a8654b175e reached end of life because uncritical.
info: EVENT fragment ef40a46d-285a-4d76-8294-d9a8654b175e uncritical
info: Object ef40a46d-285a-4d76-8294-d9a8654b175e reached end of life.
info: ObjectTrajectory Written: sara.PMC1-internal.ef40a46d-285a-4d76-8294-d9a8654b175e_Trajectory.txt
info: GnuPlotGeneration::GenerateSingleObjectScript Wrote sara.PMC1-internal.ef40a46d-285a-4d76-8294-d9a8654b175e.gnu
info: AeroThermalHistory Written: sara.PMC1-internal.ef40a46d-285a-4d76-8294-d9a8654b175e_AeroThermalHistory.txt
info: EVENT end ef40a46d-285a-4d76-8294-d9a8654b175e 0.075080
info: Adding 0 new fragments to fragmentList.
info: Starting propagation of Fragment with uniqueID 7045d526-77ef-4590-abce-cd9e9c3af708.
info: EVENT area 7045d526-77ef-4590-abce-cd9e9c3af708 0.091254
info: EVENT start 7045d526-77ef-4590-abce-cd9e9c3af708 2.290000 0.091254 2016-11-06T18:39:45
info: Fragment 7045d526-77ef-4590-abce-cd9e9c3af708 reached end of life because uncritical.
info: EVENT fragment 7045d526-77ef-4590-abce-cd9e9c3af708 uncritical
info: Object 7045d526-77ef-4590-abce-cd9e9c3af708 reached end of life.
info: ObjectTrajectory Written: sara.PMC2-internal.7045d526-77ef-4590-abce-cd9e9c3af708_Trajectory.txt
info: GnuPlotGeneration::GenerateSingleObjectScript Wrote sara.PMC2-internal.7045d526-77ef-4590-abce-cd9e9c3af708.gnu
info: AeroThermalHistory Written: sara.PMC2-internal.7045d526-77ef-4590-abce-cd9e9c3af708_AeroThermalHistory.txt
info: EVENT end 7045d526-77ef-4590-abce-cd9e9c3af708 0.075080
info: Adding 0 new fragments to fragmentList.
info: Starting propagation of Fragment with uniqueID b518d4fd-73f0-47f8-86c4-86e6cd94d59a.
info: EVENT area b518d4fd-73f0-47f8-86c4-86e6cd94d59a 0.134906
info: EVENT start b518d4fd-73f0-47f8-86c4-86e6cd94d59a 5.960000 0.134906 2016-11-06T18:39:48
info: Fragment b518d4fd-73f0-47f8-86c4-86e6cd94d59a reached end of life because uncritical.
info: EVENT fragment b518d4fd-73f0-47f8-86c4-86e6cd94d59a uncritical
info: Object b518d4fd-73f0-47f8-86c4-86e6cd94d59a reached end of life.
info: ObjectTrajectory Written: sara.PDU1-internal.b518d4fd-73f0-47f8-86c4-86e6cd94d59a_Trajectory.txt
info: GnuPlotGeneration::GenerateSingleObjectScript Wrote sara.PDU1-internal.b518d4fd-73f0-47f8-86c4-86e6cd94d59a.gnu
info: AeroThermalHistory Written: sara.PDU1-internal.b518d4fd-73f0-47f8-86c4-86e6cd94d59a_AeroThermalHistory.txt
info: EVENT end b518d4fd-73f0-47f8-86c4-86e6cd94d59a 0.312849
info: Adding 0 new fragments to fragmentList.
info: Starting propagation of Fragment with uniqueID a4a3761c-bce1-43f7-adef-540c95a96cac.
info: EVENT area a4a3761c-bce1-43f7-adef-540c95a96cac 0.134906
info: EVENT start a4a3761c-bce1-43f7-adef-540c95a96cac 5.960000 0.134906 2016-11-06T18:39:48
info: Fragment a4a3761c-bce1-43f7-adef-540c95a96cac reached end of life because uncritical.
info: EVENT fragment a4a3761c-bce1-43f7-adef-540c95a96cac uncritical
info: Object a4a3761c-bce1-43f7-adef-540c95a96cac reached end of life.
info: ObjectTrajectory Written: sara.PDU2-internal.a4a3761c-bce1-43f7-adef-540c95a96cac_Trajectory.txt
info: GnuPlotGeneration::GenerateSingleObjectScript Wrote sara.PDU2-internal.a4a3761c-bce1-43f7-adef-540c95a96cac.gnu
info: AeroThermalHistory Written: sara.PDU2-internal.a4a3761c-bce1-43f7-adef-540c95a96cac_AeroThermalHistory.txt
info: EVENT end a4a3761c-bce1-43f7-adef-540c95a96cac 0.312849
info: Adding 0 new fragments to fragmentList.
info: Starting propagation of Fragment with uniqueID 5fcb2380-1d60-4ce0-bcbb-10b1e00c4e0d.
info: EVENT area 5fcb2380-1d60-4ce0-bcbb-10b1e00c4e0d 0.116584
info: EVENT start 5fcb2380-1d60-4ce0-bcbb-10b1e00c4e0d 2.640000 0.116584 2016-11-06T18:39:50
info: Fragment 5fcb2380-1d60-4ce0-bcbb-10b1e00c4e0d reached end of life because of ground impact.
info: Object 5fcb2380-1d60-4ce0-bcbb-10b1e00c4e0d reached end of life.
info: EVENT fragment 5fcb2380-1d60-4ce0-bcbb-10b1e00c4e0d impact
info: ObjectTrajectory Written: sara.RTU-internal.5fcb2380-1d60-4ce0-bcbb-10b1e00c4e0d_Trajectory.txt
info: GnuPlotGeneration::GenerateSingleObjectScript Wrote sara.RTU-internal.5fcb2380-1d60-4ce0-bcbb-10b1e00c4e0d.gnu
info: AeroThermalHistory Written: sara.RTU-internal.5fcb2380-1d60-4ce0-bcbb-10b1e00c4e0d_AeroThermalHistory.txt
info: EVENT end 5fcb2380-1d60-4ce0-bcbb-10b1e00c4e0d 1.443313
info: Adding 0 new fragments to fragmentList.
info: Starting propagation of Fragment with uniqueID e458bd60-f127-4009-afdd-1f540e3b5ea4.
info: EVENT area e458bd60-f127-4009-afdd-1f540e3b5ea4 0.099874
info: EVENT start e458bd60-f127-4009-afdd-1f540e3b5ea4 5.890000 0.099874 2016-11-06T18:39:39
info: Object e458bd60-f127-4009-afdd-1f540e3b5ea4 demised.
info: EVENT object e458bd60-f127-4009-afdd-1f540e3b5ea4 demise
info: Fragment e458bd60-f127-4009-afdd-1f540e3b5ea4 reached end of life because uncritical.
info: Object e458bd60-f127-4009-afdd-1f540e3b5ea4 reached end of life.
info: ObjectTrajectory Written: sara.SARP-3-internal.e458bd60-f127-4009-afdd-1f540e3b5ea4_Trajectory.txt
info: GnuPlotGeneration::GenerateSingleObjectScript Wrote sara.SARP-3-internal.e458bd60-f127-4009-afdd-1f540e3b5ea4.gnu
info: AeroThermalHistory Written: sara.SARP-3-internal.e458bd60-f127-4009-afdd-1f540e3b5ea4_AeroThermalHistory.txt
info: EVENT end e458bd60-f127-4009-afdd-1f540e3b5ea4 0.000000
info: Adding 0 new fragments to fragmentList.
info: Starting propagation of Fragment with uniqueID 2501fa19-3f92-4112-814c-f82417561371.
info: EVENT area 2501fa19-3f92-4112-814c-f82417561371 0.089685
info: EVENT start 2501fa19-3f92-4112-814c-f82417561371 4.720000 0.089685 2016-11-06T18:39:40
info: Object 2501fa19-3f92-4112-814c-f82417561371 demised.
info: EVENT object 2501fa19-3f92-4112-814c-f82417561371 demise
info: Fragment 2501fa19-3f92-4112-814c-f82417561371 reached end of life because uncritical.
info: Object 2501fa19-3f92-4112-814c-f82417561371 reached end of life.
info: ObjectTrajectory Written: sara.IASI-DPS-internal.2501fa19-3f92-4112-814c-f82417561371_Trajectory.txt
info: GnuPlotGeneration::GenerateSingleObjectScript Wrote sara.IASI-DPS-internal.2501fa19-3f92-4112-814c-f82417561371.gnu
info: AeroThermalHistory Written: sara.IASI-DPS-internal.2501fa19-3f92-4112-814c-f82417561371_AeroThermalHistory.txt
info: EVENT end 2501fa19-3f92-4112-814c-f82417561371 0.000000
info: Adding 0 new fragments to fragmentList.
info: Starting propagation of Fragment with uniqueID 1721dc2a-90bb-45c0-986b-843875808151.
info: EVENT area 1721dc2a-90bb-45c0-986b-843875808151 0.095704
info: EVENT start 1721dc2a-90bb-45c0-986b-843875808151 6.130000 0.095704 2016-11-06T18:39:39
info: Object 1721dc2a-90bb-45c0-986b-843875808151 demised.
info: EVENT object 1721dc2a-90bb-45c0-986b-843875808151 demise
info: Fragment 1721dc2a-90bb-45c0-986b-843875808151 reached end of life because uncritical.
info: Object 1721dc2a-90bb-45c0-986b-843875808151 reached end of life.
info: ObjectTrajectory Written: sara.IASI-IMS-internal.1721dc2a-90bb-45c0-986b-843875808151_Trajectory.txt
info: GnuPlotGeneration::GenerateSingleObjectScript Wrote sara.IASI-IMS-internal.1721dc2a-90bb-45c0-986b-843875808151.gnu
info: AeroThermalHistory Written: sara.IASI-IMS-internal.1721dc2a-90bb-45c0-986b-843875808151_AeroThermalHistory.txt
info: EVENT end 1721dc2a-90bb-45c0-986b-843875808151 0.000000
info: Adding 0 new fragments to fragmentList.
info: Starting propagation of Fragment with uniqueID 81da4b10-3199-4fc2-9f4e-a7977fcfe438.
info: EVENT area 81da4b10-3199-4fc2-9f4e-a7977fcfe438 0.046068
info: EVENT start 81da4b10-3199-4fc2-9f4e-a7977fcfe438 0.450000 0.046068 2016-11-06T18:39:36
info: Object 81da4b10-3199-4fc2-9f4e-a7977fcfe438 demised.
info: EVENT object 81da4b10-3199-4fc2-9f4e-a7977fcfe438 demise
info: Fragment 81da4b10-3199-4fc2-9f4e-a7977fcfe438 reached end of life because uncritical.
info: Object 81da4b10-3199-4fc2-9f4e-a7977fcfe438 reached end of life.
info: ObjectTrajectory Written: sara.DPU-SEM-internal.81da4b10-3199-4fc2-9f4e-a7977fcfe438_Trajectory.txt
info: GnuPlotGeneration::GenerateSingleObjectScript Wrote sara.DPU-SEM-internal.81da4b10-3199-4fc2-9f4e-a7977fcfe438.gnu
info: AeroThermalHistory Written: sara.DPU-SEM-internal.81da4b10-3199-4fc2-9f4e-a7977fcfe438_AeroThermalHistory.txt
info: EVENT end 81da4b10-3199-4fc2-9f4e-a7977fcfe438 0.000000
info: Adding 0 new fragments to fragmentList.
info: Starting propagation of Fragment with uniqueID 25d4c5dd-be9f-44b8-9620-4258c3b44b3f.
info: EVENT area 25d4c5dd-be9f-44b8-9620-4258c3b44b3f 0.163291
info: EVENT start 25d4c5dd-be9f-44b8-9620-4258c3b44b3f 8.250000 0.163291 2016-11-06T18:39:45
info: Object 25d4c5dd-be9f-44b8-9620-4258c3b44b3f reached end of life because of ballooning.
info: EVENT object 25d4c5dd-be9f-44b8-9620-4258c3b44b3f balloon
info: Object 25d4c5dd-be9f-44b8-9620-4258c3b44b3f reached end of life.
info: ObjectTrajectory Written: sara.PCU-internal.25d4c5dd-be9f-44b8-9620-4258c3b44b3f_Trajectory.txt
info: GnuPlotGeneration::GenerateSingleObjectScript Wrote sara.PCU-internal.25d4c5dd-be9f-44b8-9620-4258c3b44b3f.gnu
info: AeroThermalHistory Written: sara.PCU-internal.25d4c5dd-be9f-44b8-9620-4258c3b44b3f_AeroThermalHistory.txt
info: EVENT end 25d4c5dd-be9f-44b8-9620-4258c3b44b3f 0.026730
info: Adding 0 new fragments to fragmentList.
info: Starting propagation of Fragment with uniqueID 3831342f-7250-40c5-994b-3f3064440376.
info: EVENT area 3831342f-7250-40c5-994b-3f3064440376 0.180255
info: EVENT start 3831342f-7250-40c5-994b-3f3064440376 9.570000 0.180255 2016-11-06T18:39:48
info: Fragment 3831342f-7250-40c5-994b-3f3064440376 reached end of life because uncritical.
info: EVENT fragment 3831342f-7250-40c5-994b-3f3064440376 uncritical
info: Object 3831342f-7250-40c5-994b-3f3064440376 reached end of life.
info: ObjectTrajectory Written: sara.TCU-internal.3831342f-7250-40c5-994b-3f3064440376_Trajectory.txt
info: GnuPlotGeneration::GenerateSingleObjectScript Wrote sara.TCU-internal.3831342f-7250-40c5-994b-3f3064440376.gnu
info: AeroThermalHistory Written: sara.TCU-internal.3831342f-7250-40c5-994b-3f3064440376_AeroThermalHistory.txt
info: EVENT end 3831342f-7250-40c5-994b-3f3064440376 0.304986
info: Adding 0 new fragments to fragmentList.
info: Starting propagation of Fragment with uniqueID 1ee7b59e-98d1-4ffc-b50c-f9b87172578e.
info: EVENT area 1ee7b59e-98d1-4ffc-b50c-f9b87172578e 0.338393
info: EVENT start 1ee7b59e-98d1-4ffc-b50c-f9b87172578e 9.280000 0.338393 2016-11-06T18:39:51
info: Fragment 1ee7b59e-98d1-4ffc-b50c-f9b87172578e reached end of life because of ground impact.
info: Object 1ee7b59e-98d1-4ffc-b50c-f9b87172578e reached end of life.
info: EVENT fragment 1ee7b59e-98d1-4ffc-b50c-f9b87172578e impact
info: ObjectTrajectory Written: sara.SSR-internal.1ee7b59e-98d1-4ffc-b50c-f9b87172578e_Trajectory.txt
info: GnuPlotGeneration::GenerateSingleObjectScript Wrote sara.SSR-internal.1ee7b59e-98d1-4ffc-b50c-f9b87172578e.gnu
info: AeroThermalHistory Written: sara.SSR-internal.1ee7b59e-98d1-4ffc-b50c-f9b87172578e_AeroThermalHistory.txt
info: EVENT end 1ee7b59e-98d1-4ffc-b50c-f9b87172578e 1.505275
info: Adding 0 new fragments to fragmentList.
info: Starting propagation of Fragment with uniqueID 6bf9e2de-89f5-4ecb-9051-4a6d99c869a2.
info: EVENT area 6bf9e2de-89f5-4ecb-9051-4a6d99c869a2 0.105246
info: EVENT start 6bf9e2de-89f5-4ecb-9051-4a6d99c869a2 2.250000 0.105246 2016-11-06T18:39:48
info: Fragment 6bf9e2de-89f5-4ecb-9051-4a6d99c869a2 reached end of life because of ground impact.
info: Object 6bf9e2de-89f5-4ecb-9051-4a6d99c869a2 reached end of life.
info: EVENT fragment 6bf9e2de-89f5-4ecb-9051-4a6d99c869a2 impact
info: ObjectTrajectory Written: sara.NIU-internal.6bf9e2de-89f5-4ecb-9051-4a6d99c869a2_Trajectory.txt
info: GnuPlotGeneration::GenerateSingleObjectScript Wrote sara.NIU-internal.6bf9e2de-89f5-4ecb-9051-4a6d99c869a2.gnu
info: AeroThermalHistory Written: sara.NIU-internal.6bf9e2de-89f5-4ecb-9051-4a6d99c869a2_AeroThermalHistory.txt
info: EVENT end 6bf9e2de-89f5-4ecb-9051-4a6d99c869a2 0.701413
info: Adding 0 new fragments to fragmentList.
info: Starting propagation of Fragment with uniqueID 03edc3be-cf19-481c-9863-89be7cb55690.
info: EVENT area 03edc3be-cf19-481c-9863-89be7cb55690 0.099983
info: EVENT start 03edc3be-cf19-481c-9863-89be7cb55690 5.500000 0.099983 2016-11-06T18:39:40
info: Object 03edc3be-cf19-481c-9863-89be7cb55690 demised.
info: EVENT object 03edc3be-cf19-481c-9863-89be7cb55690 demise
info: Fragment 03edc3be-cf19-481c-9863-89be7cb55690 reached end of life because uncritical.
info: Object 03edc3be-cf19-481c-9863-89be7cb55690 reached end of life.
info: ObjectTrajectory Written: sara.ADCS-RPU-internal.03edc3be-cf19-481c-9863-89be7cb55690_Trajectory.txt
info: GnuPlotGeneration::GenerateSingleObjectScript Wrote sara.ADCS-RPU-internal.03edc3be-cf19-481c-9863-89be7cb55690.gnu
info: AeroThermalHistory Written: sara.ADCS-RPU-internal.03edc3be-cf19-481c-9863-89be7cb55690_AeroThermalHistory.txt
info: EVENT end 03edc3be-cf19-481c-9863-89be7cb55690 0.000000
info: Adding 0 new fragments to fragmentList.
info: Starting propagation of Fragment with uniqueID 9e3886d4-bad7-4320-8208-1f9b0d6f5025.
info: EVENT area 9e3886d4-bad7-4320-8208-1f9b0d6f5025 0.063534
info: EVENT start 9e3886d4-bad7-4320-8208-1f9b0d6f5025 1.630000 0.063534 2016-11-06T18:39:37
warning: The altitude is above the highest value in the data. Therefore, the highest altitude for which data are given is used (altitude = 149999.000000 m).
This message is shown only once.
info: Object 9e3886d4-bad7-4320-8208-1f9b0d6f5025 demised.
info: EVENT object 9e3886d4-bad7-4320-8208-1f9b0d6f5025 demise
info: Fragment 9e3886d4-bad7-4320-8208-1f9b0d6f5025 reached end of life because uncritical.
info: Object 9e3886d4-bad7-4320-8208-1f9b0d6f5025 reached end of life.
info: ObjectTrajectory Written: sara.ADCS-TXU-internal.9e3886d4-bad7-4320-8208-1f9b0d6f5025_Trajectory.txt
info: GnuPlotGeneration::GenerateSingleObjectScript Wrote sara.ADCS-TXU-internal.9e3886d4-bad7-4320-8208-1f9b0d6f5025.gnu
info: AeroThermalHistory Written: sara.ADCS-TXU-internal.9e3886d4-bad7-4320-8208-1f9b0d6f5025_AeroThermalHistory.txt
info: EVENT end 9e3886d4-bad7-4320-8208-1f9b0d6f5025 0.000000
info: Adding 0 new fragments to fragmentList.
info: Starting propagation of Fragment with uniqueID c74fc376-15a8-41a4-b5f0-5bee1fbc396a.
info: EVENT area c74fc376-15a8-41a4-b5f0-5bee1fbc396a 0.061940
info: EVENT start c74fc376-15a8-41a4-b5f0-5bee1fbc396a 0.670000 0.061940 2016-11-06T18:39:44
info: Fragment c74fc376-15a8-41a4-b5f0-5bee1fbc396a reached end of life because of ground impact.
info: Object c74fc376-15a8-41a4-b5f0-5bee1fbc396a reached end of life.
info: EVENT fragment c74fc376-15a8-41a4-b5f0-5bee1fbc396a impact
info: ObjectTrajectory Written: sara.GRAS-GEU-internal.c74fc376-15a8-41a4-b5f0-5bee1fbc396a_Trajectory.txt
info: GnuPlotGeneration::GenerateSingleObjectScript Wrote sara.GRAS-GEU-internal.c74fc376-15a8-41a4-b5f0-5bee1fbc396a.gnu
info: AeroThermalHistory Written: sara.GRAS-GEU-internal.c74fc376-15a8-41a4-b5f0-5bee1fbc396a_AeroThermalHistory.txt
info: EVENT end c74fc376-15a8-41a4-b5f0-5bee1fbc396a 0.352775
info: Adding 0 new fragments to fragmentList.
info: Starting propagation of Fragment with uniqueID 3ae36069-a012-4c39-a158-39707a52ed5d.
info: EVENT area 3ae36069-a012-4c39-a158-39707a52ed5d 0.043622
info: EVENT start 3ae36069-a012-4c39-a158-39707a52ed5d 1.760000 0.043622 2016-11-06T18:39:31
info: Object 3ae36069-a012-4c39-a158-39707a52ed5d demised.
info: EVENT object 3ae36069-a012-4c39-a158-39707a52ed5d demise
info: Fragment 3ae36069-a012-4c39-a158-39707a52ed5d reached end of life because uncritical.
info: Object 3ae36069-a012-4c39-a158-39707a52ed5d reached end of life.
info: ObjectTrajectory Written: sara.ASCATDPU1-internal.3ae36069-a012-4c39-a158-39707a52ed5d_Trajectory.txt
info: GnuPlotGeneration::GenerateSingleObjectScript Wrote sara.ASCATDPU1-internal.3ae36069-a012-4c39-a158-39707a52ed5d.gnu
info: AeroThermalHistory Written: sara.ASCATDPU1-internal.3ae36069-a012-4c39-a158-39707a52ed5d_AeroThermalHistory.txt
info: EVENT end 3ae36069-a012-4c39-a158-39707a52ed5d 0.000000
info: Adding 0 new fragments to fragmentList.
info: Starting propagation of Fragment with uniqueID 3b0cb819-0163-494a-9047-b8802a67ab90.
info: EVENT area 3b0cb819-0163-494a-9047-b8802a67ab90 0.043622
info: EVENT start 3b0cb819-0163-494a-9047-b8802a67ab90 1.760000 0.043622 2016-11-06T18:39:31
info: Object 3b0cb819-0163-494a-9047-b8802a67ab90 demised.
info: EVENT object 3b0cb819-0163-494a-9047-b8802a67ab90 demise
info: Fragment 3b0cb819-0163-494a-9047-b8802a67ab90 reached end of life because uncritical.
info: Object 3b0cb819-0163-494a-9047-b8802a67ab90 reached end of life.
info: ObjectTrajectory Written: sara.ASCATDPU2-internal.3b0cb819-0163-494a-9047-b8802a67ab90_Trajectory.txt
info: GnuPlotGeneration::GenerateSingleObjectScript Wrote sara.ASCATDPU2-internal.3b0cb819-0163-494a-9047-b8802a67ab90.gnu
info: AeroThermalHistory Written: sara.ASCATDPU2-internal.3b0cb819-0163-494a-9047-b8802a67ab90_AeroThermalHistory.txt
info: EVENT end 3b0cb819-0163-494a-9047-b8802a67ab90 0.000000
info: Adding 0 new fragments to fragmentList.
info: ImpactingFragmentXML::WriteXML Wrote sara.ImpactingFragments.xml
info: GnuPlotGeneration::GenerateAllObjectsScript Wrote sara.gnu
info: Propagation Successful
