#_______________________________________________________________________________
#    ######   ####     ##             #####   #####     ##    #    #    ##
#    #       #        #  #            #    #  #    #   #  #   ##  ##   #  #
#    #####    ####   ######           #    #  #####   ######  # ## #  ######
#    #            #  #    #           #    #  #    #  #    #  #    #  #    #
#____######__#####___#____#___________#####___#____#__#____#__#____#__#____#____
#
#              ESA Debris Risk Assessment and Mitigation Analysis
#
#                      ---- DRAMA ( SESAM 2.1.5 ) ----
#                                      ESA 2018 
#
#                              trajectory history file
#-------------------------------------------------------------------------------
# Filename      : PySara.Cylind2.605f092a-c977-44bd-953f-0bb289c43b86_Trajectory.txt
# RunID         : PySara
# ObjectID      : 605f092a-c977-44bd-953f-0bb289c43b86
# ObjectName    : Cylind2
# Content       : This file contains the trajectory state data of the object,
#                 computed by the DRAMA 3 Re-entry Analysis.
# Documentation : DRAMA Software User Manual, section OPERATIONS MANUAL / Normal operation / SARA / SARA Simulation Output / Re-entry simulation output
#
#--------------------------------------------------------------------------------------------------------------------------------------------------------------------------------------------
#  Time [s]  Altitude [km]  Lat [deg]  Lon [deg]  Velocity [km/s]   Downrange [km]       Drag       Lift       Side    Knudsen       Mach  Flight Path [deg]  Heading [deg]  Density [kg/m^2]
#--------------------------------------------------------------------------------------------------------------------------------------------------------------------------------------------
  2225.200          77.962     -8.437   -128.668            7.131        16073.880      1.703      0.000      0.000    0.00217   24.79977           -0.90368       83.67964         2.531e-05 
  2225.300          77.951     -8.436   -128.661            7.128        16074.585      1.703      0.000      0.000    0.00216   24.79126           -0.90420       83.67857         2.535e-05 
  2225.750          77.900     -8.433   -128.633            7.115        16077.750      1.703      0.000      0.000    0.00215   24.75164           -0.90659       83.67377         2.554e-05 
  2226.750          77.787     -8.426   -128.569            7.086        16084.764      1.703      0.000      0.000    0.00211   24.66008           -0.91232       83.66314         2.598e-05 
  2227.750          77.674     -8.419   -128.506            7.057        16091.750      1.703      0.000      0.000    0.00207   24.56062           -0.91862       83.65257         2.646e-05 
  2228.750          77.561     -8.412   -128.444            7.028        16098.708      1.703      0.000      0.000    0.00203   24.45997           -0.92549       83.64205         2.696e-05 
  2229.750          77.447     -8.405   -128.381            6.999        16105.636      1.703      0.000      0.000    0.00200   24.35812           -0.93295       83.63158         2.746e-05 
  2230.750          77.333     -8.398   -128.319            6.969        16112.535      1.703      0.000      0.000    0.00196   24.25508           -0.94101       83.62117         2.798e-05 
  2231.750          77.218     -8.391   -128.257            6.939        16119.405      1.703      0.000      0.000    0.00192   24.15082           -0.94967       83.61082         2.850e-05 
  2232.750          77.103     -8.384   -128.195            6.908        16126.245      1.703      0.000      0.000    0.00189   24.04536           -0.95894       83.60053         2.904e-05 
  2233.750          76.987     -8.377   -128.134            6.878        16133.055      1.703      0.000      0.000    0.00185   23.93867           -0.96884       83.59030         2.959e-05 
  2234.750          76.870     -8.371   -128.073            6.847        16139.835      1.703      0.000      0.000    0.00182   23.83075           -0.97937       83.58012         3.015e-05 
  2235.750          76.753     -8.364   -128.012            6.815        16146.584      1.703      0.000      0.000    0.00178   23.72159           -0.99054       83.57001         3.073e-05 
  2236.750          76.635     -8.357   -127.951            6.784        16153.302      1.703      0.000      0.000    0.00175   23.61117           -1.00236       83.55997         3.133e-05 
  2237.750          76.516     -8.350   -127.891            6.752        16159.988      1.703      0.000      0.000    0.00172   23.49949           -1.01485       83.54998         3.193e-05 
  2238.750          76.396     -8.343   -127.831            6.720        16166.643      1.703      0.000      0.000    0.00168   23.38653           -1.02800       83.54006         3.256e-05 
  2239.750          76.274     -8.337   -127.771            6.687        16173.266      1.703      0.000      0.000    0.00165   23.27227           -1.04184       83.53021         3.320e-05 
  2240.750          76.152     -8.330   -127.712            6.654        16179.857      1.703      0.000      0.000    0.00162   23.15670           -1.05637       83.52042         3.386e-05 
  2241.750          76.029     -8.323   -127.652            6.621        16186.415      1.703      0.000      0.000    0.00159   23.03979           -1.07161       83.51070         3.454e-05 
  2242.750          75.905     -8.317   -127.593            6.587        16192.941      1.703      0.000      0.000    0.00156   22.92155           -1.08756       83.50105         3.523e-05 
  2243.750          75.779     -8.310   -127.535            6.553        16199.433      1.703      0.000      0.000    0.00153   22.80193           -1.10424       83.49146         3.595e-05 
  2244.750          75.652     -8.303   -127.477            6.519        16205.891      1.703      0.000      0.000    0.00150   22.68092           -1.12166       83.48195         3.669e-05 
  2245.750          75.524     -8.297   -127.419            6.485        16212.316      1.703      0.000      0.000    0.00146   22.55851           -1.13982       83.47251         3.745e-05 
  2246.750          75.394     -8.290   -127.361            6.450        16218.707      1.703      0.000      0.000    0.00143   22.43466           -1.15876       83.46313         3.823e-05 
  2247.750          75.263     -8.284   -127.304            6.415        16225.062      1.703      0.000      0.000    0.00141   22.30935           -1.17846       83.45383         3.904e-05 
  2248.750          75.130     -8.277   -127.247            6.379        16231.383      1.703      0.000      0.000    0.00138   22.18256           -1.19896       83.44461         3.988e-05 
  2249.750          74.996     -8.271   -127.190            6.343        16237.669      1.703      0.000      0.000    0.00135   22.05425           -1.22025       83.43545         4.074e-05 
  2250.750          74.860     -8.264   -127.134            6.307        16243.919      1.703      0.000      0.000    0.00132   21.92442           -1.24237       83.42637         4.163e-05 
  2251.750          74.722     -8.258   -127.078            6.269        16250.133      1.703      0.000      0.000    0.00129   21.79128           -1.26532       83.41737         4.255e-05 
  2252.750          74.583     -8.251   -127.022            6.230        16256.309      1.703      0.000      0.000    0.00126   21.65035           -1.28914       83.40846         4.349e-05 
  2253.750          74.442     -8.245   -126.967            6.188        16262.444      1.703      0.000      0.000    0.00123   21.50036           -1.31391       83.39964         4.447e-05 
  2254.750          74.299     -8.239   -126.912            6.143        16268.537      1.703      0.000      0.000    0.00121   21.34050           -1.33969       83.39093         4.549e-05 
  2255.750          74.155     -8.232   -126.857            6.095        16274.583      1.703      0.000      0.000    0.00118   21.16987           -1.36655       83.38232         4.654e-05 
  2256.750          74.009     -8.226   -126.803            6.043        16280.581      1.703      0.000      0.000    0.00115   20.98746           -1.39459       83.37384         4.762e-05 
  2257.750          73.861     -8.220   -126.750            5.988        16286.526      1.703      0.000      0.000    0.00113   20.79216           -1.42390       83.36549         4.874e-05 
  2258.750          73.711     -8.214   -126.697            5.929        16292.415      1.703      0.000      0.000    0.00110   20.58273           -1.45458       83.35728         4.989e-05 
  2259.750          73.560     -8.208   -126.644            5.866        16298.243      1.703      0.000      0.000    0.00107   20.35778           -1.48677       83.34922         5.109e-05 
  2260.750          73.407     -8.201   -126.592            5.797        16304.006      1.702      0.000      0.000    0.00105   20.11579           -1.52059       83.34134         5.232e-05 
  2261.750          73.252     -8.196   -126.541            5.723        16309.699      1.702      0.000      0.000    0.00102   19.85507           -1.55620       83.33364         5.360e-05 
  2262.750          73.096     -8.190   -126.490            5.644        16315.316      1.702      0.000      0.000    0.00100   19.57378           -1.59378       83.32614         5.491e-05 
  2263.750          72.938     -8.184   -126.440            5.557        16320.851      1.702      0.000      0.000    0.00097   19.26993           -1.63353       83.31888         5.627e-05 
  2264.750          72.779     -8.178   -126.391            5.464        16326.297      1.702      0.000      0.000    0.00095   18.94138           -1.67567       83.31186         5.767e-05 
  2265.750          72.619     -8.172   -126.343            5.363        16331.646      1.702      0.000      0.000    0.00093   18.58592           -1.72046       83.30513         5.912e-05 
  2266.174          72.550     -8.170   -126.323            5.316        16333.884      1.702      0.000      0.000    0.00092   18.39652           -1.74033       83.30238         5.985e-05 
  2266.426          72.510     -8.169   -126.311            5.287        16335.204      1.702      0.000      0.000    0.00091   18.28679           -1.75240       83.30078         6.026e-05 
  2266.841          72.443     -8.166   -126.291            5.239        16337.363      1.702      0.000      0.000    0.00091   18.12523           -1.77275       83.29818         6.055e-05 
  2267.256          72.375     -8.164   -126.272            5.189        16339.502      1.702      0.000      0.000    0.00090   17.95017           -1.79368       83.29565         6.118e-05 
  2268.256          72.212     -8.159   -126.226            5.066        16344.569      1.702      0.000      0.000    0.00088   17.54764           -1.84666       83.28977         6.261e-05 
  2269.256          72.049     -8.154   -126.182            4.933        16349.510      1.702      0.000      0.000    0.00085   17.08340           -1.90352       83.28430         6.420e-05 
  2270.256          71.885     -8.148   -126.139            4.790        16354.314      1.702      0.000      0.000    0.00083   16.58448           -1.96472       83.27928         6.582e-05 
  2271.256          71.721     -8.144   -126.097            4.637        16358.971      1.701      0.000      0.000    0.00081   16.05091           -2.03080       83.27477         6.749e-05 
  2272.256          71.556     -8.139   -126.056            4.474        16363.473      1.701      0.000      0.000    0.00079   15.48415           -2.10233       83.27080         6.919e-05 
  2273.256          71.393     -8.134   -126.017            4.302        16367.808      1.701      0.000      0.000    0.00077   14.88739           -2.17995       83.26742         7.093e-05 
  2274.256          71.229     -8.130   -125.980            4.123        16371.970      1.701      0.000      0.000    0.00075   14.26599           -2.26435       83.26467         7.270e-05 
  2275.256          71.067     -8.126   -125.944            3.940        16375.953      1.700      0.000      0.000    0.00074   13.62728           -2.35623       83.26257         7.449e-05 
  2276.256          70.906     -8.122   -125.909            3.754        16379.754      1.699      0.000      0.000    0.00072   12.98032           -2.45632       83.26112         7.632e-05 
  2277.256          70.745     -8.118   -125.877            3.569        16383.370      1.699      0.000      0.000    0.00070   12.33517           -2.56533       83.26031         7.817e-05 
  2278.256          70.586     -8.114   -125.846            3.387        16386.805      1.698      0.000      0.000    0.00069   11.70197           -2.68390       83.26009         8.005e-05 
  2279.256          70.428     -8.111   -125.816            3.212        16390.064      1.698      0.000      0.000    0.00067   11.08993           -2.81263       83.26042         8.195e-05 
  2280.256          70.271     -8.107   -125.789            3.045        16393.153      1.698      0.000      0.000    0.00065   10.50649           -2.95203       83.26121         8.388e-05 
  2281.256          70.114     -8.104   -125.762            2.887        16396.081      1.697      0.000      0.000    0.00064    9.95691           -3.10248       83.26240         8.584e-05 
  2282.256          69.958     -8.101   -125.737            2.741        16398.860      1.695      0.000      0.000    0.00062    9.44448           -3.26429       83.26389         8.784e-05 
  2283.256          69.802     -8.098   -125.713            2.606        16401.499      1.693      0.000      0.000    0.00061    8.97034           -3.43764       83.26562         8.987e-05 
  2284.256          69.646     -8.096   -125.691            2.480        16404.009      1.691      0.000      0.000    0.00060    8.53202           -3.62268       83.26755         9.196e-05 
  2285.256          69.489     -8.093   -125.669            2.364        16406.399      1.689      0.000      0.000    0.00058    8.12584           -3.81955       83.26966         9.409e-05 
  2286.256          69.331     -8.091   -125.649            2.257        16408.679      1.688      0.000      0.000    0.00057    7.74845           -4.02839       83.27194         9.627e-05 
  2287.256          69.172     -8.089   -125.629            2.156        16410.856      1.686      0.000      0.000    0.00056    7.39693           -4.24938       83.27439         9.851e-05 
  2288.256          69.011     -8.086   -125.610            2.062        16412.935      1.685      0.000      0.000    0.00054    7.06876           -4.48269       83.27698         1.008e-04 
  2289.256          68.849     -8.084   -125.592            1.974        16414.925      1.683      0.000      0.000    0.00053    6.76173           -4.72851       83.27971         1.032e-04 
  2290.256          68.686     -8.082   -125.575            1.892        16416.831      1.682      0.000      0.000    0.00052    6.47388           -4.98703       83.28256         1.056e-04 
  2291.256          68.520     -8.080   -125.559            1.815        16418.656      1.681      0.000      0.000    0.00051    6.20350           -5.25847       83.28554         1.082e-04 
  2292.256          68.353     -8.078   -125.543            1.742        16420.407      1.680      0.000      0.000    0.00050    5.94908           -5.54303       83.28863         1.108e-04 
  2293.256          68.184     -8.077   -125.528            1.673        16422.088      1.679      0.000      0.000    0.00048    5.70927           -5.84095       83.29182         1.135e-04 
  2294.256          68.012     -8.075   -125.513            1.608        16423.702      1.678      0.000      0.000    0.00047    5.48287           -6.15246       83.29511         1.163e-04 
  2295.256          67.839     -8.073   -125.499            1.547        16425.253      1.677      0.000      0.000    0.00046    5.26881           -6.47780       83.29849         1.191e-04 
  2296.256          67.663     -8.072   -125.486            1.489        16426.745      1.676      0.000      0.000    0.00045    5.06614           -6.81721       83.30197         1.221e-04 
  2297.256          67.485     -8.070   -125.473            1.434        16428.180      1.676      0.000      0.000    0.00044    4.87399           -7.17095       83.30553         1.252e-04 
  2298.256          67.305     -8.069   -125.461            1.381        16429.561      1.676      0.000      0.000    0.00043    4.69151           -7.53929       83.30918         1.284e-04 
  2299.256          67.123     -8.067   -125.449            1.332        16430.891      1.676      0.000      0.000    0.00042    4.51803           -7.92250       83.31291         1.317e-04 
  2300.256          66.938     -8.066   -125.437            1.284        16432.172      1.676      0.000      0.000    0.00041    4.35294           -8.32084       83.31673         1.351e-04 
  2301.256          66.751     -8.065   -125.426            1.239        16433.406      1.676      0.000      0.000    0.00040    4.19567           -8.73461       83.32063         1.386e-04 
  2302.256          66.562     -8.063   -125.415            1.196        16434.597      1.676      0.000      0.000    0.00039    4.04572           -9.16408       83.32463         1.423e-04 
  2303.256          66.370     -8.062   -125.405            1.155        16435.745      1.676      0.000      0.000    0.00038    3.90263           -9.60952       83.32872         1.460e-04 
  2304.256          66.176     -8.061   -125.395            1.116        16436.852      1.676      0.000      0.000    0.00037    3.76596          -10.07121       83.33292         1.499e-04 
  2305.256          65.980     -8.060   -125.385            1.079        16437.920      1.676      0.000      0.000    0.00036    3.63535          -10.54944       83.33722         1.540e-04 
  2306.256          65.781     -8.059   -125.376            1.043        16438.951      1.676      0.000      0.000    0.00035    3.51042          -11.04447       83.34165         1.582e-04 
  2307.256          65.580     -8.058   -125.367            1.009        16439.947      1.676      0.000      0.000    0.00034    3.39086          -11.55657       83.34621         1.625e-04 
  2308.256          65.377     -8.057   -125.358            0.976        16440.908      1.676      0.000      0.000    0.00033    3.27636          -12.08600       83.35093         1.670e-04 
  2309.256          65.172     -8.056   -125.350            0.944        16441.836      1.676      0.000      0.000    0.00032    3.16665          -12.63300       83.35583         1.717e-04 
  2310.256          64.964     -8.055   -125.342            0.914        16442.733      1.676      0.000      0.000    0.00031    3.06148          -13.19781       83.36093         1.765e-04 
  2311.256          64.754     -8.054   -125.334            0.885        16443.599      1.676      0.000      0.000    0.00030    2.96061          -13.78064       83.36627         1.814e-04 
  2312.256          64.542     -8.053   -125.327            0.858        16444.436      1.676      0.000      0.000    0.00029    2.86382          -14.38170       83.37187         1.866e-04 
  2313.256          64.328     -8.052   -125.319            0.831        16445.244      1.676      0.000      0.000    0.00029    2.77092          -15.00118       83.37777         1.919e-04 
  2314.256          64.112     -8.052   -125.312            0.806        16446.026      1.676      0.000      0.000    0.00028    2.68173          -15.63922       83.38400         1.974e-04 
  2315.256          63.894     -8.051   -125.305            0.781        16446.781      1.676      0.000      0.000    0.00027    2.59607          -16.29598       83.39062         2.031e-04 
  2316.256          63.674     -8.050   -125.299            0.758        16447.511      1.676      0.000      0.000    0.00026    2.51379          -16.97155       83.39764         2.090e-04 
  2317.256          63.451     -8.049   -125.293            0.735        16448.217      1.676      0.000      0.000    0.00026    2.43474          -17.66601       83.40512         2.151e-04 
  2318.256          63.227     -8.049   -125.286            0.714        16448.899      1.676      0.000      0.000    0.00025    2.35879          -18.37941       83.41309         2.214e-04 
  2319.256          63.001     -8.048   -125.280            0.693        16449.559      1.676      0.000      0.000    0.00024    2.28579          -19.11175       83.42159         2.279e-04 
  2320.256          62.774     -8.047   -125.275            0.673        16450.196      1.676      0.000      0.000    0.00023    2.21565          -19.86300       83.43067         2.346e-04 
  2321.256          62.544     -8.047   -125.269            0.654        16450.813      1.676      0.000      0.000    0.00023    2.14823          -20.63309       83.44037         2.415e-04 
  2322.256          62.313     -8.046   -125.264            0.636        16451.408      1.676      0.000      0.000    0.00022    2.08343          -21.42188       83.45072         2.487e-04 
  2323.256          62.080     -8.045   -125.259            0.618        16451.985      1.676      0.000      0.000    0.00021    2.02115          -22.22921       83.46178         2.561e-04 
  2324.256          61.845     -8.045   -125.254            0.601        16452.541      1.676      0.000      0.000    0.00021    1.96130          -23.05484       83.47356         2.637e-04 
  2325.256          61.609     -8.044   -125.249            0.585        16453.080      1.676      0.000      0.000    0.00020    1.90379          -23.89849       83.48612         2.716e-04 
  2326.256          61.372     -8.044   -125.244            0.569        16453.600      1.676      0.000      0.000    0.00020    1.84853          -24.75983       83.49948         2.798e-04 
  2327.256          61.133     -8.043   -125.239            0.554        16454.104      1.676      0.000      0.000    0.00019    1.79544          -25.63845       83.51368         2.882e-04 
  2328.256          60.892     -8.043   -125.235            0.539        16454.590      1.676      0.000      0.000    0.00018    1.74444          -26.53390       83.52874         2.969e-04 
  2329.256          60.651     -8.042   -125.231            0.526        16455.060      1.676      0.000      0.000    0.00018    1.69546          -27.44564       83.54469         3.058e-04 
  2330.256          60.408     -8.042   -125.227            0.512        16455.514      1.676      0.000      0.000    0.00017    1.64843          -28.37310       83.56153         3.151e-04 
  2331.256          60.164     -8.041   -125.223            0.500        16455.953      1.676      0.000      0.000    0.00017    1.60326          -29.31563       83.57928         3.246e-04 
  2332.256          59.919     -8.041   -125.219            0.487        16456.377      1.676      0.000      0.000    0.00016    1.55991          -30.27250       83.59794         3.344e-04 
  2333.256          59.673     -8.040   -125.215            0.476        16456.787      1.676      0.000      0.000    0.00016    1.51831          -31.24295       83.61749         3.446e-04 
  2334.256          59.425     -8.040   -125.212            0.464        16457.183      1.676      0.000      0.000    0.00015    1.47839          -32.22614       83.63791         3.550e-04 
  2335.256          59.177     -8.040   -125.208            0.453        16457.566      1.676      0.000      0.000    0.00015    1.44010          -33.22119       83.65919         3.658e-04 
  2336.256          58.929     -8.039   -125.205            0.443        16457.935      1.676      0.000      0.000    0.00015    1.40339          -34.22718       83.68131         3.770e-04 
  2337.256          58.679     -8.039   -125.202            0.433        16458.291      1.676      0.000      0.000    0.00014    1.36821          -35.24313       83.70424         3.884e-04 
  2338.256          58.429     -8.039   -125.199            0.423        16458.636      1.676      0.000      0.000    0.00014    1.33449          -36.26804       83.72794         4.002e-04 
  2339.256          58.178     -8.038   -125.196            0.414        16458.968      1.676      0.000      0.000    0.00013    1.30219          -37.30088       83.75239         4.124e-04 
  2340.256          57.927     -8.038   -125.193            0.405        16459.289      1.676      0.000      0.000    0.00013    1.27125          -38.34060       83.77754         4.250e-04 
  2341.256          57.676     -8.038   -125.190            0.397        16459.598      1.676      0.000      0.000    0.00013    1.24162          -39.38613       83.80335         4.379e-04 
  2342.256          57.424     -8.037   -125.187            0.389        16459.897      1.676      0.000      0.000    0.00012    1.21325          -40.43641       83.82976         4.512e-04 
  2343.256          57.172     -8.037   -125.185            0.381        16460.184      1.676      0.000      0.000    0.00012    1.18609          -41.49037       83.85673         4.650e-04 
  2344.256          56.919     -8.037   -125.182            0.373        16460.462      1.676      0.000      0.000    0.00011    1.16008          -42.54696       83.88419         4.791e-04 
  2345.256          56.667     -8.037   -125.180            0.366        16460.729      1.676      0.000      0.000    0.00011    1.13518          -43.60516       83.91208         4.937e-04 
  2346.256          56.415     -8.036   -125.177            0.359        16460.987      1.676      0.000      0.000    0.00011    1.11133          -44.66398       83.94031         5.087e-04 
  2347.256          56.163     -8.036   -125.175            0.352        16461.235      1.676      0.000      0.000    0.00010    1.08849          -45.72247       83.96880         5.241e-04 
  2348.256          55.911     -8.036   -125.173            0.345        16461.474      1.676      0.000      0.000    0.00010    1.06660          -46.77973       83.99746         5.400e-04 
  2349.256          55.660     -8.036   -125.171            0.339        16461.704      1.676      0.000      0.000    0.00010    1.04562          -47.83492       84.02620         5.563e-04 
  2350.256          55.408     -8.035   -125.169            0.333        16461.925      1.676      0.000      0.000    0.00010    1.02549          -48.88728       84.05489         5.731e-04 
  2351.256          55.158     -8.035   -125.167            0.327        16462.138      1.676      0.000      0.000    0.00009    1.00618          -49.93611       84.08343         5.904e-04 
  2351.456          55.108     -8.035   -125.167            0.326        16462.180      1.676      0.000      0.000    0.00009    1.00054          -50.14540       84.08911         5.957e-04 
  2351.467          55.105     -8.035   -125.167            0.326        16462.182      0.838      0.000      0.000    0.00009    0.99998          -50.15724       84.08935         5.963e-04 
  2351.480          55.102     -8.035   -125.167            0.326        16462.185      0.838      0.000      0.000    0.00009    0.99999          -50.17065       84.08952         5.966e-04 
  2351.492          55.099     -8.035   -125.167            0.326        16462.187      0.838      0.000      0.000    0.00009    0.99999          -50.18365       84.08977         5.968e-04 
  2351.513          55.094     -8.035   -125.167            0.326        16462.192      0.838      0.000      0.000    0.00009    0.99994          -50.20504       84.09005         5.971e-04 
  2351.531          55.089     -8.035   -125.166            0.326        16462.195      0.838      0.000      0.000    0.00009    0.99998          -50.22447       84.09030         5.974e-04 
  2351.542          55.086     -8.035   -125.166            0.326        16462.198      0.838      0.000      0.000    0.00009    1.00000          -50.23617       84.09046         5.977e-04 
  2351.547          55.085     -8.035   -125.166            0.326        16462.199      0.838      0.000      0.000    0.00009    0.99994          -50.24098       84.09054         5.978e-04 
  2351.551          55.084     -8.035   -125.166            0.326        16462.199      0.838      0.000      0.000    0.00009    0.99999          -50.24581       84.09060         5.978e-04 
  2351.563          55.081     -8.035   -125.166            0.326        16462.202      0.838      0.000      0.000    0.00009    0.99999          -50.25792       84.09083         5.980e-04 
  2351.582          55.076     -8.035   -125.166            0.326        16462.206      0.838      0.000      0.000    0.00009    0.99995          -50.27814       84.09109         5.984e-04 
  2351.600          55.072     -8.035   -125.166            0.326        16462.210      0.838      0.000      0.000    0.00009    0.99998          -50.29706       84.09134         5.987e-04 
  2351.611          55.069     -8.035   -125.166            0.326        16462.212      0.838      0.000      0.000    0.00009    1.00000          -50.30865       84.09150         5.989e-04 
  2351.615          55.068     -8.035   -125.166            0.326        16462.213      0.838      0.000      0.000    0.00009    0.99994          -50.31344       84.09157         5.990e-04 
  2351.620          55.067     -8.035   -125.166            0.326        16462.214      0.838      0.000      0.000    0.00009    0.99999          -50.31825       84.09164         5.991e-04 
  2351.631          55.064     -8.035   -125.166            0.326        16462.216      0.838      0.000      0.000    0.00009    0.99999          -50.33031       84.09186         5.992e-04 
  2351.650          55.059     -8.035   -125.166            0.326        16462.220      0.838      0.000      0.000    0.00009    0.99995          -50.35047       84.09213         5.996e-04 
  2351.680          55.052     -8.035   -125.166            0.326        16462.226      0.838      0.000      0.000    0.00009    0.99999          -50.38199       84.09255         6.001e-04 
  2351.685          55.051     -8.035   -125.166            0.326        16462.227      0.838      0.000      0.000    0.00009    0.99994          -50.38668       84.09262         6.002e-04 
  2351.689          55.049     -8.035   -125.166            0.326        16462.228      0.838      0.000      0.000    0.00009    0.99999          -50.39139       84.09268         6.003e-04 
  2351.701          55.047     -8.035   -125.166            0.326        16462.230      0.838      0.000      0.000    0.00009    0.99999          -50.40328       84.09291         6.005e-04 
  2351.719          55.042     -8.035   -125.166            0.326        16462.234      0.838      0.000      0.000    0.00009    0.99995          -50.42318       84.09317         6.008e-04 
  2351.737          55.037     -8.035   -125.166            0.326        16462.238      0.838      0.000      0.000    0.00009    0.99998          -50.44189       84.09342         6.011e-04 
  2351.748          55.035     -8.035   -125.166            0.326        16462.240      0.838      0.000      0.000    0.00009    1.00000          -50.45339       84.09357         6.013e-04 
  2351.753          55.034     -8.035   -125.166            0.326        16462.241      0.838      0.000      0.000    0.00009    1.00000          -50.45814       84.09366         6.014e-04 
  2351.762          55.031     -8.035   -125.166            0.326        16462.243      0.838      0.000      0.000    0.00009    0.99998          -50.46774       84.09379         6.016e-04 
  2351.803          55.021     -8.035   -125.166            0.326        16462.251      0.838      0.000      0.000    0.00009    0.99995          -50.51074       84.09459         6.023e-04 
  2351.854          55.008     -8.035   -125.166            0.326        16462.262      0.838      0.000      0.000    0.00009    0.99978          -50.56498       84.09531         6.032e-04 
  2351.912          54.993     -8.035   -125.166            0.326        16462.274      0.838      0.000      0.000    0.00009    0.99988          -50.62574       84.09612         6.042e-04 
  2351.952          54.983     -8.035   -125.166            0.326        16462.282      0.838      0.000      0.000    0.00009    0.99994          -50.66770       84.09667         6.050e-04 
  2351.977          54.977     -8.035   -125.166            0.326        16462.287      0.838      0.000      0.000    0.00009    0.99999          -50.69356       84.09702         6.054e-04 
  2351.984          54.975     -8.035   -125.166            0.326        16462.289      0.838      0.000      0.000    0.00009    0.99999          -50.70095       84.09711         6.056e-04 
  2351.991          54.974     -8.035   -125.166            0.326        16462.290      0.838      0.000      0.000    0.00009    1.00000          -50.70834       84.09722         6.057e-04 
  2351.996          54.972     -8.035   -125.166            0.326        16462.291      0.838      0.000      0.000    0.00009    0.99993          -50.71340       84.09730         6.058e-04 
  2352.001          54.971     -8.035   -125.166            0.326        16462.292      0.838      0.000      0.000    0.00009    0.99999          -50.71847       84.09737         6.059e-04 
  2352.007          54.970     -8.035   -125.166            0.326        16462.293      0.838      0.000      0.000    0.00009    0.99999          -50.72488       84.09746         6.060e-04 
  2352.013          54.968     -8.035   -125.166            0.326        16462.294      1.676      0.000      0.000    0.00009    1.00000          -50.73125       84.09758         6.061e-04 
  2352.019          54.966     -8.035   -125.166            0.326        16462.296      0.838      0.000      0.000    0.00009    0.99997          -50.73766       84.09766         6.063e-04 
  2352.033          54.963     -8.035   -125.166            0.326        16462.299      0.838      0.000      0.000    0.00009    0.99999          -50.75226       84.09785         6.065e-04 
  2352.038          54.962     -8.035   -125.166            0.326        16462.300      0.838      0.000      0.000    0.00009    0.99996          -50.75707       84.09793         6.066e-04 
  2352.042          54.961     -8.035   -125.166            0.326        16462.300      0.838      0.000      0.000    0.00009    0.99999          -50.76188       84.09800         6.067e-04 
  2352.063          54.955     -8.035   -125.166            0.326        16462.305      0.838      0.000      0.000    0.00009    0.99997          -50.78344       84.09840         6.070e-04 
  2352.094          54.948     -8.035   -125.165            0.326        16462.311      0.838      0.000      0.000    0.00009    0.99989          -50.81511       84.09882         6.075e-04 
  2352.134          54.937     -8.035   -125.165            0.326        16462.319      0.838      0.000      0.000    0.00009    0.99995          -50.85742       84.09938         6.083e-04 
  2352.155          54.932     -8.035   -125.165            0.326        16462.323      0.838      0.000      0.000    0.00009    0.99999          -50.87879       84.09967         6.087e-04 
  2352.170          54.928     -8.035   -125.165            0.326        16462.326      0.838      0.000      0.000    0.00009    0.99998          -50.89448       84.09996         6.090e-04 
  2352.193          54.922     -8.035   -125.165            0.326        16462.331      0.838      0.000      0.000    0.00009    0.99992          -50.91915       84.10029         6.094e-04 
  2352.228          54.914     -8.035   -125.165            0.326        16462.338      0.838      0.000      0.000    0.00009    0.99997          -50.95490       84.10077         6.100e-04 
  2352.241          54.910     -8.035   -125.165            0.326        16462.341      0.838      0.000      0.000    0.00009    1.00000          -50.96860       84.10095         6.103e-04 
  2352.245          54.909     -8.035   -125.165            0.326        16462.342      0.838      0.000      0.000    0.00009    0.99993          -50.97333       84.10103         6.104e-04 
  2352.250          54.908     -8.035   -125.165            0.326        16462.343      0.838      0.000      0.000    0.00009    0.99999          -50.97808       84.10109         6.105e-04 
  2352.271          54.903     -8.035   -125.165            0.326        16462.347      0.838      0.000      0.000    0.00009    0.99998          -50.99933       84.10149         6.108e-04 
  2352.301          54.895     -8.035   -125.165            0.326        16462.353      0.838      0.000      0.000    0.00009    0.99989          -51.03057       84.10191         6.113e-04 
  2352.341          54.885     -8.035   -125.165            0.326        16462.361      0.838      0.000      0.000    0.00009    0.99995          -51.07235       84.10246         6.121e-04 
  2352.361          54.880     -8.035   -125.165            0.326        16462.365      0.838      0.000      0.000    0.00009    0.99999          -51.09349       84.10274         6.125e-04 
  2352.392          54.872     -8.035   -125.165            0.326        16462.372      0.838      0.000      0.000    0.00009    0.99996          -51.12547       84.10335         6.130e-04 
  2352.434          54.862     -8.035   -125.165            0.326        16462.380      0.838      0.000      0.000    0.00009    0.99983          -51.16837       84.10392         6.138e-04 
  2352.483          54.849     -8.035   -125.165            0.326        16462.390      0.838      0.000      0.000    0.00009    0.99990          -51.21988       84.10461         6.147e-04 
  2352.522          54.839     -8.035   -125.165            0.326        16462.398      0.838      0.000      0.000    0.00009    0.99996          -51.25964       84.10514         6.154e-04 
  2352.542          54.834     -8.035   -125.165            0.326        16462.402      0.838      0.000      0.000    0.00009    0.99999          -51.28022       84.10541         6.158e-04 
  2352.548          54.832     -8.035   -125.165            0.326        16462.403      0.838      0.000      0.000    0.00009    0.99999          -51.28710       84.10554         6.160e-04 
  2352.561          54.829     -8.035   -125.165            0.326        16462.406      0.838      0.000      0.000    0.00009    0.99997          -51.29991       84.10571         6.162e-04 
  2352.575          54.826     -8.035   -125.165            0.326        16462.409      0.838      0.000      0.000    0.00009    0.99999          -51.31495       84.10591         6.165e-04 
  2352.600          54.819     -8.035   -125.165            0.326        16462.414      0.838      0.000      0.000    0.00009    0.99997          -51.34038       84.10639         6.169e-04 
  2352.635          54.810     -8.035   -125.164            0.326        16462.421      0.838      0.000      0.000    0.00009    0.99986          -51.37620       84.10687         6.175e-04 
  2352.679          54.799     -8.035   -125.164            0.326        16462.430      0.838      0.000      0.000    0.00009    0.99992          -51.42173       84.10748         6.183e-04 
  2352.716          54.790     -8.035   -125.164            0.326        16462.437      0.838      0.000      0.000    0.00009    0.99998          -51.46019       84.10799         6.191e-04 
  2352.763          54.778     -8.035   -125.164            0.326        16462.446      0.838      0.000      0.000    0.00009    0.99994          -51.50752       84.10889         6.199e-04 
  2352.819          54.763     -8.035   -125.164            0.326        16462.458      0.838      0.000      0.000    0.00009    0.99973          -51.56530       84.10966         6.209e-04 
  2352.892          54.745     -8.035   -125.164            0.326        16462.472      0.838      0.000      0.000    0.00009    0.99982          -51.64057       84.11066         6.223e-04 
  2352.965          54.726     -8.035   -125.164            0.326        16462.487      0.838      0.000      0.000    0.00009    0.99992          -51.71491       84.11166         6.237e-04 
  2352.996          54.718     -8.035   -125.164            0.326        16462.493      0.838      0.000      0.000    0.00009    0.99997          -51.74731       84.11209         6.244e-04 
  2353.009          54.715     -8.035   -125.164            0.326        16462.496      0.838      0.000      0.000    0.00009    1.00000          -51.76028       84.11226         6.247e-04 
  2353.017          54.713     -8.035   -125.164            0.326        16462.498      0.838      0.000      0.000    0.00009    0.99999          -51.76841       84.11242         6.248e-04 
  2353.031          54.709     -8.035   -125.164            0.326        16462.500      0.838      0.000      0.000    0.00009    0.99996          -51.78296       84.11261         6.251e-04 
  2353.056          54.703     -8.035   -125.164            0.326        16462.505      0.838      0.000      0.000    0.00009    0.99999          -51.80779       84.11294         6.255e-04 
  2353.064          54.701     -8.035   -125.164            0.326        16462.507      0.838      0.000      0.000    0.00009    0.99999          -51.81631       84.11306         6.257e-04 
  2353.070          54.699     -8.035   -125.164            0.326        16462.508      0.838      0.000      0.000    0.00009    1.00000          -51.82275       84.11315         6.258e-04 
  2353.075          54.698     -8.035   -125.164            0.326        16462.509      0.838      0.000      0.000    0.00009    0.99996          -51.82737       84.11323         6.259e-04 
  2353.079          54.697     -8.035   -125.164            0.326        16462.510      0.838      0.000      0.000    0.00009    0.99999          -51.83201       84.11329         6.260e-04 
  2353.087          54.695     -8.035   -125.164            0.326        16462.512      0.838      0.000      0.000    0.00009    1.00000          -51.84028       84.11340         6.262e-04 
  2353.092          54.693     -8.035   -125.164            0.326        16462.513      0.838      0.000      0.000    0.00009    0.99993          -51.84512       84.11348         6.263e-04 
  2353.097          54.692     -8.035   -125.164            0.326        16462.513      0.838      0.000      0.000    0.00009    0.99999          -51.84997       84.11354         6.263e-04 
  2353.105          54.690     -8.035   -125.164            0.326        16462.515      0.838      0.000      0.000    0.00009    0.99999          -51.85794       84.11365         6.265e-04 
  2353.112          54.689     -8.035   -125.164            0.326        16462.516      0.838      0.000      0.000    0.00009    1.00000          -51.86483       84.11375         6.266e-04 
  2353.116          54.687     -8.035   -125.164            0.326        16462.517      0.838      0.000      0.000    0.00009    1.00000          -51.86961       84.11381         6.267e-04 
  2353.121          54.686     -8.035   -125.164            0.326        16462.518      0.838      0.000      0.000    0.00009    1.00000          -51.87438       84.11388         6.268e-04 
  2353.126          54.685     -8.035   -125.164            0.326        16462.519      0.838      0.000      0.000    0.00009    0.99999          -51.87913       84.11397         6.269e-04 
  2353.135          54.683     -8.035   -125.164            0.326        16462.521      0.838      0.000      0.000    0.00009    0.99997          -51.88861       84.11410         6.271e-04 
  2353.148          54.679     -8.035   -125.164            0.326        16462.524      0.838      0.000      0.000    0.00009    0.99999          -51.90158       84.11428         6.273e-04 
  2353.170          54.673     -8.035   -125.163            0.326        16462.528      0.838      0.000      0.000    0.00009    0.99997          -51.92440       84.11471         6.277e-04 
  2353.202          54.665     -8.035   -125.163            0.326        16462.535      0.838      0.000      0.000    0.00009    0.99986          -51.95713       84.11515         6.283e-04 
  2353.253          54.652     -8.035   -125.163            0.326        16462.545      0.838      0.000      0.000    0.00009    0.99993          -52.00844       84.11583         6.292e-04 
  2353.291          54.642     -8.035   -125.163            0.326        16462.552      0.838      0.000      0.000    0.00009    0.99998          -52.04721       84.11635         6.300e-04 
  2353.338          54.630     -8.035   -125.163            0.326        16462.561      0.838      0.000      0.000    0.00009    0.99993          -52.09436       84.11725         6.309e-04 
  2353.394          54.616     -8.035   -125.163            0.326        16462.573      0.838      0.000      0.000    0.00009    0.99970          -52.15159       84.11801         6.319e-04 
  2353.467          54.597     -8.035   -125.163            0.326        16462.587      0.838      0.000      0.000    0.00009    0.99979          -52.22572       84.11900         6.333e-04 
  2353.539          54.578     -8.035   -125.163            0.326        16462.601      0.838      0.000      0.000    0.00009    0.99988          -52.29863       84.11998         6.347e-04 
  2353.589          54.566     -8.035   -125.163            0.326        16462.611      0.838      0.000      0.000    0.00009    0.99994          -52.34869       84.12064         6.358e-04 
  2353.616          54.559     -8.035   -125.163            0.326        16462.616      0.838      0.000      0.000    0.00009    0.99997          -52.37546       84.12100         6.363e-04 
  2353.632          54.554     -8.035   -125.163            0.326        16462.620      0.838      0.000      0.000    0.00009    1.00000          -52.39224       84.12123         6.367e-04 
  2353.639          54.553     -8.035   -125.163            0.326        16462.621      0.838      0.000      0.000    0.00009    0.99999          -52.39859       84.12135         6.368e-04 
  2353.650          54.550     -8.035   -125.163            0.326        16462.623      0.838      0.000      0.000    0.00009    0.99996          -52.41046       84.12151         6.370e-04 
  2353.672          54.544     -8.035   -125.163            0.326        16462.628      0.838      0.000      0.000    0.00009    0.99999          -52.43194       84.12179         6.374e-04 
  2353.681          54.542     -8.035   -125.163            0.326        16462.629      0.838      0.000      0.000    0.00009    1.00000          -52.44111       84.12192         6.376e-04 
  2353.685          54.541     -8.035   -125.163            0.326        16462.630      0.838      0.000      0.000    0.00009    0.99993          -52.44541       84.12199         6.377e-04 
  2353.689          54.540     -8.035   -125.163            0.326        16462.631      0.838      0.000      0.000    0.00009    0.99999          -52.44971       84.12204         6.378e-04 
  2353.698          54.537     -8.035   -125.163            0.326        16462.633      0.838      0.000      0.000    0.00009    1.00000          -52.45872       84.12216         6.380e-04 
  2353.703          54.536     -8.035   -125.163            0.326        16462.634      0.838      0.000      0.000    0.00009    0.99993          -52.46300       84.12223         6.381e-04 
  2353.707          54.535     -8.035   -125.163            0.326        16462.634      0.838      0.000      0.000    0.00009    0.99999          -52.46730       84.12229         6.382e-04 
  2353.715          54.533     -8.035   -125.163            0.326        16462.636      0.838      0.000      0.000    0.00009    1.00000          -52.47521       84.12240         6.383e-04 
  2353.719          54.532     -8.035   -125.163            0.326        16462.637      0.838      0.000      0.000    0.00009    0.99993          -52.47990       84.12247         6.384e-04 
  2353.724          54.531     -8.035   -125.162            0.326        16462.638      0.838      0.000      0.000    0.00009    0.99999          -52.48460       84.12254         6.385e-04 
  2353.733          54.528     -8.035   -125.162            0.326        16462.640      0.838      0.000      0.000    0.00009    1.00000          -52.49395       84.12266         6.387e-04 
  2353.738          54.527     -8.035   -125.162            0.326        16462.641      0.838      0.000      0.000    0.00009    0.99999          -52.49873       84.12275         6.388e-04 
  2353.748          54.525     -8.035   -125.162            0.326        16462.642      0.838      0.000      0.000    0.00009    0.99997          -52.50820       84.12288         6.390e-04 
  2353.766          54.520     -8.035   -125.162            0.326        16462.646      0.838      0.000      0.000    0.00009    0.99999          -52.52664       84.12312         6.393e-04 
  2353.774          54.518     -8.035   -125.162            0.326        16462.648      0.838      0.000      0.000    0.00009    0.99999          -52.53446       84.12323         6.395e-04 
  2353.780          54.516     -8.035   -125.162            0.326        16462.649      0.838      0.000      0.000    0.00009    1.00000          -52.54118       84.12333         6.396e-04 
  2353.786          54.515     -8.035   -125.162            0.326        16462.650      0.838      0.000      0.000    0.00009    0.99999          -52.54656       84.12340         6.397e-04 
  2353.791          54.513     -8.035   -125.162            0.326        16462.651      0.838      0.000      0.000    0.00009    1.00000          -52.55194       84.12348         6.398e-04 
  2353.796          54.512     -8.035   -125.162            0.326        16462.652      0.838      0.000      0.000    0.00009    0.99999          -52.55733       84.12355         6.399e-04 
  2353.802          54.511     -8.035   -125.162            0.326        16462.653      0.838      0.000      0.000    0.00009    1.00000          -52.56271       84.12363         6.400e-04 
  2353.806          54.509     -8.035   -125.162            0.326        16462.654      0.838      0.000      0.000    0.00009    1.00000          -52.56735       84.12369         6.401e-04 
  2353.811          54.508     -8.035   -125.162            0.326        16462.655      0.838      0.000      0.000    0.00009    1.00000          -52.57198       84.12376         6.402e-04 
  2353.816          54.507     -8.035   -125.162            0.326        16462.656      0.838      0.000      0.000    0.00009    0.99996          -52.57661       84.12384         6.403e-04 
  2353.820          54.506     -8.035   -125.162            0.326        16462.657      0.838      0.000      0.000    0.00009    0.99999          -52.58124       84.12390         6.404e-04 
  2353.832          54.503     -8.035   -125.162            0.326        16462.659      0.838      0.000      0.000    0.00009    1.00000          -52.59269       84.12405         6.406e-04 
  2353.837          54.502     -8.035   -125.162            0.326        16462.660      0.838      0.000      0.000    0.00009    0.99999          -52.59758       84.12414         6.407e-04 
  2353.846          54.499     -8.035   -125.162            0.326        16462.662      0.838      0.000      0.000    0.00009    0.99997          -52.60721       84.12427         6.409e-04 
  2353.865          54.494     -8.035   -125.162            0.326        16462.666      0.838      0.000      0.000    0.00009    0.99999          -52.62583       84.12452         6.413e-04 
  2353.894          54.487     -8.035   -125.162            0.326        16462.671      0.838      0.000      0.000    0.00009    0.99995          -52.65453       84.12507         6.418e-04 
  2353.932          54.477     -8.035   -125.162            0.326        16462.679      0.838      0.000      0.000    0.00009    0.99981          -52.69335       84.12558         6.425e-04 
  2354.107          54.431     -8.035   -125.162            0.326        16462.713      0.838      0.000      0.000    0.00008    0.99997          -52.86760       84.12791         6.457e-04 
  2354.126          54.427     -8.035   -125.162            0.326        16462.717      0.838      0.000      0.000    0.00008    0.99997          -52.88610       84.12826         6.465e-04 
  2354.153          54.419     -8.035   -125.162            0.326        16462.722      0.838      0.000      0.000    0.00008    0.99987          -52.91360       84.12863         6.470e-04 
  2354.277          54.387     -8.035   -125.162            0.326        16462.746      0.838      0.000      0.000    0.00008    0.99998          -53.03713       84.13028         6.492e-04 
  2354.282          54.386     -8.035   -125.162            0.326        16462.747      0.838      0.000      0.000    0.00008    0.99993          -53.04170       84.13035         6.496e-04 
  2354.287          54.385     -8.035   -125.162            0.326        16462.748      0.838      0.000      0.000    0.00008    0.99999          -53.04627       84.13041         6.497e-04 
  2354.297          54.382     -8.035   -125.161            0.326        16462.750      0.838      0.000      0.000    0.00008    1.00000          -53.05660       84.13055         6.499e-04 
  2354.308          54.379     -8.035   -125.161            0.326        16462.752      0.838      0.000      0.000    0.00008    0.99998          -53.06735       84.13075         6.501e-04 
  2354.326          54.374     -8.035   -125.161            0.326        16462.756      0.838      0.000      0.000    0.00008    0.99992          -53.08526       84.13099         6.505e-04 
  2354.360          54.365     -8.035   -125.161            0.326        16462.762      0.838      0.000      0.000    0.00008    0.99996          -53.11901       84.13144         6.511e-04 
  2354.395          54.356     -8.035   -125.161            0.326        16462.769      0.838      0.000      0.000    0.00008    0.99999          -53.15316       84.13190         6.518e-04 
  2354.438          54.345     -8.035   -125.161            0.326        16462.777      0.838      0.000      0.000    0.00008    0.99993          -53.19577       84.13270         6.527e-04 
  2354.491          54.331     -8.035   -125.161            0.326        16462.788      0.838      0.000      0.000    0.00008    0.99968          -53.24807       84.13340         6.537e-04 
  2354.729          54.269     -8.035   -125.161            0.326        16462.834      0.838      0.000      0.000    0.00008    0.99987          -53.48261       84.13651         6.581e-04 
  2354.791          54.253     -8.035   -125.161            0.326        16462.845      0.838      0.000      0.000    0.00008    0.99994          -53.54327       84.13732         6.599e-04 
  2354.830          54.243     -8.035   -125.161            0.326        16462.853      0.838      0.000      0.000    0.00008    0.99997          -53.58155       84.13783         6.607e-04 
  2354.853          54.236     -8.035   -125.161            0.326        16462.857      0.838      0.000      0.000    0.00008    0.99999          -53.60456       84.13813         6.613e-04 
  2354.886          54.228     -8.035   -125.160            0.326        16462.864      0.838      0.000      0.000    0.00008    0.99994          -53.63710       84.13874         6.619e-04 
  2354.930          54.216     -8.035   -125.160            0.326        16462.872      0.838      0.000      0.000    0.00008    0.99974          -53.67940       84.13930         6.628e-04 
  2355.124          54.165     -8.035   -125.160            0.326        16462.909      0.838      0.000      0.000    0.00008    0.99987          -53.86924       84.14182         6.665e-04 
  2355.299          54.119     -8.034   -125.160            0.326        16462.943      0.838      0.000      0.000    0.00008    0.99998          -54.03935       84.14406         6.702e-04 
  2355.343          54.107     -8.034   -125.160            0.326        16462.951      0.838      0.000      0.000    0.00008    0.99991          -54.08120       84.14484         6.715e-04 
  2355.395          54.093     -8.034   -125.160            0.326        16462.961      0.838      0.000      0.000    0.00008    0.99964          -54.13225       84.14551         6.726e-04 
  2355.633          54.031     -8.034   -125.159            0.326        16463.006      0.838      0.000      0.000    0.00008    0.99976          -54.36122       84.14852         6.771e-04 
  2355.833          53.977     -8.034   -125.159            0.326        16463.043      0.838      0.000      0.000    0.00008    0.99984          -54.55326       84.15102         6.815e-04 
  2356.013          53.930     -8.034   -125.159            0.326        16463.077      0.838      0.000      0.000    0.00008    0.99991          -54.72534       84.15326         6.855e-04 
  2356.175          53.886     -8.034   -125.158            0.327        16463.107      0.838      0.000      0.000    0.00008    0.99995          -54.87960       84.15526         6.891e-04 
  2356.320          53.847     -8.034   -125.158            0.327        16463.134      0.838      0.000      0.000    0.00008    0.99998          -55.01795       84.15704         6.924e-04 
  2356.452          53.812     -8.034   -125.158            0.327        16463.159      0.838      0.000      0.000    0.00008    1.00000          -55.14206       84.15864         6.953e-04 
  2356.456          53.811     -8.034   -125.158            0.327        16463.160      0.838      0.000      0.000    0.00008    0.99992          -55.14622       84.15870         6.958e-04 
  2356.460          53.810     -8.034   -125.158            0.327        16463.160      0.838      0.000      0.000    0.00008    0.99998          -55.15038       84.15876         6.959e-04 
  2356.480          53.805     -8.034   -125.158            0.327        16463.164      0.838      0.000      0.000    0.00008    0.99998          -55.16911       84.15900         6.963e-04 
  2356.570          53.781     -8.034   -125.158            0.327        16463.181      0.838      0.000      0.000    0.00008    0.99999          -55.25330       84.16007         6.981e-04 
  2356.971          53.672     -8.034   -125.157            0.327        16463.254      0.838      0.000      0.000    0.00008    0.99997          -55.63005       84.16485         7.063e-04 
  2357.971          53.401     -8.034   -125.155            0.327        16463.435      0.838      0.000      0.000    0.00008    0.99963          -56.55319       84.17624         7.278e-04 
  2358.971          53.128     -8.034   -125.154            0.326        16463.611      0.838      0.000      0.000    0.00007    0.99878          -57.45652       84.18679         7.521e-04 
  2359.971          52.851     -8.034   -125.152            0.326        16463.783      0.838      0.000      0.000    0.00007    0.99737          -58.34111       84.19639         7.775e-04 
  2360.971          52.573     -8.034   -125.151            0.325        16463.951      0.838      0.000      0.000    0.00007    0.99540          -59.20805       84.20491         8.039e-04 
  2361.971          52.293     -8.033   -125.149            0.324        16464.113      0.838      0.000      0.000    0.00007    0.99284          -60.05834       84.21223         8.316e-04 
  2362.971          52.011     -8.033   -125.148            0.323        16464.272      0.838      0.000      0.000    0.00006    0.98968          -60.89297       84.21824         8.604e-04 
  2363.971          51.728     -8.033   -125.146            0.322        16464.425      0.838      0.000      0.000    0.00006    0.98591          -61.71283       84.22282         8.904e-04 
  2364.971          51.444     -8.033   -125.145            0.321        16464.574      0.838      0.000      0.000    0.00006    0.98153          -62.51876       84.22589         9.217e-04 
  2365.971          51.159     -8.033   -125.144            0.319        16464.719      0.838      0.000      0.000    0.00006    0.97653          -63.31152       84.22736         9.542e-04 
  2366.971          50.874     -8.033   -125.142            0.317        16464.859      0.838      0.000      0.000    0.00006    0.97092          -64.09177       84.22721         9.880e-04 
  2367.971          50.589     -8.033   -125.141            0.315        16464.994      0.838      0.000      0.000    0.00005    0.96471          -64.86008       84.22539         1.023e-03 
  2368.971          50.304     -8.032   -125.140            0.313        16465.124      0.838      0.000      0.000    0.00005    0.95792          -65.61690       84.22194         1.060e-03 
  2369.971          50.019     -8.032   -125.139            0.310        16465.250      0.838      0.000      0.000    0.00005    0.95056          -66.36256       84.21692         1.097e-03 
  2370.971          49.735     -8.032   -125.138            0.308        16465.371      0.838      0.000      0.000    0.00005    0.94267          -67.09728       84.21045         1.137e-03 
  2371.971          49.452     -8.032   -125.137            0.305        16465.488      0.838      0.000      0.000    0.00005    0.93426          -67.82118       84.20270         1.177e-03 
  2372.971          49.170     -8.032   -125.136            0.302        16465.600      0.838      0.000      0.000    0.00005    0.92539          -68.53432       84.19385         1.219e-03 
  2373.971          48.890     -8.032   -125.135            0.299        16465.707      0.838      0.000      0.000    0.00004    0.91608          -69.23670       84.18409         1.262e-03 
  2374.971          48.611     -8.032   -125.134            0.296        16465.810      0.838      0.000      0.000    0.00004    0.90638          -69.92826       84.17362         1.307e-03 
  2375.971          48.334     -8.032   -125.133            0.293        16465.909      0.838      0.000      0.000    0.00004    0.89631          -70.60892       84.16265         1.353e-03 
  2376.971          48.059     -8.032   -125.132            0.289        16466.003      0.838      0.000      0.000    0.00004    0.88594          -71.27854       84.15140         1.401e-03 
  2377.971          47.786     -8.032   -125.131            0.286        16466.093      0.838      0.000      0.000    0.00004    0.87528          -71.93693       84.14008         1.450e-03 
  2378.971          47.515     -8.032   -125.131            0.282        16466.179      0.838      0.000      0.000    0.00004    0.86438          -72.58387       84.12891         1.500e-03 
  2379.971          47.247     -8.031   -125.130            0.279        16466.261      0.838      0.000      0.000    0.00004    0.85327          -73.21913       84.11809         1.552e-03 
  2380.971          46.981     -8.031   -125.129            0.275        16466.339      0.838      0.000      0.000    0.00003    0.84200          -73.84241       84.10782         1.605e-03 
  2381.971          46.718     -8.031   -125.128            0.271        16466.413      0.838      0.000      0.000    0.00003    0.83059          -74.45342       84.09825         1.660e-03 
  2382.971          46.458     -8.031   -125.128            0.268        16466.484      0.838      0.000      0.000    0.00003    0.81909          -75.05185       84.08954         1.715e-03 
  2383.971          46.201     -8.031   -125.127            0.264        16466.550      0.838      0.000      0.000    0.00003    0.80752          -75.63734       84.08178         1.773e-03 
  2384.971          45.947     -8.031   -125.127            0.260        16466.614      0.838      0.000      0.000    0.00003    0.79591          -76.20957       84.07503         1.831e-03 
  2385.971          45.696     -8.031   -125.126            0.256        16466.674      0.838      0.000      0.000    0.00003    0.78429          -76.76817       84.06928         1.892e-03 
  2386.971          45.448     -8.031   -125.126            0.252        16466.730      0.838      0.000      0.000    0.00003    0.77269          -77.31280       84.06443         1.953e-03 
  2387.971          45.203     -8.031   -125.125            0.249        16466.784      0.838      0.000      0.000    0.00003    0.76114          -77.84312       84.06030         2.016e-03 
  2388.971          44.961     -8.031   -125.125            0.245        16466.834      0.838      0.000      0.000    0.00003    0.74965          -78.35878       84.05659         2.079e-03 
  2389.971          44.723     -8.031   -125.124            0.241        16466.882      0.838      0.000      0.000    0.00003    0.73826          -78.85945       84.05289         2.145e-03 
  2390.971          44.488     -8.031   -125.124            0.237        16466.927      0.838      0.000      0.000    0.00002    0.72697          -79.34482       84.04869         2.211e-03 
  2391.971          44.257     -8.031   -125.123            0.234        16466.969      0.838      0.000      0.000    0.00002    0.71580          -79.81456       84.04348         2.279e-03 
  2392.971          44.028     -8.031   -125.123            0.230        16467.009      0.838      0.000      0.000    0.00002    0.70479          -80.26837       84.03673         2.348e-03 
  2393.971          43.803     -8.031   -125.123            0.226        16467.046      0.838      0.000      0.000    0.00002    0.69392          -80.70594       84.02793         2.418e-03 
  2394.971          43.582     -8.031   -125.122            0.223        16467.082      0.838      0.000      0.000    0.00002    0.68323          -81.12699       84.01656         2.489e-03 
  2395.971          43.363     -8.031   -125.122            0.219        16467.115      0.838      0.000      0.000    0.00002    0.67272          -81.53126       84.00210         2.562e-03 
  2396.971          43.148     -8.031   -125.122            0.216        16467.146      0.838      0.000      0.000    0.00002    0.66239          -81.91849       83.98410         2.636e-03 
  2397.971          42.936     -8.031   -125.122            0.212        16467.175      0.838      0.000      0.000    0.00002    0.65226          -82.28844       83.96215         2.711e-03 
  2398.971          42.727     -8.031   -125.121            0.209        16467.203      0.838      0.000      0.000    0.00002    0.64233          -82.64093       83.93590         2.787e-03 
  2399.971          42.521     -8.031   -125.121            0.206        16467.228      0.838      0.000      0.000    0.00002    0.63261          -82.97576       83.90512         2.864e-03 
  2400.971          42.319     -8.031   -125.121            0.203        16467.253      0.838      0.000      0.000    0.00002    0.62310          -83.29278       83.86970         2.942e-03 
  2401.971          42.119     -8.030   -125.121            0.199        16467.275      0.838      0.000      0.000    0.00002    0.61380          -83.59187       83.82970         3.021e-03 
  2402.971          41.922     -8.030   -125.120            0.196        16467.297      0.838      0.000      0.000    0.00002    0.60472          -83.87292       83.78539         3.102e-03 
  2403.971          41.729     -8.030   -125.120            0.193        16467.317      0.838      0.000      0.000    0.00002    0.59584          -84.13587       83.73725         3.183e-03 
  2404.971          41.538     -8.030   -125.120            0.190        16467.336      0.838      0.000      0.000    0.00002    0.58718          -84.38066       83.68605         3.266e-03 
  2405.971          41.350     -8.030   -125.120            0.187        16467.354      0.838      0.000      0.000    0.00002    0.57873          -84.60730       83.63287         3.350e-03 
  2406.971          41.165     -8.030   -125.120            0.185        16467.371      0.838      0.000      0.000    0.00002    0.57049          -84.81579       83.57912         3.434e-03 
  2407.971          40.982     -8.030   -125.120            0.182        16467.387      0.838      0.000      0.000    0.00002    0.56246          -85.00619       83.52655         3.520e-03 
  2408.971          40.802     -8.030   -125.119            0.179        16467.403      0.838      0.000      0.000    0.00002    0.55463          -85.17856       83.47728         3.607e-03 
  2409.971          40.625     -8.030   -125.119            0.176        16467.417      0.838      0.000      0.000    0.00001    0.54700          -85.33301       83.43372         3.695e-03 
  2410.971          40.451     -8.030   -125.119            0.174        16467.431      0.838      0.000      0.000    0.00001    0.53957          -85.46966       83.39861         3.784e-03 
  2411.971          40.279     -8.030   -125.119            0.171        16467.444      0.838      0.000      0.000    0.00001    0.53233          -85.58867       83.37487         3.874e-03 
  2412.971          40.109     -8.030   -125.119            0.169        16467.457      0.838      0.000      0.000    0.00001    0.52528          -85.69021       83.36557         3.965e-03 
  2413.971          39.942     -8.030   -125.119            0.166        16467.470      0.838      0.000      0.000    0.00001    0.51841          -85.77447       83.37377         4.057e-03 
  2414.971          39.777     -8.030   -125.119            0.164        16467.482      0.838      0.000      0.000    0.00001    0.51173          -85.84168       83.40238         4.150e-03 
  2415.971          39.614     -8.030   -125.119            0.162        16467.493      0.838      0.000      0.000    0.00001    0.50521          -85.89210       83.45384         4.244e-03 
  2416.971          39.454     -8.030   -125.119            0.160        16467.505      0.838      0.000      0.000    0.00001    0.49886          -85.92604       83.52988         4.339e-03 
  2417.971          39.296     -8.030   -125.118            0.157        16467.516      0.838      0.000      0.000    0.00001    0.49268          -85.94387       83.63144         4.435e-03 
  2418.971          39.140     -8.030   -125.118            0.155        16467.527      0.838      0.000      0.000    0.00001    0.48665          -85.94598       83.75868         4.532e-03 
  2419.971          38.986     -8.030   -125.118            0.153        16467.538      0.838      0.000      0.000    0.00001    0.48078          -85.93282       83.91094         4.630e-03 
  2420.971          38.834     -8.030   -125.118            0.151        16467.549      0.838      0.000      0.000    0.00001    0.47505          -85.90487       84.08684         4.729e-03 
  2421.971          38.684     -8.030   -125.118            0.149        16467.559      0.838      0.000      0.000    0.00001    0.46947          -85.86263       84.28436         4.829e-03 
  2422.971          38.536     -8.030   -125.118            0.147        16467.570      0.838      0.000      0.000    0.00001    0.46402          -85.80665       84.50101         4.930e-03 
  2423.971          38.390     -8.030   -125.118            0.146        16467.581      0.838      0.000      0.000    0.00001    0.45871          -85.73751       84.73395         5.032e-03 
  2424.971          38.246     -8.030   -125.118            0.144        16467.591      0.838      0.000      0.000    0.00001    0.45353          -85.65580       84.98017         5.135e-03 
  2425.971          38.104     -8.030   -125.118            0.142        16467.602      0.838      0.000      0.000    0.00001    0.44847          -85.56214       85.23659         5.239e-03 
  2426.971          37.963     -8.030   -125.118            0.140        16467.613      0.838      0.000      0.000    0.00001    0.44353          -85.45717       85.50019         5.344e-03 
  2427.971          37.824     -8.030   -125.117            0.138        16467.624      0.838      0.000      0.000    0.00001    0.43871          -85.34155       85.76814         5.450e-03 
  2428.971          37.687     -8.030   -125.117            0.137        16467.636      0.838      0.000      0.000    0.00001    0.43400          -85.21596       86.03783         5.557e-03 
  2429.971          37.551     -8.030   -125.117            0.135        16467.647      0.838      0.000      0.000    0.00001    0.42940          -85.08109       86.30692         5.665e-03 
  2430.971          37.418     -8.030   -125.117            0.134        16467.659      0.838      0.000      0.000    0.00001    0.42490          -84.93763       86.57338         5.774e-03 
  2431.971          37.285     -8.030   -125.117            0.132        16467.671      0.838      0.000      0.000    0.00001    0.42051          -84.78630       86.83547         5.884e-03 
  2432.971          37.154     -8.030   -125.117            0.131        16467.683      0.838      0.000      0.000    0.00001    0.41622          -84.62781       87.09174         5.995e-03 
  2433.971          37.025     -8.030   -125.117            0.129        16467.695      0.838      0.000      0.000    0.00001    0.41202          -84.46286       87.34102         6.107e-03 
  2434.971          36.897     -8.030   -125.117            0.128        16467.707      0.838      0.000      0.000    0.00001    0.40791          -84.29218       87.58240         6.220e-03 
  2435.971          36.771     -8.030   -125.117            0.126        16467.720      0.838      0.000      0.000    0.00001    0.40389          -84.11648       87.81516         6.335e-03 
  2436.971          36.646     -8.030   -125.117            0.125        16467.733      0.838      0.000      0.000    0.00001    0.39996          -83.93647       88.03880         6.450e-03 
  2437.971          36.522     -8.030   -125.116            0.124        16467.746      0.838      0.000      0.000    0.00001    0.39611          -83.75285       88.25295         6.566e-03 
  2438.971          36.400     -8.030   -125.116            0.122        16467.760      0.838      0.000      0.000    0.00001    0.39234          -83.56632       88.45739         6.684e-03 
  2439.971          36.279     -8.030   -125.116            0.121        16467.774      0.838      0.000      0.000    0.00001    0.38866          -83.37757       88.65202         6.802e-03 
  2440.971          36.159     -8.030   -125.116            0.120        16467.788      0.838      0.000      0.000    0.00001    0.38504          -83.18726       88.83680         6.921e-03 
  2441.971          36.041     -8.030   -125.116            0.119        16467.802      0.838      0.000      0.000    0.00001    0.38150          -82.99606       89.01178         7.042e-03 
  2442.971          35.923     -8.030   -125.116            0.118        16467.817      0.838      0.000      0.000    0.00001    0.37804          -82.80463       89.17705         7.163e-03 
  2443.971          35.807     -8.030   -125.116            0.116        16467.831      0.838      0.000      0.000    0.00001    0.37464          -82.61360       89.33275         7.286e-03 
  2444.971          35.692     -8.030   -125.115            0.115        16467.846      0.838      0.000      0.000    0.00001    0.37131          -82.42359       89.47903         7.410e-03 
  2445.971          35.579     -8.030   -125.115            0.114        16467.862      0.838      0.000      0.000    0.00001    0.36804          -82.23519       89.61605         7.535e-03 
  2446.971          35.466     -8.030   -125.115            0.113        16467.877      0.838      0.000      0.000    0.00001    0.36484          -82.04902       89.74401         7.661e-03 
  2447.971          35.354     -8.030   -125.115            0.112        16467.893      0.838      0.000      0.000    0.00001    0.36170          -81.86562       89.86309         7.788e-03 
  2448.971          35.244     -8.030   -125.115            0.111        16467.909      0.838      0.000      0.000    0.00001    0.35861          -81.68556       89.97346         7.916e-03 
  2449.971          35.134     -8.030   -125.115            0.110        16467.925      0.838      0.000      0.000    0.00001    0.35559          -81.50937       90.07529         8.045e-03 
  2450.971          35.026     -8.030   -125.115            0.109        16467.941      0.838      0.000      0.000    0.00001    0.35262          -81.33758       90.16874         8.175e-03 
  2451.971          34.919     -8.030   -125.114            0.108        16467.957      0.838      0.000      0.000    0.00001    0.34970          -81.17067       90.25396         8.307e-03 
  2452.971          34.812     -8.030   -125.114            0.107        16467.974      0.838      0.000      0.000    0.00001    0.34684          -81.00913       90.33109         8.439e-03 
  2453.971          34.707     -8.030   -125.114            0.106        16467.991      0.838      0.000      0.000    0.00001    0.34403          -80.85335       90.40032         8.573e-03 
  2454.971          34.602     -8.030   -125.114            0.105        16468.008      0.838      0.000      0.000    0.00001    0.34127          -80.70367       90.46185         8.708e-03 
  2455.971          34.499     -8.030   -125.114            0.105        16468.025      0.838      0.000      0.000    0.00001    0.33856          -80.56039       90.51590         8.844e-03 
  2456.971          34.396     -8.030   -125.114            0.104        16468.042      0.838      0.000      0.000    0.00001    0.33590          -80.42373       90.56269         8.981e-03 
  2457.971          34.294     -8.030   -125.114            0.103        16468.059      0.838      0.000      0.000    0.00001    0.33328          -80.29387       90.60246         9.120e-03 
  2458.971          34.193     -8.030   -125.113            0.102        16468.076      0.838      0.000      0.000    0.00001    0.33071          -80.17095       90.63543         9.259e-03 
  2459.971          34.093     -8.030   -125.113            0.101        16468.093      0.838      0.000      0.000    0.00001    0.32819          -80.05506       90.66184         9.400e-03 
  2460.971          33.994     -8.030   -125.113            0.100        16468.111      0.838      0.000      0.000    0.00001    0.32571          -79.94626       90.68190         9.542e-03 
  2461.971          33.896     -8.030   -125.113            0.100        16468.128      0.838      0.000      0.000    0.00001    0.32326          -79.84457       90.69582         9.685e-03 
  2462.971          33.798     -8.030   -125.113            0.099        16468.146      0.838      0.000      0.000    0.00001    0.32087          -79.74998       90.70381         9.830e-03 
  2463.971          33.701     -8.030   -125.113            0.098        16468.163      0.838      0.000      0.000    0.00001    0.31850          -79.66244       90.70606         9.976e-03 
  2464.971          33.605     -8.030   -125.112            0.097        16468.181      0.838      0.000      0.000    0.00001    0.31618          -79.58189       90.70275         1.012e-02 
  2465.971          33.510     -8.030   -125.112            0.096        16468.198      0.838      0.000      0.000    0.00001    0.31390          -79.50822       90.69407         1.027e-02 
  2466.971          33.415     -8.030   -125.112            0.096        16468.216      0.838      0.000      0.000    0.00001    0.31165          -79.44134       90.68018         1.042e-02 
  2467.971          33.322     -8.030   -125.112            0.095        16468.233      0.838      0.000      0.000    0.00001    0.30944          -79.38110       90.66123         1.057e-02 
  2468.971          33.229     -8.030   -125.112            0.094        16468.251      0.838      0.000      0.000    0.00001    0.30726          -79.32736       90.63737         1.072e-02 
  2469.971          33.136     -8.030   -125.112            0.094        16468.268      0.838      0.000      0.000    0.00001    0.30512          -79.27995       90.60876         1.088e-02 
  2470.971          33.045     -8.030   -125.112            0.093        16468.285      0.838      0.000      0.000    0.00000    0.30300          -79.23868       90.57552         1.103e-02 
  2471.971          32.954     -8.030   -125.111            0.092        16468.302      0.838      0.000      0.000    0.00000    0.30092          -79.20338       90.53778         1.119e-02 
  2472.971          32.863     -8.030   -125.111            0.092        16468.320      0.838      0.000      0.000    0.00000    0.29887          -79.17382       90.49567         1.134e-02 
  2473.971          32.774     -8.030   -125.111            0.091        16468.337      0.838      0.000      0.000    0.00000    0.29685          -79.14982       90.44930         1.150e-02 
  2474.971          32.685     -8.030   -125.111            0.090        16468.354      0.838      0.000      0.000    0.00000    0.29486          -79.13113       90.39879         1.166e-02 
  2475.971          32.597     -8.030   -125.111            0.090        16468.370      0.838      0.000      0.000    0.00000    0.29290          -79.11755       90.34425         1.182e-02 
  2476.971          32.509     -8.030   -125.111            0.089        16468.387      0.838      0.000      0.000    0.00000    0.29096          -79.10884       90.28578         1.198e-02 
  2477.971          32.422     -8.030   -125.110            0.088        16468.404      0.838      0.000      0.000    0.00000    0.28905          -79.10476       90.22349         1.215e-02 
  2478.971          32.335     -8.030   -125.110            0.088        16468.420      0.838      0.000      0.000    0.00000    0.28717          -79.10510       90.15749         1.231e-02 
  2479.971          32.250     -8.030   -125.110            0.087        16468.437      0.838      0.000      0.000    0.00000    0.28531          -79.10963       90.08787         1.248e-02 
  2480.971          32.164     -8.030   -125.110            0.086        16468.453      0.838      0.000      0.000    0.00000    0.28347          -79.11811       90.01474         1.264e-02 
  2481.971          32.080     -8.030   -125.110            0.086        16468.469      0.838      0.000      0.000    0.00000    0.28166          -79.13032       89.93821         1.281e-02 
  2482.971          31.996     -8.030   -125.110            0.085        16468.485      0.838      0.000      0.000    0.00000    0.27987          -79.14601       89.85838         1.298e-02 
  2483.971          31.912     -8.030   -125.110            0.085        16468.501      0.838      0.000      0.000    0.00000    0.27810          -79.16495       89.77535         1.315e-02 
  2484.971          31.829     -8.030   -125.109            0.084        16468.517      0.838      0.000      0.000    0.00000    0.27636          -79.18689       89.68923         1.332e-02 
  2485.971          31.747     -8.030   -125.109            0.084        16468.533      0.838      0.000      0.000    0.00000    0.27464          -79.21158       89.60014         1.349e-02 
  2486.971          31.665     -8.030   -125.109            0.083        16468.548      0.838      0.000      0.000    0.00000    0.27294          -79.23879       89.50818         1.367e-02 
  2487.971          31.584     -8.030   -125.109            0.082        16468.564      0.838      0.000      0.000    0.00000    0.27126          -79.26828       89.41348         1.384e-02 
  2488.971          31.503     -8.030   -125.109            0.082        16468.579      0.838      0.000      0.000    0.00000    0.26961          -79.29980       89.31616         1.402e-02 
  2489.971          31.423     -8.030   -125.109            0.081        16468.594      0.838      0.000      0.000    0.00000    0.26797          -79.33311       89.21636         1.419e-02 
  2490.971          31.343     -8.030   -125.109            0.081        16468.609      0.838      0.000      0.000    0.00000    0.26636          -79.36798       89.11419         1.437e-02 
  2491.971          31.264     -8.030   -125.108            0.080        16468.624      0.838      0.000      0.000    0.00000    0.26476          -79.40418       89.00982         1.455e-02 
  2492.971          31.185     -8.030   -125.108            0.080        16468.638      0.838      0.000      0.000    0.00000    0.26319          -79.44146       88.90337         1.473e-02 
  2493.971          31.107     -8.030   -125.108            0.079        16468.653      0.838      0.000      0.000    0.00000    0.26164          -79.47960       88.79502         1.491e-02 
  2494.971          31.030     -8.030   -125.108            0.079        16468.667      0.838      0.000      0.000    0.00000    0.26010          -79.51838       88.68492         1.509e-02 
  2495.971          30.952     -8.030   -125.108            0.078        16468.681      0.838      0.000      0.000    0.00000    0.25858          -79.55756       88.57325         1.528e-02 
  2496.971          30.876     -8.030   -125.108            0.078        16468.695      0.838      0.000      0.000    0.00000    0.25708          -79.59694       88.46018         1.546e-02 
  2497.971          30.799     -8.030   -125.108            0.077        16468.709      0.838      0.000      0.000    0.00000    0.25560          -79.63629       88.34591         1.565e-02 
  2498.971          30.724     -8.030   -125.108            0.077        16468.723      0.838      0.000      0.000    0.00000    0.25414          -79.67540       88.23062         1.584e-02 
  2499.971          30.648     -8.030   -125.107            0.076        16468.736      0.838      0.000      0.000    0.00000    0.25270          -79.71406       88.11454         1.602e-02 
  2500.971          30.573     -8.030   -125.107            0.076        16468.750      0.838      0.000      0.000    0.00000    0.25127          -79.75206       87.99788         1.621e-02 
  2501.971          30.499     -8.030   -125.107            0.075        16468.763      0.838      0.000      0.000    0.00000    0.24985          -79.78921       87.88086         1.640e-02 
  2502.971          30.425     -8.030   -125.107            0.075        16468.777      0.838      0.000      0.000    0.00000    0.24846          -79.82530       87.76371         1.659e-02 
  2503.971          30.352     -8.030   -125.107            0.074        16468.790      0.838      0.000      0.000    0.00000    0.24708          -79.86013       87.64669         1.679e-02 
  2504.971          30.278     -8.030   -125.107            0.074        16468.803      0.838      0.000      0.000    0.00000    0.24572          -79.89352       87.53005         1.698e-02 
  2505.971          30.206     -8.030   -125.107            0.074        16468.816      0.838      0.000      0.000    0.00000    0.24437          -79.92528       87.41404         1.718e-02 
  2506.971          30.134     -8.030   -125.107            0.073        16468.828      0.838      0.000      0.000    0.00000    0.24304          -79.95522       87.29894         1.737e-02 
  2507.971          30.062     -8.030   -125.106            0.073        16468.841      0.838      0.000      0.000    0.00000    0.24172          -79.98317       87.18502         1.757e-02 
  2508.971          29.990     -8.030   -125.106            0.072        16468.853      0.838      0.000      0.000    0.00000    0.24041          -80.00894       87.07256         1.777e-02 
  2509.971          29.919     -8.030   -125.106            0.072        16468.866      0.838      0.000      0.000    0.00000    0.23913          -80.03236       86.96185         1.797e-02 
  2510.971          29.849     -8.030   -125.106            0.071        16468.878      0.838      0.000      0.000    0.00000    0.23785          -80.05328       86.85317         1.817e-02 
  2511.971          29.779     -8.030   -125.106            0.071        16468.890      0.838      0.000      0.000    0.00000    0.23659          -80.07158       86.74676         1.837e-02 
  2512.971          29.709     -8.030   -125.106            0.071        16468.903      0.838      0.000      0.000    0.00000    0.23534          -80.08716       86.64286         1.857e-02 
  2513.971          29.639     -8.030   -125.106            0.070        16468.915      0.838      0.000      0.000    0.00000    0.23411          -80.09995       86.54168         1.878e-02 
  2514.971          29.570     -8.030   -125.106            0.070        16468.927      0.838      0.000      0.000    0.00000    0.23289          -80.10989       86.44341         1.898e-02 
  2515.971          29.502     -8.030   -125.106            0.069        16468.939      0.838      0.000      0.000    0.00000    0.23168          -80.11696       86.34820         1.919e-02 
  2516.971          29.434     -8.030   -125.105            0.069        16468.950      0.838      0.000      0.000    0.00000    0.23048          -80.12113       86.25622         1.940e-02 
  2517.971          29.366     -8.030   -125.105            0.069        16468.962      0.838      0.000      0.000    0.00000    0.22930          -80.12241       86.16758         1.960e-02 
  2518.971          29.298     -8.030   -125.105            0.068        16468.974      0.838      0.000      0.000    0.00000    0.22813          -80.12079       86.08239         1.981e-02 
  2519.971          29.231     -8.030   -125.105            0.068        16468.985      0.838      0.000      0.000    0.00000    0.22697          -80.11630       86.00074         2.003e-02 
  2520.971          29.164     -8.030   -125.105            0.068        16468.997      0.838      0.000      0.000    0.00000    0.22582          -80.10897       85.92271         2.024e-02 
  2521.971          29.098     -8.030   -125.105            0.067        16469.009      0.838      0.000      0.000    0.00000    0.22468          -80.09883       85.84835         2.045e-02 
  2522.971          29.032     -8.030   -125.105            0.067        16469.020      0.838      0.000      0.000    0.00000    0.22356          -80.08593       85.77769         2.067e-02 
  2523.971          28.967     -8.030   -125.105            0.066        16469.031      0.838      0.000      0.000    0.00000    0.22245          -80.07032       85.71077         2.088e-02 
  2524.971          28.901     -8.030   -125.105            0.066        16469.043      0.838      0.000      0.000    0.00000    0.22134          -80.05205       85.64759         2.110e-02 
  2525.971          28.836     -8.030   -125.105            0.066        16469.054      0.838      0.000      0.000    0.00000    0.22025          -80.03119       85.58816         2.132e-02 
  2526.971          28.772     -8.030   -125.104            0.065        16469.065      0.838      0.000      0.000    0.00000    0.21917          -80.00779       85.53245         2.153e-02 
  2527.971          28.708     -8.030   -125.104            0.065        16469.077      0.838      0.000      0.000    0.00000    0.21810          -79.98193       85.48044         2.176e-02 
  2528.971          28.644     -8.030   -125.104            0.065        16469.088      0.838      0.000      0.000    0.00000    0.21704          -79.95367       85.43209         2.198e-02 
  2529.971          28.580     -8.030   -125.104            0.064        16469.099      0.838      0.000      0.000    0.00000    0.21599          -79.92309       85.38737         2.220e-02 
  2530.971          28.517     -8.030   -125.104            0.064        16469.110      0.838      0.000      0.000    0.00000    0.21495          -79.89026       85.34621         2.242e-02 
  2531.971          28.454     -8.030   -125.104            0.064        16469.122      0.838      0.000      0.000    0.00000    0.21392          -79.85526       85.30856         2.265e-02 
  2532.971          28.392     -8.030   -125.104            0.063        16469.133      0.838      0.000      0.000    0.00000    0.21290          -79.81815       85.27435         2.287e-02 
  2533.971          28.329     -8.030   -125.104            0.063        16469.144      0.838      0.000      0.000    0.00000    0.21189          -79.77902       85.24351         2.310e-02 
  2534.971          28.268     -8.030   -125.104            0.063        16469.155      0.838      0.000      0.000    0.00000    0.21089          -79.73794       85.21596         2.333e-02 
  2535.971          28.206     -8.030   -125.104            0.062        16469.166      0.838      0.000      0.000    0.00000    0.20989          -79.69500       85.19161         2.356e-02 
  2536.971          28.145     -8.030   -125.103            0.062        16469.177      0.838      0.000      0.000    0.00000    0.20891          -79.65026       85.17038         2.379e-02 
  2537.971          28.084     -8.030   -125.103            0.062        16469.188      0.838      0.000      0.000    0.00000    0.20794          -79.60381       85.15219         2.402e-02 
  2538.971          28.023     -8.030   -125.103            0.061        16469.199      0.838      0.000      0.000    0.00000    0.20698          -79.55573       85.13694         2.425e-02 
  2539.971          27.963     -8.030   -125.103            0.061        16469.211      0.838      0.000      0.000    0.00000    0.20602          -79.50608       85.12453         2.449e-02 
  2540.971          27.903     -8.030   -125.103            0.061        16469.222      0.838      0.000      0.000    0.00000    0.20507          -79.45495       85.11488         2.472e-02 
  2541.971          27.843     -8.030   -125.103            0.061        16469.233      0.838      0.000      0.000    0.00000    0.20414          -79.40241       85.10790         2.496e-02 
  2542.971          27.784     -8.030   -125.103            0.060        16469.244      0.838      0.000      0.000    0.00000    0.20321          -79.34854       85.10347         2.520e-02 
  2543.971          27.725     -8.030   -125.103            0.060        16469.255      0.838      0.000      0.000    0.00000    0.20229          -79.29342       85.10152         2.544e-02 
  2544.971          27.666     -8.030   -125.103            0.060        16469.266      0.838      0.000      0.000    0.00000    0.20138          -79.23711       85.10194         2.568e-02 
  2545.971          27.608     -8.030   -125.103            0.059        16469.277      0.838      0.000      0.000    0.00000    0.20047          -79.17969       85.10465         2.592e-02 
  2546.971          27.549     -8.030   -125.102            0.059        16469.288      0.838      0.000      0.000    0.00000    0.19958          -79.12123       85.10954         2.616e-02 
  2547.971          27.492     -8.030   -125.102            0.059        16469.299      0.838      0.000      0.000    0.00000    0.19869          -79.06181       85.11654         2.640e-02 
  2548.971          27.434     -8.030   -125.102            0.059        16469.310      0.838      0.000      0.000    0.00000    0.19781          -79.00149       85.12554         2.665e-02 
  2549.971          27.377     -8.030   -125.102            0.058        16469.322      0.838      0.000      0.000    0.00000    0.19694          -78.94035       85.13646         2.689e-02 
  2550.971          27.320     -8.030   -125.102            0.058        16469.333      0.838      0.000      0.000    0.00000    0.19607          -78.87845       85.14922         2.714e-02 
  2551.971          27.263     -8.030   -125.102            0.058        16469.344      0.838      0.000      0.000    0.00000    0.19522          -78.81587       85.16372         2.739e-02 
  2552.971          27.206     -8.030   -125.102            0.057        16469.355      0.838      0.000      0.000    0.00000    0.19437          -78.75267       85.17989         2.764e-02 
  2553.971          27.150     -8.030   -125.102            0.057        16469.366      0.838      0.000      0.000    0.00000    0.19353          -78.68891       85.19765         2.789e-02 
  2554.971          27.094     -8.030   -125.102            0.057        16469.377      0.838      0.000      0.000    0.00000    0.19269          -78.62467       85.21692         2.814e-02 
  2555.971          27.039     -8.030   -125.102            0.057        16469.388      0.838      0.000      0.000    0.00000    0.19186          -78.56000       85.23762         2.839e-02 
  2556.971          26.983     -8.030   -125.101            0.056        16469.400      0.838      0.000      0.000    0.00000    0.19104          -78.49498       85.25969         2.865e-02 
  2557.971          26.928     -8.030   -125.101            0.056        16469.411      0.838      0.000      0.000    0.00000    0.19023          -78.42966       85.28304         2.890e-02 
  2558.971          26.873     -8.030   -125.101            0.056        16469.422      0.838      0.000      0.000    0.00000    0.18943          -78.36411       85.30761         2.916e-02 
  2559.971          26.819     -8.030   -125.101            0.056        16469.433      0.838      0.000      0.000    0.00000    0.18863          -78.29839       85.33334         2.941e-02 
  2560.971          26.764     -8.030   -125.101            0.055        16469.445      0.838      0.000      0.000    0.00000    0.18783          -78.23256       85.36017         2.967e-02 
  2561.971          26.710     -8.030   -125.101            0.055        16469.456      0.838      0.000      0.000    0.00000    0.18705          -78.16667       85.38802         2.993e-02 
  2562.971          26.656     -8.030   -125.101            0.055        16469.467      0.838      0.000      0.000    0.00000    0.18627          -78.10080       85.41685         3.019e-02 
  2563.971          26.603     -8.030   -125.101            0.055        16469.478      0.838      0.000      0.000    0.00000    0.18550          -78.03499       85.44660         3.046e-02 
  2564.971          26.549     -8.030   -125.101            0.054        16469.490      0.838      0.000      0.000    0.00000    0.18473          -77.96931       85.47721         3.072e-02 
  2565.971          26.496     -8.030   -125.100            0.054        16469.501      0.838      0.000      0.000    0.00000    0.18397          -77.90381       85.50863         3.098e-02 
  2566.971          26.443     -8.030   -125.100            0.054        16469.512      0.838      0.000      0.000    0.00000    0.18322          -77.83854       85.54081         3.125e-02 
  2567.971          26.391     -8.030   -125.100            0.054        16469.524      0.838      0.000      0.000    0.00000    0.18247          -77.77357       85.57371         3.152e-02 
  2568.971          26.338     -8.030   -125.100            0.053        16469.535      0.838      0.000      0.000    0.00000    0.18173          -77.70894       85.60728         3.179e-02 
  2569.971          26.286     -8.030   -125.100            0.053        16469.546      0.838      0.000      0.000    0.00000    0.18099          -77.64471       85.64148         3.205e-02 
  2570.971          26.234     -8.030   -125.100            0.053        16469.558      0.838      0.000      0.000    0.00000    0.18027          -77.58094       85.67626         3.232e-02 
  2571.971          26.183     -8.030   -125.100            0.053        16469.569      0.838      0.000      0.000    0.00000    0.17954          -77.51767       85.71159         3.260e-02 
  2572.971          26.131     -8.030   -125.100            0.053        16469.580      0.838      0.000      0.000    0.00000    0.17883          -77.45495       85.74744         3.287e-02 
  2573.971          26.080     -8.030   -125.100            0.052        16469.592      0.838      0.000      0.000    0.00000    0.17811          -77.39285       85.78376         3.314e-02 
  2574.971          26.029     -8.030   -125.100            0.052        16469.603      0.838      0.000      0.000    0.00000    0.17741          -77.33140       85.82052         3.342e-02 
  2575.971          25.978     -8.030   -125.099            0.052        16469.615      0.838      0.000      0.000    0.00000    0.17671          -77.27066       85.85769         3.370e-02 
  2576.971          25.928     -8.030   -125.099            0.052        16469.626      0.838      0.000      0.000    0.00000    0.17601          -77.21068       85.89525         3.397e-02 
  2577.971          25.877     -8.029   -125.099            0.051        16469.637      0.838      0.000      0.000    0.00000    0.17532          -77.15150       85.93316         3.425e-02 
  2578.971          25.827     -8.029   -125.099            0.051        16469.649      0.838      0.000      0.000    0.00000    0.17464          -77.09317       85.97140         3.453e-02 
  2579.971          25.777     -8.029   -125.099            0.051        16469.660      0.838      0.000      0.000    0.00000    0.17396          -77.03575       86.00993         3.481e-02 
  2580.971          25.728     -8.029   -125.099            0.051        16469.672      0.838      0.000      0.000    0.00000    0.17329          -76.97927       86.04875         3.510e-02 
  2581.971          25.678     -8.029   -125.099            0.051        16469.683      0.838      0.000      0.000    0.00000    0.17262          -76.92378       86.08783         3.538e-02 
  2582.971          25.629     -8.029   -125.099            0.050        16469.694      0.838      0.000      0.000    0.00000    0.17196          -76.86933       86.12714         3.567e-02 
  2583.971          25.580     -8.029   -125.099            0.050        16469.706      0.838      0.000      0.000    0.00000    0.17130          -76.81596       86.16666         3.595e-02 
  2584.971          25.531     -8.029   -125.099            0.050        16469.717      0.838      0.000      0.000    0.00000    0.17065          -76.76371       86.20639         3.624e-02 
  2585.971          25.482     -8.029   -125.098            0.050        16469.729      0.838      0.000      0.000    0.00000    0.17000          -76.71264       86.24629         3.653e-02 
  2586.971          25.434     -8.029   -125.098            0.050        16469.740      0.838      0.000      0.000    0.00000    0.16936          -76.66278       86.28637         3.682e-02 
  2587.971          25.386     -8.029   -125.098            0.049        16469.751      0.838      0.000      0.000    0.00000    0.16872          -76.61417       86.32659         3.711e-02 
  2588.971          25.338     -8.029   -125.098            0.049        16469.763      0.838      0.000      0.000    0.00000    0.16809          -76.56686       86.36695         3.740e-02 
  2589.971          25.290     -8.029   -125.098            0.049        16469.774      0.838      0.000      0.000    0.00000    0.16746          -76.52089       86.40743         3.770e-02 
  2590.971          25.242     -8.029   -125.098            0.049        16469.786      0.838      0.000      0.000    0.00000    0.16683          -76.47630       86.44803         3.799e-02 
  2591.971          25.195     -8.029   -125.098            0.049        16469.797      0.838      0.000      0.000    0.00000    0.16621          -76.43314       86.48873         3.829e-02 
  2592.971          25.148     -8.029   -125.098            0.048        16469.808      0.838      0.000      0.000    0.00000    0.16560          -76.39143       86.52953         3.859e-02 
  2593.971          25.101     -8.029   -125.098            0.048        16469.820      0.838      0.000      0.000    0.00000    0.16499          -76.35122       86.57041         3.888e-02 
  2594.971          25.054     -8.029   -125.098            0.048        16469.831      0.838      0.000      0.000    0.00000    0.16438          -76.31256       86.61137         3.918e-02 
  2595.971          25.007     -8.029   -125.097            0.048        16469.842      0.838      0.000      0.000    0.00000    0.16378          -76.27548       86.65240         3.949e-02 
  2596.971          24.961     -8.029   -125.097            0.048        16469.854      0.838      0.000      0.000    0.00000    0.16319          -76.24001       86.69349         3.979e-02 
  2597.971          24.914     -8.029   -125.097            0.048        16469.865      0.838      0.000      0.000    0.00000    0.16259          -76.20619       86.73465         4.009e-02 
  2598.971          24.868     -8.029   -125.097            0.047        16469.876      0.838      0.000      0.000    0.00000    0.16201          -76.17406       86.77586         4.040e-02 
  2599.971          24.822     -8.029   -125.097            0.047        16469.888      0.838      0.000      0.000    0.00000    0.16142          -76.14362       86.81713         4.070e-02 
  2600.971          24.777     -8.029   -125.097            0.047        16469.899      0.838      0.000      0.000    0.00000    0.16084          -76.11489       86.85846         4.101e-02 
  2601.971          24.731     -8.029   -125.097            0.047        16469.910      0.838      0.000      0.000    0.00000    0.16027          -76.08788       86.89985         4.132e-02 
  2602.971          24.686     -8.029   -125.097            0.047        16469.921      0.838      0.000      0.000    0.00000    0.15970          -76.06260       86.94131         4.163e-02 
  2603.971          24.641     -8.029   -125.097            0.046        16469.932      0.838      0.000      0.000    0.00000    0.15913          -76.03904       86.98284         4.194e-02 
  2604.971          24.596     -8.029   -125.096            0.046        16469.944      0.838      0.000      0.000    0.00000    0.15857          -76.01720       87.02444         4.226e-02 
  2605.971          24.551     -8.029   -125.096            0.046        16469.955      0.838      0.000      0.000    0.00000    0.15801          -75.99709       87.06613         4.257e-02 
  2606.971          24.506     -8.029   -125.096            0.046        16469.966      0.838      0.000      0.000    0.00000    0.15745          -75.97868       87.10791         4.289e-02 
  2607.971          24.461     -8.029   -125.096            0.046        16469.977      0.838      0.000      0.000    0.00000    0.15690          -75.96199       87.14978         4.320e-02 
  2608.971          24.417     -8.029   -125.096            0.046        16469.988      0.838      0.000      0.000    0.00000    0.15635          -75.94699       87.19175         4.352e-02 
  2609.971          24.373     -8.029   -125.096            0.045        16469.999      0.838      0.000      0.000    0.00000    0.15581          -75.93369       87.23383         4.384e-02 
  2610.971          24.329     -8.029   -125.096            0.045        16470.010      0.838      0.000      0.000    0.00000    0.15527          -75.92207       87.27603         4.416e-02 
  2611.971          24.285     -8.029   -125.096            0.045        16470.021      0.838      0.000      0.000    0.00000    0.15473          -75.91213       87.31835         4.448e-02 
  2612.971          24.241     -8.029   -125.096            0.045        16470.032      0.838      0.000      0.000    0.00000    0.15420          -75.90384       87.36081         4.481e-02 
  2613.971          24.198     -8.029   -125.096            0.045        16470.043      0.838      0.000      0.000    0.00000    0.15367          -75.89721       87.40340         4.513e-02 
  2614.971          24.155     -8.029   -125.095            0.045        16470.054      0.838      0.000      0.000    0.00000    0.15314          -75.89222       87.44614         4.546e-02 
  2615.971          24.111     -8.029   -125.095            0.044        16470.064      0.838      0.000      0.000    0.00000    0.15262          -75.88885       87.48904         4.579e-02 
  2616.971          24.068     -8.029   -125.095            0.044        16470.075      0.838      0.000      0.000    0.00000    0.15210          -75.88711       87.53210         4.612e-02 
  2617.971          24.025     -8.029   -125.095            0.044        16470.086      0.838      0.000      0.000    0.00000    0.15159          -75.88697       87.57533         4.645e-02 
  2618.971          23.983     -8.029   -125.095            0.044        16470.097      0.838      0.000      0.000    0.00000    0.15108          -75.88843       87.61874         4.678e-02 
  2619.971          23.940     -8.029   -125.095            0.044        16470.107      0.838      0.000      0.000    0.00000    0.15057          -75.89148       87.66234         4.711e-02 
  2620.971          23.898     -8.029   -125.095            0.044        16470.118      0.838      0.000      0.000    0.00000    0.15007          -75.89610       87.70613         4.745e-02 
  2621.971          23.855     -8.029   -125.095            0.044        16470.129      0.838      0.000      0.000    0.00000    0.14956          -75.90229       87.75013         4.778e-02 
  2622.971          23.813     -8.029   -125.095            0.043        16470.139      0.838      0.000      0.000    0.00000    0.14907          -75.91002       87.79434         4.812e-02 
  2623.971          23.771     -8.029   -125.095            0.043        16470.150      0.838      0.000      0.000    0.00000    0.14857          -75.91930       87.83877         4.846e-02 
  2624.971          23.729     -8.029   -125.095            0.043        16470.160      0.838      0.000      0.000    0.00000    0.14808          -75.93011       87.88343         4.880e-02 
  2625.971          23.688     -8.029   -125.094            0.043        16470.170      0.838      0.000      0.000    0.00000    0.14759          -75.94243       87.92833         4.914e-02 
  2626.971          23.646     -8.029   -125.094            0.043        16470.181      0.838      0.000      0.000    0.00000    0.14711          -75.95627       87.97348         4.948e-02 
  2627.971          23.605     -8.029   -125.094            0.043        16470.191      0.838      0.000      0.000    0.00000    0.14662          -75.97161       88.01888         4.983e-02 
  2628.971          23.564     -8.029   -125.094            0.042        16470.201      0.838      0.000      0.000    0.00000    0.14614          -75.98843       88.06455         5.017e-02 
  2629.971          23.522     -8.029   -125.094            0.042        16470.212      0.838      0.000      0.000    0.00000    0.14567          -76.00673       88.11049         5.052e-02 
  2630.971          23.481     -8.029   -125.094            0.042        16470.222      0.838      0.000      0.000    0.00000    0.14520          -76.02650       88.15672         5.087e-02 
  2631.971          23.441     -8.029   -125.094            0.042        16470.232      0.838      0.000      0.000    0.00000    0.14473          -76.04772       88.20324         5.122e-02 
  2632.971          23.400     -8.029   -125.094            0.042        16470.242      0.838      0.000      0.000    0.00000    0.14426          -76.07040       88.25006         5.157e-02 
  2633.971          23.359     -8.029   -125.094            0.042        16470.252      0.838      0.000      0.000    0.00000    0.14379          -76.09451       88.29719         5.192e-02 
  2634.971          23.319     -8.029   -125.094            0.042        16470.262      0.838      0.000      0.000    0.00000    0.14333          -76.12004       88.34465         5.228e-02 
  2635.971          23.279     -8.029   -125.094            0.041        16470.272      0.838      0.000      0.000    0.00000    0.14287          -76.14700       88.39244         5.263e-02 
  2636.971          23.238     -8.029   -125.093            0.041        16470.282      0.838      0.000      0.000    0.00000    0.14242          -76.17536       88.44057         5.299e-02 
  2637.971          23.198     -8.029   -125.093            0.041        16470.291      0.838      0.000      0.000    0.00000    0.14197          -76.20512       88.48906         5.335e-02 
  2638.971          23.159     -8.029   -125.093            0.041        16470.301      0.838      0.000      0.000    0.00000    0.14152          -76.23628       88.53790         5.371e-02 
  2639.971          23.119     -8.029   -125.093            0.041        16470.311      0.838      0.000      0.000    0.00000    0.14107          -76.26881       88.58713         5.407e-02 
  2640.971          23.079     -8.029   -125.093            0.041        16470.321      0.838      0.000      0.000    0.00000    0.14062          -76.30271       88.63674         5.443e-02 
  2641.971          23.040     -8.029   -125.093            0.041        16470.330      0.838      0.000      0.000    0.00000    0.14018          -76.33798       88.68675         5.480e-02 
  2642.971          23.000     -8.029   -125.093            0.040        16470.340      0.838      0.000      0.000    0.00000    0.13974          -76.37459       88.73717         5.516e-02 
  2643.971          22.961     -8.029   -125.093            0.040        16470.349      0.838      0.000      0.000    0.00000    0.13931          -76.41255       88.78801         5.553e-02 
  2644.971          22.922     -8.029   -125.093            0.040        16470.359      0.838      0.000      0.000    0.00000    0.13887          -76.45185       88.83928         5.590e-02 
  2645.971          22.883     -8.029   -125.093            0.040        16470.368      0.838      0.000      0.000    0.00000    0.13844          -76.49247       88.89101         5.627e-02 
  2646.971          22.844     -8.029   -125.093            0.040        16470.377      0.838      0.000      0.000    0.00000    0.13801          -76.53441       88.94319         5.664e-02 
  2647.971          22.805     -8.029   -125.092            0.040        16470.386      0.838      0.000      0.000    0.00000    0.13759          -76.57766       88.99584         5.701e-02 
  2648.971          22.767     -8.029   -125.092            0.040        16470.396      0.838      0.000      0.000    0.00000    0.13716          -76.62220       89.04898         5.739e-02 
  2649.971          22.728     -8.029   -125.092            0.039        16470.405      0.838      0.000      0.000    0.00000    0.13674          -76.66804       89.10262         5.777e-02 
  2650.971          22.690     -8.029   -125.092            0.039        16470.414      0.838      0.000      0.000    0.00000    0.13632          -76.71517       89.15678         5.814e-02 
  2651.971          22.652     -8.029   -125.092            0.039        16470.423      0.838      0.000      0.000    0.00000    0.13591          -76.76357       89.21147         5.852e-02 
  2652.971          22.614     -8.029   -125.092            0.039        16470.432      0.838      0.000      0.000    0.00000    0.13549          -76.81323       89.26670         5.890e-02 
  2653.971          22.576     -8.029   -125.092            0.039        16470.440      0.838      0.000      0.000    0.00000    0.13508          -76.86416       89.32249         5.929e-02 
  2654.971          22.538     -8.029   -125.092            0.039        16470.449      0.838      0.000      0.000    0.00000    0.13467          -76.91633       89.37886         5.967e-02 
  2655.971          22.500     -8.029   -125.092            0.039        16470.458      0.838      0.000      0.000    0.00000    0.13427          -76.96975       89.43582         6.006e-02 
  2656.971          22.462     -8.029   -125.092            0.039        16470.467      0.838      0.000      0.000    0.00000    0.13386          -77.02440       89.49340         6.044e-02 
  2657.971          22.425     -8.029   -125.092            0.038        16470.475      0.838      0.000      0.000    0.00000    0.13346          -77.08028       89.55160         6.083e-02 
  2658.971          22.387     -8.029   -125.092            0.038        16470.484      0.838      0.000      0.000    0.00000    0.13306          -77.13738       89.61045         6.122e-02 
  2659.971          22.350     -8.029   -125.092            0.038        16470.492      0.838      0.000      0.000    0.00000    0.13266          -77.19568       89.66996         6.161e-02 
  2660.971          22.313     -8.029   -125.091            0.038        16470.501      0.838      0.000      0.000    0.00000    0.13227          -77.25520       89.73016         6.201e-02 
  2661.971          22.276     -8.029   -125.091            0.038        16470.509      0.838      0.000      0.000    0.00000    0.13187          -77.31590       89.79106         6.240e-02 
  2662.971          22.239     -8.029   -125.091            0.038        16470.517      0.838      0.000      0.000    0.00000    0.13148          -77.37780       89.85269         6.280e-02 
  2663.971          22.202     -8.029   -125.091            0.038        16470.525      0.838      0.000      0.000    0.00000    0.13109          -77.44087       89.91507         6.320e-02 
  2664.971          22.165     -8.029   -125.091            0.038        16470.534      0.838      0.000      0.000    0.00000    0.13071          -77.50512       89.97821         6.360e-02 
  2665.971          22.128     -8.029   -125.091            0.037        16470.542      0.838      0.000      0.000    0.00000    0.13032          -77.57053       90.04215         6.400e-02 
  2666.971          22.092     -8.029   -125.091            0.037        16470.550      0.838      0.000      0.000    0.00000    0.12994          -77.63710       90.10691         6.440e-02 
  2667.971          22.055     -8.029   -125.091            0.037        16470.558      0.838      0.000      0.000    0.00000    0.12956          -77.70482       90.17250         6.481e-02 
  2668.971          22.019     -8.029   -125.091            0.037        16470.565      0.838      0.000      0.000    0.00000    0.12918          -77.77369       90.23896         6.521e-02 
  2669.971          21.983     -8.029   -125.091            0.037        16470.573      0.838      0.000      0.000    0.00000    0.12881          -77.84368       90.30631         6.562e-02 
  2670.971          21.947     -8.029   -125.091            0.037        16470.581      0.838      0.000      0.000    0.00000    0.12843          -77.91481       90.37459         6.603e-02 
  2671.971          21.911     -8.029   -125.091            0.037        16470.589      0.838      0.000      0.000    0.00000    0.12806          -77.98706       90.44381         6.644e-02 
  2672.971          21.875     -8.029   -125.091            0.037        16470.596      0.838      0.000      0.000    0.00000    0.12769          -78.06042       90.51401         6.685e-02 
  2673.971          21.839     -8.029   -125.091            0.037        16470.604      0.838      0.000      0.000    0.00000    0.12732          -78.13489       90.58522         6.727e-02 
  2674.971          21.803     -8.029   -125.090            0.036        16470.611      0.838      0.000      0.000    0.00000    0.12696          -78.21045       90.65746         6.768e-02 
  2675.971          21.768     -8.029   -125.090            0.036        16470.619      0.838      0.000      0.000    0.00000    0.12659          -78.28711       90.73079         6.810e-02 
  2676.971          21.732     -8.029   -125.090            0.036        16470.626      0.838      0.000      0.000    0.00000    0.12623          -78.36485       90.80522         6.852e-02 
  2677.971          21.697     -8.029   -125.090            0.036        16470.633      0.838      0.000      0.000    0.00000    0.12587          -78.44366       90.88079         6.894e-02 
  2678.971          21.661     -8.029   -125.090            0.036        16470.640      0.838      0.000      0.000    0.00000    0.12551          -78.52355       90.95754         6.937e-02 
  2679.971          21.626     -8.029   -125.090            0.036        16470.647      0.838      0.000      0.000    0.00000    0.12515          -78.60450       91.03552         6.979e-02 
  2680.971          21.591     -8.029   -125.090            0.036        16470.654      0.838      0.000      0.000    0.00000    0.12480          -78.68651       91.11475         7.022e-02 
  2681.971          21.556     -8.029   -125.090            0.036        16470.661      0.838      0.000      0.000    0.00000    0.12445          -78.76956       91.19529         7.064e-02 
  2682.971          21.521     -8.029   -125.090            0.036        16470.668      0.838      0.000      0.000    0.00000    0.12410          -78.85365       91.27718         7.107e-02 
  2683.971          21.486     -8.029   -125.090            0.035        16470.675      0.838      0.000      0.000    0.00000    0.12375          -78.93878       91.36045         7.150e-02 
  2684.971          21.452     -8.029   -125.090            0.035        16470.682      0.838      0.000      0.000    0.00000    0.12340          -79.02494       91.44517         7.194e-02 
  2685.971          21.417     -8.029   -125.090            0.035        16470.689      0.838      0.000      0.000    0.00000    0.12305          -79.11211       91.53138         7.237e-02 
  2686.971          21.382     -8.029   -125.090            0.035        16470.695      0.838      0.000      0.000    0.00000    0.12271          -79.20030       91.61913         7.281e-02 
  2687.971          21.348     -8.029   -125.090            0.035        16470.702      0.838      0.000      0.000    0.00000    0.12237          -79.28949       91.70848         7.325e-02 
  2688.971          21.314     -8.029   -125.090            0.035        16470.708      0.838      0.000      0.000    0.00000    0.12203          -79.37968       91.79949         7.369e-02 
  2689.971          21.279     -8.029   -125.089            0.035        16470.714      0.838      0.000      0.000    0.00000    0.12169          -79.47086       91.89221         7.413e-02 
  2690.971          21.245     -8.029   -125.089            0.035        16470.721      0.838      0.000      0.000    0.00000    0.12135          -79.56302       91.98670         7.457e-02 
  2691.971          21.211     -8.029   -125.089            0.035        16470.727      0.838      0.000      0.000    0.00000    0.12102          -79.65616       92.08304         7.502e-02 
  2692.971          21.177     -8.029   -125.089            0.034        16470.733      0.838      0.000      0.000    0.00000    0.12068          -79.75027       92.18130         7.546e-02 
  2693.971          21.143     -8.029   -125.089            0.034        16470.739      0.838      0.000      0.000    0.00000    0.12035          -79.84534       92.28153         7.591e-02 
  2694.971          21.110     -8.029   -125.089            0.034        16470.745      0.838      0.000      0.000    0.00000    0.12002          -79.94136       92.38383         7.636e-02 
  2695.971          21.076     -8.029   -125.089            0.034        16470.751      0.838      0.000      0.000    0.00000    0.11969          -80.03833       92.48827         7.681e-02 
  2696.971          21.042     -8.029   -125.089            0.034        16470.757      0.838      0.000      0.000    0.00000    0.11937          -80.13624       92.59494         7.727e-02 
  2697.971          21.009     -8.029   -125.089            0.034        16470.763      0.838      0.000      0.000    0.00000    0.11904          -80.23508       92.70392         7.772e-02 
  2698.971          20.975     -8.029   -125.089            0.034        16470.768      0.838      0.000      0.000    0.00000    0.11872          -80.33485       92.81531         7.818e-02 
  2699.971          20.942     -8.029   -125.089            0.034        16470.774      0.838      0.000      0.000    0.00000    0.11840          -80.43553       92.92920         7.864e-02 
  2700.971          20.909     -8.029   -125.089            0.034        16470.780      0.838      0.000      0.000    0.00000    0.11807          -80.53712       93.04569         7.910e-02 
  2701.971          20.876     -8.029   -125.089            0.034        16470.785      0.838      0.000      0.000    0.00000    0.11776          -80.63961       93.16491         7.956e-02 
  2702.971          20.842     -8.029   -125.089            0.033        16470.791      0.838      0.000      0.000    0.00000    0.11744          -80.74300       93.28696         8.003e-02 
  2703.971          20.809     -8.029   -125.089            0.033        16470.796      0.838      0.000      0.000    0.00000    0.11712          -80.84727       93.41196         8.049e-02 
  2704.971          20.777     -8.029   -125.089            0.033        16470.801      0.838      0.000      0.000    0.00000    0.11681          -80.95241       93.54004         8.096e-02 
  2705.971          20.744     -8.029   -125.089            0.033        16470.806      0.838      0.000      0.000    0.00000    0.11650          -81.05843       93.67134         8.143e-02 
  2706.971          20.711     -8.029   -125.089            0.033        16470.811      0.838      0.000      0.000    0.00000    0.11618          -81.16530       93.80600         8.191e-02 
  2707.971          20.678     -8.029   -125.089            0.033        16470.816      0.838      0.000      0.000    0.00000    0.11587          -81.27303       93.94417         8.238e-02 
  2708.971          20.646     -8.029   -125.089            0.033        16470.821      0.838      0.000      0.000    0.00000    0.11557          -81.38161       94.08602         8.286e-02 
  2709.971          20.613     -8.029   -125.088            0.033        16470.826      0.838      0.000      0.000    0.00000    0.11526          -81.49102       94.23172         8.333e-02 
  2710.971          20.581     -8.029   -125.088            0.033        16470.831      0.838      0.000      0.000    0.00000    0.11495          -81.60125       94.38145         8.381e-02 
  2711.971          20.548     -8.029   -125.088            0.033        16470.836      0.838      0.000      0.000    0.00000    0.11465          -81.71231       94.53540         8.429e-02 
  2712.971          20.516     -8.029   -125.088            0.033        16470.840      0.838      0.000      0.000    0.00000    0.11435          -81.82417       94.69378         8.478e-02 
  2713.971          20.484     -8.029   -125.088            0.032        16470.845      0.838      0.000      0.000    0.00000    0.11405          -81.93684       94.85682         8.526e-02 
  2714.971          20.452     -8.029   -125.088            0.032        16470.850      0.838      0.000      0.000    0.00000    0.11375          -82.05029       95.02474         8.575e-02 
  2715.971          20.420     -8.029   -125.088            0.032        16470.854      0.838      0.000      0.000    0.00000    0.11345          -82.16453       95.19780         8.624e-02 
  2716.971          20.388     -8.029   -125.088            0.032        16470.858      0.838      0.000      0.000    0.00000    0.11315          -82.27954       95.37626         8.673e-02 
  2717.971          20.356     -8.029   -125.088            0.032        16470.863      0.838      0.000      0.000    0.00000    0.11286          -82.39531       95.56041         8.722e-02 
  2718.971          20.324     -8.029   -125.088            0.032        16470.867      0.838      0.000      0.000    0.00000    0.11256          -82.51183       95.75056         8.772e-02 
  2719.971          20.293     -8.029   -125.088            0.032        16470.871      0.838      0.000      0.000    0.00000    0.11227          -82.62909       95.94704         8.821e-02 
  2720.971          20.261     -8.029   -125.088            0.032        16470.875      0.838      0.000      0.000    0.00000    0.11198          -82.74708       96.15020         8.871e-02 
  2721.971          20.229     -8.029   -125.088            0.032        16470.879      0.838      0.000      0.000    0.00000    0.11169          -82.86580       96.36043         8.921e-02 
  2722.971          20.198     -8.029   -125.088            0.032        16470.883      0.838      0.000      0.000    0.00000    0.11140          -82.98521       96.57812         8.971e-02 
  2723.971          20.166     -8.029   -125.088            0.032        16470.887      0.838      0.000      0.000    0.00000    0.11111          -83.10533       96.80373         9.022e-02 
  2724.971          20.135     -8.029   -125.088            0.032        16470.890      0.838      0.000      0.000    0.00000    0.11083          -83.22612       97.03773         9.073e-02 
  2725.971          20.104     -8.029   -125.088            0.031        16470.894      0.838      0.000      0.000    0.00000    0.11054          -83.34758       97.28063         9.123e-02 
  2726.971          20.073     -8.029   -125.088            0.031        16470.898      0.838      0.000      0.000    0.00000    0.11026          -83.46970       97.53299         9.174e-02 
  2727.971          20.042     -8.029   -125.088            0.031        16470.901      0.838      0.000      0.000    0.00000    0.10998          -83.59247       97.79541         9.226e-02 
  2728.971          20.011     -8.029   -125.088            0.031        16470.905      0.838      0.000      0.000    0.00000    0.10969          -83.71585       98.06855         9.277e-02 
  2729.971          19.980     -8.029   -125.088            0.031        16470.908      0.838      0.000      0.000    0.00000    0.10941          -83.83986       98.35313         9.329e-02 
  2730.971          19.949     -8.029   -125.088            0.031        16470.911      0.838      0.000      0.000    0.00000    0.10914          -83.96445       98.64991         9.381e-02 
  2731.971          19.918     -8.029   -125.088            0.031        16470.914      0.838      0.000      0.000    0.00000    0.10886          -84.08962       98.95975         9.433e-02 
  2732.971          19.887     -8.029   -125.088            0.031        16470.918      0.838      0.000      0.000    0.00000    0.10858          -84.21534       99.28357         9.485e-02 
  2733.971          19.857     -8.029   -125.088            0.031        16470.921      0.838      0.000      0.000    0.00000    0.10831          -84.34159       99.62239         9.537e-02 
  2734.971          19.826     -8.029   -125.088            0.031        16470.924      0.838      0.000      0.000    0.00000    0.10803          -84.46833       99.97730         9.590e-02 
  2735.971          19.795     -8.029   -125.088            0.031        16470.927      0.838      0.000      0.000    0.00000    0.10776          -84.59554      100.34952         9.643e-02 
  2736.971          19.765     -8.029   -125.088            0.031        16470.929      0.838      0.000      0.000    0.00000    0.10749          -84.72320      100.74040         9.696e-02 
  2737.971          19.735     -8.029   -125.088            0.030        16470.932      0.838      0.000      0.000    0.00000    0.10722          -84.85125      101.15139         9.749e-02 
  2738.971          19.704     -8.029   -125.088            0.030        16470.935      0.838      0.000      0.000    0.00000    0.10695          -84.97967      101.58413         9.803e-02 
  2739.971          19.674     -8.029   -125.087            0.030        16470.937      0.838      0.000      0.000    0.00000    0.10668          -85.10841      102.04041         9.856e-02 
  2740.971          19.644     -8.029   -125.087            0.030        16470.940      0.838      0.000      0.000    0.00000    0.10642          -85.23744      102.52221         9.910e-02 
  2741.971          19.614     -8.029   -125.087            0.030        16470.942      0.838      0.000      0.000    0.00000    0.10615          -85.36672      103.03176         9.964e-02 
  2742.971          19.584     -8.029   -125.087            0.030        16470.945      0.838      0.000      0.000    0.00000    0.10589          -85.49618      103.57150         1.002e-01 
  2743.971          19.554     -8.029   -125.087            0.030        16470.947      0.838      0.000      0.000    0.00000    0.10563          -85.62578      104.14418         1.007e-01 
  2744.971          19.524     -8.029   -125.087            0.030        16470.949      0.838      0.000      0.000    0.00000    0.10536          -85.75547      104.75288         1.013e-01 
  2745.971          19.494     -8.029   -125.087            0.030        16470.952      0.838      0.000      0.000    0.00000    0.10510          -85.88518      105.40105         1.018e-01 
  2746.971          19.464     -8.029   -125.087            0.030        16470.954      0.838      0.000      0.000    0.00000    0.10484          -86.01483      106.09254         1.024e-01 
  2747.971          19.434     -8.029   -125.087            0.030        16470.956      0.838      0.000      0.000    0.00000    0.10458          -86.14437      106.83175         1.029e-01 
  2748.971          19.405     -8.029   -125.087            0.030        16470.958      0.838      0.000      0.000    0.00000    0.10433          -86.27370      107.62359         1.035e-01 
  2749.971          19.375     -8.029   -125.087            0.030        16470.960      0.838      0.000      0.000    0.00000    0.10407          -86.40273      108.47368         1.040e-01 
  2750.971          19.346     -8.029   -125.087            0.030        16470.961      0.838      0.000      0.000    0.00000    0.10382          -86.53135      109.38837         1.046e-01 
  2751.971          19.316     -8.029   -125.087            0.029        16470.963      0.838      0.000      0.000    0.00000    0.10356          -86.65945      110.37489         1.052e-01 
  2752.971          19.287     -8.029   -125.087            0.029        16470.965      0.838      0.000      0.000    0.00000    0.10331          -86.78689      111.44151         1.057e-01 
  2753.971          19.258     -8.029   -125.087            0.029        16470.966      0.838      0.000      0.000    0.00000    0.10306          -86.91352      112.59768         1.063e-01 
  2754.971          19.228     -8.029   -125.087            0.029        16470.968      0.838      0.000      0.000    0.00000    0.10280          -87.03917      113.85422         1.068e-01 
  2755.971          19.199     -8.029   -125.087            0.029        16470.969      0.838      0.000      0.000    0.00000    0.10255          -87.16362      115.22355         1.074e-01 
  2756.971          19.170     -8.029   -125.087            0.029        16470.971      0.838      0.000      0.000    0.00000    0.10231          -87.28665      116.71988         1.080e-01 
  2757.971          19.141     -8.029   -125.087            0.029        16470.972      0.838      0.000      0.000    0.00000    0.10206          -87.40798      118.35955         1.086e-01 
  2758.971          19.112     -8.029   -125.087            0.029        16470.974      0.838      0.000      0.000    0.00000    0.10181          -87.52729      120.16125         1.091e-01 
  2759.971          19.083     -8.029   -125.087            0.029        16470.975      0.838      0.000      0.000    0.00000    0.10157          -87.64420      122.14623         1.097e-01 
  2760.971          19.054     -8.029   -125.087            0.029        16470.976      0.838      0.000      0.000    0.00000    0.10132          -87.75825      124.33853         1.103e-01 
  2761.971          19.025     -8.029   -125.087            0.029        16470.977      0.838      0.000      0.000    0.00000    0.10108          -87.86894      126.76510         1.109e-01 
  2762.971          18.997     -8.029   -125.087            0.029        16470.978      0.838      0.000      0.000    0.00000    0.10083          -87.97562      129.45551         1.114e-01 
  2763.971          18.968     -8.029   -125.087            0.029        16470.979      0.838      0.000      0.000    0.00000    0.10059          -88.07756      132.44144         1.120e-01 
  2764.971          18.939     -8.030   -125.087            0.029        16470.980      0.838      0.000      0.000    0.00000    0.10035          -88.17391      135.75549         1.126e-01 
  2765.971          18.911     -8.030   -125.087            0.029        16470.981      0.838      0.000      0.000    0.00000    0.10011          -88.26367      139.42892         1.132e-01 
  2766.971          18.882     -8.030   -125.087            0.028        16470.982      0.838      0.000      0.000    0.00000    0.09987          -88.34569      143.48831         1.138e-01 
  2767.971          18.854     -8.030   -125.087            0.028        16470.983      0.838      0.000      0.000    0.00000    0.09963          -88.41871      147.95061         1.144e-01 
  2768.971          18.825     -8.030   -125.087            0.028        16470.983      0.838      0.000      0.000    0.00000    0.09940          -88.48138      152.81671         1.150e-01 
  2769.971          18.797     -8.030   -125.087            0.028        16470.984      0.838      0.000      0.000    0.00000    0.09916          -88.53232      158.06471         1.156e-01 
  2770.971          18.769     -8.030   -125.087            0.028        16470.985      0.838      0.000      0.000    0.00000    0.09893          -88.57022      163.64394         1.162e-01 
  2771.971          18.740     -8.030   -125.087            0.028        16470.985      0.838      0.000      0.000    0.00000    0.09869          -88.59398      169.47264         1.167e-01 
  2772.971          18.712     -8.030   -125.087            0.028        16470.986      0.838      0.000      0.000    0.00000    0.09846          -88.60284      175.44172         1.173e-01 
  2773.971          18.684     -8.030   -125.087            0.028        16470.987      0.838      0.000      0.000    0.00000    0.09823          -88.59650      181.42497         1.180e-01 
  2774.971          18.656     -8.030   -125.087            0.028        16470.988      0.838      0.000      0.000    0.00000    0.09800          -88.57513      187.29441         1.186e-01 
  2775.971          18.628     -8.030   -125.087            0.028        16470.988      0.838      0.000      0.000    0.00000    0.09777          -88.53937      192.93603         1.192e-01 
  2776.971          18.600     -8.030   -125.087            0.028        16470.989      0.838      0.000      0.000    0.00000    0.09754          -88.49024      198.26147         1.198e-01 
  2777.971          18.572     -8.030   -125.087            0.028        16470.990      0.838      0.000      0.000    0.00000    0.09731          -88.42898      203.21328         1.204e-01 
  2778.971          18.545     -8.030   -125.087            0.028        16470.990      0.838      0.000      0.000    0.00000    0.09708          -88.35695      207.76358         1.210e-01 
  2779.971          18.517     -8.030   -125.087            0.028        16470.991      0.838      0.000      0.000    0.00000    0.09685          -88.27550      211.90890         1.216e-01 
  2780.971          18.489     -8.030   -125.087            0.028        16470.992      0.838      0.000      0.000    0.00000    0.09663          -88.18592      215.66320         1.222e-01 
  2781.971          18.461     -8.030   -125.087            0.028        16470.993      0.838      0.000      0.000    0.00000    0.09640          -88.08936      219.05140         1.228e-01 
  2782.971          18.434     -8.030   -125.087            0.028        16470.994      0.838      0.000      0.000    0.00000    0.09618          -87.98684      222.10407         1.234e-01 
  2783.971          18.406     -8.030   -125.087            0.028        16470.995      0.838      0.000      0.000    0.00000    0.09596          -87.87925      224.85376         1.241e-01 
  2784.971          18.379     -8.030   -125.087            0.027        16470.996      0.838      0.000      0.000    0.00000    0.09573          -87.76735      227.33247         1.247e-01 
  2785.971          18.351     -8.030   -125.087            0.027        16470.997      0.838      0.000      0.000    0.00000    0.09551          -87.65177      229.57032         1.253e-01 
  2786.971          18.324     -8.030   -125.087            0.027        16470.998      0.838      0.000      0.000    0.00000    0.09529          -87.53306      231.59485         1.259e-01 
  2787.971          18.297     -8.030   -125.087            0.027        16470.999      0.838      0.000      0.000    0.00000    0.09507          -87.41169      233.43075         1.266e-01 
  2788.971          18.269     -8.030   -125.087            0.027        16471.001      0.838      0.000      0.000    0.00000    0.09485          -87.28804      235.09988         1.272e-01 
  2789.971          18.242     -8.030   -125.087            0.027        16471.002      0.838      0.000      0.000    0.00000    0.09464          -87.16243      236.62147         1.278e-01 
  2790.971          18.215     -8.030   -125.087            0.027        16471.003      0.838      0.000      0.000    0.00000    0.09442          -87.03517      238.01233         1.285e-01 
  2791.971          18.188     -8.030   -125.087            0.027        16471.005      0.838      0.000      0.000    0.00000    0.09420          -86.90648      239.28713         1.291e-01 
  2792.971          18.161     -8.030   -125.087            0.027        16471.006      0.838      0.000      0.000    0.00000    0.09399          -86.77656      240.45867         1.297e-01 
  2793.971          18.134     -8.030   -125.087            0.027        16471.008      0.838      0.000      0.000    0.00000    0.09377          -86.64562      241.53809         1.304e-01 
  2794.971          18.107     -8.030   -125.087            0.027        16471.010      0.838      0.000      0.000    0.00000    0.09356          -86.51378      242.53513         1.310e-01 
  2795.971          18.080     -8.030   -125.087            0.027        16471.011      0.838      0.000      0.000    0.00000    0.09335          -86.38120      243.45829         1.316e-01 
  2796.971          18.053     -8.030   -125.087            0.027        16471.013      0.838      0.000      0.000    0.00000    0.09313          -86.24799      244.31503         1.323e-01 
  2797.971          18.026     -8.030   -125.087            0.027        16471.015      0.838      0.000      0.000    0.00000    0.09292          -86.11425      245.11189         1.329e-01 
  2798.971          18.000     -8.030   -125.087            0.027        16471.017      0.838      0.000      0.000    0.00000    0.09271          -85.98009      245.85462         1.336e-01 
  2799.971          17.973     -8.030   -125.087            0.027        16471.018      0.838      0.000      0.000    0.00000    0.09250          -85.84557      246.54829         1.342e-01 
  2800.971          17.946     -8.030   -125.087            0.027        16471.020      0.838      0.000      0.000    0.00000    0.09229          -85.71077      247.19739         1.349e-01 
  2801.971          17.920     -8.030   -125.087            0.027        16471.022      0.838      0.000      0.000    0.00000    0.09209          -85.57577      247.80589         1.355e-01 
  2802.971          17.893     -8.030   -125.087            0.027        16471.025      0.838      0.000      0.000    0.00000    0.09188          -85.44062      248.37733         1.362e-01 
  2803.971          17.867     -8.030   -125.087            0.027        16471.027      0.838      0.000      0.000    0.00000    0.09167          -85.30537      248.91486         1.368e-01 
  2804.971          17.840     -8.030   -125.087            0.027        16471.029      0.838      0.000      0.000    0.00000    0.09147          -85.17008      249.42128         1.375e-01 
  2805.971          17.814     -8.030   -125.087            0.026        16471.031      0.838      0.000      0.000    0.00000    0.09126          -85.03479      249.89912         1.381e-01 
  2806.971          17.787     -8.030   -125.087            0.026        16471.033      0.838      0.000      0.000    0.00000    0.09106          -84.89954      250.35063         1.388e-01 
  2807.971          17.761     -8.030   -125.087            0.026        16471.036      0.838      0.000      0.000    0.00000    0.09085          -84.76438      250.77786         1.394e-01 
  2808.971          17.735     -8.030   -125.087            0.026        16471.038      0.838      0.000      0.000    0.00000    0.09065          -84.62934      251.18262         1.401e-01 
  2809.971          17.709     -8.030   -125.088            0.026        16471.041      0.838      0.000      0.000    0.00000    0.09045          -84.49444      251.56659         1.408e-01 
  2810.971          17.683     -8.030   -125.088            0.026        16471.043      0.838      0.000      0.000    0.00000    0.09025          -84.35974      251.93126         1.414e-01 
  2811.971          17.656     -8.030   -125.088            0.026        16471.046      0.838      0.000      0.000    0.00000    0.09005          -84.22524      252.27799         1.421e-01 
  2812.971          17.630     -8.030   -125.088            0.026        16471.049      0.838      0.000      0.000    0.00000    0.08985          -84.09099      252.60802         1.428e-01 
  2813.971          17.604     -8.030   -125.088            0.026        16471.051      0.838      0.000      0.000    0.00000    0.08965          -83.95701      252.92247         1.434e-01 
  2814.971          17.578     -8.030   -125.088            0.026        16471.054      0.838      0.000      0.000    0.00000    0.08945          -83.82332      253.22238         1.441e-01 
  2815.971          17.553     -8.030   -125.088            0.026        16471.057      0.838      0.000      0.000    0.00000    0.08926          -83.68994      253.50870         1.448e-01 
  2816.971          17.527     -8.030   -125.088            0.026        16471.060      0.838      0.000      0.000    0.00000    0.08906          -83.55691      253.78227         1.455e-01 
  2817.971          17.501     -8.030   -125.088            0.026        16471.063      0.838      0.000      0.000    0.00000    0.08886          -83.42423      254.04390         1.461e-01 
  2818.971          17.475     -8.030   -125.088            0.026        16471.066      0.838      0.000      0.000    0.00000    0.08867          -83.29194      254.29431         1.468e-01 
  2819.971          17.449     -8.030   -125.088            0.026        16471.069      0.838      0.000      0.000    0.00000    0.08848          -83.16005      254.53417         1.475e-01 
  2820.971          17.424     -8.030   -125.088            0.026        16471.072      0.838      0.000      0.000    0.00000    0.08828          -83.02858      254.76410         1.482e-01 
  2821.971          17.398     -8.030   -125.088            0.026        16471.075      0.838      0.000      0.000    0.00000    0.08809          -82.89754      254.98466         1.489e-01 
  2822.971          17.372     -8.030   -125.088            0.026        16471.078      0.838      0.000      0.000    0.00000    0.08790          -82.76697      255.19640         1.495e-01 
  2823.971          17.347     -8.030   -125.088            0.026        16471.081      0.838      0.000      0.000    0.00000    0.08771          -82.63686      255.39979         1.502e-01 
  2824.971          17.321     -8.030   -125.088            0.026        16471.085      0.838      0.000      0.000    0.00000    0.08752          -82.50725      255.59528         1.509e-01 
  2825.971          17.296     -8.030   -125.088            0.026        16471.088      0.838      0.000      0.000    0.00000    0.08733          -82.37813      255.78330         1.516e-01 
  2826.971          17.271     -8.030   -125.088            0.026        16471.092      0.838      0.000      0.000    0.00000    0.08714          -82.24954      255.96424         1.523e-01 
  2827.971          17.245     -8.030   -125.088            0.026        16471.095      0.838      0.000      0.000    0.00000    0.08695          -82.12149      256.13847         1.530e-01 
  2828.971          17.220     -8.030   -125.088            0.026        16471.099      0.838      0.000      0.000    0.00000    0.08676          -81.99398      256.30631         1.537e-01 
  2829.971          17.195     -8.030   -125.088            0.026        16471.102      0.838      0.000      0.000    0.00000    0.08657          -81.86704      256.46809         1.544e-01 
  2830.971          17.169     -8.030   -125.088            0.025        16471.106      0.838      0.000      0.000    0.00000    0.08639          -81.74068      256.62410         1.550e-01 
  2831.971          17.144     -8.030   -125.088            0.025        16471.109      0.838      0.000      0.000    0.00000    0.08620          -81.61490      256.77462         1.557e-01 
  2832.971          17.119     -8.030   -125.088            0.025        16471.113      0.838      0.000      0.000    0.00000    0.08602          -81.48973      256.91991         1.564e-01 
  2833.971          17.094     -8.030   -125.088            0.025        16471.117      0.838      0.000      0.000    0.00000    0.08583          -81.36518      257.06021         1.571e-01 
  2834.971          17.069     -8.030   -125.088            0.025        16471.121      0.838      0.000      0.000    0.00000    0.08565          -81.24126      257.19573         1.578e-01 
  2835.971          17.044     -8.030   -125.088            0.025        16471.125      0.838      0.000      0.000    0.00000    0.08547          -81.11798      257.32671         1.585e-01 
  2836.971          17.019     -8.030   -125.088            0.025        16471.129      0.838      0.000      0.000    0.00000    0.08529          -80.99535      257.45334         1.592e-01 
  2837.971          16.994     -8.030   -125.088            0.025        16471.133      0.838      0.000      0.000    0.00000    0.08510          -80.87339      257.57580         1.599e-01 
  2838.971          16.969     -8.030   -125.088            0.025        16471.137      0.838      0.000      0.000    0.00000    0.08492          -80.75210      257.69428         1.606e-01 
  2839.971          16.944     -8.030   -125.088            0.025        16471.141      0.838      0.000      0.000    0.00000    0.08474          -80.63150      257.80893         1.614e-01 
  2840.971          16.920     -8.030   -125.088            0.025        16471.145      0.838      0.000      0.000    0.00000    0.08456          -80.51160      257.91992         1.621e-01 
  2841.971          16.895     -8.030   -125.088            0.025        16471.149      0.838      0.000      0.000    0.00000    0.08438          -80.39241      258.02740         1.628e-01 
  2842.971          16.870     -8.030   -125.088            0.025        16471.153      0.838      0.000      0.000    0.00000    0.08421          -80.27394      258.13150         1.635e-01 
  2843.971          16.845     -8.030   -125.089            0.025        16471.157      0.838      0.000      0.000    0.00000    0.08403          -80.15620      258.23236         1.642e-01 
  2844.971          16.821     -8.030   -125.089            0.025        16471.162      0.838      0.000      0.000    0.00000    0.08385          -80.03920      258.33011         1.649e-01 
  2845.971          16.796     -8.030   -125.089            0.025        16471.166      0.838      0.000      0.000    0.00000    0.08368          -79.92295      258.42485         1.656e-01 
  2846.971          16.772     -8.030   -125.089            0.025        16471.170      0.838      0.000      0.000    0.00000    0.08350          -79.80746      258.51670         1.663e-01 
  2847.971          16.747     -8.030   -125.089            0.025        16471.175      0.838      0.000      0.000    0.00000    0.08333          -79.69274      258.60578         1.670e-01 
  2848.971          16.723     -8.030   -125.089            0.025        16471.179      0.838      0.000      0.000    0.00000    0.08315          -79.57880      258.69217         1.678e-01 
  2849.971          16.698     -8.030   -125.089            0.025        16471.184      0.838      0.000      0.000    0.00000    0.08298          -79.46565      258.77598         1.685e-01 
  2850.971          16.674     -8.030   -125.089            0.025        16471.188      0.838      0.000      0.000    0.00000    0.08281          -79.35329      258.85730         1.692e-01 
  2851.971          16.650     -8.030   -125.089            0.025        16471.193      0.838      0.000      0.000    0.00000    0.08263          -79.24174      258.93620         1.699e-01 
  2852.971          16.625     -8.030   -125.089            0.025        16471.197      0.838      0.000      0.000    0.00000    0.08246          -79.13101      259.01278         1.706e-01 
  2853.971          16.601     -8.030   -125.089            0.025        16471.202      0.838      0.000      0.000    0.00000    0.08229          -79.02110      259.08711         1.713e-01 
  2854.971          16.577     -8.030   -125.089            0.025        16471.207      0.838      0.000      0.000    0.00000    0.08212          -78.91203      259.15926         1.721e-01 
  2855.971          16.553     -8.030   -125.089            0.025        16471.212      0.838      0.000      0.000    0.00000    0.08195          -78.80379      259.22931         1.728e-01 
  2856.971          16.529     -8.030   -125.089            0.025        16471.216      0.838      0.000      0.000    0.00000    0.08178          -78.69640      259.29732         1.735e-01 
  2857.971          16.505     -8.030   -125.089            0.025        16471.221      0.838      0.000      0.000    0.00000    0.08161          -78.58988      259.36336         1.742e-01 
  2858.971          16.481     -8.030   -125.089            0.025        16471.226      0.838      0.000      0.000    0.00000    0.08144          -78.48421      259.42748         1.750e-01 
  2859.971          16.457     -8.030   -125.089            0.024        16471.231      0.838      0.000      0.000    0.00000    0.08128          -78.37942      259.48975         1.757e-01 
  2860.971          16.433     -8.030   -125.089            0.024        16471.236      0.838      0.000      0.000    0.00000    0.08111          -78.27551      259.55021         1.764e-01 
  2861.971          16.409     -8.030   -125.089            0.024        16471.241      0.838      0.000      0.000    0.00000    0.08094          -78.17249      259.60893         1.772e-01 
  2862.971          16.385     -8.030   -125.089            0.024        16471.246      0.838      0.000      0.000    0.00000    0.08078          -78.07037      259.66595         1.779e-01 
  2863.971          16.361     -8.030   -125.089            0.024        16471.251      0.838      0.000      0.000    0.00000    0.08061          -77.96915      259.72132         1.786e-01 
  2864.971          16.337     -8.030   -125.089            0.024        16471.256      0.838      0.000      0.000    0.00000    0.08045          -77.86884      259.77508         1.793e-01 
  2865.971          16.313     -8.030   -125.089            0.024        16471.261      0.838      0.000      0.000    0.00000    0.08029          -77.76945      259.82729         1.801e-01 
  2866.971          16.290     -8.030   -125.090            0.024        16471.266      0.838      0.000      0.000    0.00000    0.08012          -77.67098      259.87798         1.808e-01 
  2867.971          16.266     -8.030   -125.090            0.024        16471.271      0.838      0.000      0.000    0.00000    0.07996          -77.57345      259.92719         1.816e-01 
  2868.971          16.242     -8.030   -125.090            0.024        16471.277      0.838      0.000      0.000    0.00000    0.07980          -77.47686      259.97496         1.823e-01 
  2869.971          16.219     -8.030   -125.090            0.024        16471.282      0.838      0.000      0.000    0.00000    0.07964          -77.38121      260.02132         1.830e-01 
  2870.971          16.195     -8.030   -125.090            0.024        16471.287      0.838      0.000      0.000    0.00000    0.07948          -77.28652      260.06632         1.838e-01 
  2871.971          16.171     -8.030   -125.090            0.024        16471.293      0.838      0.000      0.000    0.00000    0.07932          -77.19278      260.10999         1.845e-01 
  2872.971          16.148     -8.030   -125.090            0.024        16471.298      0.838      0.000      0.000    0.00000    0.07916          -77.10002      260.15235         1.852e-01 
  2873.971          16.124     -8.030   -125.090            0.024        16471.303      0.838      0.000      0.000    0.00000    0.07900          -77.00822      260.19344         1.860e-01 
  2874.971          16.101     -8.030   -125.090            0.024        16471.309      0.838      0.000      0.000    0.00000    0.07884          -76.91741      260.23328         1.867e-01 
  2875.971          16.078     -8.030   -125.090            0.024        16471.314      0.838      0.000      0.000    0.00000    0.07868          -76.82758      260.27192         1.875e-01 
  2876.971          16.054     -8.030   -125.090            0.024        16471.320      0.838      0.000      0.000    0.00000    0.07853          -76.73874      260.30936         1.882e-01 
  2877.971          16.031     -8.030   -125.090            0.024        16471.325      0.838      0.000      0.000    0.00000    0.07837          -76.65090      260.34564         1.889e-01 
  2878.971          16.008     -8.030   -125.090            0.024        16471.331      0.838      0.000      0.000    0.00000    0.07821          -76.56406      260.38079         1.897e-01 
  2879.971          15.984     -8.030   -125.090            0.024        16471.336      0.838      0.000      0.000    0.00000    0.07806          -76.47824      260.41482         1.904e-01 
  2880.971          15.961     -8.030   -125.090            0.024        16471.342      0.838      0.000      0.000    0.00000    0.07790          -76.39343      260.44777         1.912e-01 
  2881.971          15.938     -8.030   -125.090            0.024        16471.347      0.838      0.000      0.000    0.00000    0.07775          -76.30964      260.47964         1.919e-01 
  2882.971          15.915     -8.030   -125.090            0.024        16471.353      0.838      0.000      0.000    0.00000    0.07760          -76.22688      260.51047         1.927e-01 
  2883.971          15.892     -8.030   -125.090            0.024        16471.359      0.838      0.000      0.000    0.00000    0.07744          -76.14515      260.54027         1.934e-01 
  2884.971          15.869     -8.030   -125.090            0.024        16471.364      0.838      0.000      0.000    0.00000    0.07729          -76.06446      260.56906         1.941e-01 
  2885.971          15.846     -8.030   -125.090            0.024        16471.370      0.838      0.000      0.000    0.00000    0.07714          -75.98482      260.59686         1.949e-01 
  2886.971          15.823     -8.030   -125.090            0.024        16471.376      0.838      0.000      0.000    0.00000    0.07699          -75.90622      260.62369         1.956e-01 
  2887.971          15.800     -8.030   -125.091            0.024        16471.382      0.838      0.000      0.000    0.00000    0.07684          -75.82869      260.64956         1.964e-01 
  2888.971          15.777     -8.030   -125.091            0.024        16471.387      0.838      0.000      0.000    0.00000    0.07668          -75.75221      260.67449         1.971e-01 
  2889.971          15.754     -8.030   -125.091            0.024        16471.393      0.838      0.000      0.000    0.00000    0.07653          -75.67680      260.69849         1.979e-01 
  2890.971          15.731     -8.030   -125.091            0.024        16471.399      0.838      0.000      0.000    0.00000    0.07639          -75.60247      260.72159         1.986e-01 
  2891.971          15.708     -8.030   -125.091            0.024        16471.405      0.838      0.000      0.000    0.00000    0.07624          -75.52921      260.74379         1.994e-01 
  2892.971          15.686     -8.030   -125.091            0.024        16471.411      0.838      0.000      0.000    0.00000    0.07609          -75.45703      260.76510         2.001e-01 
  2893.971          15.663     -8.030   -125.091            0.023        16471.417      0.838      0.000      0.000    0.00000    0.07594          -75.38594      260.78555         2.009e-01 
  2894.971          15.640     -8.030   -125.091            0.023        16471.423      0.838      0.000      0.000    0.00000    0.07579          -75.31594      260.80514         2.016e-01 
  2895.971          15.618     -8.030   -125.091            0.023        16471.429      0.838      0.000      0.000    0.00000    0.07565          -75.24704      260.82388         2.024e-01 
  2896.971          15.595     -8.030   -125.091            0.023        16471.434      0.838      0.000      0.000    0.00000    0.07550          -75.17925      260.84179         2.031e-01 
  2897.971          15.572     -8.031   -125.091            0.023        16471.440      0.838      0.000      0.000    0.00000    0.07536          -75.11256      260.85887         2.039e-01 
  2898.971          15.550     -8.031   -125.091            0.023        16471.446      0.838      0.000      0.000    0.00000    0.07521          -75.04699      260.87514         2.046e-01 
  2899.971          15.527     -8.031   -125.091            0.023        16471.452      0.838      0.000      0.000    0.00000    0.07507          -74.98253      260.89061         2.054e-01 
  2900.971          15.505     -8.031   -125.091            0.023        16471.459      0.838      0.000      0.000    0.00000    0.07492          -74.91920      260.90528         2.061e-01 
  2901.971          15.482     -8.031   -125.091            0.023        16471.465      0.838      0.000      0.000    0.00000    0.07478          -74.85700      260.91916         2.069e-01 
  2902.971          15.460     -8.031   -125.091            0.023        16471.471      0.838      0.000      0.000    0.00000    0.07464          -74.79593      260.93226         2.076e-01 
  2903.971          15.437     -8.031   -125.091            0.023        16471.477      0.838      0.000      0.000    0.00000    0.07449          -74.73599      260.94459         2.084e-01 
  2904.971          15.415     -8.031   -125.091            0.023        16471.483      0.838      0.000      0.000    0.00000    0.07435          -74.67720      260.95616         2.091e-01 
  2905.971          15.393     -8.031   -125.091            0.023        16471.489      0.838      0.000      0.000    0.00000    0.07421          -74.61956      260.96697         2.099e-01 
  2906.971          15.371     -8.031   -125.092            0.023        16471.495      0.838      0.000      0.000    0.00000    0.07407          -74.56307      260.97703         2.106e-01 
  2907.971          15.348     -8.031   -125.092            0.023        16471.501      0.838      0.000      0.000    0.00000    0.07393          -74.50774      260.98635         2.114e-01 
  2908.971          15.326     -8.031   -125.092            0.023        16471.507      0.838      0.000      0.000    0.00000    0.07379          -74.45356      260.99492         2.122e-01 
  2909.971          15.304     -8.031   -125.092            0.023        16471.514      0.838      0.000      0.000    0.00000    0.07365          -74.40056      261.00276         2.129e-01 
  2910.971          15.282     -8.031   -125.092            0.023        16471.520      0.838      0.000      0.000    0.00000    0.07351          -74.34872      261.00988         2.137e-01 
  2911.971          15.260     -8.031   -125.092            0.023        16471.526      0.838      0.000      0.000    0.00000    0.07337          -74.29806      261.01627         2.144e-01 
  2912.971          15.238     -8.031   -125.092            0.023        16471.532      0.838      0.000      0.000    0.00000    0.07324          -74.24859      261.02193         2.152e-01 
  2913.971          15.216     -8.031   -125.092            0.023        16471.538      0.838      0.000      0.000    0.00000    0.07310          -74.20029      261.02689         2.159e-01 
  2914.971          15.194     -8.031   -125.092            0.023        16471.545      0.838      0.000      0.000    0.00000    0.07296          -74.15319      261.03113         2.167e-01 
  2915.971          15.172     -8.031   -125.092            0.023        16471.551      0.838      0.000      0.000    0.00000    0.07283          -74.10728      261.03465         2.174e-01 
  2916.971          15.150     -8.031   -125.092            0.023        16471.557      0.838      0.000      0.000    0.00000    0.07269          -74.06257      261.03748         2.182e-01 
  2917.971          15.128     -8.031   -125.092            0.023        16471.563      0.838      0.000      0.000    0.00000    0.07256          -74.01906      261.03959         2.189e-01 
  2918.971          15.106     -8.031   -125.092            0.023        16471.570      0.838      0.000      0.000    0.00000    0.07242          -73.97676      261.04101         2.197e-01 
  2919.971          15.084     -8.031   -125.092            0.023        16471.576      0.838      0.000      0.000    0.00000    0.07229          -73.93568      261.04172         2.204e-01 
  2920.971          15.062     -8.031   -125.092            0.023        16471.582      0.838      0.000      0.000    0.00000    0.07215          -73.89581      261.04173         2.212e-01 
  2921.971          15.040     -8.031   -125.092            0.023        16471.588      0.838      0.000      0.000    0.00000    0.07202          -73.85716      261.04105         2.219e-01 
  2922.971          15.019     -8.031   -125.092            0.023        16471.595      0.838      0.000      0.000    0.00000    0.07189          -73.81974      261.03966         2.227e-01 
  2923.971          14.997     -8.031   -125.092            0.023        16471.601      0.838      0.000      0.000    0.00000    0.07175          -73.78355      261.03758         2.234e-01 
  2924.971          14.975     -8.031   -125.093            0.023        16471.607      0.838      0.000      0.000    0.00000    0.07162          -73.74860      261.03480         2.242e-01 
  2925.971          14.954     -8.031   -125.093            0.023        16471.613      0.838      0.000      0.000    0.00000    0.07149          -73.71488      261.03133         2.249e-01 
  2926.971          14.932     -8.031   -125.093            0.023        16471.620      0.838      0.000      0.000    0.00000    0.07136          -73.68240      261.02716         2.257e-01 
  2927.971          14.910     -8.031   -125.093            0.022        16471.626      0.838      0.000      0.000    0.00000    0.07123          -73.65114      261.02231         2.264e-01 
  2928.971          14.889     -8.031   -125.093            0.022        16471.632      0.838      0.000      0.000    0.00000    0.07110          -73.62111      261.01678         2.272e-01 
  2929.971          14.867     -8.031   -125.093            0.022        16471.639      0.838      0.000      0.000    0.00000    0.07097          -73.59230      261.01059         2.279e-01 
  2930.971          14.846     -8.031   -125.093            0.022        16471.645      0.838      0.000      0.000    0.00000    0.07084          -73.56470      261.00372         2.287e-01 
  2931.971          14.824     -8.031   -125.093            0.022        16471.651      0.838      0.000      0.000    0.00000    0.07071          -73.53831      260.99620         2.294e-01 
  2932.971          14.803     -8.031   -125.093            0.022        16471.658      0.838      0.000      0.000    0.00000    0.07059          -73.51310      260.98802         2.302e-01 
  2933.971          14.782     -8.031   -125.093            0.022        16471.664      0.838      0.000      0.000    0.00000    0.07046          -73.48909      260.97920         2.309e-01 
  2934.971          14.760     -8.031   -125.093            0.022        16471.670      0.838      0.000      0.000    0.00000    0.07033          -73.46625      260.96975         2.317e-01 
  2935.971          14.739     -8.031   -125.093            0.022        16471.677      0.838      0.000      0.000    0.00000    0.07020          -73.44459      260.95965         2.324e-01 
  2936.971          14.718     -8.031   -125.093            0.022        16471.683      0.838      0.000      0.000    0.00000    0.07008          -73.42409      260.94893         2.332e-01 
  2937.971          14.696     -8.031   -125.093            0.022        16471.689      0.838      0.000      0.000    0.00000    0.06995          -73.40475      260.93759         2.339e-01 
  2938.971          14.675     -8.031   -125.093            0.022        16471.696      0.838      0.000      0.000    0.00000    0.06983          -73.38656      260.92562         2.347e-01 
  2939.971          14.654     -8.031   -125.093            0.022        16471.702      0.838      0.000      0.000    0.00000    0.06970          -73.36951      260.91305         2.354e-01 
  2940.971          14.633     -8.031   -125.093            0.022        16471.708      0.838      0.000      0.000    0.00000    0.06958          -73.35359      260.89986         2.361e-01 
  2941.971          14.612     -8.031   -125.094            0.022        16471.715      0.838      0.000      0.000    0.00000    0.06946          -73.33880      260.88607         2.369e-01 
  2942.971          14.591     -8.031   -125.094            0.022        16471.721      0.838      0.000      0.000    0.00000    0.06933          -73.32513      260.87167         2.376e-01 
  2943.971          14.570     -8.031   -125.094            0.022        16471.727      0.838      0.000      0.000    0.00000    0.06921          -73.31257      260.85668         2.384e-01 
  2944.971          14.549     -8.031   -125.094            0.022        16471.733      0.838      0.000      0.000    0.00000    0.06909          -73.30112      260.84109         2.391e-01 
  2945.971          14.528     -8.031   -125.094            0.022        16471.740      0.838      0.000      0.000    0.00000    0.06896          -73.29077      260.82490         2.399e-01 
  2946.971          14.507     -8.031   -125.094            0.022        16471.746      0.838      0.000      0.000    0.00000    0.06884          -73.28150      260.80813         2.406e-01 
  2947.971          14.486     -8.031   -125.094            0.022        16471.752      0.838      0.000      0.000    0.00000    0.06872          -73.27332      260.79077         2.413e-01 
  2948.971          14.465     -8.031   -125.094            0.022        16471.759      0.838      0.000      0.000    0.00000    0.06860          -73.26621      260.77283         2.421e-01 
  2949.971          14.444     -8.031   -125.094            0.022        16471.765      0.838      0.000      0.000    0.00000    0.06848          -73.26018      260.75430         2.428e-01 
  2950.971          14.423     -8.031   -125.094            0.022        16471.771      0.838      0.000      0.000    0.00000    0.06836          -73.25521      260.73519         2.436e-01 
  2951.971          14.402     -8.031   -125.094            0.022        16471.777      0.838      0.000      0.000    0.00000    0.06824          -73.25129      260.71550         2.443e-01 
  2952.971          14.381     -8.031   -125.094            0.022        16471.784      0.838      0.000      0.000    0.00000    0.06812          -73.24842      260.69523         2.450e-01 
  2953.971          14.361     -8.031   -125.094            0.022        16471.790      0.838      0.000      0.000    0.00000    0.06801          -73.24660      260.67439         2.458e-01 
  2954.971          14.340     -8.031   -125.094            0.022        16471.796      0.838      0.000      0.000    0.00000    0.06789          -73.24581      260.65296         2.465e-01 
  2955.971          14.319     -8.031   -125.094            0.022        16471.802      0.838      0.000      0.000    0.00000    0.06777          -73.24605      260.63096         2.472e-01 
  2956.971          14.299     -8.031   -125.094            0.022        16471.808      0.838      0.000      0.000    0.00000    0.06765          -73.24731      260.60839         2.480e-01 
  2957.971          14.278     -8.031   -125.094            0.022        16471.815      0.838      0.000      0.000    0.00000    0.06754          -73.24959      260.58524         2.487e-01 
  2958.971          14.257     -8.031   -125.094            0.021        16471.821      0.838      0.000      0.000    0.00000    0.06742          -73.25288      260.56152         2.495e-01 
  2959.971          14.237     -8.031   -125.095            0.021        16471.827      0.838      0.000      0.000    0.00000    0.06730          -73.25717      260.53722         2.502e-01 
  2960.971          14.216     -8.031   -125.095            0.021        16471.833      0.838      0.000      0.000    0.00000    0.06719          -73.26246      260.51234         2.509e-01 
  2961.971          14.196     -8.031   -125.095            0.021        16471.839      0.838      0.000      0.000    0.00000    0.06707          -73.26874      260.48689         2.517e-01 
  2962.971          14.175     -8.031   -125.095            0.021        16471.845      0.838      0.000      0.000    0.00000    0.06696          -73.27600      260.46086         2.524e-01 
  2963.971          14.155     -8.031   -125.095            0.021        16471.852      0.838      0.000      0.000    0.00000    0.06684          -73.28424      260.43425         2.531e-01 
  2964.971          14.134     -8.031   -125.095            0.021        16471.858      0.838      0.000      0.000    0.00000    0.06673          -73.29345      260.40707         2.539e-01 
  2965.971          14.114     -8.031   -125.095            0.021        16471.864      0.838      0.000      0.000    0.00000    0.06662          -73.30363      260.37930         2.546e-01 
  2966.971          14.094     -8.031   -125.095            0.021        16471.870      0.838      0.000      0.000    0.00000    0.06650          -73.31477      260.35095         2.553e-01 
  2967.971          14.073     -8.031   -125.095            0.021        16471.876      0.838      0.000      0.000    0.00000    0.06639          -73.32686      260.32202         2.561e-01 
  2968.971          14.053     -8.031   -125.095            0.021        16471.882      0.838      0.000      0.000    0.00000    0.06628          -73.33990      260.29251         2.568e-01 
  2969.971          14.033     -8.031   -125.095            0.021        16471.888      0.838      0.000      0.000    0.00000    0.06617          -73.35388      260.26240         2.575e-01 
  2970.971          14.012     -8.031   -125.095            0.021        16471.894      0.838      0.000      0.000    0.00000    0.06606          -73.36880      260.23171         2.582e-01 
  2971.971          13.992     -8.031   -125.095            0.021        16471.900      0.838      0.000      0.000    0.00000    0.06595          -73.38465      260.20043         2.590e-01 
  2972.971          13.972     -8.031   -125.095            0.021        16471.906      0.838      0.000      0.000    0.00000    0.06584          -73.40142      260.16855         2.597e-01 
  2973.971          13.952     -8.031   -125.095            0.021        16471.912      0.838      0.000      0.000    0.00000    0.06573          -73.41911      260.13607         2.604e-01 
  2974.971          13.932     -8.031   -125.095            0.021        16471.918      0.838      0.000      0.000    0.00000    0.06562          -73.43771      260.10300         2.612e-01 
  2975.971          13.912     -8.031   -125.095            0.021        16471.924      0.838      0.000      0.000    0.00000    0.06551          -73.45721      260.06932         2.619e-01 
  2976.971          13.892     -8.031   -125.095            0.021        16471.930      0.838      0.000      0.000    0.00000    0.06540          -73.47762      260.03504         2.626e-01 
  2977.971          13.872     -8.031   -125.095            0.021        16471.936      0.838      0.000      0.000    0.00000    0.06529          -73.49893      260.00014         2.633e-01 
  2978.971          13.852     -8.031   -125.096            0.021        16471.942      0.838      0.000      0.000    0.00000    0.06518          -73.52112      259.96463         2.641e-01 
  2979.971          13.832     -8.031   -125.096            0.021        16471.948      0.838      0.000      0.000    0.00000    0.06507          -73.54420      259.92850         2.648e-01 
  2980.971          13.812     -8.031   -125.096            0.021        16471.954      0.838      0.000      0.000    0.00000    0.06497          -73.56816      259.89176         2.655e-01 
  2981.971          13.792     -8.031   -125.096            0.021        16471.960      0.838      0.000      0.000    0.00000    0.06486          -73.59299      259.85438         2.662e-01 
  2982.971          13.772     -8.031   -125.096            0.021        16471.965      0.838      0.000      0.000    0.00000    0.06475          -73.61868      259.81638         2.669e-01 
  2983.971          13.752     -8.031   -125.096            0.021        16471.971      0.838      0.000      0.000    0.00000    0.06465          -73.64524      259.77774         2.677e-01 
  2984.971          13.732     -8.031   -125.096            0.021        16471.977      0.838      0.000      0.000    0.00000    0.06454          -73.67266      259.73846         2.684e-01 
  2985.971          13.712     -8.031   -125.096            0.021        16471.983      0.838      0.000      0.000    0.00000    0.06444          -73.70093      259.69853         2.691e-01 
  2986.971          13.693     -8.031   -125.096            0.021        16471.989      0.838      0.000      0.000    0.00000    0.06433          -73.73004      259.65795         2.698e-01 
  2987.971          13.673     -8.031   -125.096            0.021        16471.994      0.838      0.000      0.000    0.00000    0.06423          -73.75999      259.61672         2.705e-01 
  2988.971          13.653     -8.031   -125.096            0.021        16472.000      0.838      0.000      0.000    0.00000    0.06412          -73.79078      259.57483         2.713e-01 
  2989.971          13.633     -8.031   -125.096            0.020        16472.006      0.838      0.000      0.000    0.00000    0.06402          -73.82240      259.53227         2.720e-01 
  2990.971          13.614     -8.031   -125.096            0.020        16472.011      0.838      0.000      0.000    0.00000    0.06392          -73.85484      259.48903         2.727e-01 
  2991.971          13.594     -8.031   -125.096            0.020        16472.017      0.838      0.000      0.000    0.00000    0.06381          -73.88810      259.44512         2.734e-01 
  2992.971          13.575     -8.031   -125.096            0.020        16472.023      0.838      0.000      0.000    0.00000    0.06371          -73.92218      259.40052         2.741e-01 
  2993.971          13.555     -8.031   -125.096            0.020        16472.028      0.838      0.000      0.000    0.00000    0.06361          -73.95706      259.35522         2.748e-01 
  2994.971          13.535     -8.031   -125.096            0.020        16472.034      0.838      0.000      0.000    0.00000    0.06351          -73.99275      259.30923         2.756e-01 
  2995.971          13.516     -8.031   -125.096            0.020        16472.039      0.838      0.000      0.000    0.00000    0.06341          -74.02924      259.26252         2.763e-01 
  2996.971          13.496     -8.031   -125.096            0.020        16472.045      0.838      0.000      0.000    0.00000    0.06330          -74.06652      259.21510         2.770e-01 
  2997.971          13.477     -8.031   -125.097            0.020        16472.051      0.838      0.000      0.000    0.00000    0.06320          -74.10459      259.16696         2.777e-01 
  2998.971          13.458     -8.031   -125.097            0.020        16472.056      0.838      0.000      0.000    0.00000    0.06310          -74.14344      259.11809         2.784e-01 
  2999.971          13.438     -8.031   -125.097            0.020        16472.062      0.838      0.000      0.000    0.00000    0.06300          -74.18307      259.06848         2.791e-01 
  3000.971          13.419     -8.031   -125.097            0.020        16472.067      0.838      0.000      0.000    0.00000    0.06290          -74.22347      259.01812         2.798e-01 
  3001.971          13.399     -8.031   -125.097            0.020        16472.073      0.838      0.000      0.000    0.00000    0.06280          -74.26464      258.96701         2.805e-01 
  3002.971          13.380     -8.031   -125.097            0.020        16472.078      0.838      0.000      0.000    0.00000    0.06271          -74.30657      258.91513         2.812e-01 
  3003.971          13.361     -8.031   -125.097            0.020        16472.083      0.838      0.000      0.000    0.00000    0.06261          -74.34926      258.86248         2.819e-01 
  3004.971          13.342     -8.031   -125.097            0.020        16472.089      0.838      0.000      0.000    0.00000    0.06251          -74.39270      258.80904         2.827e-01 
  3005.971          13.322     -8.031   -125.097            0.020        16472.094      0.838      0.000      0.000    0.00000    0.06241          -74.43689      258.75481         2.834e-01 
  3006.971          13.303     -8.031   -125.097            0.020        16472.099      0.838      0.000      0.000    0.00000    0.06231          -74.48182      258.69978         2.841e-01 
  3007.971          13.284     -8.032   -125.097            0.020        16472.105      0.838      0.000      0.000    0.00000    0.06222          -74.52749      258.64393         2.848e-01 
  3008.971          13.265     -8.032   -125.097            0.020        16472.110      0.838      0.000      0.000    0.00000    0.06212          -74.57389      258.58726         2.855e-01 
  3009.971          13.246     -8.032   -125.097            0.020        16472.115      0.838      0.000      0.000    0.00000    0.06202          -74.62102      258.52975         2.862e-01 
  3010.971          13.227     -8.032   -125.097            0.020        16472.121      0.838      0.000      0.000    0.00000    0.06193          -74.66887      258.47139         2.869e-01 
  3011.971          13.207     -8.032   -125.097            0.020        16472.126      0.838      0.000      0.000    0.00000    0.06183          -74.71744      258.41218         2.876e-01 
  3012.971          13.188     -8.032   -125.097            0.020        16472.131      0.838      0.000      0.000    0.00000    0.06174          -74.76673      258.35209         2.883e-01 
  3013.971          13.169     -8.032   -125.097            0.020        16472.136      0.838      0.000      0.000    0.00000    0.06164          -74.81672      258.29113         2.890e-01 
  3014.971          13.150     -8.032   -125.097            0.020        16472.141      0.838      0.000      0.000    0.00000    0.06155          -74.86741      258.22926         2.897e-01 
  3015.971          13.131     -8.032   -125.097            0.020        16472.146      0.838      0.000      0.000    0.00000    0.06145          -74.91880      258.16649         2.904e-01 
  3016.971          13.113     -8.032   -125.097            0.020        16472.151      0.838      0.000      0.000    0.00000    0.06136          -74.97088      258.10280         2.911e-01 
  3017.971          13.094     -8.032   -125.097            0.020        16472.156      0.838      0.000      0.000    0.00000    0.06126          -75.02365      258.03817         2.918e-01 
  3018.971          13.075     -8.032   -125.098            0.020        16472.161      0.838      0.000      0.000    0.00000    0.06117          -75.07711      257.97260         2.925e-01 
  3019.971          13.056     -8.032   -125.098            0.019        16472.166      0.838      0.000      0.000    0.00000    0.06108          -75.13124      257.90606         2.932e-01 
  3020.971          13.037     -8.032   -125.098            0.019        16472.171      0.838      0.000      0.000    0.00000    0.06099          -75.18604      257.83854         2.939e-01 
  3021.971          13.018     -8.032   -125.098            0.019        16472.176      0.838      0.000      0.000    0.00000    0.06089          -75.24151      257.77003         2.946e-01 
  3022.971          12.999     -8.032   -125.098            0.019        16472.181      0.838      0.000      0.000    0.00000    0.06080          -75.29765      257.70050         2.953e-01 
  3023.971          12.981     -8.032   -125.098            0.019        16472.186      0.838      0.000      0.000    0.00000    0.06071          -75.35444      257.62996         2.960e-01 
  3024.971          12.962     -8.032   -125.098            0.019        16472.191      0.838      0.000      0.000    0.00000    0.06062          -75.41189      257.55837         2.967e-01 
  3025.971          12.943     -8.032   -125.098            0.019        16472.196      0.838      0.000      0.000    0.00000    0.06053          -75.46998      257.48572         2.973e-01 
  3026.971          12.925     -8.032   -125.098            0.019        16472.201      0.838      0.000      0.000    0.00000    0.06044          -75.52872      257.41199         2.980e-01 
  3027.971          12.906     -8.032   -125.098            0.019        16472.206      0.838      0.000      0.000    0.00000    0.06035          -75.58809      257.33717         2.987e-01 
  3028.971          12.887     -8.032   -125.098            0.019        16472.210      0.838      0.000      0.000    0.00000    0.06026          -75.64810      257.26124         2.994e-01 
  3029.971          12.869     -8.032   -125.098            0.019        16472.215      0.838      0.000      0.000    0.00000    0.06017          -75.70874      257.18417         3.001e-01 
  3030.971          12.850     -8.032   -125.098            0.019        16472.220      0.838      0.000      0.000    0.00000    0.06008          -75.77000      257.10596         3.008e-01 
  3031.971          12.832     -8.032   -125.098            0.019        16472.224      0.838      0.000      0.000    0.00000    0.05999          -75.83188      257.02657         3.015e-01 
  3032.971          12.813     -8.032   -125.098            0.019        16472.229      0.838      0.000      0.000    0.00000    0.05990          -75.89437      256.94599         3.022e-01 
  3033.971          12.795     -8.032   -125.098            0.019        16472.234      0.838      0.000      0.000    0.00000    0.05981          -75.95747      256.86420         3.029e-01 
  3034.971          12.776     -8.032   -125.098            0.019        16472.238      0.838      0.000      0.000    0.00000    0.05972          -76.02117      256.78117         3.035e-01 
  3035.971          12.758     -8.032   -125.098            0.019        16472.243      0.838      0.000      0.000    0.00000    0.05963          -76.08547      256.69688         3.042e-01 
  3036.971          12.739     -8.032   -125.098            0.019        16472.247      0.838      0.000      0.000    0.00000    0.05955          -76.15036      256.61132         3.049e-01 
  3037.971          12.721     -8.032   -125.098            0.019        16472.252      0.838      0.000      0.000    0.00000    0.05946          -76.21585      256.52444         3.056e-01 
  3038.971          12.703     -8.032   -125.098            0.019        16472.256      0.838      0.000      0.000    0.00000    0.05937          -76.28191      256.43625         3.063e-01 
  3039.971          12.684     -8.032   -125.098            0.019        16472.261      0.838      0.000      0.000    0.00000    0.05929          -76.34855      256.34669         3.070e-01 
  3040.971          12.666     -8.032   -125.098            0.019        16472.265      0.838      0.000      0.000    0.00000    0.05920          -76.41576      256.25576         3.077e-01 
  3041.971          12.648     -8.032   -125.098            0.019        16472.270      0.838      0.000      0.000    0.00000    0.05911          -76.48354      256.16342         3.083e-01 
  3042.971          12.629     -8.032   -125.099            0.019        16472.274      0.838      0.000      0.000    0.00000    0.05903          -76.55189      256.06965         3.090e-01 
  3043.971          12.611     -8.032   -125.099            0.019        16472.278      0.838      0.000      0.000    0.00000    0.05894          -76.62079      255.97442         3.097e-01 
  3044.971          12.593     -8.032   -125.099            0.019        16472.283      0.838      0.000      0.000    0.00000    0.05886          -76.69024      255.87769         3.104e-01 
  3045.971          12.575     -8.032   -125.099            0.019        16472.287      0.838      0.000      0.000    0.00000    0.05877          -76.76023      255.77945         3.111e-01 
  3046.971          12.557     -8.032   -125.099            0.019        16472.291      0.838      0.000      0.000    0.00000    0.05869          -76.83077      255.67966         3.117e-01 
  3047.971          12.539     -8.032   -125.099            0.019        16472.296      0.838      0.000      0.000    0.00000    0.05860          -76.90184      255.57829         3.124e-01 
  3048.971          12.520     -8.032   -125.099            0.019        16472.300      0.838      0.000      0.000    0.00000    0.05852          -76.97344      255.47530         3.131e-01 
  3049.971          12.502     -8.032   -125.099            0.019        16472.304      0.838      0.000      0.000    0.00000    0.05844          -77.04557      255.37066         3.138e-01 
  3050.971          12.484     -8.032   -125.099            0.019        16472.308      0.838      0.000      0.000    0.00000    0.05835          -77.11822      255.26434         3.144e-01 
  3051.971          12.466     -8.032   -125.099            0.018        16472.312      0.838      0.000      0.000    0.00000    0.05827          -77.19138      255.15631         3.151e-01 
  3052.971          12.448     -8.032   -125.099            0.018        16472.316      0.838      0.000      0.000    0.00000    0.05819          -77.26505      255.04652         3.158e-01 
  3053.971          12.430     -8.032   -125.099            0.018        16472.320      0.838      0.000      0.000    0.00000    0.05811          -77.33922      254.93494         3.165e-01 
  3054.971          12.412     -8.032   -125.099            0.018        16472.324      0.838      0.000      0.000    0.00000    0.05802          -77.41388      254.82153         3.171e-01 
  3055.971          12.394     -8.032   -125.099            0.018        16472.328      0.838      0.000      0.000    0.00000    0.05794          -77.48904      254.70625         3.178e-01 
  3056.971          12.376     -8.032   -125.099            0.018        16472.332      0.838      0.000      0.000    0.00000    0.05786          -77.56469      254.58905         3.185e-01 
  3057.971          12.359     -8.032   -125.099            0.018        16472.336      0.838      0.000      0.000    0.00000    0.05778          -77.64081      254.46991         3.192e-01 
  3058.971          12.341     -8.032   -125.099            0.018        16472.340      0.838      0.000      0.000    0.00000    0.05770          -77.71741      254.34876         3.198e-01 
  3059.971          12.323     -8.032   -125.099            0.018        16472.344      0.838      0.000      0.000    0.00000    0.05762          -77.79448      254.22558         3.205e-01 
  3060.971          12.305     -8.032   -125.099            0.018        16472.348      0.838      0.000      0.000    0.00000    0.05754          -77.87201      254.10031         3.212e-01 
  3061.971          12.287     -8.032   -125.099            0.018        16472.352      0.838      0.000      0.000    0.00000    0.05746          -77.95000      253.97289         3.218e-01 
  3062.971          12.270     -8.032   -125.099            0.018        16472.355      0.838      0.000      0.000    0.00000    0.05738          -78.02843      253.84330         3.225e-01 
  3063.971          12.252     -8.032   -125.099            0.018        16472.359      0.838      0.000      0.000    0.00000    0.05730          -78.10732      253.71146         3.232e-01 
  3064.971          12.234     -8.032   -125.099            0.018        16472.363      0.838      0.000      0.000    0.00000    0.05722          -78.18664      253.57734         3.238e-01 
  3065.971          12.216     -8.032   -125.099            0.018        16472.366      0.838      0.000      0.000    0.00000    0.05714          -78.26639      253.44087         3.245e-01 
  3066.971          12.199     -8.032   -125.099            0.018        16472.370      0.838      0.000      0.000    0.00000    0.05706          -78.34657      253.30200         3.252e-01 
  3067.971          12.181     -8.032   -125.099            0.018        16472.374      0.838      0.000      0.000    0.00000    0.05698          -78.42717      253.16067         3.258e-01 
  3068.971          12.164     -8.032   -125.099            0.018        16472.377      0.838      0.000      0.000    0.00000    0.05690          -78.50818      253.01682         3.265e-01 
  3069.971          12.146     -8.032   -125.099            0.018        16472.381      0.838      0.000      0.000    0.00000    0.05682          -78.58960      252.87039         3.272e-01 
  3070.971          12.128     -8.032   -125.099            0.018        16472.384      0.838      0.000      0.000    0.00000    0.05675          -78.67142      252.72131         3.278e-01 
  3071.971          12.111     -8.032   -125.099            0.018        16472.388      0.838      0.000      0.000    0.00000    0.05667          -78.75363      252.56953         3.285e-01 
  3072.971          12.093     -8.032   -125.100            0.018        16472.391      0.838      0.000      0.000    0.00000    0.05659          -78.83623      252.41496         3.291e-01 
  3073.971          12.076     -8.032   -125.100            0.018        16472.395      0.838      0.000      0.000    0.00000    0.05652          -78.91921      252.25755         3.298e-01 
  3074.971          12.058     -8.032   -125.100            0.018        16472.398      0.838      0.000      0.000    0.00000    0.05644          -79.00257      252.09721         3.305e-01 
  3075.971          12.041     -8.032   -125.100            0.018        16472.402      0.838      0.000      0.000    0.00000    0.05636          -79.08629      251.93387         3.311e-01 
  3076.971          12.024     -8.032   -125.100            0.018        16472.405      0.838      0.000      0.000    0.00000    0.05629          -79.17037      251.76745         3.318e-01 
  3077.971          12.006     -8.032   -125.100            0.018        16472.408      0.838      0.000      0.000    0.00000    0.05621          -79.25480      251.59788         3.324e-01 
  3078.971          11.989     -8.032   -125.100            0.018        16472.411      0.838      0.000      0.000    0.00000    0.05614          -79.33958      251.42506         3.331e-01 
  3079.971          11.971     -8.032   -125.100            0.018        16472.415      0.838      0.000      0.000    0.00000    0.05606          -79.42470      251.24891         3.338e-01 
  3080.971          11.954     -8.032   -125.100            0.018        16472.418      0.838      0.000      0.000    0.00000    0.05598          -79.51014      251.06934         3.344e-01 
  3081.971          11.937     -8.032   -125.100            0.018        16472.421      0.838      0.000      0.000    0.00000    0.05591          -79.59591      250.88626         3.351e-01 
  3082.971          11.920     -8.032   -125.100            0.018        16472.424      0.838      0.000      0.000    0.00000    0.05584          -79.68200      250.69957         3.357e-01 
  3083.971          11.902     -8.032   -125.100            0.018        16472.427      0.838      0.000      0.000    0.00000    0.05576          -79.76839      250.50918         3.364e-01 
  3084.971          11.885     -8.032   -125.100            0.017        16472.431      0.838      0.000      0.000    0.00000    0.05569          -79.85508      250.31496         3.370e-01 
  3085.971          11.868     -8.032   -125.100            0.017        16472.434      0.838      0.000      0.000    0.00000    0.05561          -79.94206      250.11683         3.377e-01 
  3086.971          11.851     -8.032   -125.100            0.017        16472.437      0.838      0.000      0.000    0.00000    0.05554          -80.02932      249.91467         3.383e-01 
  3087.971          11.833     -8.032   -125.100            0.017        16472.440      0.838      0.000      0.000    0.00000    0.05547          -80.11686      249.70836         3.390e-01 
  3088.971          11.816     -8.032   -125.100            0.017        16472.443      0.838      0.000      0.000    0.00000    0.05539          -80.20466      249.49778         3.397e-01 
  3089.971          11.799     -8.032   -125.100            0.017        16472.446      0.838      0.000      0.000    0.00000    0.05532          -80.29273      249.28280         3.403e-01 
  3090.971          11.782     -8.032   -125.100            0.017        16472.448      0.838      0.000      0.000    0.00000    0.05525          -80.38103      249.06331         3.410e-01 
  3091.971          11.765     -8.032   -125.100            0.017        16472.451      0.838      0.000      0.000    0.00000    0.05518          -80.46958      248.83916         3.416e-01 
  3092.971          11.748     -8.032   -125.100            0.017        16472.454      0.838      0.000      0.000    0.00000    0.05510          -80.55836      248.61021         3.423e-01 
  3093.971          11.731     -8.032   -125.100            0.017        16472.457      0.838      0.000      0.000    0.00000    0.05503          -80.64735      248.37633         3.429e-01 
  3094.971          11.714     -8.032   -125.100            0.017        16472.460      0.838      0.000      0.000    0.00000    0.05496          -80.73656      248.13736         3.436e-01 
  3095.971          11.697     -8.032   -125.100            0.017        16472.462      0.838      0.000      0.000    0.00000    0.05489          -80.82597      247.89314         3.442e-01 
  3096.971          11.680     -8.032   -125.100            0.017        16472.465      0.838      0.000      0.000    0.00000    0.05482          -80.91556      247.64351         3.449e-01 
  3097.971          11.663     -8.032   -125.100            0.017        16472.468      0.838      0.000      0.000    0.00000    0.05475          -81.00534      247.38830         3.455e-01 
  3098.971          11.646     -8.032   -125.100            0.017        16472.471      0.838      0.000      0.000    0.00000    0.05468          -81.09529      247.12734         3.461e-01 
  3099.971          11.629     -8.032   -125.100            0.017        16472.473      0.838      0.000      0.000    0.00000    0.05461          -81.18539      246.86044         3.468e-01 
  3100.971          11.612     -8.032   -125.100            0.017        16472.476      0.838      0.000      0.000    0.00000    0.05454          -81.27564      246.58742         3.474e-01 
  3101.971          11.596     -8.032   -125.100            0.017        16472.478      0.838      0.000      0.000    0.00000    0.05447          -81.36602      246.30807         3.481e-01 
  3102.971          11.579     -8.032   -125.100            0.017        16472.481      0.838      0.000      0.000    0.00000    0.05440          -81.45653      246.02220         3.487e-01 
  3103.971          11.562     -8.032   -125.100            0.017        16472.483      0.838      0.000      0.000    0.00000    0.05433          -81.54714      245.72958         3.494e-01 
  3104.971          11.545     -8.032   -125.100            0.017        16472.486      0.838      0.000      0.000    0.00000    0.05426          -81.63786      245.43000         3.500e-01 
  3105.971          11.528     -8.032   -125.100            0.017        16472.488      0.838      0.000      0.000    0.00000    0.05419          -81.72866      245.12321         3.507e-01 
  3106.971          11.512     -8.032   -125.100            0.017        16472.491      0.838      0.000      0.000    0.00000    0.05412          -81.81953      244.80899         3.513e-01 
  3107.971          11.495     -8.032   -125.100            0.017        16472.493      0.838      0.000      0.000    0.00000    0.05405          -81.91046      244.48708         3.520e-01 
  3108.971          11.478     -8.032   -125.100            0.017        16472.495      0.838      0.000      0.000    0.00000    0.05398          -82.00143      244.15721         3.526e-01 
  3109.971          11.462     -8.032   -125.100            0.017        16472.498      0.838      0.000      0.000    0.00000    0.05391          -82.09243      243.81911         3.532e-01 
  3110.971          11.445     -8.032   -125.100            0.017        16472.500      0.838      0.000      0.000    0.00000    0.05385          -82.18345      243.47250         3.539e-01 
  3111.971          11.428     -8.032   -125.100            0.017        16472.502      0.838      0.000      0.000    0.00000    0.05378          -82.27446      243.11708         3.545e-01 
  3112.971          11.412     -8.032   -125.100            0.017        16472.505      0.838      0.000      0.000    0.00000    0.05371          -82.36546      242.75253         3.552e-01 
  3113.971          11.395     -8.032   -125.100            0.017        16472.507      0.838      0.000      0.000    0.00000    0.05364          -82.45642      242.37855         3.558e-01 
  3114.971          11.379     -8.033   -125.101            0.017        16472.509      0.838      0.000      0.000    0.00000    0.05358          -82.54733      241.99479         3.564e-01 
  3115.971          11.362     -8.033   -125.101            0.017        16472.511      0.838      0.000      0.000    0.00000    0.05351          -82.63816      241.60090         3.571e-01 
  3116.971          11.346     -8.033   -125.101            0.017        16472.513      0.838      0.000      0.000    0.00000    0.05344          -82.72891      241.19651         3.577e-01 
  3117.971          11.329     -8.033   -125.101            0.017        16472.515      0.838      0.000      0.000    0.00000    0.05338          -82.81955      240.78124         3.584e-01 
  3118.971          11.313     -8.033   -125.101            0.017        16472.517      0.838      0.000      0.000    0.00000    0.05331          -82.91007      240.35470         3.590e-01 
  3119.971          11.296     -8.033   -125.101            0.017        16472.519      0.838      0.000      0.000    0.00000    0.05324          -83.00043      239.91646         3.596e-01 
  3120.971          11.280     -8.033   -125.101            0.017        16472.521      0.838      0.000      0.000    0.00000    0.05318          -83.09062      239.46610         3.603e-01 
  3121.971          11.263     -8.033   -125.101            0.017        16472.523      0.838      0.000      0.000    0.00000    0.05311          -83.18062      239.00316         3.609e-01 
  3122.971          11.247     -8.033   -125.101            0.016        16472.525      0.838      0.000      0.000    0.00000    0.05305          -83.27040      238.52718         3.615e-01 
  3123.971          11.231     -8.033   -125.101            0.016        16472.527      0.838      0.000      0.000    0.00000    0.05298          -83.35994      238.03766         3.622e-01 
  3124.971          11.214     -8.033   -125.101            0.016        16472.529      0.838      0.000      0.000    0.00000    0.05292          -83.44922      237.53410         3.628e-01 
  3125.971          11.198     -8.033   -125.101            0.016        16472.531      0.838      0.000      0.000    0.00000    0.05285          -83.53820      237.01595         3.635e-01 
  3126.971          11.182     -8.033   -125.101            0.016        16472.533      0.838      0.000      0.000    0.00000    0.05279          -83.62685      236.48268         3.641e-01 
  3127.971          11.165     -8.033   -125.101            0.016        16472.535      0.838      0.000      0.000    0.00000    0.05272          -83.71516      235.93371         3.647e-01 
  3128.971          11.149     -8.033   -125.101            0.016        16472.536      0.838      0.000      0.000    0.00000    0.05266          -83.80309      235.36842         3.654e-01 
  3129.971          11.133     -8.033   -125.101            0.016        16472.538      0.838      0.000      0.000    0.00000    0.05260          -83.89060      234.78621         3.660e-01 
  3130.971          11.117     -8.033   -125.101            0.016        16472.540      0.838      0.000      0.000    0.00000    0.05253          -83.97767      234.18642         3.666e-01 
  3131.971          11.101     -8.033   -125.101            0.016        16472.542      0.838      0.000      0.000    0.00000    0.05247          -84.06425      233.56838         3.673e-01 
  3132.971          11.084     -8.033   -125.101            0.016        16472.543      0.838      0.000      0.000    0.00000    0.05241          -84.15032      232.93141         3.679e-01 
  3133.971          11.068     -8.033   -125.101            0.016        16472.545      0.838      0.000      0.000    0.00000    0.05234          -84.23584      232.27477         3.685e-01 
  3134.971          11.052     -8.033   -125.101            0.016        16472.547      0.838      0.000      0.000    0.00000    0.05228          -84.32076      231.59772         3.692e-01 
  3135.971          11.036     -8.033   -125.101            0.016        16472.548      0.838      0.000      0.000    0.00000    0.05222          -84.40504      230.89950         3.698e-01 
  3136.971          11.020     -8.033   -125.101            0.016        16472.550      0.838      0.000      0.000    0.00000    0.05216          -84.48864      230.17929         3.704e-01 
  3137.971          11.004     -8.033   -125.101            0.016        16472.551      0.838      0.000      0.000    0.00000    0.05209          -84.57152      229.43630         3.711e-01 
  3138.971          10.988     -8.033   -125.101            0.016        16472.553      0.838      0.000      0.000    0.00000    0.05203          -84.65362      228.66969         3.717e-01 
  3139.971          10.972     -8.033   -125.101            0.016        16472.554      0.838      0.000      0.000    0.00000    0.05197          -84.73490      227.87859         3.723e-01 
  3140.971          10.956     -8.033   -125.101            0.016        16472.556      0.838      0.000      0.000    0.00000    0.05191          -84.81530      227.06211         3.730e-01 
  3141.971          10.940     -8.033   -125.101            0.016        16472.557      0.838      0.000      0.000    0.00000    0.05185          -84.89478      226.21936         3.736e-01 
  3142.971          10.924     -8.033   -125.101            0.016        16472.559      0.838      0.000      0.000    0.00000    0.05178          -84.97326      225.34944         3.742e-01 
  3143.971          10.908     -8.033   -125.101            0.016        16472.560      0.838      0.000      0.000    0.00000    0.05172          -85.05069      224.45143         3.749e-01 
  3144.971          10.892     -8.033   -125.101            0.016        16472.561      0.838      0.000      0.000    0.00000    0.05166          -85.12701      223.52440         3.755e-01 
  3145.971          10.876     -8.033   -125.101            0.016        16472.563      0.838      0.000      0.000    0.00000    0.05160          -85.20215      222.56742         3.761e-01 
  3146.971          10.860     -8.033   -125.101            0.016        16472.564      0.838      0.000      0.000    0.00000    0.05154          -85.27605      221.57958         3.767e-01 
  3147.971          10.844     -8.033   -125.101            0.016        16472.565      0.838      0.000      0.000    0.00000    0.05148          -85.34862      220.55996         3.774e-01 
  3148.971          10.829     -8.033   -125.101            0.016        16472.567      0.838      0.000      0.000    0.00000    0.05142          -85.41980      219.50769         3.780e-01 
  3149.971          10.813     -8.033   -125.101            0.016        16472.568      0.838      0.000      0.000    0.00000    0.05136          -85.48951      218.42190         3.786e-01 
  3150.971          10.797     -8.033   -125.101            0.016        16472.569      0.838      0.000      0.000    0.00000    0.05130          -85.55766      217.30178         3.793e-01 
  3151.971          10.781     -8.033   -125.101            0.016        16472.570      0.838      0.000      0.000    0.00000    0.05124          -85.62418      216.14655         3.799e-01 
  3152.971          10.765     -8.033   -125.101            0.016        16472.572      0.838      0.000      0.000    0.00000    0.05118          -85.68898      214.95550         3.805e-01 
  3153.971          10.750     -8.033   -125.101            0.016        16472.573      0.838      0.000      0.000    0.00000    0.05112          -85.75196      213.72804         3.811e-01 
  3154.971          10.734     -8.033   -125.101            0.016        16472.574      0.838      0.000      0.000    0.00000    0.05106          -85.81304      212.46363         3.818e-01 
  3155.971          10.718     -8.033   -125.101            0.016        16472.575      0.838      0.000      0.000    0.00000    0.05101          -85.87212      211.16184         3.824e-01 
  3156.971          10.703     -8.033   -125.101            0.016        16472.576      0.838      0.000      0.000    0.00000    0.05095          -85.92910      209.82240         3.830e-01 
  3157.971          10.687     -8.033   -125.101            0.016        16472.577      0.838      0.000      0.000    0.00000    0.05089          -85.98389      208.44515         3.837e-01 
  3158.971          10.671     -8.033   -125.101            0.016        16472.578      0.838      0.000      0.000    0.00000    0.05083          -86.03639      207.03011         3.843e-01 
  3159.971          10.656     -8.033   -125.101            0.016        16472.579      0.838      0.000      0.000    0.00000    0.05077          -86.08649      205.57750         3.849e-01 
  3160.971          10.640     -8.033   -125.101            0.016        16472.580      0.838      0.000      0.000    0.00000    0.05071          -86.13409      204.08772         3.855e-01 
  3161.971          10.625     -8.033   -125.101            0.016        16472.582      0.838      0.000      0.000    0.00000    0.05066          -86.17910      202.56142         3.862e-01 
  3162.971          10.609     -8.033   -125.101            0.016        16472.583      0.838      0.000      0.000    0.00000    0.05060          -86.22142      200.99943         3.868e-01 
  3163.971          10.593     -8.033   -125.101            0.016        16472.584      0.838      0.000      0.000    0.00000    0.05054          -86.26094      199.40290         3.874e-01 
  3164.971          10.578     -8.033   -125.101            0.016        16472.585      0.838      0.000      0.000    0.00000    0.05048          -86.29758      197.77319         3.881e-01 
  3165.971          10.562     -8.033   -125.101            0.016        16472.586      0.838      0.000      0.000    0.00000    0.05043          -86.33123      196.11197         3.887e-01 
  3166.971          10.547     -8.033   -125.101            0.015        16472.587      0.838      0.000      0.000    0.00000    0.05037          -86.36182      194.42118         3.893e-01 
  3167.971          10.531     -8.033   -125.101            0.015        16472.588      0.838      0.000      0.000    0.00000    0.05031          -86.38925      192.70298         3.899e-01 
  3168.971          10.516     -8.033   -125.101            0.015        16472.589      0.838      0.000      0.000    0.00000    0.05026          -86.41346      190.95987         3.906e-01 
  3169.971          10.501     -8.033   -125.101            0.015        16472.590      0.838      0.000      0.000    0.00000    0.05020          -86.43438      189.19456         3.912e-01 
  3170.971          10.485     -8.033   -125.101            0.015        16472.590      0.838      0.000      0.000    0.00000    0.05014          -86.45194      187.41000         3.918e-01 
  3171.971          10.470     -8.033   -125.101            0.015        16472.591      0.838      0.000      0.000    0.00000    0.05009          -86.46609      185.60938         3.924e-01 
  3172.971          10.454     -8.033   -125.101            0.015        16472.592      0.838      0.000      0.000    0.00000    0.05003          -86.47679      183.79606         3.931e-01 
  3173.971          10.439     -8.033   -125.101            0.015        16472.593      0.838      0.000      0.000    0.00000    0.04998          -86.48401      181.97351         3.937e-01 
  3174.971          10.424     -8.033   -125.101            0.015        16472.594      0.838      0.000      0.000    0.00000    0.04992          -86.48773      180.14537         3.943e-01 
  3175.971          10.409     -8.033   -125.101            0.015        16472.595      0.838      0.000      0.000    0.00000    0.04987          -86.48793      178.31532         3.950e-01 
  3176.971          10.393     -8.033   -125.101            0.015        16472.596      0.838      0.000      0.000    0.00000    0.04981          -86.48462      176.48706         3.956e-01 
  3177.971          10.378     -8.033   -125.101            0.015        16472.597      0.838      0.000      0.000    0.00000    0.04976          -86.47780      174.66427         3.962e-01 
  3178.971          10.363     -8.033   -125.101            0.015        16472.598      0.838      0.000      0.000    0.00000    0.04970          -86.46751      172.85056         3.968e-01 
  3179.971          10.347     -8.033   -125.101            0.015        16472.599      0.838      0.000      0.000    0.00000    0.04965          -86.45376      171.04944         3.975e-01 
  3180.971          10.332     -8.033   -125.101            0.015        16472.600      0.838      0.000      0.000    0.00000    0.04959          -86.43662      169.26427         3.981e-01 
  3181.971          10.317     -8.033   -125.101            0.015        16472.601      0.838      0.000      0.000    0.00000    0.04954          -86.41612      167.49819         3.987e-01 
  3182.971          10.302     -8.033   -125.101            0.015        16472.602      0.838      0.000      0.000    0.00000    0.04948          -86.39233      165.75418         3.993e-01 
  3183.971          10.287     -8.033   -125.101            0.015        16472.603      0.838      0.000      0.000    0.00000    0.04943          -86.36533      164.03496         4.000e-01 
  3184.971          10.272     -8.033   -125.101            0.015        16472.604      0.838      0.000      0.000    0.00000    0.04937          -86.33518      162.34305         4.006e-01 
  3185.971          10.257     -8.033   -125.101            0.015        16472.605      0.838      0.000      0.000    0.00000    0.04932          -86.30197      160.68062         4.012e-01 
  3186.971          10.241     -8.033   -125.101            0.015        16472.606      0.838      0.000      0.000    0.00000    0.04927          -86.26578      159.04959         4.019e-01 
  3187.971          10.226     -8.033   -125.101            0.015        16472.607      0.838      0.000      0.000    0.00000    0.04921          -86.22672      157.45161         4.025e-01 
  3188.971          10.211     -8.033   -125.101            0.015        16472.608      0.838      0.000      0.000    0.00000    0.04916          -86.18487      155.88808         4.031e-01 
  3189.971          10.196     -8.033   -125.101            0.015        16472.609      0.838      0.000      0.000    0.00000    0.04911          -86.14034      154.36011         4.037e-01 
  3190.971          10.181     -8.033   -125.101            0.015        16472.610      0.838      0.000      0.000    0.00000    0.04905          -86.09322      152.86860         4.044e-01 
  3191.971          10.166     -8.033   -125.101            0.015        16472.611      0.838      0.000      0.000    0.00000    0.04900          -86.04362      151.41414         4.050e-01 
  3192.971          10.151     -8.033   -125.101            0.015        16472.612      0.838      0.000      0.000    0.00000    0.04895          -85.99164      149.99718         4.056e-01 
  3193.971          10.136     -8.033   -125.101            0.015        16472.613      0.838      0.000      0.000    0.00000    0.04890          -85.93737      148.61791         4.063e-01 
  3194.971          10.121     -8.033   -125.101            0.015        16472.614      0.838      0.000      0.000    0.00000    0.04884          -85.88092      147.27634         4.069e-01 
  3195.971          10.106     -8.033   -125.101            0.015        16472.615      0.838      0.000      0.000    0.00000    0.04879          -85.82238      145.97233         4.075e-01 
  3196.971          10.091     -8.033   -125.101            0.015        16472.616      0.838      0.000      0.000    0.00000    0.04874          -85.76186      144.70563         4.081e-01 
  3197.971          10.077     -8.033   -125.101            0.015        16472.617      0.838      0.000      0.000    0.00000    0.04869          -85.69944      143.47579         4.088e-01 
  3198.971          10.062     -8.033   -125.101            0.015        16472.618      0.838      0.000      0.000    0.00000    0.04864          -85.63522      142.28229         4.094e-01 
  3199.971          10.047     -8.033   -125.101            0.015        16472.620      0.838      0.000      0.000    0.00000    0.04858          -85.56929      141.12450         4.100e-01 
  3200.971          10.032     -8.033   -125.101            0.015        16472.621      0.838      0.000      0.000    0.00000    0.04853          -85.50174      140.00173         4.107e-01 
  3201.971          10.017     -8.033   -125.101            0.015        16472.622      0.838      0.000      0.000    0.00000    0.04848          -85.43264      138.91322         4.113e-01 
  3202.971          10.002     -8.033   -125.101            0.015        16472.623      0.838      0.000      0.000    0.00000    0.04843          -85.36209      137.85814         4.119e-01 
  3203.971           9.988     -8.033   -125.101            0.015        16472.624      0.838      0.000      0.000    0.00000    0.04838          -85.29015      136.83564         4.125e-01 
  3204.971           9.973     -8.033   -125.101            0.015        16472.626      0.838      0.000      0.000    0.00000    0.04833          -85.21690      135.84482         4.132e-01 
  3205.971           9.958     -8.033   -125.101            0.015        16472.627      0.838      0.000      0.000    0.00000    0.04828          -85.14242      134.88477         4.138e-01 
  3206.971           9.943     -8.033   -125.101            0.015        16472.628      0.838      0.000      0.000    0.00000    0.04823          -85.06676      133.95453         4.144e-01 
  3207.971           9.929     -8.033   -125.101            0.015        16472.629      0.838      0.000      0.000    0.00000    0.04818          -84.98999      133.05316         4.151e-01 
  3208.971           9.914     -8.033   -125.101            0.015        16472.631      0.838      0.000      0.000    0.00000    0.04813          -84.91217      132.17973         4.157e-01 
  3209.971           9.899     -8.033   -125.101            0.015        16472.632      0.838      0.000      0.000    0.00000    0.04808          -84.83336      131.33329         4.163e-01 
  3210.971           9.885     -8.033   -125.101            0.015        16472.633      0.838      0.000      0.000    0.00000    0.04803          -84.75361      130.51292         4.170e-01 
  3211.971           9.870     -8.033   -125.101            0.015        16472.635      0.838      0.000      0.000    0.00000    0.04798          -84.67297      129.71772         4.176e-01 
  3212.971           9.855     -8.033   -125.101            0.015        16472.636      0.838      0.000      0.000    0.00000    0.04793          -84.59149      128.94679         4.182e-01 
  3213.971           9.841     -8.033   -125.101            0.015        16472.637      0.838      0.000      0.000    0.00000    0.04788          -84.50923      128.19928         4.189e-01 
  3214.971           9.826     -8.033   -125.101            0.015        16472.639      0.838      0.000      0.000    0.00000    0.04783          -84.42621      127.47432         4.195e-01 
  3215.971           9.812     -8.033   -125.101            0.015        16472.640      0.838      0.000      0.000    0.00000    0.04778          -84.34248      126.77110         4.201e-01 
  3216.971           9.797     -8.033   -125.101            0.015        16472.642      0.838      0.000      0.000    0.00000    0.04773          -84.25809      126.08883         4.208e-01 
  3217.971           9.782     -8.033   -125.101            0.015        16472.643      0.838      0.000      0.000    0.00000    0.04768          -84.17308      125.42673         4.214e-01 
  3218.971           9.768     -8.033   -125.101            0.015        16472.645      0.838      0.000      0.000    0.00000    0.04763          -84.08746      124.78405         4.220e-01 
  3219.971           9.753     -8.033   -125.101            0.015        16472.646      0.838      0.000      0.000    0.00000    0.04758          -84.00129      124.16007         4.227e-01 
  3220.971           9.739     -8.033   -125.101            0.015        16472.648      0.838      0.000      0.000    0.00000    0.04753          -83.91458      123.55409         4.233e-01 
  3221.971           9.725     -8.033   -125.101            0.015        16472.649      0.838      0.000      0.000    0.00000    0.04749          -83.82739      122.96545         4.239e-01 
  3222.971           9.710     -8.033   -125.101            0.015        16472.651      0.838      0.000      0.000    0.00000    0.04744          -83.73972      122.39351         4.246e-01 
  3223.971           9.696     -8.033   -125.101            0.015        16472.652      0.838      0.000      0.000    0.00000    0.04739          -83.65161      121.83763         4.252e-01 
  3224.971           9.681     -8.033   -125.101            0.014        16472.654      0.838      0.000      0.000    0.00000    0.04734          -83.56308      121.29723         4.258e-01 
  3225.971           9.667     -8.033   -125.101            0.014        16472.656      0.838      0.000      0.000    0.00000    0.04729          -83.47416      120.77173         4.265e-01 
  3226.971           9.652     -8.033   -125.101            0.014        16472.657      0.838      0.000      0.000    0.00000    0.04724          -83.38488      120.26057         4.271e-01 
  3227.971           9.638     -8.033   -125.101            0.014        16472.659      0.838      0.000      0.000    0.00000    0.04720          -83.29525      119.76324         4.277e-01 
  3228.971           9.624     -8.033   -125.101            0.014        16472.661      0.838      0.000      0.000    0.00000    0.04715          -83.20530      119.27922         4.284e-01 
  3229.971           9.609     -8.033   -125.101            0.014        16472.662      0.838      0.000      0.000    0.00000    0.04710          -83.11504      118.80804         4.290e-01 
  3230.971           9.595     -8.033   -125.101            0.014        16472.664      0.838      0.000      0.000    0.00000    0.04705          -83.02450      118.34922         4.297e-01 
  3231.971           9.581     -8.033   -125.101            0.014        16472.666      0.838      0.000      0.000    0.00000    0.04701          -82.93369      117.90231         4.303e-01 
  3232.971           9.566     -8.034   -125.101            0.014        16472.668      0.838      0.000      0.000    0.00000    0.04696          -82.84264      117.46689         4.309e-01 
  3233.971           9.552     -8.034   -125.101            0.014        16472.670      0.838      0.000      0.000    0.00000    0.04691          -82.75135      117.04254         4.316e-01 
  3234.971           9.538     -8.034   -125.101            0.014        16472.671      0.838      0.000      0.000    0.00000    0.04687          -82.65984      116.62887         4.322e-01 
  3235.971           9.524     -8.034   -125.101            0.014        16472.673      0.838      0.000      0.000    0.00000    0.04682          -82.56814      116.22550         4.328e-01 
  3236.971           9.510     -8.034   -125.101            0.014        16472.675      0.838      0.000      0.000    0.00000    0.04677          -82.47624      115.83207         4.335e-01 
  3237.971           9.495     -8.034   -125.101            0.014        16472.677      0.838      0.000      0.000    0.00000    0.04673          -82.38417      115.44824         4.341e-01 
  3238.971           9.481     -8.034   -125.101            0.014        16472.679      0.838      0.000      0.000    0.00000    0.04668          -82.29194      115.07366         4.348e-01 
  3239.971           9.467     -8.034   -125.100            0.014        16472.681      0.838      0.000      0.000    0.00000    0.04663          -82.19957      114.70802         4.354e-01 
  3240.971           9.453     -8.034   -125.100            0.014        16472.683      0.838      0.000      0.000    0.00000    0.04659          -82.10705      114.35102         4.360e-01 
  3241.971           9.439     -8.034   -125.100            0.014        16472.685      0.838      0.000      0.000    0.00000    0.04654          -82.01441      114.00236         4.367e-01 
  3242.971           9.425     -8.034   -125.100            0.014        16472.687      0.838      0.000      0.000    0.00000    0.04650          -81.92166      113.66175         4.373e-01 
  3243.971           9.411     -8.034   -125.100            0.014        16472.689      0.838      0.000      0.000    0.00000    0.04645          -81.82880      113.32893         4.380e-01 
  3244.971           9.396     -8.034   -125.100            0.014        16472.691      0.838      0.000      0.000    0.00000    0.04641          -81.73584      113.00364         4.386e-01 
  3245.971           9.382     -8.034   -125.100            0.014        16472.693      0.838      0.000      0.000    0.00000    0.04636          -81.64280      112.68562         4.392e-01 
  3246.971           9.368     -8.034   -125.100            0.014        16472.695      0.838      0.000      0.000    0.00000    0.04631          -81.54969      112.37465         4.399e-01 
  3247.971           9.354     -8.034   -125.100            0.014        16472.697      0.838      0.000      0.000    0.00000    0.04627          -81.45651      112.07049         4.405e-01 
  3248.971           9.340     -8.034   -125.100            0.014        16472.699      0.838      0.000      0.000    0.00000    0.04622          -81.36327      111.77292         4.412e-01 
  3249.971           9.326     -8.034   -125.100            0.014        16472.701      0.838      0.000      0.000    0.00000    0.04618          -81.26997      111.48172         4.418e-01 
  3250.971           9.312     -8.034   -125.100            0.014        16472.703      0.838      0.000      0.000    0.00000    0.04613          -81.17664      111.19670         4.424e-01 
  3251.971           9.298     -8.034   -125.100            0.014        16472.706      0.838      0.000      0.000    0.00000    0.04609          -81.08327      110.91767         4.431e-01 
  3252.971           9.284     -8.034   -125.100            0.014        16472.708      0.838      0.000      0.000    0.00000    0.04604          -80.98987      110.64442         4.437e-01 
  3253.971           9.270     -8.034   -125.100            0.014        16472.710      0.838      0.000      0.000    0.00000    0.04600          -80.89644      110.37679         4.444e-01 
  3254.971           9.257     -8.034   -125.100            0.014        16472.712      0.838      0.000      0.000    0.00000    0.04596          -80.80300      110.11459         4.450e-01 
  3255.971           9.243     -8.034   -125.100            0.014        16472.714      0.838      0.000      0.000    0.00000    0.04591          -80.70955      109.85767         4.457e-01 
  3256.971           9.229     -8.034   -125.100            0.014        16472.717      0.838      0.000      0.000    0.00000    0.04587          -80.61609      109.60586         4.463e-01 
  3257.971           9.215     -8.034   -125.100            0.014        16472.719      0.838      0.000      0.000    0.00000    0.04582          -80.52264      109.35901         4.469e-01 
  3258.971           9.201     -8.034   -125.100            0.014        16472.721      0.838      0.000      0.000    0.00000    0.04578          -80.42919      109.11696         4.476e-01 
  3259.971           9.187     -8.034   -125.100            0.014        16472.724      0.838      0.000      0.000    0.00000    0.04574          -80.33576      108.87959         4.482e-01 
  3260.971           9.173     -8.034   -125.100            0.014        16472.726      0.838      0.000      0.000    0.00000    0.04569          -80.24234      108.64674         4.489e-01 
  3261.971           9.160     -8.034   -125.100            0.014        16472.728      0.838      0.000      0.000    0.00000    0.04565          -80.14895      108.41829         4.495e-01 
  3262.971           9.146     -8.034   -125.100            0.014        16472.731      0.838      0.000      0.000    0.00000    0.04560          -80.05558      108.19410         4.502e-01 
  3263.971           9.132     -8.034   -125.100            0.014        16472.733      0.838      0.000      0.000    0.00000    0.04556          -79.96224      107.97406         4.508e-01 
  3264.971           9.118     -8.034   -125.100            0.014        16472.736      0.838      0.000      0.000    0.00000    0.04552          -79.86894      107.75805         4.515e-01 
  3265.971           9.104     -8.034   -125.100            0.014        16472.738      0.838      0.000      0.000    0.00000    0.04547          -79.77568      107.54595         4.521e-01 
  3266.971           9.091     -8.034   -125.100            0.014        16472.741      0.838      0.000      0.000    0.00000    0.04543          -79.68246      107.33765         4.527e-01 
  3267.971           9.077     -8.034   -125.100            0.014        16472.743      0.838      0.000      0.000    0.00000    0.04539          -79.58929      107.13305         4.534e-01 
  3268.971           9.063     -8.034   -125.100            0.014        16472.746      0.838      0.000      0.000    0.00000    0.04535          -79.49617      106.93204         4.540e-01 
  3269.971           9.050     -8.034   -125.100            0.014        16472.748      0.838      0.000      0.000    0.00000    0.04530          -79.40310      106.73453         4.547e-01 
  3270.971           9.036     -8.034   -125.100            0.014        16472.751      0.838      0.000      0.000    0.00000    0.04526          -79.31010      106.54041         4.553e-01 
  3271.971           9.022     -8.034   -125.100            0.014        16472.753      0.838      0.000      0.000    0.00000    0.04522          -79.21715      106.34960         4.560e-01 
  3272.971           9.009     -8.034   -125.100            0.014        16472.756      0.838      0.000      0.000    0.00000    0.04518          -79.12427      106.16201         4.566e-01 
  3273.971           8.995     -8.034   -125.100            0.014        16472.759      0.838      0.000      0.000    0.00000    0.04513          -79.03146      105.97755         4.573e-01 
  3274.971           8.981     -8.034   -125.100            0.014        16472.761      0.838      0.000      0.000    0.00000    0.04509          -78.93872      105.79614         4.579e-01 
  3275.971           8.968     -8.034   -125.100            0.014        16472.764      0.838      0.000      0.000    0.00000    0.04505          -78.84606      105.61770         4.586e-01 
  3276.971           8.954     -8.034   -125.100            0.014        16472.767      0.838      0.000      0.000    0.00000    0.04501          -78.75347      105.44214         4.592e-01 
  3277.971           8.941     -8.034   -125.100            0.014        16472.769      0.838      0.000      0.000    0.00000    0.04497          -78.66096      105.26941         4.599e-01 
  3278.971           8.927     -8.034   -125.100            0.014        16472.772      0.838      0.000      0.000    0.00000    0.04492          -78.56853      105.09942         4.605e-01 
  3279.971           8.914     -8.034   -125.100            0.014        16472.775      0.838      0.000      0.000    0.00000    0.04488          -78.47619      104.93210         4.612e-01 
  3280.971           8.900     -8.034   -125.100            0.014        16472.778      0.838      0.000      0.000    0.00000    0.04484          -78.38393      104.76738         4.618e-01 
  3281.971           8.887     -8.034   -125.100            0.014        16472.780      0.838      0.000      0.000    0.00000    0.04480          -78.29177      104.60521         4.625e-01 
  3282.971           8.873     -8.034   -125.100            0.014        16472.783      0.838      0.000      0.000    0.00000    0.04476          -78.19969      104.44551         4.631e-01 
  3283.971           8.860     -8.034   -125.100            0.014        16472.786      0.838      0.000      0.000    0.00000    0.04472          -78.10771      104.28823         4.638e-01 
  3284.971           8.846     -8.034   -125.100            0.014        16472.789      0.838      0.000      0.000    0.00000    0.04468          -78.01583      104.13330         4.644e-01 
  3285.971           8.833     -8.034   -125.100            0.014        16472.792      0.838      0.000      0.000    0.00000    0.04463          -77.92404      103.98067         4.651e-01 
  3286.971           8.819     -8.034   -125.100            0.014        16472.795      0.838      0.000      0.000    0.00000    0.04459          -77.83236      103.83028         4.657e-01 
  3287.971           8.806     -8.034   -125.099            0.014        16472.798      0.838      0.000      0.000    0.00000    0.04455          -77.74078      103.68208         4.664e-01 
  3288.971           8.793     -8.034   -125.099            0.014        16472.800      0.838      0.000      0.000    0.00000    0.04451          -77.64930      103.53601         4.670e-01 
  3289.971           8.779     -8.034   -125.099            0.014        16472.803      0.838      0.000      0.000    0.00000    0.04447          -77.55792      103.39203         4.677e-01 
  3290.971           8.766     -8.034   -125.099            0.014        16472.806      0.838      0.000      0.000    0.00000    0.04443          -77.46666      103.25009         4.683e-01 
  3291.971           8.753     -8.034   -125.099            0.014        16472.809      0.838      0.000      0.000    0.00000    0.04439          -77.37551      103.11013         4.690e-01 
  3292.971           8.739     -8.034   -125.099            0.014        16472.812      0.838      0.000      0.000    0.00000    0.04435          -77.28446      102.97211         4.696e-01 
  3293.971           8.726     -8.034   -125.099            0.014        16472.815      0.838      0.000      0.000    0.00000    0.04431          -77.19353      102.83599         4.703e-01 
  3294.971           8.713     -8.034   -125.099            0.014        16472.818      0.838      0.000      0.000    0.00000    0.04427          -77.10271      102.70172         4.709e-01 
  3295.971           8.699     -8.034   -125.099            0.014        16472.821      0.838      0.000      0.000    0.00000    0.04423          -77.01201      102.56926         4.716e-01 
  3296.971           8.686     -8.034   -125.099            0.014        16472.824      0.838      0.000      0.000    0.00000    0.04419          -76.92143      102.43857         4.722e-01 
  3297.971           8.673     -8.034   -125.099            0.014        16472.828      0.838      0.000      0.000    0.00000    0.04415          -76.83096      102.30960         4.729e-01 
  3298.971           8.660     -8.034   -125.099            0.014        16472.831      0.838      0.000      0.000    0.00000    0.04411          -76.74062      102.18233         4.735e-01 
  3299.971           8.646     -8.034   -125.099            0.014        16472.834      0.838      0.000      0.000    0.00000    0.04407          -76.65039      102.05671         4.742e-01 
  3300.971           8.633     -8.034   -125.099            0.014        16472.837      0.838      0.000      0.000    0.00000    0.04403          -76.56029      101.93271         4.749e-01 
  3301.971           8.620     -8.034   -125.099            0.014        16472.840      0.838      0.000      0.000    0.00000    0.04399          -76.47031      101.81029         4.755e-01 
  3302.971           8.607     -8.034   -125.099            0.014        16472.843      0.838      0.000      0.000    0.00000    0.04395          -76.38046      101.68941         4.762e-01 
  3303.971           8.594     -8.034   -125.099            0.014        16472.846      0.838      0.000      0.000    0.00000    0.04391          -76.29074      101.57005         4.768e-01 
  3304.971           8.580     -8.034   -125.099            0.014        16472.850      0.838      0.000      0.000    0.00000    0.04387          -76.20114      101.45217         4.775e-01 
  3305.971           8.567     -8.034   -125.099            0.014        16472.853      0.838      0.000      0.000    0.00000    0.04383          -76.11167      101.33573         4.781e-01 
  3306.971           8.554     -8.034   -125.099            0.014        16472.856      0.838      0.000      0.000    0.00000    0.04380          -76.02233      101.22072         4.788e-01 
  3307.971           8.541     -8.034   -125.099            0.014        16472.859      0.838      0.000      0.000    0.00000    0.04376          -75.93312      101.10709         4.794e-01 
  3308.971           8.528     -8.034   -125.099            0.014        16472.863      0.838      0.000      0.000    0.00000    0.04372          -75.84405      100.99481         4.801e-01 
  3309.971           8.515     -8.034   -125.099            0.013        16472.866      0.838      0.000      0.000    0.00000    0.04368          -75.75510      100.88387         4.808e-01 
  3310.971           8.502     -8.034   -125.099            0.013        16472.869      0.838      0.000      0.000    0.00000    0.04364          -75.66629      100.77423         4.814e-01 
  3311.971           8.489     -8.034   -125.099            0.013        16472.873      0.838      0.000      0.000    0.00000    0.04360          -75.57761      100.66587         4.821e-01 
  3312.971           8.476     -8.034   -125.099            0.013        16472.876      0.838      0.000      0.000    0.00000    0.04356          -75.48907      100.55876         4.827e-01 
  3313.971           8.463     -8.034   -125.099            0.013        16472.879      0.838      0.000      0.000    0.00000    0.04352          -75.40067      100.45287         4.834e-01 
  3314.971           8.450     -8.034   -125.099            0.013        16472.883      0.838      0.000      0.000    0.00000    0.04349          -75.31240      100.34818         4.841e-01 
  3315.971           8.437     -8.034   -125.099            0.013        16472.886      0.838      0.000      0.000    0.00000    0.04345          -75.22428      100.24466         4.847e-01 
  3316.971           8.424     -8.034   -125.099            0.013        16472.890      0.838      0.000      0.000    0.00000    0.04341          -75.13629      100.14230         4.854e-01 
  3317.971           8.411     -8.034   -125.099            0.013        16472.893      0.838      0.000      0.000    0.00000    0.04337          -75.04844      100.04107         4.860e-01 
  3318.971           8.398     -8.034   -125.099            0.013        16472.897      0.838      0.000      0.000    0.00000    0.04333          -74.96073       99.94094         4.867e-01 
  3319.971           8.385     -8.034   -125.099            0.013        16472.900      0.838      0.000      0.000    0.00000    0.04330          -74.87316       99.84190         4.873e-01 
  3320.971           8.372     -8.034   -125.099            0.013        16472.904      0.838      0.000      0.000    0.00000    0.04326          -74.78574       99.74392         4.880e-01 
  3321.971           8.359     -8.034   -125.099            0.013        16472.907      0.838      0.000      0.000    0.00000    0.04322          -74.69845       99.64698         4.887e-01 
  3322.971           8.346     -8.034   -125.098            0.013        16472.911      0.838      0.000      0.000    0.00000    0.04318          -74.61131       99.55107         4.893e-01 
  3323.971           8.333     -8.034   -125.098            0.013        16472.914      0.838      0.000      0.000    0.00000    0.04315          -74.52432       99.45616         4.900e-01 
  3324.971           8.320     -8.034   -125.098            0.013        16472.918      0.838      0.000      0.000    0.00000    0.04311          -74.43747       99.36223         4.906e-01 
  3325.971           8.307     -8.034   -125.098            0.013        16472.921      0.838      0.000      0.000    0.00000    0.04307          -74.35076       99.26927         4.913e-01 
  3326.971           8.295     -8.034   -125.098            0.013        16472.925      0.838      0.000      0.000    0.00000    0.04303          -74.26420       99.17726         4.920e-01 
  3327.971           8.282     -8.034   -125.098            0.013        16472.929      0.838      0.000      0.000    0.00000    0.04300          -74.17779       99.08617         4.926e-01 
  3328.971           8.269     -8.034   -125.098            0.013        16472.932      0.838      0.000      0.000    0.00000    0.04296          -74.09152       98.99600         4.933e-01 
  3329.971           8.256     -8.034   -125.098            0.013        16472.936      0.838      0.000      0.000    0.00000    0.04292          -74.00540       98.90672         4.940e-01 
  3330.971           8.243     -8.034   -125.098            0.013        16472.940      0.838      0.000      0.000    0.00000    0.04289          -73.91943       98.81832         4.946e-01 
  3331.971           8.230     -8.034   -125.098            0.013        16472.943      0.838      0.000      0.000    0.00000    0.04285          -73.83361       98.73079         4.953e-01 
  3332.971           8.218     -8.034   -125.098            0.013        16472.947      0.838      0.000      0.000    0.00000    0.04281          -73.74793       98.64410         4.959e-01 
  3333.971           8.205     -8.034   -125.098            0.013        16472.951      0.838      0.000      0.000    0.00000    0.04278          -73.66241       98.55824         4.966e-01 
  3334.971           8.192     -8.034   -125.098            0.013        16472.954      0.838      0.000      0.000    0.00000    0.04274          -73.57703       98.47320         4.973e-01 
  3335.971           8.180     -8.034   -125.098            0.013        16472.958      0.838      0.000      0.000    0.00000    0.04270          -73.49181       98.38896         4.979e-01 
  3336.971           8.167     -8.034   -125.098            0.013        16472.962      0.838      0.000      0.000    0.00000    0.04267          -73.40673       98.30551         4.986e-01 
  3337.971           8.154     -8.034   -125.098            0.013        16472.966      0.838      0.000      0.000    0.00000    0.04263          -73.32181       98.22283         4.993e-01 
  3338.971           8.141     -8.034   -125.098            0.013        16472.970      0.838      0.000      0.000    0.00000    0.04259          -73.23704       98.14091         4.999e-01 
  3339.971           8.129     -8.034   -125.098            0.013        16472.973      0.838      0.000      0.000    0.00000    0.04256          -73.15242       98.05974         5.006e-01 
  3340.971           8.116     -8.034   -125.098            0.013        16472.977      0.838      0.000      0.000    0.00000    0.04252          -73.06796       97.97930         5.013e-01 
  3341.971           8.103     -8.034   -125.098            0.013        16472.981      0.838      0.000      0.000    0.00000    0.04249          -72.98364       97.89958         5.019e-01 
  3342.971           8.091     -8.034   -125.098            0.013        16472.985      0.838      0.000      0.000    0.00000    0.04245          -72.89948       97.82057         5.026e-01 
  3343.971           8.078     -8.034   -125.098            0.013        16472.989      0.838      0.000      0.000    0.00000    0.04241          -72.81548       97.74225         5.033e-01 
  3344.971           8.066     -8.034   -125.098            0.013        16472.993      0.838      0.000      0.000    0.00000    0.04238          -72.73162       97.66462         5.039e-01 
  3345.971           8.053     -8.034   -125.098            0.013        16472.997      0.838      0.000      0.000    0.00000    0.04234          -72.64792       97.58766         5.046e-01 
  3346.971           8.040     -8.034   -125.098            0.013        16473.001      0.838      0.000      0.000    0.00000    0.04231          -72.56438       97.51136         5.053e-01 
  3347.971           8.028     -8.034   -125.098            0.013        16473.004      0.838      0.000      0.000    0.00000    0.04227          -72.48099       97.43572         5.059e-01 
  3348.971           8.015     -8.034   -125.098            0.013        16473.008      0.838      0.000      0.000    0.00000    0.04224          -72.39775       97.36071         5.066e-01 
  3349.971           8.003     -8.034   -125.098            0.013        16473.012      0.838      0.000      0.000    0.00000    0.04220          -72.31467       97.28633         5.073e-01 
  3350.971           7.990     -8.034   -125.098            0.013        16473.016      0.838      0.000      0.000    0.00000    0.04217          -72.23175       97.21256         5.079e-01 
  3351.971           7.978     -8.034   -125.097            0.013        16473.020      0.838      0.000      0.000    0.00000    0.04213          -72.14898       97.13941         5.086e-01 
  3352.971           7.965     -8.034   -125.097            0.013        16473.024      0.838      0.000      0.000    0.00000    0.04210          -72.06636       97.06685         5.093e-01 
  3353.971           7.953     -8.034   -125.097            0.013        16473.029      0.838      0.000      0.000    0.00000    0.04206          -71.98391       96.99488         5.099e-01 
  3354.971           7.940     -8.034   -125.097            0.013        16473.033      0.838      0.000      0.000    0.00000    0.04203          -71.90161       96.92349         5.106e-01 
  3355.971           7.928     -8.034   -125.097            0.013        16473.037      0.838      0.000      0.000    0.00000    0.04199          -71.81946       96.85267         5.113e-01 
  3356.971           7.915     -8.034   -125.097            0.013        16473.041      0.838      0.000      0.000    0.00000    0.04196          -71.73748       96.78240         5.119e-01 
  3357.971           7.903     -8.034   -125.097            0.013        16473.045      0.838      0.000      0.000    0.00000    0.04192          -71.65565       96.71269         5.126e-01 
  3358.971           7.891     -8.034   -125.097            0.013        16473.049      0.838      0.000      0.000    0.00000    0.04189          -71.57397       96.64352         5.133e-01 
  3359.971           7.878     -8.034   -125.097            0.013        16473.053      0.838      0.000      0.000    0.00000    0.04185          -71.49246       96.57488         5.139e-01 
  3360.971           7.866     -8.034   -125.097            0.013        16473.057      0.838      0.000      0.000    0.00000    0.04182          -71.41110       96.50677         5.146e-01 
  3361.971           7.853     -8.034   -125.097            0.013        16473.061      0.838      0.000      0.000    0.00000    0.04178          -71.32990       96.43917         5.153e-01 
  3362.971           7.841     -8.034   -125.097            0.013        16473.066      0.838      0.000      0.000    0.00000    0.04175          -71.24886       96.37208         5.160e-01 
  3363.971           7.829     -8.034   -125.097            0.013        16473.070      0.838      0.000      0.000    0.00000    0.04172          -71.16798       96.30550         5.166e-01 
  3364.971           7.816     -8.034   -125.097            0.013        16473.074      0.838      0.000      0.000    0.00000    0.04168          -71.08725       96.23940         5.173e-01 
  3365.971           7.804     -8.034   -125.097            0.013        16473.078      0.838      0.000      0.000    0.00000    0.04165          -71.00668       96.17379         5.180e-01 
  3366.971           7.792     -8.034   -125.097            0.013        16473.082      0.838      0.000      0.000    0.00000    0.04161          -70.92627       96.10866         5.186e-01 
  3367.971           7.779     -8.034   -125.097            0.013        16473.087      0.838      0.000      0.000    0.00000    0.04158          -70.84602       96.04400         5.193e-01 
  3368.971           7.767     -8.034   -125.097            0.013        16473.091      0.838      0.000      0.000    0.00000    0.04155          -70.76593       95.97980         5.200e-01 
  3369.971           7.755     -8.034   -125.097            0.013        16473.095      0.838      0.000      0.000    0.00000    0.04151          -70.68600       95.91606         5.207e-01 
  3370.971           7.743     -8.034   -125.097            0.013        16473.100      0.838      0.000      0.000    0.00000    0.04148          -70.60622       95.85276         5.213e-01 
  3371.971           7.730     -8.034   -125.097            0.013        16473.104      0.838      0.000      0.000    0.00000    0.04144          -70.52661       95.78991         5.220e-01 
  3372.971           7.718     -8.034   -125.097            0.013        16473.108      0.838      0.000      0.000    0.00000    0.04141          -70.44715       95.72750         5.227e-01 
  3373.971           7.706     -8.034   -125.097            0.013        16473.113      0.838      0.000      0.000    0.00000    0.04138          -70.36786       95.66551         5.233e-01 
  3374.971           7.694     -8.034   -125.097            0.013        16473.117      0.838      0.000      0.000    0.00000    0.04134          -70.28872       95.60394         5.240e-01 
  3375.971           7.681     -8.034   -125.097            0.013        16473.121      0.838      0.000      0.000    0.00000    0.04131          -70.20974       95.54280         5.247e-01 
  3376.971           7.669     -8.034   -125.097            0.013        16473.126      0.838      0.000      0.000    0.00000    0.04128          -70.13092       95.48206         5.254e-01 
  3377.971           7.657     -8.034   -125.097            0.013        16473.130      0.838      0.000      0.000    0.00000    0.04124          -70.05226       95.42173         5.260e-01 
  3378.971           7.645     -8.034   -125.096            0.013        16473.135      0.838      0.000      0.000    0.00000    0.04121          -69.97376       95.36179         5.267e-01 
  3379.971           7.633     -8.034   -125.096            0.013        16473.139      0.838      0.000      0.000    0.00000    0.04118          -69.89542       95.30225         5.274e-01 
  3380.971           7.621     -8.034   -125.096            0.013        16473.143      0.838      0.000      0.000    0.00000    0.04115          -69.81724       95.24310         5.281e-01 
  3381.971           7.609     -8.034   -125.096            0.013        16473.148      0.838      0.000      0.000    0.00000    0.04111          -69.73922       95.18432         5.287e-01 
  3382.971           7.596     -8.034   -125.096            0.013        16473.152      0.838      0.000      0.000    0.00000    0.04108          -69.66135       95.12593         5.294e-01 
  3383.971           7.584     -8.034   -125.096            0.013        16473.157      0.838      0.000      0.000    0.00000    0.04105          -69.58365       95.06790         5.301e-01 
  3384.971           7.572     -8.034   -125.096            0.013        16473.161      0.838      0.000      0.000    0.00000    0.04101          -69.50611       95.01024         5.308e-01 
  3385.971           7.560     -8.034   -125.096            0.013        16473.166      0.838      0.000      0.000    0.00000    0.04098          -69.42872       94.95294         5.314e-01 
  3386.971           7.548     -8.034   -125.096            0.013        16473.170      0.838      0.000      0.000    0.00000    0.04095          -69.35150       94.89599         5.321e-01 
  3387.971           7.536     -8.034   -125.096            0.013        16473.175      0.838      0.000      0.000    0.00000    0.04092          -69.27443       94.83939         5.328e-01 
  3388.971           7.524     -8.034   -125.096            0.013        16473.180      0.838      0.000      0.000    0.00000    0.04088          -69.19753       94.78314         5.335e-01 
  3389.971           7.512     -8.034   -125.096            0.013        16473.184      0.838      0.000      0.000    0.00000    0.04085          -69.12078       94.72723         5.342e-01 
  3390.971           7.500     -8.034   -125.096            0.013        16473.189      0.838      0.000      0.000    0.00000    0.04082          -69.04420       94.67165         5.348e-01 
  3391.971           7.488     -8.034   -125.096            0.013        16473.193      0.838      0.000      0.000    0.00000    0.04079          -68.96777       94.61641         5.355e-01 
  3392.971           7.476     -8.034   -125.096            0.013        16473.198      0.838      0.000      0.000    0.00000    0.04076          -68.89150       94.56149         5.362e-01 
  3393.971           7.464     -8.034   -125.096            0.013        16473.203      0.838      0.000      0.000    0.00000    0.04072          -68.81540       94.50689         5.369e-01 
  3394.971           7.452     -8.034   -125.096            0.013        16473.207      0.838      0.000      0.000    0.00000    0.04069          -68.73945       94.45261         5.375e-01 
  3395.971           7.440     -8.034   -125.096            0.013        16473.212      0.838      0.000      0.000    0.00000    0.04066          -68.66366       94.39864         5.382e-01 
  3396.971           7.428     -8.034   -125.096            0.013        16473.216      0.838      0.000      0.000    0.00000    0.04063          -68.58803       94.34498         5.389e-01 
  3397.971           7.416     -8.034   -125.096            0.013        16473.221      0.838      0.000      0.000    0.00000    0.04060          -68.51256       94.29163         5.396e-01 
  3398.971           7.404     -8.034   -125.096            0.013        16473.226      0.838      0.000      0.000    0.00000    0.04056          -68.43725       94.23858         5.403e-01 
  3399.971           7.392     -8.034   -125.096            0.013        16473.231      0.838      0.000      0.000    0.00000    0.04053          -68.36209       94.18582         5.409e-01 
  3400.971           7.380     -8.034   -125.096            0.013        16473.235      0.838      0.000      0.000    0.00000    0.04050          -68.28710       94.13335         5.416e-01 
  3401.971           7.369     -8.034   -125.096            0.013        16473.240      0.838      0.000      0.000    0.00000    0.04047          -68.21227       94.08118         5.423e-01 
  3402.971           7.357     -8.034   -125.095            0.013        16473.245      0.838      0.000      0.000    0.00000    0.04044          -68.13759       94.02928         5.430e-01 
  3403.971           7.345     -8.034   -125.095            0.013        16473.250      0.838      0.000      0.000    0.00000    0.04041          -68.06308       93.97767         5.437e-01 
  3404.971           7.333     -8.034   -125.095            0.013        16473.254      0.838      0.000      0.000    0.00000    0.04037          -67.98872       93.92634         5.443e-01 
  3405.971           7.321     -8.034   -125.095            0.013        16473.259      0.838      0.000      0.000    0.00000    0.04034          -67.91452       93.87528         5.450e-01 
  3406.971           7.309     -8.034   -125.095            0.013        16473.264      0.838      0.000      0.000    0.00000    0.04031          -67.84048       93.82449         5.457e-01 
  3407.971           7.298     -8.034   -125.095            0.013        16473.269      0.838      0.000      0.000    0.00000    0.04028          -67.76660       93.77396         5.464e-01 
  3408.971           7.286     -8.034   -125.095            0.013        16473.274      0.838      0.000      0.000    0.00000    0.04025          -67.69288       93.72370         5.471e-01 
  3409.971           7.274     -8.034   -125.095            0.013        16473.278      0.838      0.000      0.000    0.00000    0.04022          -67.61932       93.67370         5.478e-01 
  3410.971           7.262     -8.034   -125.095            0.013        16473.283      0.838      0.000      0.000    0.00000    0.04019          -67.54591       93.62395         5.484e-01 
  3411.971           7.250     -8.034   -125.095            0.013        16473.288      0.838      0.000      0.000    0.00000    0.04016          -67.47266       93.57446         5.491e-01 
  3412.971           7.239     -8.034   -125.095            0.013        16473.293      0.838      0.000      0.000    0.00000    0.04013          -67.39957       93.52522         5.498e-01 
  3413.971           7.227     -8.034   -125.095            0.013        16473.298      0.838      0.000      0.000    0.00000    0.04010          -67.32664       93.47622         5.505e-01 
  3414.971           7.215     -8.034   -125.095            0.013        16473.303      0.838      0.000      0.000    0.00000    0.04006          -67.25387       93.42746         5.512e-01 
  3415.971           7.204     -8.034   -125.095            0.013        16473.308      0.838      0.000      0.000    0.00000    0.04003          -67.18125       93.37895         5.519e-01 
  3416.971           7.192     -8.034   -125.095            0.013        16473.313      0.838      0.000      0.000    0.00000    0.04000          -67.10880       93.33067         5.525e-01 
  3417.971           7.180     -8.034   -125.095            0.013        16473.318      0.838      0.000      0.000    0.00000    0.03997          -67.03650       93.28263         5.532e-01 
  3418.971           7.168     -8.034   -125.095            0.013        16473.322      0.838      0.000      0.000    0.00000    0.03994          -66.96435       93.23482         5.539e-01 
  3419.971           7.157     -8.034   -125.095            0.013        16473.327      0.838      0.000      0.000    0.00000    0.03991          -66.89237       93.18723         5.546e-01 
  3420.971           7.145     -8.034   -125.095            0.013        16473.332      0.838      0.000      0.000    0.00000    0.03988          -66.82054       93.13988         5.553e-01 
  3421.971           7.133     -8.034   -125.095            0.013        16473.337      0.838      0.000      0.000    0.00000    0.03985          -66.74887       93.09274         5.560e-01 
  3422.971           7.122     -8.034   -125.095            0.013        16473.342      0.838      0.000      0.000    0.00000    0.03982          -66.67735       93.04583         5.566e-01 
  3423.971           7.110     -8.034   -125.095            0.013        16473.347      0.838      0.000      0.000    0.00000    0.03979          -66.60599       92.99913         5.573e-01 
  3424.971           7.099     -8.034   -125.094            0.013        16473.352      0.838      0.000      0.000    0.00000    0.03976          -66.53479       92.95264         5.580e-01 
  3425.971           7.087     -8.034   -125.094            0.013        16473.358      0.838      0.000      0.000    0.00000    0.03973          -66.46375       92.90637         5.587e-01 
  3426.971           7.075     -8.034   -125.094            0.013        16473.363      0.838      0.000      0.000    0.00000    0.03970          -66.39286       92.86030         5.594e-01 
  3427.971           7.064     -8.034   -125.094            0.013        16473.368      0.838      0.000      0.000    0.00000    0.03967          -66.32213       92.81445         5.601e-01 
  3428.971           7.052     -8.034   -125.094            0.013        16473.373      0.838      0.000      0.000    0.00000    0.03964          -66.25155       92.76879         5.608e-01 
  3429.971           7.041     -8.034   -125.094            0.013        16473.378      0.838      0.000      0.000    0.00000    0.03961          -66.18113       92.72334         5.614e-01 
  3430.971           7.029     -8.034   -125.094            0.013        16473.383      0.838      0.000      0.000    0.00000    0.03958          -66.11087       92.67809         5.621e-01 
  3431.971           7.018     -8.034   -125.094            0.013        16473.388      0.838      0.000      0.000    0.00000    0.03955          -66.04076       92.63303         5.628e-01 
  3432.971           7.006     -8.034   -125.094            0.013        16473.393      0.838      0.000      0.000    0.00000    0.03952          -65.97081       92.58817         5.635e-01 
  3433.971           6.995     -8.034   -125.094            0.013        16473.398      0.838      0.000      0.000    0.00000    0.03949          -65.90101       92.54350         5.642e-01 
  3434.971           6.983     -8.034   -125.094            0.013        16473.403      0.838      0.000      0.000    0.00000    0.03946          -65.83137       92.49902         5.649e-01 
  3435.971           6.972     -8.035   -125.094            0.013        16473.409      0.838      0.000      0.000    0.00000    0.03943          -65.76188       92.45473         5.656e-01 
  3436.971           6.960     -8.035   -125.094            0.013        16473.414      0.838      0.000      0.000    0.00000    0.03940          -65.69255       92.41062         5.663e-01 
  3437.971           6.949     -8.035   -125.094            0.013        16473.419      0.838      0.000      0.000    0.00000    0.03938          -65.62337       92.36670         5.670e-01 
  3438.971           6.937     -8.035   -125.094            0.013        16473.424      0.838      0.000      0.000    0.00000    0.03935          -65.55435       92.32296         5.676e-01 
  3439.971           6.926     -8.035   -125.094            0.013        16473.429      0.838      0.000      0.000    0.00000    0.03932          -65.48548       92.27939         5.683e-01 
  3440.971           6.914     -8.035   -125.094            0.013        16473.435      0.838      0.000      0.000    0.00000    0.03929          -65.41676       92.23600         5.690e-01 
  3441.971           6.903     -8.035   -125.094            0.013        16473.440      0.838      0.000      0.000    0.00000    0.03926          -65.34820       92.19279         5.697e-01 
  3442.971           6.891     -8.035   -125.094            0.013        16473.445      0.838      0.000      0.000    0.00000    0.03923          -65.27980       92.14975         5.704e-01 
  3443.971           6.880     -8.035   -125.094            0.013        16473.450      0.838      0.000      0.000    0.00000    0.03920          -65.21154       92.10688         5.711e-01 
  3444.971           6.869     -8.035   -125.094            0.013        16473.455      0.838      0.000      0.000    0.00000    0.03917          -65.14344       92.06417         5.718e-01 
  3445.971           6.857     -8.035   -125.094            0.013        16473.461      0.838      0.000      0.000    0.00000    0.03914          -65.07550       92.02164         5.725e-01 
  3446.971           6.846     -8.035   -125.093            0.013        16473.466      0.838      0.000      0.000    0.00000    0.03911          -65.00770       91.97927         5.732e-01 
  3447.971           6.835     -8.035   -125.093            0.013        16473.471      0.838      0.000      0.000    0.00000    0.03909          -64.94006       91.93706         5.739e-01 
  3448.971           6.823     -8.035   -125.093            0.013        16473.477      0.838      0.000      0.000    0.00000    0.03906          -64.87258       91.89501         5.745e-01 
  3449.971           6.812     -8.035   -125.093            0.013        16473.482      0.838      0.000      0.000    0.00000    0.03903          -64.80524       91.85312         5.752e-01 
  3450.971           6.801     -8.035   -125.093            0.013        16473.487      0.838      0.000      0.000    0.00000    0.03900          -64.73806       91.81139         5.759e-01 
  3451.971           6.789     -8.035   -125.093            0.013        16473.493      0.838      0.000      0.000    0.00000    0.03897          -64.67103       91.76981         5.766e-01 
  3452.971           6.778     -8.035   -125.093            0.013        16473.498      0.838      0.000      0.000    0.00000    0.03894          -64.60415       91.72839         5.773e-01 
  3453.971           6.767     -8.035   -125.093            0.012        16473.503      0.838      0.000      0.000    0.00000    0.03891          -64.53742       91.68712         5.780e-01 
  3454.971           6.755     -8.035   -125.093            0.012        16473.509      0.838      0.000      0.000    0.00000    0.03889          -64.47085       91.64600         5.787e-01 
  3455.971           6.744     -8.035   -125.093            0.012        16473.514      0.838      0.000      0.000    0.00000    0.03886          -64.40442       91.60502         5.794e-01 
  3456.971           6.733     -8.035   -125.093            0.012        16473.520      0.838      0.000      0.000    0.00000    0.03883          -64.33815       91.56420         5.801e-01 
  3457.971           6.722     -8.035   -125.093            0.012        16473.525      0.838      0.000      0.000    0.00000    0.03880          -64.27203       91.52352         5.808e-01 
  3458.971           6.710     -8.035   -125.093            0.012        16473.530      0.838      0.000      0.000    0.00000    0.03877          -64.20606       91.48298         5.815e-01 
  3459.971           6.699     -8.035   -125.093            0.012        16473.536      0.838      0.000      0.000    0.00000    0.03875          -64.14023       91.44258         5.822e-01 
  3460.971           6.688     -8.035   -125.093            0.012        16473.541      0.838      0.000      0.000    0.00000    0.03872          -64.07456       91.40233         5.829e-01 
  3461.971           6.677     -8.035   -125.093            0.012        16473.547      0.838      0.000      0.000    0.00000    0.03869          -64.00904       91.36221         5.835e-01 
  3462.971           6.666     -8.035   -125.093            0.012        16473.552      0.838      0.000      0.000    0.00000    0.03866          -63.94367       91.32223         5.842e-01 
  3463.971           6.654     -8.035   -125.093            0.012        16473.558      0.838      0.000      0.000    0.00000    0.03863          -63.87845       91.28239         5.849e-01 
  3464.971           6.643     -8.035   -125.093            0.012        16473.563      0.838      0.000      0.000    0.00000    0.03861          -63.81338       91.24268         5.856e-01 
  3465.971           6.632     -8.035   -125.093            0.012        16473.569      0.838      0.000      0.000    0.00000    0.03858          -63.74846       91.20310         5.863e-01 
  3466.971           6.621     -8.035   -125.092            0.012        16473.574      0.838      0.000      0.000    0.00000    0.03855          -63.68369       91.16365         5.870e-01 
  3467.971           6.610     -8.035   -125.092            0.012        16473.580      0.838      0.000      0.000    0.00000    0.03852          -63.61907       91.12433         5.877e-01 
  3468.971           6.599     -8.035   -125.092            0.012        16473.585      0.838      0.000      0.000    0.00000    0.03849          -63.55459       91.08515         5.884e-01 
  3469.971           6.587     -8.035   -125.092            0.012        16473.591      0.838      0.000      0.000    0.00000    0.03847          -63.49026       91.04608         5.891e-01 
  3470.971           6.576     -8.035   -125.092            0.012        16473.596      0.838      0.000      0.000    0.00000    0.03844          -63.42609       91.00715         5.898e-01 
  3471.971           6.565     -8.035   -125.092            0.012        16473.602      0.838      0.000      0.000    0.00000    0.03841          -63.36205       90.96834         5.905e-01 
  3472.971           6.554     -8.035   -125.092            0.012        16473.607      0.838      0.000      0.000    0.00000    0.03839          -63.29817       90.92965         5.912e-01 
  3473.971           6.543     -8.035   -125.092            0.012        16473.613      0.838      0.000      0.000    0.00000    0.03836          -63.23444       90.89108         5.919e-01 
  3474.971           6.532     -8.035   -125.092            0.012        16473.618      0.838      0.000      0.000    0.00000    0.03833          -63.17085       90.85263         5.926e-01 
  3475.971           6.521     -8.035   -125.092            0.012        16473.624      0.838      0.000      0.000    0.00000    0.03830          -63.10741       90.81430         5.933e-01 
  3476.971           6.510     -8.035   -125.092            0.012        16473.630      0.838      0.000      0.000    0.00000    0.03828          -63.04412       90.77609         5.940e-01 
  3477.971           6.499     -8.035   -125.092            0.012        16473.635      0.838      0.000      0.000    0.00000    0.03825          -62.98097       90.73800         5.947e-01 
  3478.971           6.488     -8.035   -125.092            0.012        16473.641      0.838      0.000      0.000    0.00000    0.03822          -62.91797       90.70002         5.954e-01 
  3479.971           6.477     -8.035   -125.092            0.012        16473.647      0.838      0.000      0.000    0.00000    0.03819          -62.85511       90.66215         5.961e-01 
  3480.971           6.466     -8.035   -125.092            0.012        16473.652      0.838      0.000      0.000    0.00000    0.03817          -62.79241       90.62439         5.968e-01 
  3481.971           6.455     -8.035   -125.092            0.012        16473.658      0.838      0.000      0.000    0.00000    0.03814          -62.72984       90.58675         5.975e-01 
  3482.971           6.444     -8.035   -125.092            0.012        16473.663      0.838      0.000      0.000    0.00000    0.03811          -62.66743       90.54922         5.982e-01 
  3483.971           6.433     -8.035   -125.092            0.012        16473.669      0.838      0.000      0.000    0.00000    0.03809          -62.60516       90.51180         5.989e-01 
  3484.971           6.422     -8.035   -125.092            0.012        16473.675      0.838      0.000      0.000    0.00000    0.03806          -62.54303       90.47448         5.996e-01 
  3485.971           6.411     -8.035   -125.092            0.012        16473.681      0.838      0.000      0.000    0.00000    0.03803          -62.48105       90.43727         6.003e-01 
  3486.971           6.400     -8.035   -125.091            0.012        16473.686      0.838      0.000      0.000    0.00000    0.03801          -62.41921       90.40017         6.010e-01 
  3487.971           6.389     -8.035   -125.091            0.012        16473.692      0.838      0.000      0.000    0.00000    0.03798          -62.35752       90.36317         6.017e-01 
  3488.971           6.378     -8.035   -125.091            0.012        16473.698      0.838      0.000      0.000    0.00000    0.03795          -62.29597       90.32627         6.024e-01 
  3489.971           6.367     -8.035   -125.091            0.012        16473.703      0.838      0.000      0.000    0.00000    0.03793          -62.23457       90.28948         6.031e-01 
  3490.971           6.356     -8.035   -125.091            0.012        16473.709      0.838      0.000      0.000    0.00000    0.03790          -62.17330       90.25279         6.038e-01 
  3491.971           6.345     -8.035   -125.091            0.012        16473.715      0.838      0.000      0.000    0.00000    0.03787          -62.11219       90.21620         6.045e-01 
  3492.971           6.335     -8.035   -125.091            0.012        16473.721      0.838      0.000      0.000    0.00000    0.03785          -62.05121       90.17970         6.052e-01 
  3493.971           6.324     -8.035   -125.091            0.012        16473.726      0.838      0.000      0.000    0.00000    0.03782          -61.99038       90.14331         6.059e-01 
  3494.971           6.313     -8.035   -125.091            0.012        16473.732      0.838      0.000      0.000    0.00000    0.03780          -61.92969       90.10701         6.066e-01 
  3495.971           6.302     -8.035   -125.091            0.012        16473.738      0.838      0.000      0.000    0.00000    0.03777          -61.86915       90.07081         6.073e-01 
  3496.971           6.291     -8.035   -125.091            0.012        16473.744      0.838      0.000      0.000    0.00000    0.03774          -61.80874       90.03470         6.080e-01 
  3497.971           6.280     -8.035   -125.091            0.012        16473.750      0.838      0.000      0.000    0.00000    0.03772          -61.74848       89.99869         6.087e-01 
  3498.971           6.269     -8.035   -125.091            0.012        16473.755      0.838      0.000      0.000    0.00000    0.03769          -61.68836       89.96277         6.094e-01 
  3499.971           6.259     -8.035   -125.091            0.012        16473.761      0.838      0.000      0.000    0.00000    0.03766          -61.62839       89.92694         6.101e-01 
  3500.971           6.248     -8.035   -125.091            0.012        16473.767      0.838      0.000      0.000    0.00000    0.03764          -61.56855       89.89121         6.108e-01 
  3501.971           6.237     -8.035   -125.091            0.012        16473.773      0.838      0.000      0.000    0.00000    0.03761          -61.50885       89.85556         6.115e-01 
  3502.971           6.226     -8.035   -125.091            0.012        16473.779      0.838      0.000      0.000    0.00000    0.03759          -61.44930       89.82000         6.122e-01 
  3503.971           6.216     -8.035   -125.091            0.012        16473.785      0.838      0.000      0.000    0.00000    0.03756          -61.38988       89.78454         6.129e-01 
  3504.971           6.205     -8.035   -125.091            0.012        16473.791      0.838      0.000      0.000    0.00000    0.03754          -61.33061       89.74915         6.136e-01 
  3505.971           6.194     -8.035   -125.090            0.012        16473.796      0.838      0.000      0.000    0.00000    0.03751          -61.27147       89.71386         6.143e-01 
  3506.971           6.183     -8.035   -125.090            0.012        16473.802      0.838      0.000      0.000    0.00000    0.03748          -61.21248       89.67865         6.150e-01 
  3507.971           6.173     -8.035   -125.090            0.012        16473.808      0.838      0.000      0.000    0.00000    0.03746          -61.15362       89.64353         6.157e-01 
  3508.971           6.162     -8.035   -125.090            0.012        16473.814      0.838      0.000      0.000    0.00000    0.03743          -61.09491       89.60849         6.164e-01 
  3509.971           6.151     -8.035   -125.090            0.012        16473.820      0.838      0.000      0.000    0.00000    0.03741          -61.03633       89.57353         6.171e-01 
  3510.971           6.140     -8.035   -125.090            0.012        16473.826      0.838      0.000      0.000    0.00000    0.03738          -60.97789       89.53865         6.178e-01 
  3511.971           6.130     -8.035   -125.090            0.012        16473.832      0.838      0.000      0.000    0.00000    0.03736          -60.91960       89.50386         6.185e-01 
  3512.971           6.119     -8.035   -125.090            0.012        16473.838      0.838      0.000      0.000    0.00000    0.03733          -60.86143       89.46915         6.192e-01 
  3513.971           6.108     -8.035   -125.090            0.012        16473.844      0.838      0.000      0.000    0.00000    0.03731          -60.80341       89.43451         6.199e-01 
  3514.971           6.098     -8.035   -125.090            0.012        16473.850      0.838      0.000      0.000    0.00000    0.03728          -60.74553       89.39996         6.206e-01 
  3515.971           6.087     -8.035   -125.090            0.012        16473.856      0.838      0.000      0.000    0.00000    0.03725          -60.68778       89.36548         6.213e-01 
  3516.971           6.076     -8.035   -125.090            0.012        16473.862      0.838      0.000      0.000    0.00000    0.03723          -60.63017       89.33108         6.220e-01 
  3517.971           6.066     -8.035   -125.090            0.012        16473.868      0.838      0.000      0.000    0.00000    0.03720          -60.57270       89.29676         6.228e-01 
  3518.971           6.055     -8.035   -125.090            0.012        16473.874      0.838      0.000      0.000    0.00000    0.03718          -60.51536       89.26252         6.235e-01 
  3519.971           6.044     -8.035   -125.090            0.012        16473.880      0.838      0.000      0.000    0.00000    0.03715          -60.45816       89.22834         6.242e-01 
  3520.971           6.034     -8.035   -125.090            0.012        16473.886      0.838      0.000      0.000    0.00000    0.03713          -60.40110       89.19425         6.249e-01 
  3521.971           6.023     -8.035   -125.090            0.012        16473.892      0.838      0.000      0.000    0.00000    0.03710          -60.34417       89.16022         6.256e-01 
  3522.971           6.013     -8.035   -125.090            0.012        16473.898      0.838      0.000      0.000    0.00000    0.03708          -60.28738       89.12627         6.263e-01 
  3523.971           6.002     -8.035   -125.089            0.012        16473.904      0.838      0.000      0.000    0.00000    0.03705          -60.23073       89.09239         6.270e-01 
  3524.971           5.992     -8.035   -125.089            0.012        16473.910      0.838      0.000      0.000    0.00000    0.03703          -60.17421       89.05859         6.277e-01 
  3525.971           5.981     -8.035   -125.089            0.012        16473.916      0.838      0.000      0.000    0.00000    0.03700          -60.11782       89.02485         6.284e-01 
  3526.971           5.970     -8.035   -125.089            0.012        16473.922      0.838      0.000      0.000    0.00000    0.03698          -60.06157       88.99118         6.291e-01 
  3527.971           5.960     -8.035   -125.089            0.012        16473.928      0.838      0.000      0.000    0.00000    0.03696          -60.00546       88.95758         6.298e-01 
  3528.971           5.949     -8.035   -125.089            0.012        16473.934      0.838      0.000      0.000    0.00000    0.03693          -59.94948       88.92405         6.305e-01 
  3529.971           5.939     -8.035   -125.089            0.012        16473.940      0.838      0.000      0.000    0.00000    0.03691          -59.89363       88.89059         6.312e-01 
  3530.971           5.928     -8.035   -125.089            0.012        16473.946      0.838      0.000      0.000    0.00000    0.03688          -59.83792       88.85720         6.319e-01 
  3531.971           5.918     -8.035   -125.089            0.012        16473.952      0.838      0.000      0.000    0.00000    0.03686          -59.78234       88.82387         6.326e-01 
  3532.971           5.907     -8.035   -125.089            0.012        16473.959      0.838      0.000      0.000    0.00000    0.03683          -59.72689       88.79061         6.334e-01 
  3533.971           5.897     -8.035   -125.089            0.012        16473.965      0.838      0.000      0.000    0.00000    0.03681          -59.67158       88.75741         6.341e-01 
  3534.971           5.886     -8.035   -125.089            0.012        16473.971      0.838      0.000      0.000    0.00000    0.03678          -59.61640       88.72428         6.348e-01 
  3535.971           5.876     -8.035   -125.089            0.012        16473.977      0.838      0.000      0.000    0.00000    0.03676          -59.56135       88.69121         6.355e-01 
  3536.971           5.865     -8.035   -125.089            0.012        16473.983      0.838      0.000      0.000    0.00000    0.03673          -59.50643       88.65820         6.362e-01 
  3537.971           5.855     -8.035   -125.089            0.012        16473.989      0.838      0.000      0.000    0.00000    0.03671          -59.45165       88.62526         6.369e-01 
  3538.971           5.844     -8.035   -125.089            0.012        16473.995      0.838      0.000      0.000    0.00000    0.03669          -59.39700       88.59238         6.376e-01 
  3539.971           5.834     -8.035   -125.089            0.012        16474.002      0.838      0.000      0.000    0.00000    0.03666          -59.34248       88.55956         6.383e-01 
  3540.971           5.824     -8.035   -125.089            0.012        16474.008      0.838      0.000      0.000    0.00000    0.03664          -59.28809       88.52680         6.390e-01 
  3541.971           5.813     -8.035   -125.088            0.012        16474.014      0.838      0.000      0.000    0.00000    0.03661          -59.23383       88.49411         6.397e-01 
  3542.971           5.803     -8.035   -125.088            0.012        16474.020      0.838      0.000      0.000    0.00000    0.03659          -59.17970       88.46147         6.404e-01 
  3543.971           5.792     -8.035   -125.088            0.012        16474.026      0.838      0.000      0.000    0.00000    0.03656          -59.12571       88.42889         6.412e-01 
  3544.971           5.782     -8.035   -125.088            0.012        16474.032      0.838      0.000      0.000    0.00000    0.03654          -59.07184       88.39637         6.419e-01 
  3545.971           5.772     -8.035   -125.088            0.012        16474.039      0.838      0.000      0.000    0.00000    0.03652          -59.01810       88.36390         6.426e-01 
  3546.971           5.761     -8.035   -125.088            0.012        16474.045      0.838      0.000      0.000    0.00000    0.03649          -58.96450       88.33150         6.433e-01 
  3547.971           5.751     -8.035   -125.088            0.012        16474.051      0.838      0.000      0.000    0.00000    0.03647          -58.91102       88.29915         6.440e-01 
  3548.971           5.741     -8.035   -125.088            0.012        16474.057      0.838      0.000      0.000    0.00000    0.03645          -58.85767       88.26685         6.447e-01 
  3549.971           5.730     -8.035   -125.088            0.012        16474.064      0.838      0.000      0.000    0.00000    0.03642          -58.80445       88.23462         6.454e-01 
  3550.971           5.720     -8.035   -125.088            0.012        16474.070      0.838      0.000      0.000    0.00000    0.03640          -58.75136       88.20243         6.461e-01 
  3551.971           5.710     -8.035   -125.088            0.012        16474.076      0.838      0.000      0.000    0.00000    0.03637          -58.69840       88.17031         6.468e-01 
  3552.971           5.699     -8.035   -125.088            0.012        16474.082      0.838      0.000      0.000    0.00000    0.03635          -58.64557       88.13823         6.476e-01 
  3553.971           5.689     -8.035   -125.088            0.012        16474.089      0.838      0.000      0.000    0.00000    0.03633          -58.59286       88.10621         6.483e-01 
  3554.971           5.679     -8.035   -125.088            0.012        16474.095      0.838      0.000      0.000    0.00000    0.03630          -58.54029       88.07424         6.490e-01 
  3555.971           5.668     -8.035   -125.088            0.012        16474.101      0.838      0.000      0.000    0.00000    0.03628          -58.48784       88.04233         6.497e-01 
  3556.971           5.658     -8.035   -125.088            0.012        16474.108      0.838      0.000      0.000    0.00000    0.03626          -58.43551       88.01046         6.504e-01 
  3557.971           5.648     -8.035   -125.088            0.012        16474.114      0.838      0.000      0.000    0.00000    0.03623          -58.38332       87.97865         6.511e-01 
  3558.971           5.638     -8.035   -125.088            0.012        16474.120      0.838      0.000      0.000    0.00000    0.03621          -58.33125       87.94689         6.518e-01 
  3559.971           5.627     -8.034   -125.087            0.012        16474.127      0.838      0.000      0.000    0.00000    0.03619          -58.27931       87.91518         6.525e-01 
  3560.971           5.617     -8.034   -125.087            0.012        16474.133      0.838      0.000      0.000    0.00000    0.03616          -58.22749       87.88352         6.533e-01 
  3561.971           5.607     -8.034   -125.087            0.012        16474.139      0.838      0.000      0.000    0.00000    0.03614          -58.17580       87.85191         6.540e-01 
  3562.971           5.597     -8.034   -125.087            0.012        16474.146      0.838      0.000      0.000    0.00000    0.03612          -58.12423       87.82034         6.547e-01 
  3563.971           5.586     -8.034   -125.087            0.012        16474.152      0.838      0.000      0.000    0.00000    0.03609          -58.07280       87.78883         6.554e-01 
  3564.971           5.576     -8.034   -125.087            0.012        16474.158      0.838      0.000      0.000    0.00000    0.03607          -58.02148       87.75736         6.561e-01 
  3565.971           5.566     -8.034   -125.087            0.012        16474.165      0.838      0.000      0.000    0.00000    0.03605          -57.97029       87.72594         6.568e-01 
  3566.971           5.556     -8.034   -125.087            0.012        16474.171      0.838      0.000      0.000    0.00000    0.03602          -57.91923       87.69457         6.575e-01 
  3567.971           5.546     -8.034   -125.087            0.012        16474.177      0.838      0.000      0.000    0.00000    0.03600          -57.86829       87.66325         6.583e-01 
  3568.971           5.535     -8.034   -125.087            0.012        16474.184      0.838      0.000      0.000    0.00000    0.03598          -57.81747       87.63197         6.590e-01 
  3569.971           5.525     -8.034   -125.087            0.012        16474.190      0.838      0.000      0.000    0.00000    0.03595          -57.76678       87.60073         6.597e-01 
  3570.971           5.515     -8.034   -125.087            0.012        16474.197      0.838      0.000      0.000    0.00000    0.03593          -57.71621       87.56955         6.604e-01 
  3571.971           5.505     -8.034   -125.087            0.012        16474.203      0.838      0.000      0.000    0.00000    0.03591          -57.66576       87.53840         6.611e-01 
  3572.971           5.495     -8.034   -125.087            0.012        16474.209      0.838      0.000      0.000    0.00000    0.03589          -57.61544       87.50730         6.618e-01 
  3573.971           5.485     -8.034   -125.087            0.012        16474.216      0.838      0.000      0.000    0.00000    0.03586          -57.56524       87.47625         6.625e-01 
  3574.971           5.475     -8.034   -125.087            0.012        16474.222      0.838      0.000      0.000    0.00000    0.03584          -57.51517       87.44523         6.633e-01 
  3575.971           5.465     -8.034   -125.087            0.012        16474.229      0.838      0.000      0.000    0.00000    0.03582          -57.46521       87.41427         6.640e-01 
  3576.971           5.454     -8.034   -125.086            0.012        16474.235      0.838      0.000      0.000    0.00000    0.03579          -57.41538       87.38334         6.647e-01 
  3577.971           5.444     -8.034   -125.086            0.012        16474.242      0.838      0.000      0.000    0.00000    0.03577          -57.36567       87.35245         6.654e-01 
  3578.971           5.434     -8.034   -125.086            0.012        16474.248      0.838      0.000      0.000    0.00000    0.03575          -57.31608       87.32161         6.661e-01 
  3579.971           5.424     -8.034   -125.086            0.012        16474.255      0.838      0.000      0.000    0.00000    0.03573          -57.26662       87.29081         6.668e-01 
  3580.971           5.414     -8.034   -125.086            0.012        16474.261      0.838      0.000      0.000    0.00000    0.03570          -57.21727       87.26005         6.676e-01 
  3581.971           5.404     -8.034   -125.086            0.012        16474.267      0.838      0.000      0.000    0.00000    0.03568          -57.16805       87.22933         6.683e-01 
  3582.971           5.394     -8.034   -125.086            0.012        16474.274      0.838      0.000      0.000    0.00000    0.03566          -57.11894       87.19865         6.690e-01 
  3583.971           5.384     -8.034   -125.086            0.012        16474.280      0.838      0.000      0.000    0.00000    0.03564          -57.06996       87.16801         6.697e-01 
  3584.971           5.374     -8.034   -125.086            0.012        16474.287      0.838      0.000      0.000    0.00000    0.03561          -57.02109       87.13741         6.704e-01 
  3585.971           5.364     -8.034   -125.086            0.012        16474.293      0.838      0.000      0.000    0.00000    0.03559          -56.97235       87.10685         6.711e-01 
  3586.971           5.354     -8.034   -125.086            0.012        16474.300      0.838      0.000      0.000    0.00000    0.03557          -56.92373       87.07632         6.719e-01 
  3587.971           5.344     -8.034   -125.086            0.012        16474.306      0.838      0.000      0.000    0.00000    0.03555          -56.87522       87.04584         6.726e-01 
  3588.971           5.334     -8.034   -125.086            0.012        16474.313      0.838      0.000      0.000    0.00000    0.03552          -56.82684       87.01539         6.733e-01 
  3589.971           5.324     -8.034   -125.086            0.012        16474.320      0.838      0.000      0.000    0.00000    0.03550          -56.77857       86.98498         6.740e-01 
  3590.971           5.314     -8.034   -125.086            0.012        16474.326      0.838      0.000      0.000    0.00000    0.03548          -56.73042       86.95461         6.747e-01 
  3591.971           5.304     -8.034   -125.086            0.012        16474.333      0.838      0.000      0.000    0.00000    0.03546          -56.68239       86.92427         6.754e-01 
  3592.971           5.294     -8.034   -125.086            0.012        16474.339      0.838      0.000      0.000    0.00000    0.03544          -56.63448       86.89397         6.762e-01 
  3593.971           5.284     -8.034   -125.085            0.012        16474.346      0.838      0.000      0.000    0.00000    0.03541          -56.58669       86.86371         6.769e-01 
  3594.971           5.274     -8.034   -125.085            0.012        16474.352      0.838      0.000      0.000    0.00000    0.03539          -56.53901       86.83348         6.776e-01 
  3595.971           5.264     -8.034   -125.085            0.012        16474.359      0.838      0.000      0.000    0.00000    0.03537          -56.49145       86.80329         6.783e-01 
  3596.971           5.254     -8.034   -125.085            0.012        16474.365      0.838      0.000      0.000    0.00000    0.03535          -56.44401       86.77313         6.790e-01 
  3597.971           5.244     -8.034   -125.085            0.012        16474.372      0.838      0.000      0.000    0.00000    0.03533          -56.39668       86.74301         6.798e-01 
  3598.971           5.234     -8.034   -125.085            0.012        16474.379      0.838      0.000      0.000    0.00000    0.03530          -56.34948       86.71292         6.805e-01 
  3599.971           5.224     -8.034   -125.085            0.012        16474.385      0.838      0.000      0.000    0.00000    0.03528          -56.30238       86.68286         6.812e-01 
  3600.971           5.215     -8.034   -125.085            0.012        16474.392      0.838      0.000      0.000    0.00000    0.03526          -56.25541       86.65284         6.819e-01 
  3601.971           5.205     -8.034   -125.085            0.012        16474.398      0.838      0.000      0.000    0.00000    0.03524          -56.20855       86.62285         6.826e-01 
  3602.971           5.195     -8.034   -125.085            0.012        16474.405      0.838      0.000      0.000    0.00000    0.03522          -56.16181       86.59290         6.833e-01 
  3603.971           5.185     -8.034   -125.085            0.012        16474.412      0.838      0.000      0.000    0.00000    0.03519          -56.11518       86.56297         6.841e-01 
  3604.971           5.175     -8.034   -125.085            0.012        16474.418      0.838      0.000      0.000    0.00000    0.03517          -56.06866       86.53308         6.848e-01 
  3605.971           5.165     -8.034   -125.085            0.012        16474.425      0.838      0.000      0.000    0.00000    0.03515          -56.02227       86.50322         6.855e-01 
  3606.971           5.155     -8.034   -125.085            0.012        16474.432      0.838      0.000      0.000    0.00000    0.03513          -55.97598       86.47339         6.862e-01 
  3607.971           5.146     -8.034   -125.085            0.012        16474.438      0.838      0.000      0.000    0.00000    0.03511          -55.92981       86.44360         6.869e-01 
  3608.971           5.136     -8.034   -125.085            0.012        16474.445      0.838      0.000      0.000    0.00000    0.03509          -55.88376       86.41383         6.877e-01 
  3609.971           5.126     -8.034   -125.085            0.012        16474.451      0.838      0.000      0.000    0.00000    0.03506          -55.83782       86.38409         6.884e-01 
  3610.971           5.116     -8.034   -125.084            0.012        16474.458      0.838      0.000      0.000    0.00000    0.03504          -55.79199       86.35439         6.891e-01 
  3611.971           5.106     -8.034   -125.084            0.012        16474.465      0.838      0.000      0.000    0.00000    0.03502          -55.74627       86.32471         6.898e-01 
  3612.971           5.096     -8.034   -125.084            0.012        16474.471      0.838      0.000      0.000    0.00000    0.03500          -55.70067       86.29507         6.906e-01 
  3613.971           5.087     -8.034   -125.084            0.012        16474.478      0.838      0.000      0.000    0.00000    0.03498          -55.65519       86.26545         6.913e-01 
  3614.971           5.077     -8.034   -125.084            0.012        16474.485      0.838      0.000      0.000    0.00000    0.03496          -55.60981       86.23587         6.920e-01 
  3615.971           5.067     -8.034   -125.084            0.012        16474.492      0.838      0.000      0.000    0.00000    0.03494          -55.56455       86.20631         6.927e-01 
  3616.971           5.057     -8.034   -125.084            0.012        16474.498      0.838      0.000      0.000    0.00000    0.03491          -55.51940       86.17678         6.934e-01 
  3617.971           5.048     -8.034   -125.084            0.012        16474.505      0.838      0.000      0.000    0.00000    0.03489          -55.47436       86.14728         6.942e-01 
  3618.971           5.038     -8.034   -125.084            0.012        16474.512      0.838      0.000      0.000    0.00000    0.03487          -55.42943       86.11780         6.949e-01 
  3619.971           5.028     -8.034   -125.084            0.012        16474.518      0.838      0.000      0.000    0.00000    0.03485          -55.38462       86.08836         6.956e-01 
  3620.971           5.018     -8.034   -125.084            0.012        16474.525      0.838      0.000      0.000    0.00000    0.03483          -55.33991       86.05894         6.963e-01 
  3621.971           5.009     -8.034   -125.084            0.012        16474.532      0.838      0.000      0.000    0.00000    0.03481          -55.29532       86.02954         6.970e-01 
  3622.971           4.999     -8.034   -125.084            0.012        16474.539      0.838      0.000      0.000    0.00000    0.03479          -55.25084       86.00018         6.978e-01 
  3623.971           4.989     -8.034   -125.084            0.012        16474.545      0.838      0.000      0.000    0.00000    0.03477          -55.20647       85.97084         6.985e-01 
  3624.971           4.979     -8.034   -125.084            0.012        16474.552      0.838      0.000      0.000    0.00000    0.03475          -55.16221       85.94153         6.992e-01 
  3625.971           4.970     -8.034   -125.084            0.012        16474.559      0.838      0.000      0.000    0.00000    0.03472          -55.11806       85.91224         6.999e-01 
  3626.971           4.960     -8.034   -125.083            0.012        16474.566      0.838      0.000      0.000    0.00000    0.03470          -55.07402       85.88299         7.007e-01 
  3627.971           4.950     -8.034   -125.083            0.012        16474.572      0.838      0.000      0.000    0.00000    0.03468          -55.03010       85.85376         7.014e-01 
  3628.971           4.941     -8.034   -125.083            0.012        16474.579      0.838      0.000      0.000    0.00000    0.03466          -54.98629       85.82457         7.021e-01 
  3629.971           4.931     -8.034   -125.083            0.012        16474.586      0.838      0.000      0.000    0.00000    0.03464          -54.94259       85.79541         7.028e-01 
  3630.971           4.921     -8.034   -125.083            0.012        16474.593      0.838      0.000      0.000    0.00000    0.03462          -54.89901       85.76628         7.035e-01 
  3631.971           4.912     -8.034   -125.083            0.012        16474.599      0.838      0.000      0.000    0.00000    0.03460          -54.85554       85.73719         7.043e-01 
  3632.971           4.902     -8.034   -125.083            0.012        16474.606      0.838      0.000      0.000    0.00000    0.03458          -54.81219       85.70814         7.050e-01 
  3633.971           4.892     -8.034   -125.083            0.012        16474.613      0.838      0.000      0.000    0.00000    0.03456          -54.76896       85.67912         7.057e-01 
  3634.971           4.883     -8.034   -125.083            0.012        16474.620      0.838      0.000      0.000    0.00000    0.03454          -54.72585       85.65014         7.064e-01 
  3635.971           4.873     -8.034   -125.083            0.012        16474.627      0.838      0.000      0.000    0.00000    0.03452          -54.68285       85.62121         7.072e-01 
  3636.971           4.864     -8.034   -125.083            0.012        16474.633      0.838      0.000      0.000    0.00000    0.03450          -54.63997       85.59231         7.079e-01 
  3637.971           4.854     -8.034   -125.083            0.012        16474.640      0.838      0.000      0.000    0.00000    0.03448          -54.59721       85.56346         7.086e-01 
  3638.971           4.844     -8.034   -125.083            0.012        16474.647      0.838      0.000      0.000    0.00000    0.03445          -54.55458       85.53465         7.093e-01 
  3639.971           4.835     -8.034   -125.083            0.012        16474.654      0.838      0.000      0.000    0.00000    0.03443          -54.51207       85.50589         7.101e-01 
  3640.971           4.825     -8.034   -125.083            0.012        16474.661      0.838      0.000      0.000    0.00000    0.03441          -54.46967       85.47717         7.108e-01 
  3641.971           4.816     -8.034   -125.083            0.012        16474.667      0.838      0.000      0.000    0.00000    0.03439          -54.42740       85.44850         7.115e-01 
  3642.971           4.806     -8.034   -125.083            0.012        16474.674      0.838      0.000      0.000    0.00000    0.03437          -54.38526       85.41988         7.122e-01 
  3643.971           4.797     -8.034   -125.082            0.012        16474.681      0.838      0.000      0.000    0.00000    0.03435          -54.34324       85.39131         7.130e-01 
  3644.971           4.787     -8.034   -125.082            0.012        16474.688      0.838      0.000      0.000    0.00000    0.03433          -54.30134       85.36279         7.137e-01 
  3645.971           4.777     -8.034   -125.082            0.012        16474.695      0.838      0.000      0.000    0.00000    0.03431          -54.25957       85.33432         7.144e-01 
  3646.971           4.768     -8.034   -125.082            0.012        16474.702      0.838      0.000      0.000    0.00000    0.03429          -54.21793       85.30591         7.151e-01 
  3647.971           4.758     -8.034   -125.082            0.012        16474.709      0.838      0.000      0.000    0.00000    0.03427          -54.17641       85.27755         7.159e-01 
  3648.971           4.749     -8.034   -125.082            0.012        16474.715      0.838      0.000      0.000    0.00000    0.03425          -54.13503       85.24924         7.166e-01 
  3649.971           4.739     -8.034   -125.082            0.012        16474.722      0.838      0.000      0.000    0.00000    0.03423          -54.09377       85.22099         7.173e-01 
  3650.971           4.730     -8.034   -125.082            0.012        16474.729      0.838      0.000      0.000    0.00000    0.03421          -54.05264       85.19280         7.180e-01 
  3651.971           4.720     -8.034   -125.082            0.012        16474.736      0.838      0.000      0.000    0.00000    0.03419          -54.01164       85.16467         7.188e-01 
  3652.971           4.711     -8.034   -125.082            0.012        16474.743      0.838      0.000      0.000    0.00000    0.03417          -53.97077       85.13660         7.195e-01 
  3653.971           4.701     -8.034   -125.082            0.012        16474.750      0.838      0.000      0.000    0.00000    0.03415          -53.93003       85.10858         7.202e-01 
  3654.971           4.692     -8.034   -125.082            0.012        16474.757      0.838      0.000      0.000    0.00000    0.03413          -53.88943       85.08063         7.209e-01 
  3655.971           4.682     -8.034   -125.082            0.012        16474.764      0.838      0.000      0.000    0.00000    0.03411          -53.84895       85.05274         7.217e-01 
  3656.971           4.673     -8.034   -125.082            0.012        16474.771      0.838      0.000      0.000    0.00000    0.03409          -53.80861       85.02492         7.224e-01 
  3657.971           4.664     -8.034   -125.082            0.012        16474.778      0.838      0.000      0.000    0.00000    0.03407          -53.76841       84.99716         7.231e-01 
  3658.971           4.654     -8.034   -125.082            0.012        16474.784      0.838      0.000      0.000    0.00000    0.03405          -53.72834       84.96946         7.238e-01 
  3659.971           4.645     -8.034   -125.081            0.012        16474.791      0.838      0.000      0.000    0.00000    0.03403          -53.68840       84.94183         7.246e-01 
  3660.971           4.635     -8.034   -125.081            0.012        16474.798      0.838      0.000      0.000    0.00000    0.03401          -53.64860       84.91427         7.253e-01 
  3661.971           4.626     -8.034   -125.081            0.012        16474.805      0.838      0.000      0.000    0.00000    0.03399          -53.60894       84.88678         7.260e-01 
  3662.971           4.616     -8.034   -125.081            0.012        16474.812      0.838      0.000      0.000    0.00000    0.03397          -53.56942       84.85935         7.268e-01 
  3663.971           4.607     -8.034   -125.081            0.012        16474.819      0.838      0.000      0.000    0.00000    0.03395          -53.53003       84.83200         7.275e-01 
  3664.971           4.598     -8.034   -125.081            0.012        16474.826      0.838      0.000      0.000    0.00000    0.03393          -53.49078       84.80471         7.282e-01 
  3665.971           4.588     -8.034   -125.081            0.012        16474.833      0.838      0.000      0.000    0.00000    0.03391          -53.45168       84.77750         7.289e-01 
  3666.971           4.579     -8.034   -125.081            0.012        16474.840      0.838      0.000      0.000    0.00000    0.03389          -53.41271       84.75036         7.297e-01 
  3667.971           4.569     -8.034   -125.081            0.012        16474.847      0.838      0.000      0.000    0.00000    0.03387          -53.37388       84.72330         7.304e-01 
  3668.971           4.560     -8.034   -125.081            0.012        16474.854      0.838      0.000      0.000    0.00000    0.03385          -53.33519       84.69631         7.311e-01 
  3669.971           4.551     -8.034   -125.081            0.012        16474.861      0.838      0.000      0.000    0.00000    0.03383          -53.29665       84.66939         7.318e-01 
  3670.971           4.541     -8.034   -125.081            0.012        16474.868      0.838      0.000      0.000    0.00000    0.03381          -53.25825       84.64256         7.326e-01 
  3671.971           4.532     -8.034   -125.081            0.012        16474.875      0.838      0.000      0.000    0.00000    0.03379          -53.21999       84.61579         7.333e-01 
  3672.971           4.523     -8.034   -125.081            0.012        16474.882      0.838      0.000      0.000    0.00000    0.03377          -53.18188       84.58911         7.340e-01 
  3673.971           4.513     -8.034   -125.081            0.012        16474.889      0.838      0.000      0.000    0.00000    0.03376          -53.14391       84.56251         7.348e-01 
  3674.971           4.504     -8.034   -125.081            0.012        16474.896      0.838      0.000      0.000    0.00000    0.03374          -53.10608       84.53598         7.355e-01 
  3675.971           4.495     -8.034   -125.080            0.012        16474.903      0.838      0.000      0.000    0.00000    0.03372          -53.06841       84.50954         7.362e-01 
  3676.971           4.485     -8.034   -125.080            0.012        16474.910      0.838      0.000      0.000    0.00000    0.03370          -53.03087       84.48317         7.369e-01 
  3677.971           4.476     -8.034   -125.080            0.012        16474.917      0.838      0.000      0.000    0.00000    0.03368          -52.99349       84.45689         7.377e-01 
  3678.971           4.467     -8.034   -125.080            0.012        16474.924      0.838      0.000      0.000    0.00000    0.03366          -52.95625       84.43069         7.384e-01 
  3679.971           4.457     -8.034   -125.080            0.012        16474.931      0.838      0.000      0.000    0.00000    0.03364          -52.91916       84.40458         7.391e-01 
  3680.971           4.448     -8.034   -125.080            0.012        16474.938      0.838      0.000      0.000    0.00000    0.03362          -52.88222       84.37855         7.399e-01 
  3681.971           4.439     -8.034   -125.080            0.012        16474.945      0.838      0.000      0.000    0.00000    0.03360          -52.84543       84.35260         7.406e-01 
  3682.971           4.430     -8.034   -125.080            0.012        16474.952      0.838      0.000      0.000    0.00000    0.03358          -52.80879       84.32674         7.413e-01 
  3683.971           4.420     -8.034   -125.080            0.012        16474.959      0.838      0.000      0.000    0.00000    0.03356          -52.77230       84.30097         7.420e-01 
  3684.971           4.411     -8.034   -125.080            0.012        16474.966      0.838      0.000      0.000    0.00000    0.03354          -52.73596       84.27528         7.428e-01 
  3685.971           4.402     -8.034   -125.080            0.012        16474.973      0.838      0.000      0.000    0.00000    0.03352          -52.69978       84.24968         7.435e-01 
  3686.971           4.393     -8.034   -125.080            0.012        16474.980      0.838      0.000      0.000    0.00000    0.03350          -52.66374       84.22417         7.442e-01 
  3687.971           4.383     -8.034   -125.080            0.012        16474.987      0.838      0.000      0.000    0.00000    0.03349          -52.62786       84.19876         7.450e-01 
  3688.971           4.374     -8.034   -125.080            0.012        16474.994      0.838      0.000      0.000    0.00000    0.03347          -52.59213       84.17343         7.457e-01 
  3689.971           4.365     -8.034   -125.080            0.012        16475.001      0.838      0.000      0.000    0.00000    0.03345          -52.55656       84.14819         7.464e-01 
  3690.971           4.356     -8.034   -125.079            0.012        16475.008      0.838      0.000      0.000    0.00000    0.03343          -52.52114       84.12304         7.471e-01 
  3691.971           4.347     -8.034   -125.079            0.012        16475.015      0.838      0.000      0.000    0.00000    0.03341          -52.48588       84.09799         7.479e-01 
  3692.971           4.337     -8.034   -125.079            0.012        16475.022      0.838      0.000      0.000    0.00000    0.03339          -52.45078       84.07303         7.486e-01 
  3693.971           4.328     -8.034   -125.079            0.012        16475.029      0.838      0.000      0.000    0.00000    0.03337          -52.41583       84.04816         7.493e-01 
  3694.971           4.319     -8.034   -125.079            0.012        16475.036      0.838      0.000      0.000    0.00000    0.03335          -52.38103       84.02339         7.501e-01 
  3695.971           4.310     -8.034   -125.079            0.012        16475.044      0.838      0.000      0.000    0.00000    0.03333          -52.34640       83.99871         7.508e-01 
  3696.971           4.301     -8.034   -125.079            0.012        16475.051      0.838      0.000      0.000    0.00000    0.03331          -52.31192       83.97413         7.515e-01 
  3697.971           4.291     -8.034   -125.079            0.012        16475.058      0.838      0.000      0.000    0.00000    0.03330          -52.27761       83.94965         7.523e-01 
  3698.971           4.282     -8.034   -125.079            0.012        16475.065      0.838      0.000      0.000    0.00000    0.03328          -52.24345       83.92526         7.530e-01 
  3699.971           4.273     -8.034   -125.079            0.012        16475.072      0.838      0.000      0.000    0.00000    0.03326          -52.20945       83.90097         7.537e-01 
  3700.971           4.264     -8.034   -125.079            0.012        16475.079      0.838      0.000      0.000    0.00000    0.03324          -52.17562       83.87678         7.544e-01 
  3701.971           4.255     -8.034   -125.079            0.012        16475.086      0.838      0.000      0.000    0.00000    0.03322          -52.14194       83.85268         7.552e-01 
  3702.971           4.246     -8.034   -125.079            0.012        16475.093      0.838      0.000      0.000    0.00000    0.03320          -52.10843       83.82869         7.559e-01 
  3703.971           4.237     -8.034   -125.079            0.012        16475.100      0.838      0.000      0.000    0.00000    0.03318          -52.07508       83.80480         7.566e-01 
  3704.971           4.227     -8.034   -125.079            0.012        16475.107      0.838      0.000      0.000    0.00000    0.03317          -52.04189       83.78101         7.574e-01 
  3705.971           4.218     -8.034   -125.079            0.012        16475.115      0.838      0.000      0.000    0.00000    0.03315          -52.00887       83.75732         7.581e-01 
  3706.971           4.209     -8.034   -125.078            0.012        16475.122      0.838      0.000      0.000    0.00000    0.03313          -51.97601       83.73373         7.588e-01 
  3707.971           4.200     -8.034   -125.078            0.012        16475.129      0.838      0.000      0.000    0.00000    0.03311          -51.94331       83.71025         7.596e-01 
  3708.971           4.191     -8.034   -125.078            0.012        16475.136      0.838      0.000      0.000    0.00000    0.03309          -51.91079       83.68687         7.603e-01 
  3709.971           4.182     -8.034   -125.078            0.012        16475.143      0.838      0.000      0.000    0.00000    0.03307          -51.87842       83.66359         7.610e-01 
  3710.971           4.173     -8.034   -125.078            0.012        16475.150      0.838      0.000      0.000    0.00000    0.03305          -51.84622       83.64042         7.618e-01 
  3711.971           4.164     -8.034   -125.078            0.012        16475.157      0.838      0.000      0.000    0.00000    0.03304          -51.81419       83.61735         7.625e-01 
  3712.971           4.155     -8.034   -125.078            0.012        16475.164      0.838      0.000      0.000    0.00000    0.03302          -51.78233       83.59439         7.632e-01 
  3713.971           4.146     -8.034   -125.078            0.012        16475.171      0.838      0.000      0.000    0.00000    0.03300          -51.75064       83.57154         7.640e-01 
  3714.971           4.137     -8.034   -125.078            0.012        16475.179      0.838      0.000      0.000    0.00000    0.03298          -51.71911       83.54879         7.647e-01 
  3715.971           4.128     -8.034   -125.078            0.012        16475.186      0.838      0.000      0.000    0.00000    0.03296          -51.68775       83.52615         7.654e-01 
  3716.971           4.119     -8.034   -125.078            0.012        16475.193      0.838      0.000      0.000    0.00000    0.03294          -51.65657       83.50362         7.661e-01 
  3717.971           4.109     -8.034   -125.078            0.012        16475.200      0.838      0.000      0.000    0.00000    0.03293          -51.62555       83.48119         7.669e-01 
  3718.971           4.100     -8.034   -125.078            0.012        16475.207      0.838      0.000      0.000    0.00000    0.03291          -51.59470       83.45888         7.676e-01 
  3719.971           4.091     -8.034   -125.078            0.012        16475.214      0.838      0.000      0.000    0.00000    0.03289          -51.56403       83.43668         7.683e-01 
  3720.971           4.082     -8.034   -125.078            0.012        16475.221      0.838      0.000      0.000    0.00000    0.03287          -51.53352       83.41458         7.691e-01 
  3721.971           4.073     -8.034   -125.078            0.012        16475.229      0.838      0.000      0.000    0.00000    0.03285          -51.50319       83.39260         7.698e-01 
  3722.971           4.064     -8.034   -125.077            0.012        16475.236      0.838      0.000      0.000    0.00000    0.03283          -51.47304       83.37073         7.705e-01 
  3723.971           4.055     -8.034   -125.077            0.011        16475.243      0.838      0.000      0.000    0.00000    0.03282          -51.44305       83.34897         7.713e-01 
  3724.971           4.046     -8.034   -125.077            0.011        16475.250      0.838      0.000      0.000    0.00000    0.03280          -51.41324       83.32733         7.720e-01 
  3725.971           4.037     -8.034   -125.077            0.011        16475.257      0.838      0.000      0.000    0.00000    0.03278          -51.38361       83.30580         7.727e-01 
  3726.971           4.028     -8.034   -125.077            0.011        16475.264      0.838      0.000      0.000    0.00000    0.03276          -51.35415       83.28438         7.735e-01 
  3727.971           4.020     -8.034   -125.077            0.011        16475.272      0.838      0.000      0.000    0.00000    0.03274          -51.32486       83.26308         7.742e-01 
  3728.971           4.011     -8.034   -125.077            0.011        16475.279      0.838      0.000      0.000    0.00000    0.03273          -51.29575       83.24189         7.749e-01 
  3729.971           4.002     -8.034   -125.077            0.011        16475.286      0.838      0.000      0.000    0.00000    0.03271          -51.26682       83.22081         7.757e-01 
  3730.971           3.993     -8.034   -125.077            0.011        16475.293      0.838      0.000      0.000    0.00000    0.03269          -51.23807       83.19986         7.764e-01 
  3731.971           3.984     -8.034   -125.077            0.011        16475.300      0.838      0.000      0.000    0.00000    0.03267          -51.20949       83.17901         7.771e-01 
  3732.971           3.975     -8.034   -125.077            0.011        16475.308      0.838      0.000      0.000    0.00000    0.03265          -51.18109       83.15829         7.779e-01 
  3733.971           3.966     -8.034   -125.077            0.011        16475.315      0.838      0.000      0.000    0.00000    0.03264          -51.15287       83.13768         7.786e-01 
  3734.971           3.957     -8.034   -125.077            0.011        16475.322      0.838      0.000      0.000    0.00000    0.03262          -51.12483       83.11720         7.793e-01 
  3735.971           3.948     -8.034   -125.077            0.011        16475.329      0.838      0.000      0.000    0.00000    0.03260          -51.09697       83.09683         7.801e-01 
  3736.971           3.939     -8.034   -125.077            0.011        16475.336      0.838      0.000      0.000    0.00000    0.03258          -51.06929       83.07658         7.808e-01 
  3737.971           3.930     -8.034   -125.076            0.011        16475.343      0.838      0.000      0.000    0.00000    0.03257          -51.04179       83.05645         7.815e-01 
  3738.971           3.921     -8.034   -125.076            0.011        16475.351      0.838      0.000      0.000    0.00000    0.03255          -51.01447       83.03644         7.823e-01 
  3739.971           3.912     -8.034   -125.076            0.011        16475.358      0.838      0.000      0.000    0.00000    0.03253          -50.98734       83.01655         7.830e-01 
  3740.971           3.903     -8.034   -125.076            0.011        16475.365      0.838      0.000      0.000    0.00000    0.03251          -50.96038       82.99678         7.837e-01 
  3741.971           3.895     -8.034   -125.076            0.011        16475.372      0.838      0.000      0.000    0.00000    0.03250          -50.93361       82.97713         7.845e-01 
  3742.971           3.886     -8.034   -125.076            0.011        16475.379      0.838      0.000      0.000    0.00000    0.03248          -50.90703       82.95761         7.852e-01 
  3743.971           3.877     -8.034   -125.076            0.011        16475.387      0.838      0.000      0.000    0.00000    0.03246          -50.88062       82.93820         7.859e-01 
  3744.971           3.868     -8.034   -125.076            0.011        16475.394      0.838      0.000      0.000    0.00000    0.03244          -50.85441       82.91893         7.867e-01 
  3745.971           3.859     -8.034   -125.076            0.011        16475.401      0.838      0.000      0.000    0.00000    0.03242          -50.82837       82.89977         7.874e-01 
  3746.971           3.850     -8.034   -125.076            0.011        16475.408      0.838      0.000      0.000    0.00000    0.03241          -50.80252       82.88074         7.881e-01 
  3747.971           3.841     -8.034   -125.076            0.011        16475.416      0.838      0.000      0.000    0.00000    0.03239          -50.77686       82.86183         7.889e-01 
  3748.971           3.833     -8.034   -125.076            0.011        16475.423      0.838      0.000      0.000    0.00000    0.03237          -50.75139       82.84305         7.896e-01 
  3749.971           3.824     -8.033   -125.076            0.011        16475.430      0.838      0.000      0.000    0.00000    0.03235          -50.72610       82.82440         7.904e-01 
  3750.971           3.815     -8.033   -125.076            0.011        16475.437      0.838      0.000      0.000    0.00000    0.03234          -50.70100       82.80587         7.911e-01 
  3751.971           3.806     -8.033   -125.076            0.011        16475.444      0.838      0.000      0.000    0.00000    0.03232          -50.67609       82.78747         7.918e-01 
  3752.971           3.797     -8.033   -125.075            0.011        16475.452      0.838      0.000      0.000    0.00000    0.03230          -50.65136       82.76919         7.926e-01 
  3753.971           3.788     -8.033   -125.075            0.011        16475.459      0.838      0.000      0.000    0.00000    0.03229          -50.62683       82.75105         7.933e-01 
  3754.971           3.780     -8.033   -125.075            0.011        16475.466      0.838      0.000      0.000    0.00000    0.03227          -50.60249       82.73303         7.940e-01 
  3755.971           3.771     -8.033   -125.075            0.011        16475.473      0.838      0.000      0.000    0.00000    0.03225          -50.57833       82.71514         7.948e-01 
  3756.971           3.762     -8.033   -125.075            0.011        16475.481      0.838      0.000      0.000    0.00000    0.03223          -50.55437       82.69738         7.955e-01 
  3757.971           3.753     -8.033   -125.075            0.011        16475.488      0.838      0.000      0.000    0.00000    0.03222          -50.53060       82.67975         7.962e-01 
  3758.971           3.744     -8.033   -125.075            0.011        16475.495      0.838      0.000      0.000    0.00000    0.03220          -50.50702       82.66225         7.970e-01 
  3759.971           3.736     -8.033   -125.075            0.011        16475.502      0.838      0.000      0.000    0.00000    0.03218          -50.48363       82.64488         7.977e-01 
  3760.971           3.727     -8.033   -125.075            0.011        16475.509      0.838      0.000      0.000    0.00000    0.03216          -50.46043       82.62764         7.984e-01 
  3761.971           3.718     -8.033   -125.075            0.011        16475.517      0.838      0.000      0.000    0.00000    0.03215          -50.43743       82.61054         7.992e-01 
  3762.971           3.709     -8.033   -125.075            0.011        16475.524      0.838      0.000      0.000    0.00000    0.03213          -50.41462       82.59356         7.999e-01 
  3763.971           3.701     -8.033   -125.075            0.011        16475.531      0.838      0.000      0.000    0.00000    0.03211          -50.39201       82.57672         8.006e-01 
  3764.971           3.692     -8.033   -125.075            0.011        16475.538      0.838      0.000      0.000    0.00000    0.03210          -50.36959       82.56001         8.014e-01 
  3765.971           3.683     -8.033   -125.075            0.011        16475.546      0.838      0.000      0.000    0.00000    0.03208          -50.34736       82.54344         8.021e-01 
  3766.971           3.674     -8.033   -125.075            0.011        16475.553      0.838      0.000      0.000    0.00000    0.03206          -50.32534       82.52700         8.029e-01 
  3767.971           3.666     -8.033   -125.075            0.011        16475.560      0.838      0.000      0.000    0.00000    0.03204          -50.30350       82.51069         8.036e-01 
  3768.971           3.657     -8.033   -125.074            0.011        16475.567      0.838      0.000      0.000    0.00000    0.03203          -50.28187       82.49452         8.043e-01 
  3769.971           3.648     -8.033   -125.074            0.011        16475.575      0.838      0.000      0.000    0.00000    0.03201          -50.26043       82.47849         8.051e-01 
  3770.971           3.640     -8.033   -125.074            0.011        16475.582      0.838      0.000      0.000    0.00000    0.03199          -50.23919       82.46259         8.058e-01 
  3771.971           3.631     -8.033   -125.074            0.011        16475.589      0.838      0.000      0.000    0.00000    0.03198          -50.21815       82.44683         8.065e-01 
  3772.971           3.622     -8.033   -125.074            0.011        16475.596      0.838      0.000      0.000    0.00000    0.03196          -50.19731       82.43121         8.073e-01 
  3773.971           3.613     -8.033   -125.074            0.011        16475.604      0.838      0.000      0.000    0.00000    0.03194          -50.17667       82.41572         8.080e-01 
  3774.971           3.605     -8.033   -125.074            0.011        16475.611      0.838      0.000      0.000    0.00000    0.03193          -50.15622       82.40037         8.087e-01 
  3775.971           3.596     -8.033   -125.074            0.011        16475.618      0.838      0.000      0.000    0.00000    0.03191          -50.13598       82.38516         8.095e-01 
  3776.971           3.587     -8.033   -125.074            0.011        16475.625      0.838      0.000      0.000    0.00000    0.03189          -50.11594       82.37009         8.102e-01 
  3777.971           3.579     -8.033   -125.074            0.011        16475.633      0.838      0.000      0.000    0.00000    0.03187          -50.09610       82.35516         8.110e-01 
  3778.971           3.570     -8.033   -125.074            0.011        16475.640      0.838      0.000      0.000    0.00000    0.03186          -50.07646       82.34037         8.117e-01 
  3779.971           3.561     -8.033   -125.074            0.011        16475.647      0.838      0.000      0.000    0.00000    0.03184          -50.05703       82.32572         8.124e-01 
  3780.971           3.553     -8.033   -125.074            0.011        16475.654      0.838      0.000      0.000    0.00000    0.03182          -50.03779       82.31121         8.132e-01 
  3781.971           3.544     -8.033   -125.074            0.011        16475.662      0.838      0.000      0.000    0.00000    0.03181          -50.01877       82.29685         8.139e-01 
  3782.971           3.535     -8.033   -125.074            0.011        16475.669      0.838      0.000      0.000    0.00000    0.03179          -49.99994       82.28262         8.146e-01 
  3783.971           3.527     -8.033   -125.073            0.011        16475.676      0.838      0.000      0.000    0.00000    0.03177          -49.98132       82.26854         8.154e-01 
  3784.971           3.518     -8.033   -125.073            0.011        16475.683      0.838      0.000      0.000    0.00000    0.03176          -49.96291       82.25460         8.161e-01 
  3785.971           3.510     -8.033   -125.073            0.011        16475.691      0.838      0.000      0.000    0.00000    0.03174          -49.94470       82.24081         8.169e-01 
  3786.971           3.501     -8.033   -125.073            0.011        16475.698      0.838      0.000      0.000    0.00000    0.03172          -49.92669       82.22716         8.176e-01 
  3787.971           3.492     -8.033   -125.073            0.011        16475.705      0.838      0.000      0.000    0.00000    0.03171          -49.90890       82.21366         8.183e-01 
  3788.971           3.484     -8.033   -125.073            0.011        16475.712      0.838      0.000      0.000    0.00000    0.03169          -49.89131       82.20030         8.191e-01 
  3789.971           3.475     -8.033   -125.073            0.011        16475.720      0.838      0.000      0.000    0.00000    0.03167          -49.87393       82.18708         8.198e-01 
  3790.971           3.466     -8.033   -125.073            0.011        16475.727      0.838      0.000      0.000    0.00000    0.03166          -49.85675       82.17402         8.205e-01 
  3791.971           3.458     -8.033   -125.073            0.011        16475.734      0.838      0.000      0.000    0.00000    0.03164          -49.83979       82.16110         8.213e-01 
  3792.971           3.449     -8.033   -125.073            0.011        16475.741      0.838      0.000      0.000    0.00000    0.03163          -49.82303       82.14832         8.220e-01 
  3793.971           3.441     -8.033   -125.073            0.011        16475.749      0.838      0.000      0.000    0.00000    0.03161          -49.80649       82.13570         8.228e-01 
  3794.971           3.432     -8.033   -125.073            0.011        16475.756      0.838      0.000      0.000    0.00000    0.03159          -49.79015       82.12322         8.235e-01 
  3795.971           3.424     -8.033   -125.073            0.011        16475.763      0.838      0.000      0.000    0.00000    0.03158          -49.77403       82.11089         8.242e-01 
  3796.971           3.415     -8.033   -125.073            0.011        16475.770      0.838      0.000      0.000    0.00000    0.03156          -49.75811       82.09872         8.250e-01 
  3797.971           3.406     -8.033   -125.073            0.011        16475.778      0.838      0.000      0.000    0.00000    0.03154          -49.74241       82.08669         8.257e-01 
  3798.971           3.398     -8.033   -125.073            0.011        16475.785      0.838      0.000      0.000    0.00000    0.03153          -49.72692       82.07481         8.265e-01 
  3799.971           3.389     -8.033   -125.072            0.011        16475.792      0.838      0.000      0.000    0.00000    0.03151          -49.71165       82.06309         8.272e-01 
  3800.971           3.381     -8.033   -125.072            0.011        16475.799      0.838      0.000      0.000    0.00000    0.03149          -49.69658       82.05151         8.279e-01 
  3801.971           3.372     -8.033   -125.072            0.011        16475.807      0.838      0.000      0.000    0.00000    0.03148          -49.68174       82.04009         8.287e-01 
  3802.971           3.364     -8.033   -125.072            0.011        16475.814      0.838      0.000      0.000    0.00000    0.03146          -49.66710       82.02883         8.294e-01 
  3803.971           3.355     -8.033   -125.072            0.011        16475.821      0.838      0.000      0.000    0.00000    0.03144          -49.65268       82.01771         8.301e-01 
  3804.971           3.347     -8.033   -125.072            0.011        16475.828      0.838      0.000      0.000    0.00000    0.03143          -49.63848       82.00675         8.309e-01 
  3805.971           3.338     -8.033   -125.072            0.011        16475.836      0.838      0.000      0.000    0.00000    0.03141          -49.62449       81.99594         8.316e-01 
  3806.971           3.329     -8.033   -125.072            0.011        16475.843      0.838      0.000      0.000    0.00000    0.03140          -49.61072       81.98529         8.324e-01 
  3807.971           3.321     -8.033   -125.072            0.011        16475.850      0.838      0.000      0.000    0.00000    0.03138          -49.59717       81.97480         8.331e-01 
  3808.971           3.312     -8.033   -125.072            0.011        16475.857      0.838      0.000      0.000    0.00000    0.03136          -49.58383       81.96446         8.338e-01 
  3809.971           3.304     -8.033   -125.072            0.011        16475.865      0.838      0.000      0.000    0.00000    0.03135          -49.57072       81.95428         8.346e-01 
  3810.971           3.295     -8.033   -125.072            0.011        16475.872      0.838      0.000      0.000    0.00000    0.03133          -49.55782       81.94425         8.353e-01 
  3811.971           3.287     -8.033   -125.072            0.011        16475.879      0.838      0.000      0.000    0.00000    0.03132          -49.54514       81.93438         8.361e-01 
  3812.971           3.278     -8.033   -125.072            0.011        16475.886      0.838      0.000      0.000    0.00000    0.03130          -49.53268       81.92468         8.368e-01 
  3813.971           3.270     -8.033   -125.072            0.011        16475.893      0.838      0.000      0.000    0.00000    0.03128          -49.52044       81.91513         8.375e-01 
  3814.971           3.261     -8.033   -125.071            0.011        16475.901      0.838      0.000      0.000    0.00000    0.03127          -49.50843       81.90574         8.383e-01 
  3815.971           3.253     -8.033   -125.071            0.011        16475.908      0.838      0.000      0.000    0.00000    0.03125          -49.49663       81.89651         8.390e-01 
  3816.971           3.245     -8.033   -125.071            0.011        16475.915      0.838      0.000      0.000    0.00000    0.03124          -49.48506       81.88744         8.398e-01 
  3817.971           3.236     -8.033   -125.071            0.011        16475.922      0.838      0.000      0.000    0.00000    0.03122          -49.47371       81.87854         8.405e-01 
  3818.971           3.228     -8.033   -125.071            0.011        16475.930      0.838      0.000      0.000    0.00000    0.03120          -49.46258       81.86979         8.412e-01 
  3819.971           3.219     -8.033   -125.071            0.011        16475.937      0.838      0.000      0.000    0.00000    0.03119          -49.45168       81.86121         8.420e-01 
  3820.971           3.211     -8.033   -125.071            0.011        16475.944      0.838      0.000      0.000    0.00000    0.03117          -49.44100       81.85279         8.427e-01 
  3821.971           3.202     -8.033   -125.071            0.011        16475.951      0.838      0.000      0.000    0.00000    0.03116          -49.43055       81.84454         8.435e-01 
  3822.971           3.194     -8.033   -125.071            0.011        16475.959      0.838      0.000      0.000    0.00000    0.03114          -49.42032       81.83645         8.442e-01 
  3823.971           3.185     -8.033   -125.071            0.011        16475.966      0.838      0.000      0.000    0.00000    0.03112          -49.41031       81.82853         8.449e-01 
  3824.971           3.177     -8.033   -125.071            0.011        16475.973      0.838      0.000      0.000    0.00000    0.03111          -49.40054       81.82077         8.457e-01 
  3825.971           3.168     -8.033   -125.071            0.011        16475.980      0.838      0.000      0.000    0.00000    0.03109          -49.39099       81.81318         8.464e-01 
  3826.971           3.160     -8.033   -125.071            0.011        16475.987      0.838      0.000      0.000    0.00000    0.03108          -49.38167       81.80576         8.472e-01 
  3827.971           3.152     -8.033   -125.071            0.011        16475.995      0.838      0.000      0.000    0.00000    0.03106          -49.37258       81.79850         8.479e-01 
  3828.971           3.143     -8.033   -125.071            0.011        16476.002      0.838      0.000      0.000    0.00000    0.03104          -49.36372       81.79141         8.487e-01 
  3829.971           3.135     -8.033   -125.070            0.011        16476.009      0.838      0.000      0.000    0.00000    0.03103          -49.35508       81.78450         8.494e-01 
  3830.971           3.126     -8.033   -125.070            0.011        16476.016      0.838      0.000      0.000    0.00000    0.03101          -49.34668       81.77775         8.501e-01 
  3831.971           3.118     -8.033   -125.070            0.011        16476.024      0.838      0.000      0.000    0.00000    0.03100          -49.33850       81.77117         8.509e-01 
  3832.971           3.110     -8.033   -125.070            0.011        16476.031      0.838      0.000      0.000    0.00000    0.03098          -49.33056       81.76477         8.516e-01 
  3833.971           3.101     -8.033   -125.070            0.011        16476.038      0.838      0.000      0.000    0.00000    0.03097          -49.32285       81.75853         8.524e-01 
  3834.971           3.093     -8.033   -125.070            0.011        16476.045      0.838      0.000      0.000    0.00000    0.03095          -49.31538       81.75247         8.531e-01 
  3835.971           3.084     -8.033   -125.070            0.011        16476.052      0.838      0.000      0.000    0.00000    0.03093          -49.30813       81.74658         8.538e-01 
  3836.971           3.076     -8.033   -125.070            0.011        16476.060      0.838      0.000      0.000    0.00000    0.03092          -49.30112       81.74087         8.546e-01 
  3837.971           3.068     -8.033   -125.070            0.011        16476.067      0.838      0.000      0.000    0.00000    0.03090          -49.29434       81.73533         8.553e-01 
  3838.971           3.059     -8.033   -125.070            0.011        16476.074      0.838      0.000      0.000    0.00000    0.03089          -49.28780       81.72996         8.561e-01 
  3839.971           3.051     -8.033   -125.070            0.011        16476.081      0.838      0.000      0.000    0.00000    0.03087          -49.28150       81.72478         8.568e-01 
  3840.971           3.043     -8.033   -125.070            0.011        16476.088      0.838      0.000      0.000    0.00000    0.03086          -49.27543       81.71977         8.576e-01 
  3841.971           3.034     -8.033   -125.070            0.011        16476.096      0.838      0.000      0.000    0.00000    0.03084          -49.26959       81.71493         8.583e-01 
  3842.971           3.026     -8.033   -125.070            0.011        16476.103      0.838      0.000      0.000    0.00000    0.03083          -49.26400       81.71028         8.590e-01 
  3843.971           3.018     -8.033   -125.070            0.011        16476.110      0.838      0.000      0.000    0.00000    0.03081          -49.25864       81.70580         8.598e-01 
  3844.971           3.009     -8.033   -125.070            0.011        16476.117      0.838      0.000      0.000    0.00000    0.03079          -49.25352       81.70151         8.605e-01 
  3845.971           3.001     -8.033   -125.069            0.011        16476.124      0.838      0.000      0.000    0.00000    0.03078          -49.24864       81.69739         8.613e-01 
  3846.971           2.992     -8.033   -125.069            0.011        16476.132      0.838      0.000      0.000    0.00000    0.03076          -49.24400       81.69346         8.620e-01 
  3847.971           2.984     -8.033   -125.069            0.011        16476.139      0.838      0.000      0.000    0.00000    0.03075          -49.23960       81.68970         8.628e-01 
  3848.971           2.976     -8.033   -125.069            0.011        16476.146      0.838      0.000      0.000    0.00000    0.03073          -49.23544       81.68614         8.635e-01 
  3849.971           2.968     -8.033   -125.069            0.011        16476.153      0.838      0.000      0.000    0.00000    0.03072          -49.23152       81.68275         8.642e-01 
  3850.971           2.959     -8.033   -125.069            0.011        16476.160      0.838      0.000      0.000    0.00000    0.03070          -49.22785       81.67955         8.650e-01 
  3851.971           2.951     -8.033   -125.069            0.011        16476.167      0.838      0.000      0.000    0.00000    0.03069          -49.22441       81.67653         8.657e-01 
  3852.971           2.943     -8.033   -125.069            0.011        16476.175      0.838      0.000      0.000    0.00000    0.03067          -49.22122       81.67370         8.665e-01 
  3853.971           2.934     -8.033   -125.069            0.011        16476.182      0.838      0.000      0.000    0.00000    0.03066          -49.21828       81.67106         8.672e-01 
  3854.971           2.926     -8.033   -125.069            0.011        16476.189      0.838      0.000      0.000    0.00000    0.03064          -49.21558       81.66861         8.680e-01 
  3855.971           2.918     -8.033   -125.069            0.011        16476.196      0.838      0.000      0.000    0.00000    0.03062          -49.21312       81.66634         8.687e-01 
  3856.971           2.909     -8.033   -125.069            0.011        16476.203      0.838      0.000      0.000    0.00000    0.03061          -49.21092       81.66426         8.694e-01 
  3857.971           2.901     -8.033   -125.069            0.011        16476.210      0.838      0.000      0.000    0.00000    0.03059          -49.20895       81.66238         8.702e-01 
  3858.971           2.893     -8.033   -125.069            0.011        16476.218      0.838      0.000      0.000    0.00000    0.03058          -49.20724       81.66068         8.709e-01 
  3859.971           2.884     -8.033   -125.069            0.011        16476.225      0.838      0.000      0.000    0.00000    0.03056          -49.20577       81.65918         8.717e-01 
  3860.971           2.876     -8.032   -125.068            0.011        16476.232      0.838      0.000      0.000    0.00000    0.03055          -49.20455       81.65787         8.724e-01 
  3861.971           2.868     -8.032   -125.068            0.011        16476.239      0.838      0.000      0.000    0.00000    0.03053          -49.20358       81.65675         8.732e-01 
  3862.971           2.860     -8.032   -125.068            0.011        16476.246      0.838      0.000      0.000    0.00000    0.03052          -49.20287       81.65583         8.739e-01 
  3863.971           2.851     -8.032   -125.068            0.011        16476.253      0.838      0.000      0.000    0.00000    0.03050          -49.20240       81.65510         8.746e-01 
  3864.971           2.843     -8.032   -125.068            0.011        16476.260      0.838      0.000      0.000    0.00000    0.03049          -49.20218       81.65457         8.754e-01 
  3865.971           2.835     -8.032   -125.068            0.011        16476.267      0.838      0.000      0.000    0.00000    0.03047          -49.20222       81.65424         8.761e-01 
  3866.971           2.827     -8.032   -125.068            0.011        16476.275      0.838      0.000      0.000    0.00000    0.03046          -49.20250       81.65410         8.769e-01 
  3867.971           2.818     -8.032   -125.068            0.011        16476.282      0.838      0.000      0.000    0.00000    0.03044          -49.20305       81.65416         8.776e-01 
  3868.971           2.810     -8.032   -125.068            0.011        16476.289      0.838      0.000      0.000    0.00000    0.03043          -49.20384       81.65443         8.784e-01 
  3869.971           2.802     -8.032   -125.068            0.011        16476.296      0.838      0.000      0.000    0.00000    0.03041          -49.20489       81.65489         8.791e-01 
  3870.971           2.794     -8.032   -125.068            0.011        16476.303      0.838      0.000      0.000    0.00000    0.03040          -49.20620       81.65556         8.799e-01 
  3871.971           2.785     -8.032   -125.068            0.011        16476.310      0.838      0.000      0.000    0.00000    0.03038          -49.20776       81.65643         8.806e-01 
  3872.971           2.777     -8.032   -125.068            0.011        16476.317      0.838      0.000      0.000    0.00000    0.03037          -49.20958       81.65750         8.814e-01 
  3873.971           2.769     -8.032   -125.068            0.011        16476.324      0.838      0.000      0.000    0.00000    0.03035          -49.21165       81.65878         8.821e-01 
  3874.971           2.761     -8.032   -125.068            0.011        16476.331      0.838      0.000      0.000    0.00000    0.03034          -49.21399       81.66027         8.828e-01 
  3875.971           2.752     -8.032   -125.068            0.011        16476.339      0.838      0.000      0.000    0.00000    0.03032          -49.21658       81.66196         8.836e-01 
  3876.971           2.744     -8.032   -125.067            0.011        16476.346      0.838      0.000      0.000    0.00000    0.03031          -49.21943       81.66386         8.843e-01 
  3877.971           2.736     -8.032   -125.067            0.011        16476.353      0.838      0.000      0.000    0.00000    0.03029          -49.22255       81.66596         8.851e-01 
  3878.971           2.728     -8.032   -125.067            0.011        16476.360      0.838      0.000      0.000    0.00000    0.03028          -49.22592       81.66828         8.858e-01 
  3879.971           2.720     -8.032   -125.067            0.011        16476.367      0.838      0.000      0.000    0.00000    0.03026          -49.22956       81.67081         8.866e-01 
  3880.971           2.711     -8.032   -125.067            0.011        16476.374      0.838      0.000      0.000    0.00000    0.03025          -49.23346       81.67355         8.873e-01 
  3881.971           2.703     -8.032   -125.067            0.011        16476.381      0.838      0.000      0.000    0.00000    0.03023          -49.23762       81.67650         8.881e-01 
  3882.971           2.695     -8.032   -125.067            0.011        16476.388      0.838      0.000      0.000    0.00000    0.03022          -49.24205       81.67967         8.888e-01 
  3883.971           2.687     -8.032   -125.067            0.011        16476.395      0.838      0.000      0.000    0.00000    0.03020          -49.24674       81.68306         8.896e-01 
  3884.971           2.679     -8.032   -125.067            0.011        16476.402      0.838      0.000      0.000    0.00000    0.03019          -49.25169       81.68666         8.903e-01 
  3885.971           2.670     -8.032   -125.067            0.011        16476.409      0.838      0.000      0.000    0.00000    0.03017          -49.25692       81.69047         8.910e-01 
  3886.971           2.662     -8.032   -125.067            0.011        16476.416      0.838      0.000      0.000    0.00000    0.03016          -49.26240       81.69451         8.918e-01 
  3887.971           2.654     -8.032   -125.067            0.011        16476.423      0.838      0.000      0.000    0.00000    0.03014          -49.26816       81.69877         8.925e-01 
  3888.971           2.646     -8.032   -125.067            0.011        16476.430      0.838      0.000      0.000    0.00000    0.03013          -49.27419       81.70324         8.933e-01 
  3889.971           2.638     -8.032   -125.067            0.011        16476.437      0.838      0.000      0.000    0.00000    0.03011          -49.28048       81.70794         8.940e-01 
  3890.971           2.630     -8.032   -125.067            0.011        16476.444      0.838      0.000      0.000    0.00000    0.03010          -49.28705       81.71286         8.948e-01 
  3891.971           2.621     -8.032   -125.067            0.011        16476.451      0.838      0.000      0.000    0.00000    0.03009          -49.29388       81.71801         8.955e-01 
  3892.971           2.613     -8.032   -125.066            0.011        16476.458      0.838      0.000      0.000    0.00000    0.03007          -49.30099       81.72338         8.963e-01 
  3893.971           2.605     -8.032   -125.066            0.011        16476.465      0.838      0.000      0.000    0.00000    0.03006          -49.30837       81.72898         8.970e-01 
  3894.971           2.597     -8.032   -125.066            0.011        16476.472      0.838      0.000      0.000    0.00000    0.03004          -49.31602       81.73481         8.978e-01 
  3895.971           2.589     -8.032   -125.066            0.011        16476.479      0.838      0.000      0.000    0.00000    0.03003          -49.32395       81.74086         8.985e-01 
  3896.971           2.581     -8.032   -125.066            0.011        16476.486      0.838      0.000      0.000    0.00000    0.03001          -49.33215       81.74715         8.993e-01 
  3897.971           2.573     -8.032   -125.066            0.011        16476.493      0.838      0.000      0.000    0.00000    0.03000          -49.34063       81.75367         9.000e-01 
  3898.971           2.564     -8.032   -125.066            0.011        16476.500      0.838      0.000      0.000    0.00000    0.02998          -49.34938       81.76042         9.008e-01 
  3899.971           2.556     -8.032   -125.066            0.011        16476.507      0.838      0.000      0.000    0.00000    0.02997          -49.35841       81.76741         9.015e-01 
  3900.971           2.548     -8.032   -125.066            0.011        16476.514      0.838      0.000      0.000    0.00000    0.02995          -49.36772       81.77463         9.023e-01 
  3901.971           2.540     -8.032   -125.066            0.011        16476.521      0.838      0.000      0.000    0.00000    0.02994          -49.37730       81.78209         9.030e-01 
  3902.971           2.532     -8.032   -125.066            0.011        16476.528      0.838      0.000      0.000    0.00000    0.02992          -49.38717       81.78979         9.038e-01 
  3903.971           2.524     -8.032   -125.066            0.011        16476.535      0.838      0.000      0.000    0.00000    0.02991          -49.39732       81.79772         9.045e-01 
  3904.971           2.516     -8.032   -125.066            0.011        16476.542      0.838      0.000      0.000    0.00000    0.02990          -49.40774       81.80590         9.053e-01 
  3905.971           2.508     -8.032   -125.066            0.011        16476.549      0.838      0.000      0.000    0.00000    0.02988          -49.41845       81.81432         9.060e-01 
  3906.971           2.499     -8.032   -125.066            0.011        16476.556      0.838      0.000      0.000    0.00000    0.02987          -49.42944       81.82299         9.067e-01 
  3907.971           2.491     -8.032   -125.066            0.011        16476.563      0.838      0.000      0.000    0.00000    0.02985          -49.44072       81.83190         9.075e-01 
  3908.971           2.483     -8.032   -125.065            0.011        16476.570      0.838      0.000      0.000    0.00000    0.02984          -49.45228       81.84105         9.082e-01 
  3909.971           2.475     -8.032   -125.065            0.011        16476.577      0.838      0.000      0.000    0.00000    0.02982          -49.46412       81.85046         9.090e-01 
  3910.971           2.467     -8.032   -125.065            0.011        16476.584      0.838      0.000      0.000    0.00000    0.02981          -49.47626       81.86011         9.097e-01 
  3911.971           2.459     -8.032   -125.065            0.011        16476.591      0.838      0.000      0.000    0.00000    0.02979          -49.48867       81.87002         9.105e-01 
  3912.971           2.451     -8.032   -125.065            0.011        16476.598      0.838      0.000      0.000    0.00000    0.02978          -49.50138       81.88018         9.112e-01 
  3913.971           2.443     -8.032   -125.065            0.011        16476.605      0.838      0.000      0.000    0.00000    0.02977          -49.51437       81.89059         9.120e-01 
  3914.971           2.435     -8.032   -125.065            0.011        16476.611      0.838      0.000      0.000    0.00000    0.02975          -49.52766       81.90126         9.127e-01 
  3915.971           2.427     -8.032   -125.065            0.011        16476.618      0.838      0.000      0.000    0.00000    0.02974          -49.54123       81.91218         9.135e-01 
  3916.971           2.418     -8.032   -125.065            0.011        16476.625      0.838      0.000      0.000    0.00000    0.02972          -49.55510       81.92336         9.142e-01 
  3917.971           2.410     -8.032   -125.065            0.011        16476.632      0.838      0.000      0.000    0.00000    0.02971          -49.56926       81.93481         9.150e-01 
  3918.971           2.402     -8.032   -125.065            0.011        16476.639      0.838      0.000      0.000    0.00000    0.02969          -49.58371       81.94651         9.157e-01 
  3919.971           2.394     -8.032   -125.065            0.011        16476.646      0.838      0.000      0.000    0.00000    0.02968          -49.59845       81.95848         9.165e-01 
  3920.971           2.386     -8.032   -125.065            0.011        16476.653      0.838      0.000      0.000    0.00000    0.02967          -49.61349       81.97072         9.172e-01 
  3921.971           2.378     -8.032   -125.065            0.011        16476.660      0.838      0.000      0.000    0.00000    0.02965          -49.62883       81.98322         9.180e-01 
  3922.971           2.370     -8.032   -125.065            0.011        16476.666      0.838      0.000      0.000    0.00000    0.02964          -49.64446       81.99599         9.187e-01 
  3923.971           2.362     -8.032   -125.065            0.011        16476.673      0.838      0.000      0.000    0.00000    0.02962          -49.66039       82.00903         9.195e-01 
  3924.971           2.354     -8.032   -125.064            0.011        16476.680      0.838      0.000      0.000    0.00000    0.02961          -49.67662       82.02234         9.202e-01 
  3925.971           2.346     -8.032   -125.064            0.011        16476.687      0.838      0.000      0.000    0.00000    0.02959          -49.69315       82.03592         9.210e-01 
  3926.971           2.338     -8.032   -125.064            0.011        16476.694      0.838      0.000      0.000    0.00000    0.02958          -49.70997       82.04978         9.217e-01 
  3927.971           2.330     -8.032   -125.064            0.011        16476.701      0.838      0.000      0.000    0.00000    0.02957          -49.72710       82.06392         9.225e-01 
  3928.971           2.322     -8.032   -125.064            0.011        16476.707      0.838      0.000      0.000    0.00000    0.02955          -49.74453       82.07834         9.233e-01 
  3929.971           2.314     -8.032   -125.064            0.011        16476.714      0.838      0.000      0.000    0.00000    0.02954          -49.76227       82.09303         9.240e-01 
  3930.971           2.306     -8.032   -125.064            0.011        16476.721      0.838      0.000      0.000    0.00000    0.02952          -49.78030       82.10801         9.248e-01 
  3931.971           2.298     -8.032   -125.064            0.011        16476.728      0.838      0.000      0.000    0.00000    0.02951          -49.79865       82.12328         9.255e-01 
  3932.971           2.290     -8.032   -125.064            0.011        16476.735      0.838      0.000      0.000    0.00000    0.02949          -49.81729       82.13883         9.263e-01 
  3933.971           2.282     -8.032   -125.064            0.011        16476.741      0.838      0.000      0.000    0.00000    0.02948          -49.83625       82.15467         9.270e-01 
  3934.971           2.273     -8.032   -125.064            0.011        16476.748      0.838      0.000      0.000    0.00000    0.02947          -49.85551       82.17079         9.278e-01 
  3935.971           2.265     -8.032   -125.064            0.010        16476.755      0.838      0.000      0.000    0.00000    0.02945          -49.87508       82.18722         9.285e-01 
  3936.971           2.257     -8.032   -125.064            0.010        16476.762      0.838      0.000      0.000    0.00000    0.02944          -49.89496       82.20393         9.293e-01 
  3937.971           2.249     -8.032   -125.064            0.010        16476.768      0.838      0.000      0.000    0.00000    0.02942          -49.91515       82.22094         9.300e-01 
  3938.971           2.241     -8.032   -125.064            0.010        16476.775      0.838      0.000      0.000    0.00000    0.02941          -49.93566       82.23825         9.308e-01 
  3939.971           2.233     -8.032   -125.064            0.010        16476.782      0.838      0.000      0.000    0.00000    0.02940          -49.95647       82.25586         9.315e-01 
  3940.971           2.225     -8.032   -125.063            0.010        16476.789      0.838      0.000      0.000    0.00000    0.02938          -49.97760       82.27377         9.323e-01 
  3941.971           2.217     -8.032   -125.063            0.010        16476.795      0.838      0.000      0.000    0.00000    0.02937          -49.99905       82.29198         9.330e-01 
  3942.971           2.209     -8.032   -125.063            0.010        16476.802      0.838      0.000      0.000    0.00000    0.02935          -50.02080       82.31050         9.338e-01 
  3943.971           2.201     -8.032   -125.063            0.010        16476.809      0.838      0.000      0.000    0.00000    0.02934          -50.04288       82.32933         9.345e-01 
  3944.971           2.193     -8.032   -125.063            0.010        16476.816      0.838      0.000      0.000    0.00000    0.02933          -50.06527       82.34847         9.353e-01 
  3945.971           2.185     -8.032   -125.063            0.010        16476.822      0.838      0.000      0.000    0.00000    0.02931          -50.08798       82.36792         9.360e-01 
  3946.971           2.177     -8.032   -125.063            0.010        16476.829      0.838      0.000      0.000    0.00000    0.02930          -50.11101       82.38769         9.368e-01 
  3947.971           2.169     -8.032   -125.063            0.010        16476.836      0.838      0.000      0.000    0.00000    0.02928          -50.13436       82.40777         9.376e-01 
  3948.971           2.161     -8.032   -125.063            0.010        16476.842      0.838      0.000      0.000    0.00000    0.02927          -50.15804       82.42818         9.383e-01 
  3949.971           2.153     -8.032   -125.063            0.010        16476.849      0.838      0.000      0.000    0.00000    0.02926          -50.18203       82.44890         9.391e-01 
  3950.971           2.145     -8.032   -125.063            0.010        16476.856      0.838      0.000      0.000    0.00000    0.02924          -50.20635       82.46995         9.398e-01 
  3951.971           2.137     -8.032   -125.063            0.010        16476.862      0.838      0.000      0.000    0.00000    0.02923          -50.23099       82.49133         9.406e-01 
  3952.971           2.129     -8.032   -125.063            0.010        16476.869      0.838      0.000      0.000    0.00000    0.02922          -50.25596       82.51304         9.413e-01 
  3953.971           2.121     -8.032   -125.063            0.010        16476.876      0.838      0.000      0.000    0.00000    0.02920          -50.28126       82.53507         9.421e-01 
  3954.971           2.113     -8.032   -125.063            0.010        16476.882      0.838      0.000      0.000    0.00000    0.02919          -50.30688       82.55744         9.428e-01 
  3955.971           2.105     -8.032   -125.063            0.010        16476.889      0.838      0.000      0.000    0.00000    0.02917          -50.33283       82.58015         9.436e-01 
  3956.971           2.097     -8.032   -125.063            0.010        16476.895      0.838      0.000      0.000    0.00000    0.02916          -50.35911       82.60319         9.443e-01 
  3957.971           2.089     -8.032   -125.062            0.010        16476.902      0.838      0.000      0.000    0.00000    0.02915          -50.38572       82.62658         9.451e-01 
  3958.971           2.081     -8.032   -125.062            0.010        16476.909      0.838      0.000      0.000    0.00000    0.02913          -50.41267       82.65031         9.459e-01 
  3959.971           2.074     -8.032   -125.062            0.010        16476.915      0.838      0.000      0.000    0.00000    0.02912          -50.43994       82.67438         9.466e-01 
  3960.971           2.066     -8.032   -125.062            0.010        16476.922      0.838      0.000      0.000    0.00000    0.02910          -50.46755       82.69881         9.474e-01 
  3961.971           2.058     -8.032   -125.062            0.010        16476.928      0.838      0.000      0.000    0.00000    0.02909          -50.49550       82.72358         9.481e-01 
  3962.971           2.050     -8.032   -125.062            0.010        16476.935      0.838      0.000      0.000    0.00000    0.02908          -50.52378       82.74871         9.489e-01 
  3963.971           2.042     -8.032   -125.062            0.010        16476.941      0.838      0.000      0.000    0.00000    0.02906          -50.55240       82.77420         9.496e-01 
  3964.971           2.034     -8.032   -125.062            0.010        16476.948      0.838      0.000      0.000    0.00000    0.02905          -50.58135       82.80005         9.504e-01 
  3965.971           2.026     -8.032   -125.062            0.010        16476.955      0.838      0.000      0.000    0.00000    0.02904          -50.61065       82.82626         9.511e-01 
  3966.971           2.018     -8.032   -125.062            0.010        16476.961      0.838      0.000      0.000    0.00000    0.02902          -50.64029       82.85283         9.519e-01 
  3967.971           2.010     -8.032   -125.062            0.010        16476.968      0.838      0.000      0.000    0.00000    0.02901          -50.67026       82.87978         9.527e-01 
  3968.971           2.002     -8.032   -125.062            0.010        16476.974      0.838      0.000      0.000    0.00000    0.02900          -50.70058       82.90709         9.534e-01 
  3969.971           1.994     -8.032   -125.062            0.010        16476.981      0.838      0.000      0.000    0.00000    0.02898          -50.73125       82.93478         9.542e-01 
  3970.971           1.986     -8.032   -125.062            0.010        16476.987      0.838      0.000      0.000    0.00000    0.02897          -50.76226       82.96285         9.549e-01 
  3971.971           1.978     -8.032   -125.062            0.010        16476.994      0.838      0.000      0.000    0.00000    0.02895          -50.79361       82.99129         9.557e-01 
  3972.971           1.970     -8.032   -125.062            0.010        16477.000      0.838      0.000      0.000    0.00000    0.02894          -50.82531       83.02012         9.564e-01 
  3973.971           1.962     -8.032   -125.062            0.010        16477.007      0.838      0.000      0.000    0.00000    0.02893          -50.85736       83.04933         9.572e-01 
  3974.971           1.954     -8.032   -125.061            0.010        16477.013      0.838      0.000      0.000    0.00000    0.02891          -50.88976       83.07894         9.580e-01 
  3975.971           1.946     -8.032   -125.061            0.010        16477.019      0.838      0.000      0.000    0.00000    0.02890          -50.92251       83.10893         9.587e-01 
  3976.971           1.938     -8.032   -125.061            0.010        16477.026      0.838      0.000      0.000    0.00000    0.02889          -50.95561       83.13933         9.595e-01 
  3977.971           1.930     -8.032   -125.061            0.010        16477.032      0.838      0.000      0.000    0.00000    0.02887          -50.98906       83.17012         9.602e-01 
  3978.971           1.922     -8.031   -125.061            0.010        16477.039      0.838      0.000      0.000    0.00000    0.02886          -51.02286       83.20131         9.610e-01 
  3979.971           1.914     -8.031   -125.061            0.010        16477.045      0.838      0.000      0.000    0.00000    0.02885          -51.05702       83.23291         9.617e-01 
  3980.971           1.907     -8.031   -125.061            0.010        16477.052      0.838      0.000      0.000    0.00000    0.02883          -51.09154       83.26492         9.625e-01 
  3981.971           1.899     -8.031   -125.061            0.010        16477.058      0.838      0.000      0.000    0.00000    0.02882          -51.12641       83.29734         9.633e-01 
  3982.971           1.891     -8.031   -125.061            0.010        16477.064      0.838      0.000      0.000    0.00000    0.02881          -51.16165       83.33017         9.640e-01 
  3983.971           1.883     -8.031   -125.061            0.010        16477.071      0.838      0.000      0.000    0.00000    0.02879          -51.19724       83.36343         9.648e-01 
  3984.971           1.875     -8.031   -125.061            0.010        16477.077      0.838      0.000      0.000    0.00000    0.02878          -51.23319       83.39711         9.655e-01 
  3985.971           1.867     -8.031   -125.061            0.010        16477.083      0.838      0.000      0.000    0.00000    0.02876          -51.26950       83.43121         9.663e-01 
  3986.971           1.859     -8.031   -125.061            0.010        16477.090      0.838      0.000      0.000    0.00000    0.02875          -51.30617       83.46575         9.671e-01 
  3987.971           1.851     -8.031   -125.061            0.010        16477.096      0.838      0.000      0.000    0.00000    0.02874          -51.34321       83.50071         9.678e-01 
  3988.971           1.843     -8.031   -125.061            0.010        16477.102      0.838      0.000      0.000    0.00000    0.02872          -51.38062       83.53612         9.686e-01 
  3989.971           1.835     -8.031   -125.061            0.010        16477.109      0.838      0.000      0.000    0.00000    0.02871          -51.41839       83.57197         9.693e-01 
  3990.971           1.827     -8.031   -125.061            0.010        16477.115      0.838      0.000      0.000    0.00000    0.02870          -51.45652       83.60826         9.701e-01 
  3991.971           1.819     -8.031   -125.060            0.010        16477.121      0.838      0.000      0.000    0.00000    0.02868          -51.49503       83.64500         9.709e-01 
  3992.971           1.812     -8.031   -125.060            0.010        16477.128      0.838      0.000      0.000    0.00000    0.02867          -51.53391       83.68220         9.716e-01 
  3993.971           1.804     -8.031   -125.060            0.010        16477.134      0.838      0.000      0.000    0.00000    0.02866          -51.57315       83.71985         9.724e-01 
  3994.971           1.796     -8.031   -125.060            0.010        16477.140      0.838      0.000      0.000    0.00000    0.02864          -51.61277       83.75796         9.731e-01 
  3995.971           1.788     -8.031   -125.060            0.010        16477.146      0.838      0.000      0.000    0.00000    0.02863          -51.65276       83.79654         9.739e-01 
  3996.971           1.780     -8.031   -125.060            0.010        16477.153      0.838      0.000      0.000    0.00000    0.02862          -51.69312       83.83559         9.747e-01 
  3997.971           1.772     -8.031   -125.060            0.010        16477.159      0.838      0.000      0.000    0.00000    0.02860          -51.73386       83.87511         9.754e-01 
  3998.971           1.764     -8.031   -125.060            0.010        16477.165      0.838      0.000      0.000    0.00000    0.02859          -51.77498       83.91510         9.762e-01 
  3999.971           1.756     -8.031   -125.060            0.010        16477.171      0.838      0.000      0.000    0.00000    0.02858          -51.81647       83.95559         9.770e-01 
  4000.971           1.748     -8.031   -125.060            0.010        16477.178      0.838      0.000      0.000    0.00000    0.02856          -51.85835       83.99655         9.777e-01 
  4001.971           1.740     -8.031   -125.060            0.010        16477.184      0.838      0.000      0.000    0.00000    0.02855          -51.90060       84.03801         9.785e-01 
  4002.971           1.732     -8.031   -125.060            0.010        16477.190      0.838      0.000      0.000    0.00000    0.02854          -51.94323       84.07997         9.792e-01 
  4003.971           1.725     -8.031   -125.060            0.010        16477.196      0.838      0.000      0.000    0.00000    0.02852          -51.98625       84.12242         9.800e-01 
  4004.971           1.717     -8.031   -125.060            0.010        16477.202      0.838      0.000      0.000    0.00000    0.02851          -52.02965       84.16538         9.808e-01 
  4005.971           1.709     -8.031   -125.060            0.010        16477.208      0.838      0.000      0.000    0.00000    0.02850          -52.07343       84.20885         9.815e-01 
  4006.971           1.701     -8.031   -125.060            0.010        16477.215      0.838      0.000      0.000    0.00000    0.02848          -52.11760       84.25283         9.823e-01 
  4007.971           1.693     -8.031   -125.060            0.010        16477.221      0.838      0.000      0.000    0.00000    0.02847          -52.16215       84.29733         9.831e-01 
  4008.971           1.685     -8.031   -125.060            0.010        16477.227      0.838      0.000      0.000    0.00000    0.02846          -52.20710       84.34236         9.838e-01 
  4009.971           1.677     -8.031   -125.059            0.010        16477.233      0.838      0.000      0.000    0.00000    0.02844          -52.25243       84.38791         9.846e-01 
  4010.971           1.669     -8.031   -125.059            0.010        16477.239      0.838      0.000      0.000    0.00000    0.02843          -52.29815       84.43400         9.853e-01 
  4011.971           1.661     -8.031   -125.059            0.010        16477.245      0.838      0.000      0.000    0.00000    0.02842          -52.34427       84.48063         9.861e-01 
  4012.971           1.654     -8.031   -125.059            0.010        16477.251      0.838      0.000      0.000    0.00000    0.02841          -52.39077       84.52780         9.869e-01 
  4013.971           1.646     -8.031   -125.059            0.010        16477.257      0.838      0.000      0.000    0.00000    0.02839          -52.43767       84.57552         9.876e-01 
  4014.971           1.638     -8.031   -125.059            0.010        16477.263      0.838      0.000      0.000    0.00000    0.02838          -52.48497       84.62379         9.884e-01 
  4015.971           1.630     -8.031   -125.059            0.010        16477.269      0.838      0.000      0.000    0.00000    0.02837          -52.53266       84.67263         9.892e-01 
  4016.971           1.622     -8.031   -125.059            0.010        16477.275      0.838      0.000      0.000    0.00000    0.02835          -52.58075       84.72203         9.899e-01 
  4017.971           1.614     -8.031   -125.059            0.010        16477.281      0.838      0.000      0.000    0.00000    0.02834          -52.62923       84.77200         9.907e-01 
  4018.971           1.606     -8.031   -125.059            0.010        16477.287      0.838      0.000      0.000    0.00000    0.02833          -52.67812       84.82255         9.915e-01 
  4019.971           1.598     -8.031   -125.059            0.010        16477.293      0.838      0.000      0.000    0.00000    0.02831          -52.72740       84.87369         9.922e-01 
  4020.971           1.591     -8.031   -125.059            0.010        16477.299      0.838      0.000      0.000    0.00000    0.02830          -52.77709       84.92541         9.930e-01 
  4021.971           1.583     -8.031   -125.059            0.010        16477.305      0.838      0.000      0.000    0.00000    0.02829          -52.82718       84.97772         9.938e-01 
  4022.971           1.575     -8.031   -125.059            0.010        16477.311      0.838      0.000      0.000    0.00000    0.02827          -52.87767       85.03064         9.945e-01 
  4023.971           1.567     -8.031   -125.059            0.010        16477.317      0.838      0.000      0.000    0.00000    0.02826          -52.92857       85.08416         9.953e-01 
  4024.971           1.559     -8.031   -125.059            0.010        16477.323      0.838      0.000      0.000    0.00000    0.02825          -52.97987       85.13829         9.961e-01 
  4025.971           1.551     -8.031   -125.059            0.010        16477.329      0.838      0.000      0.000    0.00000    0.02823          -53.03158       85.19304         9.968e-01 
  4026.971           1.543     -8.031   -125.059            0.010        16477.335      0.838      0.000      0.000    0.00000    0.02822          -53.08370       85.24842         9.976e-01 
  4027.971           1.535     -8.031   -125.059            0.010        16477.341      0.838      0.000      0.000    0.00000    0.02821          -53.13623       85.30442         9.984e-01 
  4028.971           1.528     -8.031   -125.058            0.010        16477.347      0.838      0.000      0.000    0.00000    0.02820          -53.18917       85.36107         9.991e-01 
  4029.971           1.520     -8.031   -125.058            0.010        16477.353      0.838      0.000      0.000    0.00000    0.02818          -53.24252       85.41836         9.999e-01 
  4030.971           1.512     -8.031   -125.058            0.010        16477.359      0.838      0.000      0.000    0.00000    0.02817          -53.29628       85.47629         1.001e+00 
  4031.971           1.504     -8.031   -125.058            0.010        16477.365      0.838      0.000      0.000    0.00000    0.02816          -53.35045       85.53489         1.001e+00 
  4032.971           1.496     -8.031   -125.058            0.010        16477.370      0.838      0.000      0.000    0.00000    0.02814          -53.40504       85.59415         1.002e+00 
  4033.971           1.488     -8.031   -125.058            0.010        16477.376      0.838      0.000      0.000    0.00000    0.02813          -53.46004       85.65409         1.003e+00 
  4034.971           1.480     -8.031   -125.058            0.010        16477.382      0.838      0.000      0.000    0.00000    0.02812          -53.51546       85.71470         1.004e+00 
  4035.971           1.472     -8.031   -125.058            0.010        16477.388      0.838      0.000      0.000    0.00000    0.02810          -53.57130       85.77599         1.005e+00 
  4036.971           1.465     -8.031   -125.058            0.010        16477.394      0.838      0.000      0.000    0.00000    0.02809          -53.62755       85.83798         1.005e+00 
  4037.971           1.457     -8.031   -125.058            0.010        16477.399      0.838      0.000      0.000    0.00000    0.02808          -53.68423       85.90067         1.006e+00 
  4038.971           1.449     -8.031   -125.058            0.010        16477.405      0.838      0.000      0.000    0.00000    0.02807          -53.74132       85.96407         1.007e+00 
  4039.971           1.441     -8.031   -125.058            0.010        16477.411      0.838      0.000      0.000    0.00000    0.02805          -53.79884       86.02818         1.008e+00 
  4040.971           1.433     -8.031   -125.058            0.010        16477.417      0.838      0.000      0.000    0.00000    0.02804          -53.85677       86.09302         1.008e+00 
  4041.971           1.425     -8.031   -125.058            0.010        16477.422      0.838      0.000      0.000    0.00000    0.02803          -53.91513       86.15859         1.009e+00 
  4042.971           1.417     -8.031   -125.058            0.010        16477.428      0.838      0.000      0.000    0.00000    0.02801          -53.97392       86.22489         1.010e+00 
  4043.971           1.410     -8.031   -125.058            0.010        16477.434      0.838      0.000      0.000    0.00000    0.02800          -54.03313       86.29194         1.011e+00 
  4044.971           1.402     -8.031   -125.058            0.010        16477.440      0.838      0.000      0.000    0.00000    0.02799          -54.09276       86.35975         1.011e+00 
  4045.971           1.394     -8.031   -125.058            0.010        16477.445      0.838      0.000      0.000    0.00000    0.02798          -54.15282       86.42832         1.012e+00 
  4046.971           1.386     -8.031   -125.058            0.010        16477.451      0.838      0.000      0.000    0.00000    0.02796          -54.21331       86.49766         1.013e+00 
  4047.971           1.378     -8.031   -125.057            0.010        16477.457      0.838      0.000      0.000    0.00000    0.02795          -54.27422       86.56779         1.014e+00 
  4048.971           1.370     -8.031   -125.057            0.010        16477.462      0.838      0.000      0.000    0.00000    0.02794          -54.33557       86.63870         1.015e+00 
  4049.971           1.362     -8.031   -125.057            0.010        16477.468      0.838      0.000      0.000    0.00000    0.02792          -54.39734       86.71041         1.015e+00 
  4050.971           1.354     -8.031   -125.057            0.010        16477.474      0.838      0.000      0.000    0.00000    0.02791          -54.45955       86.78292         1.016e+00 
  4051.971           1.347     -8.031   -125.057            0.010        16477.479      0.838      0.000      0.000    0.00000    0.02790          -54.52219       86.85626         1.017e+00 
  4052.971           1.339     -8.031   -125.057            0.010        16477.485      0.838      0.000      0.000    0.00000    0.02789          -54.58525       86.93041         1.018e+00 
  4053.971           1.331     -8.031   -125.057            0.010        16477.490      0.838      0.000      0.000    0.00000    0.02787          -54.64875       87.00540         1.018e+00 
  4054.971           1.323     -8.031   -125.057            0.010        16477.496      0.838      0.000      0.000    0.00000    0.02786          -54.71269       87.08124         1.019e+00 
  4055.971           1.315     -8.031   -125.057            0.010        16477.501      0.838      0.000      0.000    0.00000    0.02785          -54.77706       87.15793         1.020e+00 
  4056.971           1.307     -8.031   -125.057            0.010        16477.507      0.838      0.000      0.000    0.00000    0.02783          -54.84186       87.23548         1.021e+00 
  4057.971           1.299     -8.031   -125.057            0.010        16477.513      0.838      0.000      0.000    0.00000    0.02782          -54.90710       87.31390         1.021e+00 
  4058.971           1.292     -8.031   -125.057            0.010        16477.518      0.838      0.000      0.000    0.00000    0.02781          -54.97277       87.39321         1.022e+00 
  4059.971           1.284     -8.031   -125.057            0.010        16477.524      0.838      0.000      0.000    0.00000    0.02780          -55.03888       87.47341         1.023e+00 
  4060.971           1.276     -8.031   -125.057            0.010        16477.529      0.838      0.000      0.000    0.00000    0.02778          -55.10543       87.55452         1.024e+00 
  4061.971           1.268     -8.031   -125.057            0.010        16477.535      0.838      0.000      0.000    0.00000    0.02777          -55.17241       87.63654         1.025e+00 
  4062.971           1.260     -8.031   -125.057            0.010        16477.540      0.838      0.000      0.000    0.00000    0.02776          -55.23983       87.71948         1.025e+00 
  4063.971           1.252     -8.031   -125.057            0.010        16477.545      0.838      0.000      0.000    0.00000    0.02774          -55.30769       87.80336         1.026e+00 
  4064.971           1.244     -8.031   -125.057            0.010        16477.551      0.838      0.000      0.000    0.00000    0.02773          -55.37599       87.88819         1.027e+00 
  4065.971           1.237     -8.031   -125.057            0.010        16477.556      0.838      0.000      0.000    0.00000    0.02772          -55.44473       87.97398         1.028e+00 
  4066.971           1.229     -8.031   -125.057            0.010        16477.562      0.838      0.000      0.000    0.00000    0.02771          -55.51391       88.06073         1.028e+00 
  4067.971           1.221     -8.031   -125.056            0.010        16477.567      0.838      0.000      0.000    0.00000    0.02769          -55.58353       88.14847         1.029e+00 
  4068.971           1.213     -8.031   -125.056            0.010        16477.572      0.838      0.000      0.000    0.00000    0.02768          -55.65359       88.23720         1.030e+00 
  4069.971           1.205     -8.031   -125.056            0.010        16477.578      0.838      0.000      0.000    0.00000    0.02767          -55.72409       88.32694         1.031e+00 
  4070.971           1.197     -8.031   -125.056            0.010        16477.583      0.838      0.000      0.000    0.00000    0.02766          -55.79503       88.41769         1.032e+00 
  4071.971           1.189     -8.031   -125.056            0.009        16477.589      0.838      0.000      0.000    0.00000    0.02764          -55.86641       88.50947         1.032e+00 
  4072.971           1.181     -8.031   -125.056            0.009        16477.594      0.838      0.000      0.000    0.00000    0.02763          -55.93823       88.60230         1.033e+00 
  4073.971           1.174     -8.031   -125.056            0.009        16477.599      0.838      0.000      0.000    0.00000    0.02762          -56.01049       88.69618         1.034e+00 
  4074.971           1.166     -8.031   -125.056            0.009        16477.604      0.838      0.000      0.000    0.00000    0.02760          -56.08319       88.79112         1.035e+00 
  4075.971           1.158     -8.031   -125.056            0.009        16477.610      0.838      0.000      0.000    0.00000    0.02759          -56.15634       88.88715         1.035e+00 
  4076.971           1.150     -8.031   -125.056            0.009        16477.615      0.838      0.000      0.000    0.00000    0.02758          -56.22992       88.98427         1.036e+00 
  4077.971           1.142     -8.031   -125.056            0.009        16477.620      0.838      0.000      0.000    0.00000    0.02757          -56.30395       89.08250         1.037e+00 
  4078.971           1.134     -8.031   -125.056            0.009        16477.625      0.838      0.000      0.000    0.00000    0.02755          -56.37842       89.18185         1.038e+00 
  4079.971           1.126     -8.031   -125.056            0.009        16477.631      0.838      0.000      0.000    0.00000    0.02754          -56.45333       89.28234         1.039e+00 
  4080.971           1.119     -8.031   -125.056            0.009        16477.636      0.838      0.000      0.000    0.00000    0.02753          -56.52868       89.38398         1.039e+00 
  4081.971           1.111     -8.031   -125.056            0.009        16477.641      0.838      0.000      0.000    0.00000    0.02752          -56.60446       89.48678         1.040e+00 
  4082.971           1.103     -8.031   -125.056            0.009        16477.646      0.838      0.000      0.000    0.00000    0.02750          -56.68069       89.59075         1.041e+00 
  4083.971           1.095     -8.031   -125.056            0.009        16477.651      0.838      0.000      0.000    0.00000    0.02749          -56.75736       89.69593         1.042e+00 
  4084.971           1.087     -8.031   -125.056            0.009        16477.657      0.838      0.000      0.000    0.00000    0.02748          -56.83447       89.80231         1.042e+00 
  4085.971           1.079     -8.031   -125.056            0.009        16477.662      0.838      0.000      0.000    0.00000    0.02747          -56.91202       89.90992         1.043e+00 
  4086.971           1.071     -8.031   -125.056            0.009        16477.667      0.838      0.000      0.000    0.00000    0.02745          -56.99000       90.01876         1.044e+00 
  4087.971           1.063     -8.031   -125.056            0.009        16477.672      0.838      0.000      0.000    0.00000    0.02744          -57.06843       90.12886         1.045e+00 
  4088.971           1.056     -8.031   -125.055            0.009        16477.677      0.838      0.000      0.000    0.00000    0.02743          -57.14729       90.24023         1.046e+00 
  4089.971           1.048     -8.031   -125.055            0.009        16477.682      0.838      0.000      0.000    0.00000    0.02742          -57.22658       90.35290         1.046e+00 
  4090.971           1.040     -8.031   -125.055            0.009        16477.687      0.838      0.000      0.000    0.00000    0.02740          -57.30632       90.46686         1.047e+00 
  4091.971           1.032     -8.031   -125.055            0.009        16477.692      0.838      0.000      0.000    0.00000    0.02739          -57.38648       90.58215         1.048e+00 
  4092.971           1.024     -8.031   -125.055            0.009        16477.697      0.838      0.000      0.000    0.00000    0.02738          -57.46708       90.69878         1.049e+00 
  4093.971           1.016     -8.031   -125.055            0.009        16477.702      0.838      0.000      0.000    0.00000    0.02737          -57.54811       90.81676         1.049e+00 
  4094.971           1.008     -8.031   -125.055            0.009        16477.707      0.838      0.000      0.000    0.00000    0.02735          -57.62958       90.93612         1.050e+00 
  4095.971           1.000     -8.031   -125.055            0.009        16477.712      0.838      0.000      0.000    0.00000    0.02734          -57.71147       91.05687         1.051e+00 
  4096.971           0.993     -8.031   -125.055            0.009        16477.717      0.838      0.000      0.000    0.00000    0.02733          -57.79379       91.17903         1.052e+00 
  4097.971           0.985     -8.031   -125.055            0.009        16477.722      0.838      0.000      0.000    0.00000    0.02732          -57.87655       91.30262         1.053e+00 
  4098.971           0.977     -8.031   -125.055            0.009        16477.727      0.838      0.000      0.000    0.00000    0.02730          -57.95972       91.42766         1.053e+00 
  4099.971           0.969     -8.031   -125.055            0.009        16477.732      0.838      0.000      0.000    0.00000    0.02729          -58.04333       91.55416         1.054e+00 
  4100.971           0.961     -8.031   -125.055            0.009        16477.737      0.838      0.000      0.000    0.00000    0.02728          -58.12736       91.68216         1.055e+00 
  4101.971           0.953     -8.031   -125.055            0.009        16477.742      0.838      0.000      0.000    0.00000    0.02727          -58.21181       91.81166         1.056e+00 
  4102.971           0.945     -8.031   -125.055            0.009        16477.747      0.838      0.000      0.000    0.00000    0.02725          -58.29667       91.94269         1.057e+00 
  4103.971           0.937     -8.031   -125.055            0.009        16477.752      0.838      0.000      0.000    0.00000    0.02724          -58.38196       92.07526         1.057e+00 
  4104.971           0.930     -8.031   -125.055            0.009        16477.756      0.838      0.000      0.000    0.00000    0.02723          -58.46767       92.20940         1.058e+00 
  4105.971           0.922     -8.031   -125.055            0.009        16477.761      0.838      0.000      0.000    0.00000    0.02722          -58.55378       92.34514         1.059e+00 
  4106.971           0.914     -8.031   -125.055            0.009        16477.766      0.838      0.000      0.000    0.00000    0.02720          -58.64032       92.48248         1.060e+00 
  4107.971           0.906     -8.031   -125.055            0.009        16477.771      0.838      0.000      0.000    0.00000    0.02719          -58.72726       92.62146         1.060e+00 
  4108.971           0.898     -8.031   -125.055            0.009        16477.776      0.838      0.000      0.000    0.00000    0.02718          -58.81461       92.76210         1.061e+00 
  4109.971           0.890     -8.031   -125.055            0.009        16477.780      0.838      0.000      0.000    0.00000    0.02717          -58.90236       92.90441         1.062e+00 
  4110.971           0.882     -8.031   -125.054            0.009        16477.785      0.838      0.000      0.000    0.00000    0.02715          -58.99052       93.04842         1.063e+00 
  4111.971           0.874     -8.031   -125.054            0.009        16477.790      0.838      0.000      0.000    0.00000    0.02714          -59.07908       93.19416         1.064e+00 
  4112.971           0.866     -8.031   -125.054            0.009        16477.795      0.838      0.000      0.000    0.00000    0.02713          -59.16803       93.34165         1.064e+00 
  4113.971           0.859     -8.031   -125.054            0.009        16477.799      0.838      0.000      0.000    0.00000    0.02712          -59.25738       93.49091         1.065e+00 
  4114.971           0.851     -8.031   -125.054            0.009        16477.804      0.838      0.000      0.000    0.00000    0.02710          -59.34712       93.64196         1.066e+00 
  4115.971           0.843     -8.031   -125.054            0.009        16477.809      0.838      0.000      0.000    0.00000    0.02709          -59.43725       93.79484         1.067e+00 
  4116.971           0.835     -8.031   -125.054            0.009        16477.813      0.838      0.000      0.000    0.00000    0.02708          -59.52777       93.94957         1.068e+00 
  4117.971           0.827     -8.031   -125.054            0.009        16477.818      0.838      0.000      0.000    0.00000    0.02707          -59.61867       94.10617         1.068e+00 
  4118.971           0.819     -8.031   -125.054            0.009        16477.823      0.838      0.000      0.000    0.00000    0.02705          -59.70994       94.26466         1.069e+00 
  4119.971           0.811     -8.031   -125.054            0.009        16477.827      0.838      0.000      0.000    0.00000    0.02704          -59.80160       94.42509         1.070e+00 
  4120.971           0.803     -8.031   -125.054            0.009        16477.832      0.838      0.000      0.000    0.00000    0.02703          -59.89362       94.58747         1.071e+00 
  4121.971           0.795     -8.031   -125.054            0.009        16477.836      0.838      0.000      0.000    0.00000    0.02702          -59.98601       94.75182         1.071e+00 
  4122.971           0.787     -8.031   -125.054            0.009        16477.841      0.838      0.000      0.000    0.00000    0.02701          -60.07876       94.91819         1.072e+00 
  4123.971           0.779     -8.031   -125.054            0.009        16477.845      0.838      0.000      0.000    0.00000    0.02699          -60.17187       95.08659         1.073e+00 
  4124.971           0.772     -8.031   -125.054            0.009        16477.850      0.838      0.000      0.000    0.00000    0.02698          -60.26533       95.25706         1.074e+00 
  4125.971           0.764     -8.031   -125.054            0.009        16477.855      0.838      0.000      0.000    0.00000    0.02697          -60.35915       95.42962         1.075e+00 
  4126.971           0.756     -8.031   -125.054            0.009        16477.859      0.838      0.000      0.000    0.00000    0.02696          -60.45331       95.60431         1.075e+00 
  4127.971           0.748     -8.031   -125.054            0.009        16477.863      0.838      0.000      0.000    0.00000    0.02694          -60.54781       95.78115         1.076e+00 
  4128.971           0.740     -8.031   -125.054            0.009        16477.868      0.838      0.000      0.000    0.00000    0.02693          -60.64264       95.96017         1.077e+00 
  4129.971           0.732     -8.031   -125.054            0.009        16477.872      0.838      0.000      0.000    0.00000    0.02692          -60.73780       96.14141         1.078e+00 
  4130.971           0.724     -8.031   -125.054            0.009        16477.877      0.838      0.000      0.000    0.00000    0.02691          -60.83329       96.32490         1.079e+00 
  4131.971           0.716     -8.031   -125.054            0.009        16477.881      0.838      0.000      0.000    0.00000    0.02689          -60.92910       96.51067         1.079e+00 
  4132.971           0.708     -8.031   -125.054            0.009        16477.886      0.838      0.000      0.000    0.00000    0.02688          -61.02522       96.69875         1.080e+00 
  4133.971           0.700     -8.031   -125.054            0.009        16477.890      0.838      0.000      0.000    0.00000    0.02687          -61.12165       96.88918         1.081e+00 
  4134.971           0.692     -8.031   -125.054            0.009        16477.894      0.838      0.000      0.000    0.00000    0.02686          -61.21838       97.08198         1.082e+00 
  4135.971           0.684     -8.031   -125.053            0.009        16477.899      0.838      0.000      0.000    0.00000    0.02684          -61.31540       97.27720         1.083e+00 
  4136.971           0.676     -8.031   -125.053            0.009        16477.903      0.838      0.000      0.000    0.00000    0.02683          -61.41271       97.47487         1.083e+00 
  4137.971           0.669     -8.031   -125.053            0.009        16477.907      0.838      0.000      0.000    0.00000    0.02682          -61.51030       97.67501         1.084e+00 
  4138.971           0.661     -8.031   -125.053            0.009        16477.912      0.838      0.000      0.000    0.00000    0.02681          -61.60816       97.87768         1.085e+00 
  4139.971           0.653     -8.031   -125.053            0.009        16477.916      0.838      0.000      0.000    0.00000    0.02680          -61.70629       98.08290         1.086e+00 
  4140.971           0.645     -8.031   -125.053            0.009        16477.920      0.838      0.000      0.000    0.00000    0.02678          -61.80468       98.29072         1.087e+00 
  4141.971           0.637     -8.031   -125.053            0.009        16477.925      0.838      0.000      0.000    0.00000    0.02677          -61.90332       98.50116         1.087e+00 
  4142.971           0.629     -8.031   -125.053            0.009        16477.929      0.838      0.000      0.000    0.00000    0.02676          -62.00221       98.71427         1.088e+00 
  4143.971           0.621     -8.031   -125.053            0.009        16477.933      0.838      0.000      0.000    0.00000    0.02675          -62.10133       98.93008         1.089e+00 
  4144.971           0.613     -8.031   -125.053            0.009        16477.937      0.838      0.000      0.000    0.00000    0.02673          -62.20067       99.14863         1.090e+00 
  4145.971           0.605     -8.031   -125.053            0.009        16477.941      0.838      0.000      0.000    0.00000    0.02672          -62.30024       99.36997         1.091e+00 
  4146.971           0.597     -8.031   -125.053            0.009        16477.946      0.838      0.000      0.000    0.00000    0.02671          -62.40001       99.59413         1.091e+00 
  4147.971           0.589     -8.031   -125.053            0.009        16477.950      0.838      0.000      0.000    0.00000    0.02670          -62.49998       99.82115         1.092e+00 
  4148.971           0.581     -8.031   -125.053            0.009        16477.954      0.838      0.000      0.000    0.00000    0.02669          -62.60015      100.05108         1.093e+00 
  4149.971           0.573     -8.031   -125.053            0.009        16477.958      0.838      0.000      0.000    0.00000    0.02667          -62.70049      100.28395         1.094e+00 
  4150.971           0.565     -8.031   -125.053            0.009        16477.962      0.838      0.000      0.000    0.00000    0.02666          -62.80100      100.51981         1.095e+00 
  4151.971           0.557     -8.031   -125.053            0.009        16477.966      0.838      0.000      0.000    0.00000    0.02665          -62.90168      100.75871         1.095e+00 
  4152.971           0.549     -8.031   -125.053            0.009        16477.970      0.838      0.000      0.000    0.00000    0.02664          -63.00250      101.00067         1.096e+00 
  4153.971           0.541     -8.031   -125.053            0.009        16477.974      0.838      0.000      0.000    0.00000    0.02662          -63.10346      101.24575         1.097e+00 
  4154.971           0.533     -8.031   -125.053            0.009        16477.978      0.838      0.000      0.000    0.00000    0.02661          -63.20455      101.49399         1.098e+00 
  4155.971           0.525     -8.031   -125.053            0.009        16477.982      0.838      0.000      0.000    0.00000    0.02660          -63.30575      101.74544         1.099e+00 
  4156.971           0.517     -8.031   -125.053            0.009        16477.986      0.838      0.000      0.000    0.00000    0.02659          -63.40705      102.00014         1.099e+00 
  4157.971           0.509     -8.031   -125.053            0.009        16477.990      0.838      0.000      0.000    0.00000    0.02658          -63.50845      102.25814         1.100e+00 
  4158.971           0.501     -8.031   -125.053            0.009        16477.994      0.838      0.000      0.000    0.00000    0.02656          -63.60993      102.51948         1.101e+00 
  4159.971           0.493     -8.031   -125.053            0.009        16477.998      0.838      0.000      0.000    0.00000    0.02655          -63.71147      102.78421         1.102e+00 
  4160.971           0.485     -8.031   -125.053            0.009        16478.002      0.838      0.000      0.000    0.00000    0.02654          -63.81306      103.05238         1.103e+00 
  4161.971           0.477     -8.031   -125.053            0.009        16478.006      0.838      0.000      0.000    0.00000    0.02653          -63.91469      103.32403         1.103e+00 
  4162.971           0.469     -8.031   -125.052            0.009        16478.010      0.838      0.000      0.000    0.00000    0.02651          -64.01635      103.59921         1.104e+00 
  4163.971           0.461     -8.031   -125.052            0.009        16478.014      0.838      0.000      0.000    0.00000    0.02650          -64.11801      103.87798         1.105e+00 
  4164.971           0.453     -8.031   -125.052            0.009        16478.018      0.838      0.000      0.000    0.00000    0.02649          -64.21967      104.16038         1.106e+00 
  4165.971           0.445     -8.031   -125.052            0.009        16478.022      0.838      0.000      0.000    0.00000    0.02648          -64.32131      104.44645         1.107e+00 
  4166.971           0.437     -8.031   -125.052            0.009        16478.025      0.838      0.000      0.000    0.00000    0.02647          -64.42292      104.73626         1.107e+00 
  4167.971           0.429     -8.031   -125.052            0.009        16478.029      0.838      0.000      0.000    0.00000    0.02645          -64.52447      105.02985         1.108e+00 
  4168.971           0.421     -8.031   -125.052            0.009        16478.033      0.838      0.000      0.000    0.00000    0.02644          -64.62596      105.32727         1.109e+00 
  4169.971           0.413     -8.031   -125.052            0.009        16478.037      0.838      0.000      0.000    0.00000    0.02643          -64.72736      105.62857         1.110e+00 
  4170.971           0.405     -8.031   -125.052            0.009        16478.041      0.838      0.000      0.000    0.00000    0.02642          -64.82866      105.93380         1.111e+00 
  4171.971           0.397     -8.031   -125.052            0.009        16478.044      0.838      0.000      0.000    0.00000    0.02641          -64.92984      106.24302         1.111e+00 
  4172.971           0.389     -8.031   -125.052            0.009        16478.048      0.838      0.000      0.000    0.00000    0.02639          -65.03089      106.55627         1.112e+00 
  4173.971           0.381     -8.031   -125.052            0.009        16478.052      0.838      0.000      0.000    0.00000    0.02638          -65.13177      106.87362         1.113e+00 
  4174.971           0.373     -8.031   -125.052            0.009        16478.056      0.838      0.000      0.000    0.00000    0.02637          -65.23249      107.19510         1.114e+00 
  4175.971           0.365     -8.031   -125.052            0.009        16478.059      0.838      0.000      0.000    0.00000    0.02636          -65.33300      107.52078         1.115e+00 
  4176.971           0.357     -8.032   -125.052            0.009        16478.063      0.838      0.000      0.000    0.00000    0.02634          -65.43331      107.85070         1.115e+00 
  4177.971           0.349     -8.032   -125.052            0.009        16478.067      0.838      0.000      0.000    0.00000    0.02633          -65.53338      108.18492         1.116e+00 
  4178.971           0.341     -8.032   -125.052            0.009        16478.070      0.838      0.000      0.000    0.00000    0.02632          -65.63319      108.52348         1.117e+00 
  4179.971           0.333     -8.032   -125.052            0.009        16478.074      0.838      0.000      0.000    0.00000    0.02631          -65.73273      108.86645         1.118e+00 
  4180.971           0.325     -8.032   -125.052            0.009        16478.078      0.838      0.000      0.000    0.00000    0.02630          -65.83197      109.21388         1.119e+00 
  4181.971           0.317     -8.032   -125.052            0.009        16478.081      0.838      0.000      0.000    0.00000    0.02628          -65.93089      109.56581         1.119e+00 
  4182.971           0.309     -8.032   -125.052            0.009        16478.085      0.838      0.000      0.000    0.00000    0.02627          -66.02946      109.92230         1.120e+00 
  4183.971           0.301     -8.032   -125.052            0.009        16478.088      0.838      0.000      0.000    0.00000    0.02626          -66.12767      110.28340         1.121e+00 
  4184.971           0.293     -8.032   -125.052            0.009        16478.092      0.838      0.000      0.000    0.00000    0.02625          -66.22549      110.64916         1.122e+00 
  4185.971           0.285     -8.032   -125.052            0.009        16478.095      0.838      0.000      0.000    0.00000    0.02624          -66.32289      111.01964         1.123e+00 
  4186.971           0.277     -8.032   -125.052            0.009        16478.099      0.838      0.000      0.000    0.00000    0.02622          -66.41986      111.39488         1.123e+00 
  4187.971           0.268     -8.032   -125.052            0.009        16478.103      0.838      0.000      0.000    0.00000    0.02621          -66.51636      111.77493         1.124e+00 
  4188.971           0.260     -8.032   -125.052            0.009        16478.106      0.838      0.000      0.000    0.00000    0.02620          -66.61237      112.15985         1.125e+00 
  4189.971           0.252     -8.032   -125.052            0.009        16478.110      0.838      0.000      0.000    0.00000    0.02619          -66.70786      112.54968         1.126e+00 
  4190.971           0.244     -8.032   -125.052            0.009        16478.113      0.838      0.000      0.000    0.00000    0.02617          -66.80281      112.94447         1.127e+00 
  4191.971           0.236     -8.032   -125.052            0.009        16478.116      0.838      0.000      0.000    0.00000    0.02616          -66.89719      113.34426         1.128e+00 
  4192.971           0.228     -8.032   -125.052            0.009        16478.120      0.838      0.000      0.000    0.00000    0.02615          -66.99097      113.74911         1.128e+00 
  4193.971           0.220     -8.032   -125.051            0.009        16478.123      0.838      0.000      0.000    0.00000    0.02614          -67.08412      114.15906         1.129e+00 
  4194.971           0.212     -8.032   -125.051            0.009        16478.127      0.838      0.000      0.000    0.00000    0.02613          -67.17662      114.57415         1.130e+00 
  4195.971           0.204     -8.032   -125.051            0.009        16478.130      0.838      0.000      0.000    0.00000    0.02611          -67.26843      114.99443         1.131e+00 
  4196.971           0.196     -8.032   -125.051            0.009        16478.134      0.838      0.000      0.000    0.00000    0.02610          -67.35953      115.41993         1.132e+00 
  4197.971           0.188     -8.032   -125.051            0.009        16478.137      0.838      0.000      0.000    0.00000    0.02609          -67.44988      115.85070         1.132e+00 
  4198.971           0.179     -8.032   -125.051            0.009        16478.140      0.838      0.000      0.000    0.00000    0.02608          -67.53945      116.28677         1.133e+00 
  4199.971           0.171     -8.032   -125.051            0.009        16478.144      0.838      0.000      0.000    0.00000    0.02607          -67.62822      116.72818         1.134e+00 
  4200.971           0.163     -8.032   -125.051            0.009        16478.147      0.838      0.000      0.000    0.00000    0.02605          -67.71614      117.17497         1.135e+00 
  4201.971           0.155     -8.032   -125.051            0.009        16478.150      0.838      0.000      0.000    0.00000    0.02604          -67.80319      117.62717         1.136e+00 
  4202.971           0.147     -8.032   -125.051            0.009        16478.154      0.838      0.000      0.000    0.00000    0.02603          -67.88934      118.08481         1.137e+00 
  4203.971           0.139     -8.032   -125.051            0.009        16478.157      0.838      0.000      0.000    0.00000    0.02602          -67.97455      118.54791         1.137e+00 
  4204.971           0.131     -8.032   -125.051            0.009        16478.160      0.838      0.000      0.000    0.00000    0.02601          -68.05878      119.01651         1.138e+00 
  4205.971           0.122     -8.032   -125.051            0.009        16478.164      0.838      0.000      0.000    0.00000    0.02599          -68.14200      119.49062         1.139e+00 
  4206.971           0.114     -8.032   -125.051            0.009        16478.167      0.838      0.000      0.000    0.00000    0.02598          -68.22419      119.97027         1.140e+00 
  4207.971           0.106     -8.032   -125.051            0.009        16478.170      0.838      0.000      0.000    0.00000    0.02597          -68.30529      120.45548         1.141e+00 
  4208.971           0.098     -8.032   -125.051            0.009        16478.173      0.838      0.000      0.000    0.00000    0.02596          -68.38528      120.94625         1.141e+00 
  4209.971           0.090     -8.032   -125.051            0.009        16478.177      0.838      0.000      0.000    0.00000    0.02595          -68.46413      121.44261         1.142e+00 
  4210.971           0.082     -8.032   -125.051            0.009        16478.180      0.838      0.000      0.000    0.00000    0.02593          -68.54178      121.94456         1.143e+00 
  4211.971           0.074     -8.032   -125.051            0.009        16478.183      0.838      0.000      0.000    0.00000    0.02592          -68.61821      122.45210         1.144e+00 
  4212.971           0.065     -8.032   -125.051            0.009        16478.186      0.838      0.000      0.000    0.00000    0.02591          -68.69339      122.96524         1.145e+00 
  4213.971           0.057     -8.032   -125.051            0.009        16478.189      0.838      0.000      0.000    0.00000    0.02590          -68.76726      123.48397         1.146e+00 
  4214.971           0.049     -8.032   -125.051            0.009        16478.193      0.838      0.000      0.000    0.00000    0.02589          -68.83980      124.00829         1.146e+00 
  4215.971           0.041     -8.032   -125.051            0.009        16478.196      0.838      0.000      0.000    0.00000    0.02587          -68.91096      124.53819         1.147e+00 
  4216.971           0.033     -8.032   -125.051            0.009        16478.199      0.838      0.000      0.000    0.00000    0.02586          -68.98071      125.07364         1.148e+00 
  4217.971           0.024     -8.032   -125.051            0.009        16478.202      0.838      0.000      0.000    0.00000    0.02585          -69.04902      125.61464         1.149e+00 
  4218.971           0.016     -8.032   -125.051            0.009        16478.205      0.838      0.000      0.000    0.00000    0.02584          -69.11583      126.16116         1.150e+00 
  4219.971           0.008     -8.032   -125.051            0.009        16478.208      0.838      0.000      0.000    0.00000    0.02582          -69.18111      126.71317         1.150e+00 
  4220.971           0.000     -8.032   -125.051            0.009        16478.211      0.838      0.000      0.000    0.00000    0.02581          -69.24487      127.27091         1.151e+00 
